record_id,pubmed_id,year,title,journal,themes,subthemes,is_meta,in_substantive_corpus,admin_ics,cofunding_ics,tag_evidence_summary
1,36261664,2022,Onychomycosis in underrepresented groups: an all of us database analysis,Archives of Dermatological Research,3;6;12,,false,true,,,3:electronic health record|EHR; 6:underrepresented groups|disparity|underrepresented|income|Hispanic; 12:dermatologic|onychomycosis|psoriasis
2,36441011,2022,Burden of atopic disease in Black and Hispanic patients with alopecia areata: a case-control study in the All of Us research program,International Journal of Dermatology,6;12,,false,true,,,6:Hispanic; 12:alopecia areata|alopecia
3,35442391,2022,"Prevalence, Comorbidity, and Sociodemographic Correlates of Psychiatric Disorders Reported in the All of Us Research Program",JAMA Psychiatry,3;4;6;17,,false,true,OD,OD;TR,3:ICD|ICD-10|EHR; 4:depression|anxiety|schizophrenia|obsessive-compulsive|substance use|psychiatric|stress|mood disorder; 6:LGBTQ|health disparities|racism|African American|equity|racial and ethnic|socioeconomic|disparities|sexual minority|income|minority|race and ethnicity|Hispanic; 17:biospecimen|informed consent|recruitment
6,36540962,2022,Risk for Poor Post-Operative Quality of Life Among Wearable Use Subgroups in an All of Us Research Cohort,Pacific Symposium on Biocomputing. Pacific Symposium on Biocomputing,3;6;7;11,,false,true,HG,HG;OD,3:AUC|EHR|predictive model|machine learning|model performance; 6:Latino|income|Hispanic; 7:Fitbit|wearable|physical activity|sedentary|wearable device; 11:frailty index|frailty
7,36549934,2022,Sociodemographic characteristics differ across routine adult vaccine cohorts: An All of Us descriptive study,Journal of the American Pharmacists Association : JAPhA,6;8,,false,true,,,6:disparity|Latino|disparities|income|Hispanic; 8:vaccine|hepatitis
9,36654923,2023,Visualization and Quantification of the Association Between Breast Cancer and Cholesterol in the All of Us Research Program,Cancer Informatics,1;3;5,,false,true,HL;OD,HL;OD,1:HDL|cholesterol|LDL|BMI|lipid|statin; 3:electronic health record|ICD|EHR|notebook; 5:breast cancer|carcinoma|cancer
17,36931428,2023,Evaluating Discrepancies in Self-Reported Glaucoma and Electronic Health Records in the National Institutes of Health All of Us Database,Ophthalmology. Glaucoma,3;6;18,,false,true,OD,OD;TR,3:electronic health record|EHR; 6:African American|education level|Latino|income|Hispanic; 18:glaucoma
19,36939705,2023,Daily Step Counts Before and After the COVID-19 Pandemic Among All of Us Research Participants,JAMA Network Open,3;4;6;7;8;17,,false,true,HL;OD,HL;OD;TR,3:Researcher Workbench|workbench; 4:depression|mental health|psychological|stress; 6:health disparities|deprivation|socioeconomic|disparities; 7:Fitbit|physical activity; 8:COVID-19|infection|vaccine; 17:research training|informed consent
21,37884626,2023,Underrepresentation of blind and deaf participants in the All of Us Research Program,Nature Medicine,6,,false,true,HG;OD,HG;OD;TR,6:health disparities|African American|socioeconomic|underrepresented|disparities|income|marginalized
23,37902258,2023,Neuropsychiatric complications and associated management in adolescent and young adult cancer survivors: An All of Us study,Cancer Medicine,3;4;5;6;13;14;17,,false,true,CA;OD,CA;OD,3:AoU Researcher Workbench|Researcher Workbench|workbench|OMOP|missing data|claims data|EHR|notebook; 4:depression|anxiety|psychiatric|stress; 5:cancer survivors|breast cancer|radiotherapy|cancer|chemotherapy|survivorship; 6:education level|minorities|racial and ethnic|income; 13:insomnia; 14:migraine|epilepsy|neurological|neuropathy; 17:ethics|recruitment
26,37947093,2023,"Association Between a First-Degree Family History and Self-Reported Personal History of Obesity, Diabetes, and Heart and Blood Conditions: Results From the All of Us Research Program",Journal of the American Heart Association,1;2;3;6;14,,false,true,OD,OD;TR,1:stroke|hypertension|heart failure|atrial fibrillation|type 2 diabetes|obesity|metabolic syndrome|cholesterol|coronary|blood pressure|cardiometabolic|aortic|insulin resistance|carotid|deep vein thrombosis|diabetes|aneurysm|atrial flutter|thrombosis|atherosclerosis|heart disease|cardiovascular disease|cardiovascular|vascular disease|cardiac|pulmonary embolism; 2:genetic risk|association study; 3:AoU Researcher Workbench|Researcher Workbench|clustering|workbench; 6:health disparities|social determinants of health|gender minority|UBR|racial and ethnic|socioeconomic|disparities|income|minority|race and ethnicity|Hispanic|housing; 14:stroke
28,37967342,2023,Association between atopic dermatitis and inflammatory bowel disease among US adults in the All of Us Research Program,Clinical and Experimental Dermatology,9;12,,false,true,OD,OD;TR,9:inflammatory bowel disease|ulcerative colitis|Crohn; 12:dermatitis|atopic dermatitis
29,37962879,2023,Genome-Wide Polygenic Risk Score for CKD in Individuals with APOL1 High-Risk Genotypes,Clinical Journal of the American Society of Nephrology : CJASN,1;2;3,,false,true,DK;OD,DK;OD;TR,1:type 2 diabetes|CKD|diabetes|kidney disease|eGFR; 2:PRS|polygenic risk score|GWAS|genotype|locus|genome-wide association|genome-wide|ancestry|association study|polygenic; 3:electronic health record|validation cohort
30,37971726,2023,Social Determinants of Health and Perceived Barriers to Care in Diabetic Retinopathy Screening,JAMA Ophthalmology,1;6;18,,false,true,EY;OD,EY;HG;NR;OD;TR,1:type 2 diabetes|diabetic|diabetes; 6:social determinants of health|food insecurity|equity|socioeconomic|disparities|housing; 18:diabetic retinopathy|retinopathy|eye care
32,38011981,2023,Integrating participants as partners in research governance and operations: an approach from the All of Us Research Program Engagement Core,BMJ Open,17,,false,true,CA;HS;MD;OD;TR,CA;EY;HG;HS;MD;NR;OD;TR,17:participant engagement|trust|community engagement|recruitment|stakeholder
35,38374255,2024,Genomic data in the All of Us Research Program,Nature,1;2;3;6;17,,false,true,HD;HG;OD,EY;HD;HG;NR;OD;TR,1:type 2 diabetes|diabetic|cholesterol|LDL|diabetes|type 1 diabetes|statin; 2:PheWAS|REGENIE|GWAS|WGS|genomics|genotype|locus|genomic|genome-wide association|genome-wide|ancestry|imputation|phenome-wide|association study|admixture|common variant|haplotype|association studies|genetic ancestry|genetic association|loci|gnomAD|polygenic; 3:Public Data Browser|data harmonization|Researcher Workbench|cohort builder|electronic health record|workbench|random forest|OMOP|EHR|data quality|harmonization; 6:minorities|Latino|racial and ethnic|race and ethnicity; 17:advisory board|trust|return of results|biospecimen|informed consent|library|ethics|recruitment
36,37878135,2023,Prostate-specific antigen testing rates in high-risk populations: results from the All of Us Research Program,Cancer Causes & Control : CCC,1;3;5;6;8,,false,true,CA,CA,1:obesity|BMI; 3:Researcher Workbench|electronic health record|workbench|EHR; 5:prostate cancer|PSA testing|PSA|cancer|cancer screening; 6:disparity|socioeconomic|underrepresented|disparities|income|marginalized|race and ethnicity|Hispanic|housing; 8:COVID-19
39,,2023,The prevalence of substance use disorders in chiropractic patients in the United States: a descriptive study of two national datasets,Taylor & Francis Online: Peer-reviewed Journals,4,,false,true,,,4:substance use disorder|SUD|pain|substance use
40,38095106,2023,Prediction of Venous Thromboembolism in Diverse Populations Using Machine Learning and Structured Electronic Health Records,"Arteriosclerosis, Thrombosis, and Vascular Biology",1;3,,false,true,GM,AG;AI;AR;DC;EY;GM;HD;HL;NS,1:venous thromboembolism|thromboembolism; 3:electronic health record|risk prediction|machine learning
41,38128831,2023,Depression in patients with Raynaud's phenomenon: A case-control study in the National Institutes of Health's All of Us Research Program,Journal of the American Academy of Dermatology,4;9,,false,true,OD,OD;TR,4:depression; 9:Raynaud
42,38108577,2023,Associations between hidradenitis suppurativa and asthma and allergic rhinitis: a case-control study in the All of Us research program,International Journal of Dermatology,12;13;18,,false,true,OD,OD,12:hidradenitis suppurativa; 13:asthma; 18:allergic rhinitis|rhinitis
43,38108533,2023,Prevalence of generalized pustular psoriasis in the United States using the All of Us research database,Journal of the European Academy of Dermatology and Venereology : JEADV,9;12,,false,true,,,9:psoriasis; 12:psoriasis
45,38178151,2024,Racial differences in length of stay and readmission for asthma in the all of us research program,Journal of Translational Medicine,1;2;3;4;6;12;13;18,,false,true,HG;OD,HG;OD;TR,1:obesity|CKD|diabetes; 2:ancestry|genetic ancestry; 3:electronic health record|ICD|ICD-10|EHR; 4:depression; 6:underrepresented groups|deprivation|Latino|socioeconomic|underrepresented|disparities|Black participants|minority|Hispanic; 12:psoriasis; 13:COPD|asthma|sleep apnea; 18:allergic rhinitis|rhinitis
46,38053191,2023,Reconstruction of private genomes through reference-based genotype imputation,Genome Biology,2;3;9;13,,false,true,HG;OD,DE;HG;OD;TR,2:genomics|genotype|locus|SNP|genomic|genotype imputation|ancestry|imputation|phasing|haplotype|association studies|genetic association|gnomAD; 3:AoU Researcher Workbench|Researcher Workbench|workbench|data quality; 9:IBD; 13:asthma
48,38232143,2024,"Neighborhood Deprivation, Race, Ethnicity, and Undiagnosed Hypertension: Results From the All of Us Research Program","Hypertension %28Dallas, Tex. : 1979%29",1;6,,false,true,AG;NS,AG;NS;OD,1:hypertension; 6:deprivation|neighborhood
50,38225170,2024,"VEXAS-Defining UBA1 Somatic Variants in 245,368 Diverse Individuals in the NIH All Of Us Cohort","Arthritis & Rheumatology %28Hoboken, N.J.%29",2;6;10,,false,true,AR;OD,AG;AR;DE,2:whole genome sequencing|ancestry; 6:African American|Latino; 10:incomplete penetrance|penetrance
52,38156811,2023,Underdiagnosis of Allergic Contact Dermatitis in Under-Represented Groups: An All of Us Database Analysis,"Dermatitis : Contact, Atopic, Occupational, Drug",12,,false,true,OD,OD;TR,12:dermatitis|contact dermatitis
53,38222375,2024,Computational Phenotyping of OMOP CDM Normalized EHR for Prenatal and Postpartum Episodes: An Informatics Framework and Clinical Implementation on All of Us,AMIA ... Annual Symposium Proceedings. AMIA Symposium,3;15,,false,true,OD,OD;TR,3:OMOP|EHR; 15:gestational|pregnancy|postpartum|maternal|obstetrics
54,38200661,2023,Access to Eye Care Providers and Glaucoma Severity in the National Institutes of Health All of Us Research Program,Journal of Glaucoma,18,,false,true,OD,OD;TR,18:glaucoma|vision|eye care
57,38305944,2024,Autoimmune and Cutaneous Inflammatory Comorbidities in Adult-Onset Morphea in the All of Us Research Program,American Journal of Clinical Dermatology,9;12,,false,true,TR,OD;TR,9:autoimmune|morphea; 12:morphea|cutaneous
58,38326799,2024,Relative predictive value of sociodemographic factors for chronic diseases among All of Us participants: a descriptive analysis,BMC Public Health,1;3;4;5;6;12,,false,true,DC;GM;MD;MH;TR,DC;GM;MD;MH;OD;TR,1:hypertension|obesity|coronary|diabetes|kidney disease|cardiovascular disease|cardiovascular; 3:Researcher Workbench|workbench; 4:mental health|smoking; 5:skin cancer|cancer; 6:health disparities|social determinants of health|Medicaid|health literacy|racism|Latino|equity|racial and ethnic|disparities|rural|income|marginalized|discrimination|Hispanic; 12:skin cancer
59,37473437,2023,Hearing Loss and Sociodemographic Barriers to Health Care Access Using the All of Us Research Program,Otolaryngology--Head and Neck Surgery : Official Journal of American Academy of Otolaryngology-Head and Neck Surgery,6;18,,false,true,,,6:equity|low-income|socioeconomic|income; 18:hearing loss|sensorineural
61,38466772,2024,Association between atopic dermatitis and eating disorders: a cross-sectional study in the All of Us Research Program,The British Journal of Dermatology,12,,false,true,,,12:dermatitis|atopic dermatitis
63,,2024,The Effect of Data Missingness on Machine Learning Predictions of Uncontrolled Diabetes Using All of Us Data,Multidisciplinary Digital Publishing Institute %28MDPI%29,1;3,,false,true,,,1:diabetes; 3:predictive modeling|missing data|EHR|machine learning
69,38513967,2024,Association between alopecia areata and allergic diseases: An All of US database study,"Annals of Allergy, Asthma & Immunology : Official Publication of the American College of Allergy, Asthma, & Immunology",12,,false,true,,,12:alopecia areata|alopecia
72,38553893,2024,Association of discoid lupus erythematous with substance use disorders: A case-control study in the all of us database,Journal of the European Academy of Dermatology and Venereology : JEADV,4;9,,false,true,,,4:substance use; 9:lupus|discoid lupus
73,38554624,2024,Healthcare utilization in women diagnosed with endometrial cancer: A survey-based study,Gynecologic Oncology,4;5;6;15,,false,true,,,4:anxiety; 5:cancer survivors|endometrial cancer|cancer; 6:social determinants of health|disparity|equity|disparities|Hispanic|housing; 15:endometrial cancer
77,39505999,2024,Algorithms for the identification of prevalent diabetes in the All of Us Research Program validated using polygenic scores,Scientific Reports,1;2;3;6;17,,false,true,,,1:type 2 diabetes|T2D|glycemic|BMI|diabetes|prediabetes|hyperglycemia|type 1 diabetes; 2:PRS|GWAS|multi-ancestry|WGS|polygenic score|genomic|genome-wide association|whole genome sequencing|genome-wide|ancestry|genetic risk|association study|genetic ancestry|genetic association|gnomAD|heritability|polygenic; 3:AoU Researcher Workbench|Researcher Workbench|electronic health record|ICD|risk prediction|workbench|random forest|missing data|EHR|artificial intelligence|case definition; 6:African American|Latino|discrimination; 17:library|recruitment|toolkit
78,39503795,2024,Comorbidities and autoimmune disease associations in patients with Bullous Pemphigoid: a cross-sectional study of the all of us database,Archives of Dermatological Research,9;12,,false,true,,,9:autoimmune disease|bullous pemphigoid|autoimmune; 12:bullous pemphigoid
83,38573646,2024,Mental Health Conditions Associated With Strabismus in a Diverse Cohort of US Adults,JAMA Ophthalmology,4;6;18,,false,true,EY,EY,4:depression|anxiety|bipolar disorder|schizophrenia|addiction|well-being|substance use|mental health|bipolar; 6:African American|income|race and ethnicity; 18:strabismus
84,38561918,2024,"Weight-related discrimination, perceived stress and psychological and physical well-being of persons with type 2 diabetes: A mediation analysis",Diabetic Medicine : A Journal of the British Diabetic Association,1;4;6,,false,true,AG;OD,AG;OD;TR,1:type 2 diabetes|T2D|diabetes; 4:well-being|psychological|stress; 6:income|discrimination|Hispanic
87,37461222,2023,"Increased risk of depression in patients with discoid lupus erythematosus: a nested, case-control study in the All of Us Research Program",The British Journal of Dermatology,4;9;12,,false,true,,,4:depression; 9:lupus|discoid lupus; 12:discoid lupus erythematosus
93,37455380,2023,Use of medications associated with weight change among participants in the All of Us research programme,Clinical Obesity,1,,false,true,AG;HL;MH;OD,AG;HL;MH;OD;TR,1:obesity|BMI
94,38627404,2024,Measuring social determinants of health in the All of Us Research Program,Scientific Reports,3;4;6,,false,true,OD,EY;HG;MH;NR;OD;TR,3:Researcher Workbench|electronic health record|workbench|missing data; 4:psychosocial|mental health|psychological; 6:structural racism|social determinants of health|gay|transgender|health literacy|racism|access to care|SDOH|food insecurity|Latino|homelessness|UBR|bisexual|racial and ethnic|underrepresented|income|neighborhood|discrimination|Hispanic|housing
96,27532667,2016,A Survey of U.S Adults' Opinions about Conduct of a Nationwide Precision Medicine Initiative® Cohort Study of Genes and Environment,PloS One,6;7;17,,false,true,,,6:equity|homeless|socioeconomic|income|Hispanic; 7:Fitbit; 17:research participation|participant engagement|willingness to participate|trust|recruitment|willingness to share
97,35396991,2022,Comparing medical history data derived from electronic health records and survey answers in the All of Us Research Program,Journal of the American Medical Informatics Association : JAMIA,,,false,true,OD,OD,
98,35346344,2022,Whole-genome sequencing as an investigational device for return of hereditary disease risk and pharmacogenomic results as part of the All of Us Research Program,Genome Medicine,2;5;10;16;17,,false,true,OD,OD,2:whole-genome sequencing|WGS|genomics|genotype|genomic|genome-wide|haplotype; 5:BRCA2|BRCA1; 10:ACMG|secondary findings|hereditary|incidental findings|G6PD; 16:pharmacogenomic; 17:return of results|informed consent|library
99,35294480,2022,Epidemiology of atrial fibrillation in the All of Us Research Program,PloS One,1;2;3;6;11;14,,false,true,HL;OD,HL;OD,1:stroke|heart failure|atrial fibrillation|obesity|coronary|blood pressure|BMI|arrhythmia|diabetes|heart disease|cardiovascular disease|cardiovascular|cardiac; 2:genomics|genomic|genome-wide association|genome-wide|ancestry|association study; 3:Researcher Workbench|workbench|OMOP|EHR|data validation|SNOMED; 6:underrepresented groups|socioeconomic|underrepresented|Hispanic; 11:dementia; 14:stroke
100,35238904,2022,Racial and Ethnic Disparities in Cost-Related Barriers to Medication Adherence Among Patients With Glaucoma Enrolled in the National Institutes of Health All of Us Research Program,JAMA Ophthalmology,6;18,,false,true,MD,EY;MD,6:African American|equity|racial and ethnic|disparities|income|minority|race and ethnicity|Hispanic; 18:glaucoma
102,35283246,2022,Association of atopic dermatitis with attention-deficit hyperactivity disorder among US adults in the 'All of Us' research program: A case-control study,Journal of the American Academy of Dermatology,12,,false,true,,,12:dermatitis|atopic dermatitis
103,35155998,2021,Pediatric data from the All of Us research program: demonstration of pediatric obesity over time,JAMIA Open,1;3,,false,true,GM;OD,GM;OD;TR,1:obesity|BMI; 3:electronic health record|EHR
104,35147780,2022,Prevalence of eczema among adults in the United States: a cross-sectional study in the All of Us research program,Archives of Dermatological Research,3;6;12,,false,true,,,3:ICD|ICD-10|EHR|SNOMED; 6:racial and ethnic|race and ethnicity|Hispanic; 12:eczema
105,35109680,2022,Carotid Artery Disease Among Broadly Defined Underrepresented Groups: The All of Us Research Program,Stroke,1;6,,false,true,HL;NS;TR,HL;NS;OD;TR,1:carotid; 6:underrepresented groups|underrepresented|race and ethnicity
106,35058155,2022,Self-rated family health history knowledge among All of Us program participants,Genetics in Medicine : Official Journal of the American College of Medical Genetics,6,,false,true,HL;OD,HL;OD;TR,6:disparity|minorities|disparities|income|minority
109,34985965,2022,Precision Medicine Landscape of Genomic Testing for Patients With Cancer in the National Institutes of Health All of Us Database Using Informatics Approaches,JCO Clinical Cancer Informatics,2;5,,false,true,OD,OD;TR,2:genomic; 5:oncology|cancer
110,34977817,2021,Association between atopic dermatitis and COVID-19 infection: A case-control study in the All of Us research program,JAAD International,1;3;8;9;12,,false,true,TR,OD;TR,1:hypertension|diabetes|cardiovascular disease|cardiovascular|hyperlipidemia; 3:electronic health record|EHR; 8:SARS-CoV-2|COVID-19|infection; 9:autoimmune disease|autoimmune; 12:dermatitis|atopic dermatitis
111,34941480,2021,Geographic Variation in Obesity at the State Level in the All of Us Research Program,Preventing Chronic Disease,1;3;6,,false,true,OD,OD;TR,1:obesity|BMI; 3:Researcher Workbench|workbench|missing data|EHR; 6:social determinants of health|equity|race and ethnicity|Hispanic
112,34923710,2021,Harmonizing variant classification for return of results in the All of Us Research Program,Human Mutation,17,,false,true,OD,OD,17:data sharing|return of results
113,35583884,2022,Proposing a Sex-Adjusted Sodium-Adjusted MELD Score for Liver Transplant Allocation,JAMA Surgery,1;2;3;5;6,,false,true,HG,HG;OD,1:hypertension|MELD score|hepatocellular carcinoma|glomerular|dialysis|liver transplant|MELD|eGFR|creatinine; 2:ancestry|genetic ancestry; 3:electronic health record|ICD|ICD-10|EHR; 5:liver cancer|carcinoma|hepatocellular carcinoma|hepatocellular|cancer; 6:health disparities|disparity|equity|disparities
114,34920026,2021,Prevalence of lichen planus in the United States: A cross-sectional study of the All of Us research program,Journal of the American Academy of Dermatology,12,,false,true,,,12:skin condition|lichen planus
115,37560908,2023,"Genetic relationships between high blood eosinophil count, asthma susceptibility, and asthma severity",The Journal of Asthma : Official Journal of the Association for the Care of Asthma,2;13,,false,true,,,2:Mendelian randomization|genome-wide association|genome-wide|association studies; 13:asthma|pulmonary
118,34505903,2021,Characterizing phenotypic abnormalities associated with high-risk individuals developing lung cancer using electronic health records from the All of Us researcher workbench,Journal of the American Medical Informatics Association : JAMIA,2;3;5,,false,true,CA;OD;TR,CA;OD;TR,2:phenome-wide|association study; 3:Researcher Workbench|workbench; 5:lung cancer|cancer|cancer screening
119,35505219,2022,Revisiting the Latino Epidemiologic Paradox: an Analysis of Data from the All of Us Research Program,Journal of General Internal Medicine,1;6,,false,true,OD,OD;TR,1:cardiovascular disease|CVD|cardiovascular; 6:Latino|Hispanic
120,35472083,2022,Demographic differences in willingness to share electronic health records in the All of Us Research Program,Journal of the American Medical Informatics Association : JAMIA,3;6;17,,false,true,OD,OD,3:electronic health record|EHR; 6:African American|race and ethnicity|Hispanic; 17:willingness to share
121,34431358,2021,Cardiovascular Health Disparities in Racial and Other Underrepresented Groups: Initial Results From the All of Us Research Program,Journal of the American Heart Association,1;3;6;14,,false,true,AG;NS;OD;TR,AG;NS;OD;TR,1:stroke|coronary|heart disease|cardiovascular disease|CVD|cardiovascular; 3:electronic health record|ICD|workbench|notebook; 6:underrepresented groups|health disparities|gay|transgender|lesbian|education level|Latino|equity|bisexual|underrepresented|disparities|Black participants|income|race and ethnicity|Hispanic; 14:stroke
122,36974749,2023,Single Nucleotide Polymorphism rs9277336 Controls the Nuclear Alpha Actinin 4-Human Leukocyte Antigen-DPA1 Axis and Pulmonary Endothelial Pathophenotypes in Pulmonary Arterial Hypertension,Journal of the American Heart Association,1;2;8;9;13,,false,true,HL;OD,HL;OD;TR,1:hypertension|heart disease|vascular disease|cardiac; 2:GWAS|genomics|genotype|locus|SNP|genomic|genetic variant|association study|association studies|genetic association|loci|single nucleotide polymorphism; 8:HIV|HLA|hepatitis; 9:inflammatory bowel disease|ankylosing spondylitis|ankylosing|autoimmune; 13:PAH|pulmonary hypertension|pulmonary arterial hypertension|pulmonary
123,35704625,2022,Associations between healthcare utilization and access and diabetic retinopathy complications using All of Us nationwide survey data,PloS One,1;3;6;14;17;18,,false,true,EY;OD,DE;EY;OD;TR,1:type 2 diabetes|glomerular|diabetic|nephropathy|diabetic kidney|diabetes|type 1 diabetes|kidney disease|creatinine; 3:Researcher Workbench|electronic health record|ICD|workbench|OMOP|claims data|EHR|SNOMED|notebook; 6:social determinants of health|access to care|minorities|Latino|socioeconomic|underrepresented|disparities|income|Hispanic; 14:peripheral neuropathy|neuropathy; 17:data sharing|biospecimen|patient-reported|recruitment; 18:glaucoma|diabetic retinopathy|retinal|retinopathy
124,34363612,2021,Prevalence of granuloma annulare in the United States: a cross-sectional study in the All of Us Research Program,International Journal of Dermatology,12,,false,true,AI;TR,AI;OD;TR,12:granuloma annulare
125,34358277,2021,"Racial, ethnic, and gender differences in obesity and body fat distribution: An All of Us Research Program demonstration project",PloS One,1;3;6;17,,false,true,ES;HL;OD,AG;ES;HL;OD;TR,1:obesity|BMI|diabetes|cardiovascular disease|cardiovascular; 3:AoU Researcher Workbench|re-identification|Researcher Workbench|electronic health record|workbench|EHR|notebook; 6:transgender|disparity|American Indian|African American|Latino|racial and ethnic|underrepresented|disparities|race and ethnicity|Hispanic; 17:research training|recruitment
126,34333076,2021,Comorbidities associated with granuloma annulare: A case-control study in the All of Us research program,Journal of the American Academy of Dermatology,12,,false,true,AI;TR,AI;OD;TR,12:granuloma annulare
127,35721456,2021,Novel Association between Opioid Use and Increased Risk of Retinal Vein Occlusion Using the National Institutes of Health All of Us Research Program,Ophthalmology Science,1;3;4;6;17;18,,false,true,OD,DE;OD;TR,1:hypertension|obesity|diabetic|diabetes|thrombosis|cardiovascular|hyperlipidemia|myocardial infarction|vascular disease|pulmonary embolism; 3:re-identification|Researcher Workbench|electronic health record|workbench|claims data|EHR|notebook|feature selection; 4:pain|opioid|marijuana|substance use|chronic pain|smoking; 6:social determinants of health|Medicaid|minorities|Latino|racial and ethnic|socioeconomic|underrepresented|Black participants|income|Hispanic|housing; 17:outreach|informed consent|patient-reported|recruitment; 18:glaucoma|diabetic retinopathy|eye disease|retinal|retinopathy|vision|macular
128,34295127,2021,Care and Precision Medicine Research in the Time of COVID-19,Ethnicity & Disease,6;8,,false,true,OD,OD,6:African American|equity|Hispanic; 8:COVID-19
129,35469045,2022,Wearable fitness tracker use in federally qualified health center patients: strategies to improve the health of all of us using digital health devices,NPJ Digital Medicine,1;6;7;8;17,,false,true,,,1:diabetes|heart disease; 6:health disparities|gender minority|American Indian|African American|Latino|equity|UBR|racial and ethnic|socioeconomic|underrepresented|disparities|income|poverty|minority|Hispanic; 7:Fitbit|wearable|physical activity|wearable device|heart rate variability; 8:COVID-19; 17:FQHC|trust|recruitment|willingness to share
130,34158555,2021,Hypertension prevalence in the All of Us Research Program among groups traditionally underrepresented in medical research,Scientific Reports,1;3;6;14;15;17,,false,true,ES;OD,AG;ES;OD;TR,1:stroke|hypertension|blood pressure|hypertensive|cardiovascular disease|cardiovascular; 3:AoU Researcher Workbench|Researcher Workbench|cohort builder|electronic health record|ICD|workbench|OMOP|ICD-10|missing data|EHR|SNOMED; 6:social determinants of health|UBR|socioeconomic|underrepresented|income|marginalized|race and ethnicity|Hispanic; 14:stroke; 15:pregnancy; 17:informed consent|ethics|recruitment
131,34139858,2021,Stroke Disparities Among Nonracial Minorities in the All of Us Research Program,Stroke,1;6;14,14.2-stroke-cerebro,false,true,AG;NS;TR,AG;NS;OD;TR,1:stroke; 6:minorities|disparities; 14:stroke
132,34128970,2021,"Antibodies to Severe Acute Respiratory Syndrome Coronavirus 2 (SARS-CoV-2) in All of Us Research Program Participants, 2 January to 18 March 2020",Clinical Infectious Diseases : An Official Publication of the Infectious Diseases Society of America,8,,false,true,OD,OD;TR,8:SARS-CoV-2
133,33942535,2021,Health care access and utilization among adult cancer survivors: Results from the National Institutes of Health 'All of Us' Research Program,Cancer Medicine,5;6;12;17,,false,true,,,5:cancer survivors|skin cancer|cancer|tumor|survivorship; 6:health disparities|Medicaid|access to care|African American|minorities|Latino|racial and ethnic|disparities|income|minority|Hispanic; 12:skin cancer; 17:data sharing|informed consent
134,35931217,2022,Association of autoimmune comorbidities with lichen planus: A United States-based case-control study in the All of Us research program,Journal of the American Academy of Dermatology,9;12,,false,true,OD,OD;TR,9:autoimmune comorbidities|autoimmune; 12:lichen planus
135,38504598,2024,"Low-Income, Poor Physical Health, Poor Mental Health, and Other Social Risk Factors Are Associated With Decreased Access to Care in Patients With Carpal Tunnel Syndrome",Journal of Primary Care & Community Health,3;4;6;14;17,,false,true,OD,OD;TR,3:electronic health record|workbench|SNOMED; 4:pain|mental health; 6:LGBTQ|social determinants of health|Medicaid|deprivation|access to care|African American|minorities|Latino|uninsured|low-income|socioeconomic|underrepresented|disparities|income|Hispanic; 14:carpal tunnel; 17:outreach|patient-reported|recruitment
136,33617706,2021,Engaging African-Americans in Research in the Era of Precision Medicine: An All of Us Research Program Initiative,Journal of National Black Nurses' Association : JNBNA,17,,false,true,OD,OD,17:engaging African-Americans|recruitment|willingness to share
138,33497675,2021,Predictive Analytics for Glaucoma Using Data From the All of Us Research Program,American Journal of Ophthalmology,3;18,,false,true,LM;OD,DE;ES;LM;OD;TR,3:electronic health record|AUC|claims data|machine learning|model performance; 18:glaucoma
139,33404595,2021,Comparison of family health history in surveys vs electronic health record data mapped to the observational medical outcomes partnership data model in the All of Us Research Program,Journal of the American Medical Informatics Association : JAMIA,3,,false,true,HL;OD,HL;OD;TR,3:electronic health record|EHR
140,35997514,2022,Tinea pedis in underrepresented groups: All of Us database analysis,Mycoses,3;6,,false,true,,,3:electronic health record|EHR; 6:underrepresented groups|LGBTQ|underrepresented|income|Hispanic
142,33275082,2020,Assessment of the All of Us research program's informed consent process,AJOB Empirical Bioethics,17,,false,true,OD,OD,17:research participation|informed consent|consent process
143,35641135,2022,Forecasting the future clinical events of a patient through contrastive learning,Journal of the American Medical Informatics Association : JAMIA,3,,false,true,OD;TR,OD;TR,3:contrastive learning|deep learning
144,36096320,2022,Predictors of Unrelieved Symptoms in All of Us Research Program Participants With Chronic Conditions,Journal of Pain and Symptom Management,1;4;13,,false,true,NR;OD,NR;OD;TR,1:heart failure|type 2 diabetes|diabetes; 4:pain|mental health; 13:pulmonary|chronic obstructive
145,36715356,2023,The association of anxiety with granuloma annulare: a case-control study of the National Institutes of Health 'All of Us' research programme,The British Journal of Dermatology,4;9;12;13,,false,true,,,4:depression|anxiety|post-traumatic stress|opioid|mental health|stress; 9:autoimmune|psoriasis; 12:skin disease|granuloma annulare|psoriasis; 13:insomnia
146,36120878,2022,Establishing a National Engagement Strategy for Recruiting Asian Americans and Other Minorities into Biomedical Research,"Progress in Community Health Partnerships : Research, Education, and Action",6;17,,false,true,OD,OD,6:health disparities|minorities|underrepresented|disparities; 17:community-based participatory|recruitment
147,35662804,2022,Social Determinants of Health Data Availability for Patients with Eye Conditions,Ophthalmology Science,3;4;6;17;18,,false,true,EY;OD,DE;EY;OD;TR,3:natural language processing|EHR; 4:tobacco|stress; 6:social determinants of health|food insecurity|racial and ethnic|socioeconomic|disparities|income|Hispanic|housing; 17:recruitment|stakeholder; 18:glaucoma|macular degeneration|diabetic retinopathy|retinopathy|vision|macular|ophthalmology
148,35659155,2022,Systemic diseases associated with a diagnosis of achalasia: A case-control study with the All of Us research program,European Journal of Internal Medicine,,,false,true,AG;AT;OD;TR,AG;AI;AR;AT;CA;DA;DK;HL;MD;NR;NS;OD;TR,
151,38499963,2024,The association between neighborhood social and built environment on loneliness among young adults with cancer,Journal of Cancer Survivorship : Research and Practice,4;5;6;19,,false,true,,,4:loneliness|coping; 5:cancer survivors|cancer|survivorship; 6:neighborhood; 19:built environment|walkability|green space
152,36152694,2022,Alcohol use disorder among adults with atopic dermatitis: A case-control study in the All of Us research program,Journal of the American Academy of Dermatology,4;12,,false,true,OD,OD;TR,4:alcohol use disorder|depression|anxiety|AUD|smoking; 12:dermatitis|skin disease|atopic dermatitis|dermatology
153,34920126,2021,Membership inference attacks against synthetic health data,Journal of Biomedical Informatics,3,,false,true,OD;TR,OD;TR,3:synthetic data|machine learning
155,32004412,2020,Approach to High Volume Enrollment in Clinical Research: Experiences from an All of Us Research Program Site,Clinical and Translational Science,6;16;17,,false,true,OD,OD,6:American Indian|minorities|Latino|racial and ethnic|rural|Hispanic; 16:pharmacogenomic; 17:participant engagement|trust|community engagement|biospecimen|ethics|recruitment|stakeholder|dialogue
156,35895053,2022,Association of Everyday Discrimination With Depressive Symptoms and Suicidal Ideation During the COVID-19 Pandemic in the All of Us Research Program,JAMA Psychiatry,4;6;8,,false,true,OD,OD,4:suicidal ideation|mental health|depressive|mood disorder; 6:structural racism|racism|Latino|discrimination|Hispanic; 8:COVID-19
157,36378394,2022,Inadequate Use of Newer Treatments and Glycemic Control by Cardiovascular Risk and Sociodemographic Groups in US Adults with Diabetes in the NIH Precision Medicine Initiative All of Us Research Program,Cardiovascular Drugs and Therapy,1;3;6;14,,false,true,OD,OD;TR,1:GLP-1|stroke|SGLT2|hypertension|heart failure|type 2 diabetes|obesity|glomerular|HDL|glycemic|cholesterol|CKD|coronary|blood pressure|LDL|BMI|diabetes|kidney disease|cardiovascular disease|eGFR|CVD|cardiovascular; 3:Researcher Workbench|workbench; 6:social determinants of health|Latino|underrepresented|income|Hispanic; 14:stroke|cerebrovascular
158,36396674,2022,Investigation of hypertension and type 2 diabetes as risk factors for dementia in the All of Us cohort,Scientific Reports,1;3;4;6;11;17,,false,true,MD;OD,AG;AI;AR;HL;MD;OD;TR,1:hypertension|type 2 diabetes|T2D|blood pressure|insulin resistance|diabetes|hypertensive|cardiovascular; 3:AoU Researcher Workbench|Researcher Workbench|electronic health record|workbench|EHR|notebook; 4:smoking|stress; 6:health disparities|African American|minorities|racial and ethnic|socioeconomic|underrepresented|disparities|Black participants|minority|race and ethnicity|Hispanic; 11:Alzheimer|dementia|aging|cognitive decline|elderly|Alzheimer's; 17:informed consent|recruitment
159,36702164,2023,Linking Electronic Health Records With Wearable Technology From the All of Us Research Program,"Journal of Obstetric, Gynecologic, and Neonatal Nursing : JOGNN",7;15,,false,true,,,7:Fitbit|wearable; 15:pregnancy
160,36652671,2023,A practical approach to curate clonal hematopoiesis of indeterminate potential in human genetic data sets,Blood,1;6,,false,true,CA;DK;HL;OD;OH,AG;CA;DE;DK;HL;MD;OD;OH;RR,1:CHIP|clonal hematopoiesis; 6:Latino|Hispanic
162,36669173,2023,Migraine among adults with atopic dermatitis: a cross-sectional study in the All of Us research programme,Clinical and Experimental Dermatology,12;14,,false,true,,,12:dermatitis|atopic dermatitis; 14:migraine
163,36681081,2023,"Functional interpretation, cataloging, and analysis of 1,341 glucose-6-phosphate dehydrogenase variants",American Journal of Human Genetics,2;3;10,,false,true,CA;GM;HG;OD,CA;GM;HG;OD,2:whole-genome sequencing|WGS|genomics|genotype|genomic|ClinVar|gnomAD; 3:Researcher Workbench|workbench|OMOP|notebook; 10:ACMG|G6PD
166,36436011,2022,Association of sarcoidosis with psoriasis: a cross-sectional study in the All of Us research program,Archives of Dermatological Research,9;12,,false,true,,,9:sarcoidosis|psoriasis; 12:psoriasis
168,39567044,2024,"Associations of Self-Reported Race, Social Determinants of Health, and Polygenic Risk With Coronary Heart Disease",Journal of the American College of Cardiology,1;2;4;6,,false,true,,,1:coronary|heart disease; 2:PRS|whole-genome sequencing|polygenic risk score|polygenic; 4:loneliness; 6:social determinants of health|health literacy|SDOH|food insecurity|income|neighborhood|Hispanic
169,36928128,2023,Racial Disparities in Barriers to Care for Patients With Diabetic Retinopathy in a Nationwide Cohort,Translational Vision Science & Technology,1;3;4;6;18,,false,true,DK;EY;OD,DE;DK;EY;OD;TR,1:diabetic|glycemic|cholesterol|blood pressure|diabetes; 3:re-identification|Researcher Workbench|electronic health record|workbench; 4:smoking|stress; 6:social determinants of health|access to care|education level|equity|racial and ethnic|socioeconomic|disparities|rural|Black patients|income|neighborhood|minority|race and ethnicity|Hispanic; 18:diabetic retinopathy|retinal|retinopathy|vision|macular|ophthalmology|eye care
170,36836203,2023,Dyslipidemia Treatment and Lipid Control in US Adults with Diabetes by Sociodemographic and Cardiovascular Risk Groups in the NIH Precision Medicine Initiative All of Us Research Program,Journal of Clinical Medicine,1;3;6;14,,false,true,OD,OD;TR,1:stroke|hypertension|HDL|cholesterol|triglyceride|coronary|blood pressure|dyslipidemia|LDL|diabetes|lipid|cardiovascular disease|CVD|cardiovascular|statin; 3:Researcher Workbench|workbench|EHR; 6:minorities|Latino|racial and ethnic|underrepresented|disparities|minority|Hispanic; 14:stroke|cerebrovascular
171,29385589,2018,The research participant perspective related to the conduct of genomic cohort studies: A systematic review of the quantitative literature,Translational Behavioral Medicine,2;17,,false,true,CA,CA,2:genomic|genome-wide association|genome-wide|association studies; 17:return of results|informed consent|recruitment
172,36414097,2022,Vitiligo in underrepresented communities: An All of Us database analysis,Journal of the American Academy of Dermatology,6;12,,false,true,OD,OD;TR,6:underrepresented; 12:vitiligo
173,34969350,2021,Social determinants associated with loss of an eye in the United States using the All of Us nationwide database,"Orbit %28Amsterdam, Netherlands%29",6;18,,false,true,EY;OD,DE;EY;OD,6:African American|Latino|racial and ethnic|disparities|Hispanic; 18:glaucoma
182,36746242,2023,Associations between Socioeconomic Factors and Visit Adherence among Patients with Glaucoma in the All of Us Research Program,Ophthalmology. Glaucoma,6;18,,false,true,EY;MD;OD;TR,DE;EY;MD;OD;TR,6:disparity|socioeconomic|income; 18:glaucoma|eye care
187,37081803,2023,Association between atopic dermatitis and eosinophilic esophagitis: a cross-sectional study in the All of Us Research Program,International Journal of Dermatology,12,,false,true,DK;OD;TR,DK;OD;TR,12:dermatitis|atopic dermatitis
188,37072623,2023,"Common and rare variants associated with cardiometabolic traits across 98,622 whole-genome sequences in the All of Us research program",Journal of Human Genetics,1;2,,false,true,HL;OD,HL;OD;TR,1:atrial fibrillation|type 2 diabetes|T2D|coronary|cardiometabolic|LDL|diabetes; 2:locus|genomic|rare variant|loci
191,37200348,2023,Importance of missingness in baseline variables: A case study of the All of Us Research Program,PloS One,3;6,,false,true,HL;OD,HL;OD,3:Researcher Workbench|workbench|missing data; 6:underrepresented groups|sexual and gender minorities|gender minority|health literacy|African American|minorities|Latino|socioeconomic|underrepresented|rural|income|minority|race and ethnicity
192,37188476,2023,Protocol for developing a personalised prediction model for viral suppression among under-represented populations in the context of the COVID-19 pandemic,BMJ Open,1;3;4;6;8;15,,false,true,AI,AI;OD,1:blood pressure|diabetes; 3:AoU Researcher Workbench|Researcher Workbench|data integration|electronic health record|ICD|AUC|risk prediction|workbench|random forest|computable phenotype|missing data|F1 score|EHR|gradient boosting|machine learning|supervised learning|data linkage; 4:depression|anxiety|loneliness|well-being|substance use|mental health|smoking|psychological|stress; 6:sexual and gender minorities|gender minority|minorities|equity|racial and ethnic|socioeconomic|structural barriers|minority|discrimination; 8:antiretroviral|HIV|SARS-CoV-2|COVID-19|infection; 15:pregnancy
193,37178685,2023,Declining autozygosity over time: An exploration in over 1 million individuals from three diverse cohorts,American Journal of Human Genetics,,,false,true,DA;DC;MH;OD;TR,DA;DC;MH;OD;TR,
200,36712313,2022,Cannabis Use and CKD: Epidemiological Associations and Mendelian Randomization,Kidney Medicine,1;2;3;4;7;10;17,,false,true,DK;GM;HL;OD;TR,AG;AI;AR;DC;DK;EY;GM;HD;HL;NS;OD;TR,1:hypertension|type 2 diabetes|proteinuria|glomerular|CKD|coronary|diabetes|renal|kidney disease|eGFR|hyperlipidemia|creatinine; 2:Mendelian randomization|GWAS|genomics|SNP|genome-wide association|genome-wide|ancestry|association study|association studies; 3:EHR|SNOMED; 4:substance use|psychiatric|cannabis|smoking; 7:accelerometer; 10:Mendelian; 17:informed consent|recruitment
205,37218289,2023,De-black-boxing health AI: demonstrating reproducible machine learning computable phenotypes using the N3C-RECOVER Long COVID model in the All of Us data repository,Journal of the American Medical Informatics Association : JAMIA,3;8,,false,true,GM;HL;OD;TR,AG;AI;CA;DA;DC;DK;GM;HG;HL;NS;OD;TR,3:N3C|machine learning|RECOVER; 8:long COVID
206,37216451,2023,Higher Hospital Frailty Risk Score Is Associated With Increased Risk of Stroke: Observational and Genetic Analyses,Stroke,1;2;11;14,14.2-stroke-cerebro,false,true,AG;NS;OD;TR,AG;NS;OD;TR,1:stroke; 2:Mendelian randomization; 11:frailty|aging; 14:stroke
207,37398505,2023,Risk Factors for Multiple Sclerosis Development After Optic Neuritis Diagnosis Using a Nationwide Health Records Database,Neuro-Ophthalmology %28Aeolus Press%29,6;9;14,,false,true,,,6:minorities|socioeconomic|minority; 9:multiple sclerosis|MS|autoimmune; 14:multiple sclerosis
208,37356625,2023,Examining the burden of psoriasis and psoriatic arthritis in a US adult cohort using the All of Us Research Program,Journal of the American Academy of Dermatology,9;12,,false,true,OD,OD;TR,9:psoriatic arthritis|psoriasis; 12:psoriasis
211,37523618,2023,"Racial, Ethnic, and Socioeconomic Disparities in Glaucoma Onset and Severity in a Diverse Nationwide Cohort in the United States",Journal of Glaucoma,6;18,,false,true,EY;LM;MD;OD;TR,DE;ES;EY;LM;MD;OD;TR,6:minorities|Latino|racial and ethnic|socioeconomic|disparities|minority|Hispanic; 18:glaucoma
214,36883588,2023,"Association of alopecia areata with alcohol use disorder, attention-deficit hyperactivity disorder and insomnia: a case-control analysis using the All of Us research programme",Clinical and Experimental Dermatology,4;12;13,,false,true,,,4:alcohol use disorder; 12:alopecia areata|alopecia; 13:insomnia
215,38097619,2023,Polygenic risk alters the penetrance of monogenic kidney disease,Nature Communications,1;2;3;5;6;10;17,,false,true,DK;HG;LM;OD;TR,DK;HG;LM;OD;TR,1:proteinuria|glomerular|CKD|end-stage renal|renal disease|dialysis|albuminuria|nephropathy|diabetes|renal|kidney disease|eGFR; 2:PheWAS|GWAS|polygenic score|genotype|SNP|genomic|rare variant|whole genome sequencing|genome-wide|ancestry|ClinVar|imputation|phenome-wide|phasing|haplotype|genetic ancestry|gnomAD|exome|exome sequencing|polygenic; 3:phenotyping algorithm|electronic health record|ICD|workbench|random forest|EHR|phecode|machine learning|notebook; 5:ovarian cancer|Lynch syndrome|cancer|hereditary breast; 6:African American|Latinx|Hispanic; 10:familial hypercholesterolemia|monogenic|incomplete penetrance|hereditary|penetrance|expressivity; 17:informed consent|recruitment
217,37585212,2023,Representation of Race and Ethnicity in the Contemporary US Health Cohort All of Us Research Program,JAMA Cardiology,6,,false,true,HG,HG,6:African American|Latino|racial and ethnic|underrepresented|disparities|race and ethnicity|Hispanic
218,37603847,2023,Prevalence and Treatment Patterns of Inflammatory Bowel Disease in the All of Us Research Program,Inflammatory Bowel Diseases,9,,false,true,AG;DK,AG;DK;OD,9:inflammatory bowel disease
219,37611751,2023,Effect of Metformin Use on Vitamin B12 Deficiency Over Time (EMBER): A Real-World Evidence Database Study,Endocrine Practice : Official Journal of the American College of Endocrinology and the American Association of Clinical Endocrinologists,1;16,,false,true,,,1:T2DM|type 2 diabetes|diabetes; 16:metformin
220,37594966,2023,"Examining sociodemographic correlates of opioid use, misuse, and use disorders in the All of Us Research Program",PloS One,3;4;6,,false,true,OD,OD,3:electronic health record|workbench|EHR; 4:opioid|substance use|tobacco; 6:underrepresented groups|African American|Latino|homeless|racial and ethnic|underrepresented|disparities|minority|marginalized|Hispanic
221,37679534,2023,Nativity differences in socioeconomic barriers and healthcare delays among cancer survivors in the All of Us cohort,Cancer Causes & Control : CCC,3;4;5;6;12,,false,true,CA;OD,CA;OD;TR,3:workbench|missing data; 4:depression; 5:cancer survivors|cancer survivor|skin cancer|cancer; 6:health disparities|social determinants of health|health literacy|minorities|uninsured|racial and ethnic|socioeconomic|underrepresented|disparities|income|minority|discrimination|Hispanic|housing; 12:skin cancer
226,36398985,2022,Achieving a Representative Sample of Asian Americans in Biomedical Research Through Community-Based Approaches: Comparing Demographic Data in the All of Us Research Program With the American Community Survey,Journal of Transcultural Nursing : Official Journal of the Transcultural Nursing Society,6,,false,true,OD,OD,6:health literacy|underrepresented|Asian American
227,36458881,2022,Association of Longitudinal Activity Measures and Diabetes Risk: An Analysis From the National Institutes of Health All of Us Research Program,The Journal of Clinical Endocrinology and Metabolism,1;7,,false,true,DK;GM;HL,DK;GM;HL;OD,1:T2DM|type 2 diabetes|BMI|diabetes; 7:accelerometer|step count|Fitbit|wearable|physical activity|sedentary
229,36727790,2023,Evaluation of Depression and Anxiety in a Diverse Population With Thyroid Eye Disease Using the Nationwide NIH All of Us Database,Ophthalmic Plastic and Reconstructive Surgery,4;6;18,,false,true,EY;OD,DE;EY;OD;TR,4:depression|anxiety|psychosocial|anxiety disorder; 6:socioeconomic|income; 18:eye disease
230,,2023,Health disparities in the treatment of bipolar disorder,,4;6,,false,true,,,4:bipolar disorder|schizophrenia|bipolar; 6:health disparities|disparities|Black patients
233,37124163,2023,Modeling the impact of digital readiness in recruiting and sustaining underrepresented groups: Data from the All of Us research program,Frontiers in Digital Health,6;8;17,,false,true,,,6:underrepresented groups|access to care|education level|minorities|low-income|UBR|racial and ethnic|socioeconomic|underrepresented|income; 8:COVID-19; 17:FQHC|outreach|focus group|informed consent|ethics|recruitment
234,37109001,2023,All of Us and the Promise of Precision Medicine: Achieving Equitable Access for Federally Qualified Health Center Patients,Journal of Personalized Medicine,1;2;3;5;6;8;13;16;17,,false,true,HG,HG;OD,1:hypertension|diabetes; 2:genomics|ancestry; 3:electronic health record|EHR; 5:cancer|cancer screening; 6:health disparities|Medicaid|uninsured|low-income|underrepresented|disparities|income|minority; 8:COVID-19; 13:asthma; 16:pharmacogenetic; 17:FQHC|trust|recruitment
235,37107973,2023,Application of Machine Learning Algorithms to Predict Uncontrolled Diabetes Using the All of Us Research Program Data,"Healthcare %28Basel, Switzerland%29",1;3;6,,false,true,,,1:T2DM|type 2 diabetes|obesity|metabolic syndrome|glycemic|blood pressure|BMI|diabetes|hyperglycemia|type 1 diabetes; 3:AoU Researcher Workbench|Researcher Workbench|cohort builder|ensemble model|workbench|feature engineering|random forest|F1 score|predictive model|XGBoost|machine learning|supervised learning|model performance; 6:underrepresented|Hispanic
236,36809550,2023,Managing re-identification risks while providing access to the All of Us research program,Journal of the American Medical Informatics Association : JAMIA,3,,false,true,HG;OD,HG;OD,3:re-identification
237,37114382,2023,Investigating the association between gender minority identity and skin cancer prevalence: A cohort study in the United States All of Us research program,Journal of the European Academy of Dermatology and Venereology : JEADV,5;6;12,,false,true,AR,AR,5:skin cancer|cancer; 6:gender minority|minority; 12:skin cancer
239,39586798,2024,Identifying diagnosed major chronic diseases associated with recent housing instability among aging adults: data from the 'All of Us' research program,"Journal of Public Health %28Oxford, England%29",1;6;11,,false,true,,,1:diabetes|cardiovascular disease|cardiovascular; 6:socioeconomic|housing; 11:aging
241,,2024,Cross-sectional Prevalence Data for Lichen Sclerosis et Atrophicus in the All of Us Database: Implications for Routine Genital Skin Examination,,3;12,,false,true,,,3:ICD|ICD-10; 12:dermatologic|dermatology
243,36482257,2022,Psychiatric comorbidities of Hidradenitis suppurativa in underrepresented groups: a case-control study utilizing the all of us research program,Archives of Dermatological Research,4;6;12,,false,true,,,4:psychiatric; 6:underrepresented groups|underrepresented; 12:hidradenitis suppurativa
244,36529377,2022,Lichen sclerosus among women with psoriasis: A cross-sectional study in the All of Us research program,Journal of the American Academy of Dermatology,9;12,,false,true,,,9:psoriasis; 12:lichen sclerosus|psoriasis
245,36529268,2022,Effect of visual impairment on depression and anxiety during the COVID-19 pandemic in the United States,Canadian Journal of Ophthalmology. Journal Canadien d'Ophtalmologie,3;4;6;8;18,,false,true,,,3:electronic health record|SNOMED|notebook; 4:depression|anxiety|loneliness|anxious|mental health|anxiety disorder|depressive|mood disorder; 6:access to care|Latino|equity|racial and ethnic|minority|Hispanic; 8:COVID-19|infection|vaccine; 18:glaucoma|macular degeneration|vision|macular
249,40133288,2025,Leveraging large-scale biobank EHRs to enhance pharmacogenetics of cardiometabolic disease medications,Nature Communications,1;2;3;4;9;11;16,,false,true,GM;HG,CA;DA;GM;HD;HG,1:GLP-1|hypertension|T2D|HDL|cholesterol|coronary|blood pressure|cardiometabolic|LDL|diabetes|type 1 diabetes|lipid|heart disease|statin; 2:PRS|REGENIE|GWAS|WGS|GWAS summary|genotype|locus|SNP|genomic|genome-wide association|rare variant|whole genome sequencing|genetic variant|genome-wide|ancestry|genetic risk|haplotype|association studies|genetic ancestry|genetic association|burden test|loci|gnomAD|heritability|exome|exome sequencing|polygenic; 3:OMOP|missing data|EHR|RECOVER|SNOMED; 4:schizophrenia; 9:lupus|inflammatory bowel disease|autoimmune; 11:APOE|aging; 16:pharmacogenetic|pharmacogenomic|drug response|drug-induced|metformin
250,36995727,2023,Prevalence of Delayed or Forgone Care Due to Patient-Clinician Identity Discordance Among US Cancer Survivors,JAMA Oncology,5;6;17,,false,true,,,5:cancer survivors|oncology|cancer; 6:gay|lesbian|equity|bisexual|racial and ethnic|underrepresented|Latinx|income|minority|race and ethnicity|Hispanic; 17:trust|informed consent
251,,2023,The association of hidradenitis suppurativa with obstructive sleep apnea: A cross‐sectional study using the All of Us database,Wiley Online Library,1;3;6;12;13,,false,true,,,1:hypertension|obesity|cardiovascular; 3:EHR|SNOMED; 6:African American|Latino|Hispanic; 12:hidradenitis suppurativa; 13:obstructive sleep apnea|sleep apnea|OSA
254,,2024,Racial Differences in Incidence of Anxiety and Depression Among Mastectomy and Breast Reconstruction Patients Using the All of Us Database,Multidisciplinary Digital Publishing Institute %28MDPI%29,4,,false,true,,,4:depression|anxiety|psychological
256,31045611,2019,Development of the Initial Surveys for the All of Us Research Program,"Epidemiology %28Cambridge, Mass.%29",7,,false,true,AG;CA;HL;OD,AG;AR;AT;CA;DA;DC;DK;HD;HL;MH;NR;NS;OD;TR,7:wearable
258,35661997,2022,Thyroid disorders associated with lichen sclerosus: a case-control study in the All of Us Research Program,The British Journal of Dermatology,12,,false,true,HL;OD;TR,HL;OD;TR,12:lichen sclerosus
265,33704080,2021,Motivation to Participate in Precision Health Research and Acceptability of Texting as a Recruitment and Intervention Strategy Among Vietnamese Americans: Qualitative Study,JMIR mHealth and uHealth,6;17,,false,true,AG;MD,AG;MD;OD,6:health disparities|American Indian|African American|minorities|Latino|racial and ethnic|disparities|income|minority|marginalized; 17:research participation|outreach|focus group|informed consent|library|community-based participatory|recruitment
267,35927974,2022,Keeping synthetic patients on track: feedback mechanisms to mitigate performance drift in longitudinal health data simulation,Journal of the American Medical Informatics Association : JAMIA,3,,false,true,OD;TR,OD;TR,3:synthetic data|electronic health record|EHR|data quality
268,36048778,2022,"An Overview of Cancer in the First 315,000 All of Us Participants",PloS One,1;2;3;5;6;12;17,,false,true,OD;TR,OD;TR,1:endocrine|cardiovascular; 2:genomics|genomic; 3:Researcher Workbench|ICD|workbench|OMOP|EHR|SNOMED; 5:prostate cancer|breast cancer|leukemia|melanoma|lymphoma|myeloma|oncology|skin cancer|non-Hodgkin|radiotherapy|cancer|Hodgkin|immunotherapy|colorectal|chemotherapy; 6:equity|UBR|underrepresented|disparities|income|Hispanic; 12:skin cancer; 17:library|recruitment
269,,2022,Impact of cardiovascular disease: a literature review of the All of Us Research Program - An NIH Precision Medicine Initiative,,1;6,,false,true,,,1:heart disease|cardiovascular disease|cardiovascular; 6:underrepresented groups|racial and ethnic|underrepresented|race and ethnicity|Hispanic
271,40135579,2025,Patient Predictors of Combination Therapy as Initial Hypertension Treatment: The AOURP (All of Us Research Program) Registry,Journal of the American Heart Association,1,,false,true,,,1:hypertension|diabetes|cardiology|kidney disease
272,36394556,2022,Associations Between Thyroid Eye Disease and Glaucoma Among Those Enrolled in the National Institutes of Health All of Us Research Program,Ophthalmic Plastic and Reconstructive Surgery,18,,false,true,EY;OD,DE;EY;OD;TR,18:glaucoma|eye disease
273,36401617,2022,Lichen planus is associated with depression and anxiety: a cross-sectional study in the All of Us research program,Archives of Dermatological Research,1;4;8;12,,false,true,,,1:hypertension|diabetes|cardiovascular disease|cardiovascular; 4:depression|anxiety|psychiatric|mental health; 8:infection|hepatitis; 12:lichen planus
274,40130972,2025,"Associations between Class I, II, or III Obesity and Health Outcomes",NEJM Evidence,1;13,1.3-CKM,false,true,,,1:Cardiovascular-Kidney-Metabolic|hypertension|heart failure|atrial fibrillation|type 2 diabetes|obesity|metabolic syndrome|dyslipidemia|BMI|deep vein thrombosis|diabetes|thrombosis|kidney disease|cardiovascular disease|cardiovascular|hyperlipidemia|pulmonary embolism; 13:asthma|obstructive sleep apnea|pulmonary|sleep apnea
276,36707438,2023,Psoriasis associated with asthma and allergic rhinitis: a US-based cross-sectional study using the All of US Research Program,Archives of Dermatological Research,9;12;13;18,,false,true,,,9:psoriasis; 12:psoriasis; 13:asthma; 18:allergic rhinitis|rhinitis
277,36705447,2023,Sex and Racial Differences in Systemic Lupus Erythematosus Among US Adults in the All of Us Research Program,Arthritis Care & Research,3;6;9,,false,true,AG;OD,AG;OD;TR,3:electronic health record|EHR; 6:health literacy|African American|socioeconomic|disparities; 9:lupus|systemic lupus|SLE
282,31580791,2019,Return of Value in the New Era of Biomedical Research-One Size Will Not Fit All,AJOB Empirical Bioethics,17,,false,true,OD,OD,17:return of results|stakeholder
284,36371759,2022,'Extremely slow and capricious': A qualitative exploration of genetic researcher priorities in selecting shared data resources,Genetics in Medicine : Official Journal of the American College of Medical Genetics,,,false,true,CA;HG;MH;TR,CA;HG;MH;OD;TR,
286,37163649,2023,Socioeconomic and Racial/Ethnic Disparities in Perception of Health Status and Literacy in Spine Oncological Patients: Insights from the All of Us Research Program,Spine,5;6,,false,true,,,5:oncology; 6:health literacy|socioeconomic|disparities|income|Hispanic
287,37459328,2023,Family and personal history of cancer in the All of Us research program for precision medicine,PloS One,3;5;6;17,,false,true,LM;OD,ES;LM;OD;TR,3:Researcher Workbench|electronic health record|workbench|EHR|notebook; 5:prostate cancer|breast cancer|ovarian cancer|Lynch syndrome|colorectal cancer|lung cancer|cancer|colorectal|cancer screening; 6:education level|minorities|racial and ethnic|underrepresented|income|minority|race and ethnicity|Hispanic; 17:ethics|recruitment
292,35013250,2022,Integrating gene expression and clinical data to identify drug repurposing candidates for hyperlipidemia and hypertension,Nature Communications,1;2;3;5;9;11;16;17,,false,true,AG;GM;HG;HL;LM;OD;TR,AG;AI;ES;GM;HG;HL;LM;MD;NS;OD;TR,1:hypertension|hepatocellular carcinoma|blood pressure|LDL|lipid|cardiovascular disease|cardiovascular|hyperlipidemia|myocardial infarction; 2:GWAS|GWAS summary|genotype|genomic|genome-wide association|genome-wide|ancestry|association study; 3:Researcher Workbench|ICD|workbench|OMOP|ICD-10|validation cohort|EHR|data validation; 5:carcinoma|hepatocellular carcinoma|hepatocellular|cancer; 9:rheumatoid arthritis; 11:Alzheimer; 16:drug response|tamoxifen|drug-gene; 17:informed consent|library
293,35721298,2022,Prevalence of lichen planopilaris in the United States: A cross-sectional study of the All of Us research program,JAAD International,12,,false,true,,,12:lichen planus|lichen planopilaris|alopecia
294,36468789,2022,The association of atopic dermatitis and chronic rhinosinusitis in adults: a cross-sectional study using the All of Us research program,International Journal of Dermatology,12;18,,false,true,,,12:dermatitis|atopic dermatitis; 18:chronic rhinosinusitis
296,36535714,2022,Effects of housing environments on COVID-19 transmission and mental health revealed by COVID-19 Participant Experience data from the All of Us Research Program in the USA: a case-control study,BMJ Open,3;4;6;8,,false,true,OD,OD,3:Researcher Workbench|workbench; 4:anxiety|anxious|mental health|psychological|stress; 6:homeless|socioeconomic|housing; 8:SARS-CoV-2|COVID-19|infection
298,34688700,2021,"The Association among Blood Pressure, Blood Pressure Medications, and Glaucoma in a Nationwide Electronic Health Records Database",Ophthalmology,1;3;6;18,,false,true,EY;OD,EY;OD;TR,1:diabetic|blood pressure; 3:electronic health record|EHR; 6:Latino|Hispanic; 18:glaucoma
300,37564683,2023,Onychogryphosis Is Associated with Dermatologic and Vascular Disease: A Case-Control Study of the All of Us Research Program,Skin Appendage Disorders,1;6;11;12,,false,true,CA;GM;TR,CA;GM;HL;TR,1:diabetes|vascular disease; 6:Hispanic|housing; 11:dementia|older adults; 12:pemphigus|ichthyosis|dermatologic|onychomycosis|psoriasis
302,,2024,Genes associated with depression and coronary artery disease are enriched for cardiomyopathy and inflammatory phenotypes,Nature,1;3;4,,false,true,,,1:coronary|CAD; 3:electronic health record|EHR; 4:depression
306,,2022,Examining Sickle Cell Trait Associated Clinical Outcomes in the All of Us research Program,American Society of Hematology,1;3;6;10,,false,true,,,1:CKD|DVT|deep vein thrombosis|thrombosis|kidney disease; 3:EHR|SNOMED; 6:African American|race and ethnicity|Hispanic; 10:sickle cell disease|sickle cell
309,37523187,2023,Prevalence of 12 Common Health Conditions in Sexual and Gender Minority Participants in the All of Us Research Program,JAMA Network Open,1;2;3;4;6;7;8;13;14;17,,false,true,OD,OD;TR,1:stroke|hypertension|coronary|BMI|diabetes|kidney disease|cardiovascular disease|cardiovascular|myocardial infarction; 2:whole-genome sequencing|genomic; 3:data harmonization|Researcher Workbench|workbench|missing data|claims data|EHR|data quality|harmonization|SNOMED; 4:depression|anxiety|substance use disorder|well-being|pain|substance use|psychosocial|mental health|cannabis|smoking|psychological|tobacco|stress; 6:health disparities|gay|transgender|gender minority|disparity|lesbian|African American|equity|bisexual|racial and ethnic|socioeconomic|underrepresented|disparities|sexual minority|Latinx|income|minority|marginalized|SGM|discrimination|Hispanic; 7:wearable|physical activity|wearable device; 8:HIV; 13:asthma; 14:stroke; 17:community engagement|patient-reported
310,37561459,2023,Alcohol Consumption Among Adults With a Cancer Diagnosis in the All of Us Research Program,JAMA Network Open,3;4;5;6;12;17,,false,true,CA,CA;OD,3:electronic health record|workbench|EHR; 4:alcohol abuse|smoking|tobacco; 5:cancer survivors|liver cancer|breast cancer|colorectal cancer|oncology|skin cancer|radiotherapy|cancer|esophageal cancer|immunotherapy|colorectal|chemotherapy|survivorship; 6:racial and ethnic|income|race and ethnicity|Hispanic; 12:skin cancer; 17:biospecimen|informed consent
311,37557056,2023,Machine learning algorithms to predict major adverse cardiovascular events in patients with diabetes,Computers in Biology and Medicine,1;3;14,,false,true,OD,OD;TR,1:T2DM|stroke|heart failure|type 2 diabetes|diabetes|cardiovascular|myocardial infarction; 3:ensemble model|XGBoost|machine learning; 14:stroke
316,36782129,2023,Mental health and social support among glaucoma patients enrolled in the NIH All of Us COVID-19 Participant Experience (COPE) survey,BMC Ophthalmology,3;4;6;7;8;17;18,,false,true,,,3:Researcher Workbench|electronic health record|workbench|EHR|notebook; 4:depression|anxiety|marijuana|mental health|coping|stress; 6:social determinants of health|Medicaid|African American|income|Hispanic; 7:wearable; 8:COVID-19; 17:data sharing|biospecimen; 18:glaucoma|eye disease|vision|optic nerve|ophthalmology
317,36763157,2023,Alopecia areata in underrepresented groups: preliminary analysis of the all of us research program,Archives of Dermatological Research,6;12,,false,true,,,6:underrepresented groups|underrepresented|income; 12:alopecia areata|dermatologic|alopecia
321,37579839,2023,Underdiagnosis of psoriasis in underrepresented groups: An 'All of Us' database analysis,Journal of the American Academy of Dermatology,6;9;12,,false,true,,,6:underrepresented groups|underrepresented; 9:psoriasis; 12:psoriasis
323,37734665,2023,Association of psoriasis and systemic lupus erythematosus and mediation effects of tumor necrosis factor-α inhibitors: A cross-sectional study in the All of Us Research Program,Journal of the American Academy of Dermatology,5;9;12,,false,true,OD,OD;TR,5:tumor; 9:lupus|systemic lupus|psoriasis; 12:psoriasis
328,36216933,2022,Association of step counts over time with the risk of chronic disease in the All of Us Research Program,Nature Medicine,1;2;3;4;6;7;8;13;14;17,,false,true,HL;OD,HL;OD;TR,1:hypertension|heart failure|type 2 diabetes|obesity|ejection fraction|coronary|blood pressure|cardiometabolic|BMI|diabetes|CAD|cardiovascular disease|cardiovascular; 2:genomics|imputation|phenome-wide|association study; 3:re-identification|Researcher Workbench|ICD|workbench|missing data|EHR|phecode; 4:depression|major depressive disorder|smoking|depressive|MDD; 6:African American|education level; 7:step count|Fitbit|wearable|physical activity|sedentary|wearable device|steps per day; 8:COVID-19; 13:obstructive sleep apnea|sleep apnea; 14:carpal tunnel|neurological; 17:informed consent|consent process
329,36435346,2022,Kidney Stone Prevalence Based on Self-Report and Electronic Health Records: Insight into the Prevalence of Active Medical Care for Kidney Stones,Urology,1,,false,true,DK;OD,DK;OD;TR,1:kidney stone
337,37755822,2023,Barriers to Care Among Sexual and Gender Minority Individuals With Chronic Inflammatory Skin Diseases in the US,JAMA Dermatology,6,,false,true,OD;TR,OD;TR,6:gender minority|minority|race and ethnicity|SGM
342,36173112,2022,Concordance of SARS-CoV-2 Antibody Results during a Period of Low Prevalence,mSphere,3;8,,false,true,OD,OD,3:public health surveillance; 8:SARS-CoV-2|COVID-19|antibody|infection|immune response|vaccine
343,36244557,2022,Racial and ethnic differences in barriers to care among US adults with chronic inflammatory skin diseases: A cross-sectional study of the All of Us Research Program,Journal of the American Academy of Dermatology,6;12,,false,true,OD,OD;TR,6:racial and ethnic|rural|structural barriers|income|minority|race and ethnicity|Hispanic; 12:dermatologic
344,34406131,2021,Communicating to Engage: An Improvisational Theater-Based Communication Training Designed to Support Community-Academic Partnership Development,Academic Medicine : Journal of the Association of American Medical Colleges,17,,false,true,OD;TR,OD;TR,17:community-based participatory|stakeholder
345,31797629,2019,Frequency of ClinVar Pathogenic Variants in Chronic Kidney Disease Patients Surveyed for Return of Research Results at a Cleveland Public Hospital,Pacific Symposium on Biocomputing. Pacific Symposium on Biocomputing,1;2;16,,false,true,TR,TR,1:CKD|renal|kidney disease; 2:ClinVar; 16:pharmacogenomic
346,,2024,Prostate Cancer Prediction Using Healthcare Utilization Patterns,IEEE Xplore %28Institute of Electrical and Electronics Engineers%29,3;5,,false,true,,,3:AUC|XGBoost|machine learning; 5:prostate cancer|cancer
347,38374346,2024,"Selection, optimization and validation of ten chronic disease polygenic risk scores for clinical implementation in diverse US populations",Nature Medicine,1;2;3;5;6;10;17,,false,true,AR;HD;HG;OD,AR;EY;HD;HG;MH;NR;OD;TR,1:T2D|cardiometabolic|aortic|aneurysm|cardiovascular|abdominal aortic; 2:PRS|GWAS|genomics|genotype|SNP|genomic|genome-wide association|whole genome sequencing|genome-wide|ancestry|imputation|genetic risk|admixture|phasing|association studies|genetic ancestry|gnomAD|heritability|multiancestry|single nucleotide polymorphism|polygenic; 3:electronic health record|risk prediction|training cohort|EHR; 5:prostate cancer|breast cancer|colorectal cancer|cancer|colorectal; 6:underrepresented groups|health disparities|gender minority|American Indian|African American|Latino|racial and ethnic|socioeconomic|underrepresented|disparities|rural|minority|Hispanic; 10:monogenic; 17:return of results|informed consent|ethics|recruitment
348,38374434,2024,The frequency of pathogenic variation in the All of Us cohort reveals ancestry-driven disparities,Communications Biology,1;2;3;5;6;10;15;17,,false,true,HD;OD,HD;OD;TR,1:blood pressure|cardiovascular disease|cardiovascular; 2:whole-genome sequencing|genomics|genotype|genomic|whole genome sequencing|ancestry|ClinVar|genetic risk|haplotype|genetic ancestry|gnomAD|local ancestry; 3:Researcher Workbench|variant effect predictor|cohort builder|electronic health record|clustering|workbench|random forest|OMOP|EHR|SNOMED; 5:neoplasm|breast cancer|BRCA2|ovarian cancer|cancer|hereditary breast|tumor; 6:underrepresented groups|African American|Latino|underrepresented|disparities; 10:familial hypercholesterolemia|secondary findings|pathogenic variant|sickle cell disease|hereditary|Mendelian|hemochromatosis|sickle cell; 15:pregnancy; 17:community engagement|return of results|informed consent|recruitment
349,38409350,2024,Leveraging generative AI to prioritize drug repurposing candidates for Alzheimer's disease with real-world clinical validation,NPJ Digital Medicine,1;3;6;11,,false,true,AG;GM;HL,AG;GM;HL,1:insulin resistance|lipid|cardiovascular disease|cardiovascular; 3:electronic health record|ICD|OMOP|ICD-10|EHR|data quality|LLM|artificial intelligence; 6:social determinants of health|Medicaid; 11:Alzheimer|dementia|Parkinson|older adults|Alzheimer's
350,38374256,2024,Genetic drivers of heterogeneity in type 2 diabetes pathophysiology,Nature,1;2;3;6;14;15;17;18,,false,true,AG;DK;ES;HD;HG;HL;VA,AG;DK;ES;HD;HG;HL;OD,1:GLP-1|stroke|heart failure|atrial fibrillation|type 2 diabetes|T2D|obesity|HDL|metabolic syndrome|diabetic|cholesterol|end-stage renal|coronary|blood pressure|cardiometabolic|renal disease|insulin resistance|albuminuria|ventricular|BMI|nephropathy|diabetes|CAD|renal|lipid|cardiovascular|myocardial infarction; 2:Mendelian randomization|whole-genome sequencing|GWAS|multi-ancestry|genomics|GWAS summary|locus|genomic|genome-wide association|genome-wide|ancestry|imputation|association study|admixture|haplotype|association studies|genetic ancestry|loci|heritability|polygenic; 3:clustering|missing data; 6:disparity|underrepresented; 14:stroke; 15:gestational|polycystic ovary syndrome|gestational diabetes|PCOS|polycystic ovary; 17:ethics|recruitment; 18:diabetic retinopathy|retinopathy
355,38218218,2024,Sarcoidosis Is Associated With Hematologic Comorbidities: A Cross-Sectional Study in the All of Us Research Program,Chest,9,,false,true,,,9:sarcoidosis
356,38363572,2024,APOE ε4 and Intracerebral Hemorrhage in Patients With Brain Arteriovenous Malformation,JAMA Network Open,1;2;3;4;6;11;14;15;17,,false,true,AG;OD;TR,AG;OD;TR,1:hypertension|aneurysm; 2:genomic|genome-wide|ancestry|genetic risk|association study|genetic ancestry|genetic association; 3:electronic health record|ICD|ICD-10; 4:psychological|stress; 6:African American|Latino|race and ethnicity; 11:cerebral amyloid angiopathy|Alzheimer|APOE; 14:intracerebral hemorrhage; 15:pregnancy; 17:informed consent|ethics
357,38452818,2024,Psoriasis and non-Hodgkin's lymphoma in a diverse sample of U.S. adults: a propensity matched case-control study,Journal of the American Academy of Dermatology,5;9;12,,false,true,,,5:lymphoma|non-Hodgkin|Hodgkin; 9:psoriasis; 12:psoriasis
358,38510898,2024,Nationwide Case-Control Analysis of Merkel Cell Carcinoma and Associated Skin Cancer Comorbidities: An Examination of the All of Us Database,Cureus,3;5;6;12,,false,true,,,3:ICD|ICD-10; 5:neuroendocrine tumor|melanoma|Merkel cell|carcinoma|skin cancer|cancer|tumor; 6:income|Hispanic; 12:skin cancer|basal cell carcinoma|squamous cell carcinoma
359,39596587,2024,"Gene Variant Frequencies of IDO1, IDO2, TDO, and KMO in Substance Use Disorder Cohorts",Genes,2;3;4;6;14,,false,true,,,2:whole-genome sequencing|SNP|genomic; 3:cohort builder|ICD|workbench|notebook; 4:alcohol use disorder|depression|bipolar disorder|substance use disorder|schizophrenia|opioid use disorder|SUD|addiction|opioid|substance use|cannabis|bipolar|depressive|stress; 6:socioeconomic|underrepresented; 14:Tourette syndrome|neurodevelopment|Tourette
360,38639369,2024,Secondary Prevention in Patients With Stroke Versus Myocardial Infarction: Analysis of 2 National Cohorts,Journal of the American Heart Association,1;3;6;14;17,1.4-stroke-cardio;14.2-stroke-cerebro,false,true,AG;NS;TR,AG;NS;OD;TR,1:stroke|hypertension|atrial fibrillation|type 2 diabetes|cholesterol|blood pressure|dyslipidemia|LDL|diabetes|cardiology|cardiovascular|hyperlipidemia|myocardial infarction|statin; 3:electronic health record|ICD|EHR; 6:deprivation|disparity|access to care|minorities|equity|socioeconomic|underrepresented|disparities|Black participants|income|neighborhood|race and ethnicity|Hispanic; 14:stroke|neurological; 17:informed consent|recruitment
361,38622899,2024,Illuminating the landscape of high-level clinical trial opportunities in the All of Us Research Program,Journal of the American Medical Informatics Association : JAMIA,1;2;3;4;5;6;13;17,,false,true,LM;OD;TR,EY;HG;LM;NR;OD;TR,1:hypertension|type 2 diabetes|endocrine|diabetes|hyperlipidemia; 2:PheWAS|phenome-wide|association study; 3:Researcher Workbench|ICD|workbench|EHR|phecode; 4:depression|anxiety|major depressive disorder|pain|anxiety disorder|depressive|tobacco; 5:prostate cancer|cancer; 6:underrepresented groups|sexual and gender minorities|social determinants of health|access to care|minorities|racial and ethnic|underrepresented|rural|income|neighborhood|minority|race and ethnicity|housing; 13:asthma; 17:trust|community engagement|library|ethics|recruitment
362,38622117,2024,An ensemble penalized regression method for multi-ancestry polygenic risk prediction,Nature Communications,1;2;3;4;6;14;17,,false,true,CA;HG;OD,CA;HG;OD;TR,1:HDL|cholesterol|LDL|BMI|lipid|cardiovascular disease|CVD|cardiovascular; 2:PRS|GWAS|multi-ancestry|GWAS summary|genotype|SNP|genome-wide association|genome-wide|ancestry|imputation|association studies|genetic ancestry|loci|polygenic; 3:AUC|risk prediction|supervised learning; 4:depression; 6:African American|Latino|minority|Hispanic; 14:migraine; 17:informed consent|consent process
363,38618708,2024,Characterizing interstitial lung disease in patients with psoriasis: a cross-sectional analysis in the National Institutes of Health's All of Us Research Program,Clinical and Experimental Dermatology,9;12;13,,false,true,,,9:psoriasis; 12:psoriasis; 13:interstitial lung disease
364,38582238,2024,Risk of lymphoma in patients with atopic dermatitis: A case-control study in the All of Us database,Journal of the American Academy of Dermatology,5;12,,false,true,,,5:lymphoma; 12:dermatitis|atopic dermatitis
367,38683037,2024,How rural is All of Us? Comparing characteristics of rural participants in the National Institute of Health's All of Us Research Program to other national data sources,The Journal of Rural Health : Official Journal of the American Rural Health Association and the National Rural Health Care Association,6,,false,true,,,6:underrepresented|rural
368,38674269,2024,Influence of Health Insurance Types on Clinical Cancer Care Accessibility and Quality Using All of Us Database,"Medicina %28Kaunas, Lithuania%29",3;5;6;7;8,,false,true,,,3:OMOP|missing data|EHR; 5:cancer; 6:Medicaid|African American|education level|socioeconomic|disparities|income|minority; 7:Fitbit; 8:COVID-19
374,38591407,2024,Asian and Hispanic/Latino Patients Are High Risk for Melasma Development in a Cross-Sectional Cohort Study Using the All of Us Database,Journal of Cutaneous Medicine and Surgery,6;12,,false,true,,,6:Latino|Hispanic; 12:melasma
375,38661598,2024,Carpal Tunnel Syndrome and Transthyretin Amyloidosis in the All of Us Research Program,Mayo Clinic Proceedings,1;6;14,,false,true,HL;OD,HL;OD;TR,1:hypertension|heart failure|obesity|diabetes|cardiac|statin; 6:race and ethnicity|Hispanic; 14:carpal tunnel
376,38653897,2024,Racial/Ethnic Disparities: Discrimination's Impact on Health-Related Quality of Life-An All of Us Cancer Survivors' Cross-sectional Study,Journal of Racial and Ethnic Health Disparities,3;4;5;6;17,,false,true,,,3:workbench|missing data; 4:pain|mental health; 5:cancer survivors|cancer survivor|cancer; 6:health disparities|equity|uninsured|socioeconomic|disparities|income|marginalized|discrimination|Hispanic|housing; 17:patient-reported|library
377,38674446,2024,Association between MCU Gene Polymorphisms with Obesity: Findings from the All of Us Research Program,Genes,1;2;3;4;6;17,,false,true,OD,OD;TR,1:hypertension|type 2 diabetes|obesity|HDL|cholesterol|blood pressure|LDL|insulin resistance|BMI|diabetes|hypertensive|lipid|vascular disease; 2:SNP|genomic|ancestry|genetic risk|admixture|polygenic; 3:workbench|data quality|SNOMED; 4:smoking|stress; 6:health disparities|African American|minorities|racial and ethnic|disparities; 17:biospecimen|informed consent
378,38696234,2024,Harnessing Consumer Wearable Digital Biomarkers for Individualized Recognition of Postpartum Depression Using the All of Us Research Program Data Set: Cross-Sectional Study,JMIR mHealth and uHealth,1;3;4;6;7;14;15;17,,false,true,HG;MH;OD,HG;MH;OD;TR,1:stroke|diabetes|cardiovascular; 3:Researcher Workbench|electronic health record|workbench|random forest|EHR|machine learning|model performance; 4:depression|loneliness|antidepressant|mental health|depressive; 6:underrepresented|disparities; 7:Fitbit|wearable|physical activity|sedentary|biometric; 14:stroke; 15:maternal health|pregnancy|postpartum|maternal; 17:informed consent|consent process
381,35854430,2022,Prevalence of Primary Liver Cancer is Affected by Place of Birth in Hispanic People Residing in the United States: All of Us Research Program Report,The American Surgeon,5;6,,false,true,,,5:liver cancer|cancer; 6:underrepresented|disparities|Hispanic
382,31259020,2019,A Method for Integrating Healthcare Provider Organization and Research Sponsor Systems and Workflows to Support Large-Scale Studies,AMIA Joint Summits on Translational Science Proceedings. AMIA Joint Summits on Translational Science,,,false,true,OD;TR,OD;TR,
383,35511233,2022,Inclusion of social determinants of health improves sepsis readmission prediction models,Journal of the American Medical Informatics Association : JAMIA,3;6;8,,false,true,GM;HG;LM;OD;TR,GM;HG;LM;OD;TR,3:AUC|predictive modeling|interpretability; 6:social determinants of health; 8:sepsis
384,35428700,2022,Condyloma acuminata in under-represented groups: an All of Us database analysis,Sexually Transmitted Infections,,,false,true,,,
387,38742457,2024,To weight or not to weight? The effect of selection bias in 3 large electronic health record-linked biobanks and recommendations for practice,Journal of the American Medical Informatics Association : JAMIA,2;3;5,,false,true,CA;ES;OD,CA;ES;OD;TR,2:genomics|phenome-wide|association study; 3:electronic health record|ICD|EHR|phecode; 5:colorectal cancer|cancer|colorectal
388,38734883,2024,Impact of pruritus on patient fatigue: a cross-sectional study,The British Journal of Dermatology,,,false,true,,,
389,38744179,2024,"Distinguishing vulnerability and resilience to posttraumatic stress disorder evaluating traumatic experiences, genetic risk and electronic health records",Psychiatry Research,2;4,,false,true,DA;MH;OD;TR;VA,DA;MH;OD;TR,2:PheWAS|phenome-wide|genetic risk|association studies|polygenic; 4:PTSD|stress
390,35641727,2022,Medication Affordability and Self-Advocacy Among Racial/Ethnic Minorities in a Nationwide Cohort,Journal of General Internal Medicine,6,,false,true,EY;OD,DE;EY;OD;TR,6:minorities
391,35481920,2022,Atopic Dermatitis in Underrepresented Groups: An All of Us Database Analysis,"Dermatitis : Contact, Atopic, Occupational, Drug",6;12,,false,true,,,6:underrepresented groups|underrepresented; 12:dermatitis|atopic dermatitis
392,36334310,2022,Association of a Multiancestry Genome-Wide Blood Pressure Polygenic Risk Score With Adverse Cardiovascular Events,Circulation. Genomic and Precision Medicine,1;2,,false,true,AG;DK;HC;HG;HL;OD;TR,AG;CA;DK;HG;HL;MH;OD;TR,1:blood pressure|cardiovascular; 2:PRS|whole-genome sequencing|polygenic risk score|genome-wide association|genome-wide|genetic risk|multiancestry|polygenic
393,36841850,2023,A fast privacy-preserving patient record linkage of time series data,Scientific Reports,3;7,,false,true,,,3:privacy-preserving|clustering|data linkage; 7:Fitbit|wearable
394,37587338,2023,Nuclear genetic control of mtDNA copy number and heteroplasmy in humans,Nature,1;2;3;4;10;11;14;17,,false,true,AG;GM;HG;MH;OD,AG;AI;CA;GM;HD;HG;HL;MH;NS;OD;TR,1:stroke|hypertension|type 2 diabetes|cholesterol|triglyceride|cardiometabolic|diabetes|heart disease|myocardial infarction; 2:Mendelian randomization|whole-genome sequencing|GWAS|multi-ancestry|WGS|polygenic score|fine-mapping|SAIGE|genomics|GWAS summary|genotype|fine mapping|locus|SNP|genomic|genome-wide association|rare variant|genome-wide|ancestry|imputation|association study|common variant|eQTL|association studies|genetic ancestry|genetic association|loci|gnomAD|heritability|polygenic; 3:AoU Researcher Workbench|Researcher Workbench|variant effect predictor|electronic health record|workbench|random forest|RECOVER; 4:depression; 10:pathogenic variant|hereditary|Mendelian|penetrance|rare disease; 11:Alzheimer|dementia; 14:stroke|neuromuscular|neuropathy; 17:advisory board|trust
396,37169741,2023,A machine learning model identifies patients in need of autoimmune disease testing using electronic health records,Nature Communications,1;3;4;5;6;8;9;12;14;17,,false,true,AI;GM;HL;OD,AG;AI;AR;DC;EY;GM;HD;HL;NS;OD,1:coronary|diabetes|CAD|type 1 diabetes; 3:Researcher Workbench|electronic health record|ICD|workbench|random forest|OMOP|ICD-10|F1 score|validation cohort|EHR|artificial intelligence|predictive model|case definition|interpretability|machine learning|SNOMED|feature selection; 4:anxiety|pain|stress; 5:breast cancer|cancer; 6:education level|equity|Hispanic; 8:HIV|antibody|infection|hepatitis; 9:multiple sclerosis|lupus|sarcoidosis|systemic lupus|vasculitis|Sjogren syndrome|myasthenia gravis|ankylosing spondylitis|autoimmune disease|rheumatoid arthritis|ulcerative colitis|polymyositis|Hashimoto|ankylosing|Sjogren|Crohn|giant cell arteritis|dermatomyositis|autoimmune|psoriasis; 12:vitiligo|psoriasis|cutaneous; 14:multiple sclerosis; 17:advisory board|biospecimen|informed consent|toolkit
397,38634417,2024,DPYD genotyping panels: Impact of population diversity,Clinical and Translational Science,2;6,,false,true,,,2:SNP|ancestry|haplotype|gnomAD; 6:African American|Latino
398,36741312,2023,Promoting patient engagement in cancer genomics research programs: An environmental scan,Frontiers in Genetics,2;5;17,,false,true,CA,CA,2:genomics|genomic; 5:hereditary cancer|oncology|cancer; 17:research participation|participant engagement|patient portal|trust|outreach|recruitment
399,32065041,2020,"Perceived Risks, Benefits, and Interest in Participating in Environmental Health Studies That Share Personal Exposure Data: A U.S. Survey of Prospective Participants",Journal of Empirical Research on Human Research Ethics : JERHRE,5,,false,true,ES,ES,5:breast cancer|cancer
400,38787422,2024,Acne diagnosis patterns in underrepresented groups: an all of us database analysis,Archives of Dermatological Research,6;12,,false,true,,,6:underrepresented groups|underrepresented; 12:acne
401,38783524,2024,The Association Between Atopic Dermatitis and Allergic Contact Dermatitis: A Cross-Sectional Analysis Using the All of Us Research Program,"Dermatitis : Contact, Atopic, Occupational, Drug",12,,false,true,,,12:dermatitis|contact dermatitis|atopic dermatitis
402,38775975,2024,Association of alopecia areata and ischemic heart disease and cerebrovascular in U.S. adults: an all of us database study,Archives of Dermatological Research,1;12;14,,false,true,,,1:heart disease|ischemic heart; 12:alopecia areata|alopecia; 14:cerebrovascular
404,38807286,2024,Prevalence of lichen planopilaris and frontal fibrosing alopecia in the United States: an All of Us database analysis,International Journal of Dermatology,12,,false,true,,,12:frontal fibrosing alopecia|lichen planopilaris|alopecia
405,38797745,2024,Association of pruritus and chronic cough: an all of us database study,The Journal of Dermatological Treatment,,,false,true,,,
411,38901799,2024,Long-Term Systemic Use of Calcium Channel Blockers and Incidence of Primary Open-Angle Glaucoma,Ophthalmology. Glaucoma,1;18,,false,true,,,1:hypertension|diabetes|hyperlipidemia; 18:glaucoma
412,38775812,2024,Barriers to care and health-related quality of life among US adults with several common chronic inflammatory skin diseases: a cross-sectional analysis of the NIH All of Us Research Program,Archives of Dermatological Research,6,,false,true,AR;OD,AR;OD;TR,6:social determinants of health
413,38776916,2024,The common p.Ile291Val variant of ERLIN1 enhances TM6SF2 function and is associated with protection against MASLD,"Med %28New York, N.Y.%29",1,,false,true,,,1:MASLD|cholesterol
414,38796663,2024,Association between psoriasis and obsessive-compulsive disorder: a case-control study in the All of Us research program,Archives of Dermatological Research,4;9;12,,false,true,VA,,4:obsessive-compulsive; 9:psoriasis; 12:psoriasis
415,38795192,2024,Rosacea and autoimmune disease: a case-control study in the all of us database,Archives of Dermatological Research,9;12,,false,true,,,9:autoimmune disease|autoimmune; 12:rosacea
419,38878108,2024,Epidemiology of seborrheic dermatitis among adults in the United States: a cross-sectional analysis,Archives of Dermatological Research,12,,false,true,,,12:dermatitis|seborrheic dermatitis
420,38854242,2024,Cardiovascular Implications of Epilepsy: Unraveling the Elevated Risk of Mortality,Cureus,1;3;14;15,,false,true,,,1:blood pressure|ventricular|cardiovascular|cardiac; 3:Researcher Workbench|cohort builder|electronic health record|workbench|EHR|SNOMED; 14:epilepsy|encephalopathy|neurological|seizure; 15:pregnancy|menstrual
421,38515211,2024,"Diversity of CFTR variants across ancestries characterized using 454,727 UK biobank whole exome sequences",Genome Medicine,2;3;5;8;10,,false,true,,,2:WGS|genotype|locus|SNP|genomic|whole genome sequencing|ancestry|exome; 3:variant effect predictor|ICD|ICD-10; 5:melanoma; 8:tuberculosis; 10:cystic fibrosis|CFTR
422,39078117,2024,Genomic Analysis Identifies Risk Factors in Restless Legs Syndrome,Annals of Neurology,2;4,,false,true,AG;NS;OD,AG;NS;OD;TR,2:whole-genome sequencing|locus|transcriptome-wide|genomic|genome-wide association|genome-wide|genetic risk|association study|common variant|loci; 4:depression
423,38937606,2024,A common flanking variant is associated with enhanced stability of the FGF14-SCA27B repeat locus,Nature Genetics,2,,false,true,CA;DA;HG;NS;OD;TR,CA;DA;HG;NS;OD;TR,2:locus|long-read
425,38795861,2024,Characterizing genetic profiles for high triglyceride levels in U.S. patients of African ancestry,Journal of Lipid Research,1;2;3;5;6;10,,false,true,GM;HL;OD,GM;HL;OD;TR,1:type 2 diabetes|triglyceride|BMI|diabetes|lipid|cardiovascular disease|cardiovascular|hyperlipidemia; 2:PRS|whole-genome sequencing|polygenic risk score|GWAS|WGS|locus|genomic|rare variant|ancestry|ClinVar|genetic risk|multiancestry|exome|exome sequencing|polygenic; 3:AoU Researcher Workbench|Researcher Workbench|workbench|EHR; 5:cancer|metastatic; 6:minorities|racial and ethnic|underrepresented|Hispanic; 10:monogenic
426,38886587,2024,Calibrated prediction intervals for polygenic scores across diverse contexts,Nature Genetics,2;6,,false,true,GM;HG;MH;OD,GM;HG;MH;OD;TR,2:genomic|ancestry|genetic ancestry|polygenic; 6:socioeconomic|income
427,38894629,2024,On the utility of using the All of Us Research Program as a resource to study military service members and veterans,Journal of the American Medical Informatics Association : JAMIA,3;4,,false,true,OD,OD;TR,3:Researcher Workbench|workbench; 4:PTSD|post-traumatic stress|stress
428,38934896,2024,Estimating substance use disparities across intersectional social positions using machine learning: An application of group-lasso interaction network,Psychology of Addictive Behaviors : Journal of the Society of Psychologists in Addictive Behaviors,3;4;6,,false,true,AA;OD,AA;OD;TR,3:machine learning; 4:substance use|cannabis; 6:health disparities|underrepresented|disparities|sexual minority|minority
429,38920308,2024,Association of Daily Step Count and Postoperative Complication among All of Us Research Participants,Journal of the American College of Surgeons,3;7,,false,true,,,3:AoU Researcher Workbench|Researcher Workbench|workbench|EHR; 7:step count|Fitbit|wearable|physical activity|wearable device|steps per day
430,38917428,2024,Using patient portals for large-scale recruitment of individuals underrepresented in biomedical research: an evaluation of engagement patterns throughout the patient portal recruitment process at a single site within the All of Us Research Program,Journal of the American Medical Informatics Association : JAMIA,3;6;17,,false,true,,,3:electronic health record|EHR; 6:UBR|racial and ethnic|socioeconomic|underrepresented|race and ethnicity; 17:patient portal recruitment|patient portal|outreach|recruitment
431,38917426,2024,All of whom? Limitations encountered using All of Us Researcher Workbench in a Primary Care residents secondary data analysis research training block,Journal of the American Medical Informatics Association : JAMIA,3;17,,false,true,,,3:Researcher Workbench|workbench; 17:research training
437,36775104,2023,Association between psoriasis and celiac disease: A cross-sectional study in the All of Us Research Program,Journal of the American Academy of Dermatology,1;3;9;12,,false,true,OD,OD;TR,1:BMI|fatty liver|diabetes|type 1 diabetes; 3:electronic health record|EHR|SNOMED; 9:lupus|systemic lupus|inflammatory bowel disease|autoimmune disease|rheumatoid arthritis|celiac|autoimmune comorbidities|autoimmune|psoriasis; 12:alopecia areata|vitiligo|alopecia|psoriasis
438,36751318,2022,Tinea versicolour in underrepresented groups: An All of Us database analysis,Skin Health and Disease,6;12;15,,false,true,,,6:underrepresented groups|health disparities|uninsured|underrepresented|disparities|Black patients|income|Hispanic; 12:dermatologic; 15:pregnancy
439,34872990,2021,Pharmacogenomic testing and prescribing patterns for patients with cancer in a large national precision medicine cohort,Journal of Medical Genetics,5;16,,false,true,OD,OD;TR,5:cancer; 16:pharmacogenomic
441,27376949,2016,Consent Issues in Genetic Research: Views of Research Participants,Public Health Genomics,17,,false,true,CA;TR,CA;OD;TR,17:consent issues in genetic research
442,37183953,2023,"Disparities in health-related quality of life among lesbian, gay, and bisexual cancer survivors",Journal of Psychosocial Oncology,5;6,,false,true,,,5:cancer survivors|cancer; 6:gay|lesbian|African American|bisexual|disparities|income
443,37315799,2023,Association of atopic dermatitis with Graves' disease and Hashimoto's thyroiditis: A case-control study in the All of Us research program,Journal of the American Academy of Dermatology,9;12,,false,true,,,9:Hashimoto; 12:dermatitis|atopic dermatitis
450,37407606,2023,A comprehensive analysis of lung cancer highlighting epidemiological factors and psychiatric comorbidities from the All of Us Research Program,Scientific Reports,2;3;4;5;6;7;13,,false,true,CA;OD,CA;OD;TR,2:genomics|polygenic; 3:Researcher Workbench|EHR data quality|data integration|cohort builder|electronic health record|workbench|EHR|data quality; 4:depression|anxiety|bipolar disorder|substance use disorder|schizophrenia|vaping|anxious|nicotine|substance use|psychosocial|psychiatric|mental health|cannabis|smoking|bipolar|depressive|tobacco|e-cigarette; 5:lung cancer|cancer|uterine cancer|metastasis|colorectal|cancer screening; 6:American Indian|access to care|African American|equity|underrepresented|Hispanic; 7:Fitbit|physical activity; 13:insomnia|pulmonary
451,37466934,2023,"Incidence and Prevalence of Diagnosed Vitiligo According to Race and Ethnicity, Age, and Sex in the US",JAMA Dermatology,6;12,,false,true,,,6:Latino|racial and ethnic|Black patients|race and ethnicity|Asian American|Hispanic; 12:vitiligo
455,37488318,2023,Association between uveitis and Lichen planus in the all of us research program,Archives of Dermatological Research,12;18,,false,true,,,12:lichen planus; 18:uveitis
456,37485864,2023,Frailty Among Sexual and Gender Minority Older Adults: The All of Us Database,"The Journals of Gerontology. Series A, Biological Sciences and Medical Sciences",6;11,,false,true,OD,OD;TR,6:gender minority|disparities|minority; 11:frailty index|frailty|older adults
457,37514109,2023,"Race, Ethnicity, and Pharmacogenomic Variation in the United States and the United Kingdom",Pharmaceutics,2;3;5;6;16;17,,false,true,MD,MD,2:genotype|genomic|genome-wide|ancestry; 3:Researcher Workbench|workbench|machine learning|supervised learning; 5:leukemia|lung cancer|cancer; 6:health disparities|social determinants of health|African American|Latino|racial and ethnic|disparities|minority|race and ethnicity|Hispanic; 16:pharmacogenomic|drug response|warfarin; 17:informed consent|ethics|recruitment
459,37642640,2023,Examining health care access disparities in Hispanic populations with peripheral artery disease and diabetes,"Vascular Medicine %28London, England%29",1;6,,false,true,DK,DK,1:diabetes|cardiovascular; 6:disparities|income|Hispanic
460,37671531,2023,Social and Health Care Utilization Factors Associated With Ophthalmic Visit Nonadherence in Glaucoma: An All of Us Study,Journal of Glaucoma,18,,false,true,EY;LM;MD;OD;TR,DE;ES;EY;LM;MD;OD;TR,18:glaucoma
461,37771713,2023,Availability of Physical Activity Tracking Data from Wearable Devices for Glaucoma Patients,Information %28Basel%29,7;18,,false,true,EY;MD;OD,DE;EY;MD;OD;TR,7:wearable|physical activity; 18:glaucoma
467,37215923,2023,Epidemiology and factors associated with cannabis use among patients with glaucoma in the All of Us Research Program,Heliyon,3;4;6;17;18,,false,true,,,3:re-identification|Researcher Workbench|workbench|EHR|notebook|feature selection; 4:nicotine|marijuana|substance use|cannabis|smoking|tobacco; 6:African American|education level|Latino|socioeconomic|income|Hispanic|housing; 17:outreach|biospecimen|informed consent; 18:glaucoma
468,37181330,2023,Cloud-based biomedical data storage and analysis for genomic research: Landscape analysis of data governance in emerging NIH-supported platforms,HGG Advances,2;3;17,,false,true,HG,HG,2:genomic; 3:data harmonization|harmonization; 17:data governance|data sharing|stakeholder
470,36223287,2022,Healthcare Access and Utilization Among Glaucoma Patients in a Nationwide Cohort,Journal of Glaucoma,18,,false,true,EY;MD;OD,DE;EY;MD;OD;TR,18:glaucoma
471,29733733,2018,Characteristics Of Likely Precision Medicine Initiative Participants Drawn From A Large Blood Donor Population,Health Affairs %28Project Hope%29,17,,false,true,OD;TR,OD;TR,17:research participation|recruitment
474,38008413,2023,Association between atopic dermatitis and hypertension and hyperlipidemia: A cross-sectional study in the All of Us Research Program,Journal of the American Academy of Dermatology,1;12,,false,true,OD,OD;TR,1:hypertension|hyperlipidemia; 12:dermatitis|atopic dermatitis
475,37422735,2023,Subtypes of Type 2 Diabetes and Incident Cardiovascular Disease Risk: UK Biobank and All of Us Cohorts,Mayo Clinic Proceedings,1,,false,true,OD,OD;TR,1:type 2 diabetes|T2D|obesity|glomerular|glycemic|diabetes|renal|cardiovascular disease|CVD|cardiovascular
478,37150941,2023,Drug-Induced Liver Injury with Commonly Used Antibiotics in the All of Us Research Program,Clinical Pharmacology and Therapeutics,3;16,,false,true,HG;OD,HG;OD;TR,3:phenotyping algorithm|electronic health record|ICD|EHR; 16:drug-induced liver injury|drug-induced
479,38008412,2023,Obstructive sleep apnea among patients with psoriasis: A case-control study in the All of Us Research Program,Journal of the American Academy of Dermatology,9;12;13,,false,true,OD,OD;TR,9:psoriasis; 12:psoriasis; 13:obstructive sleep apnea|sleep apnea
480,37024052,2023,Rosacea diagnosis and prescription patterns in underrepresented groups: An All of Us database analysis,Journal of the American Academy of Dermatology,6;12,,false,true,OD,OD;TR,6:underrepresented groups|underrepresented; 12:rosacea
482,37144784,2023,The association of cutaneous squamous cell carcinoma and basal cell carcinoma with solid organ transplantation: a cross-sectional study of the All Of Us Research Program,International Journal of Dermatology,5;12,,false,true,OD,OD,5:carcinoma; 12:basal cell carcinoma|squamous cell carcinoma|cutaneous
483,37301967,2023,Using machine learning to develop a clinical prediction model for SSRI-associated bleeding: a feasibility study,BMC Medical Informatics and Decision Making,3;4;6;16,,false,true,,,3:electronic health record|ICD|AUC|clustering|random forest|OMOP|ICD-10|missing data|F1 score|EHR|deep learning|XGBoost|machine learning|SNOMED|notebook|feature selection|model performance; 4:psychosocial|SSRI|psychotherapy; 6:health literacy|education level|low-income|socioeconomic|income|minority; 16:warfarin|pharmacokinetic
488,37268629,2023,Evaluating the use of blood pressure polygenic risk scores across race/ethnic background groups,Nature Communications,1;2;3;4;6;14;17,,false,true,HL;OD,HL;OD;TR,1:stroke|hypertension|heart failure|atrial fibrillation|type 2 diabetes|obesity|coronary|blood pressure|renal disease|BMI|diabetes|renal|heart disease|kidney disease|cardiovascular disease|CVD|cardiovascular; 2:Mendelian randomization|PRS|GWAS|multi-ancestry|WGS|GWAS summary|SNP|genomic|genome-wide association|whole genome sequencing|genome-wide|ancestry|imputation|genetic risk|admixture|association studies|genetic ancestry|polygenic|local ancestry; 3:Researcher Workbench|workbench; 4:smoking|stress; 6:structural racism|racism|African American|Latino|equity|Black participants|Asian American|discrimination|Hispanic; 14:stroke; 17:ethics|recruitment
492,37422017,2023,Prevalence and comorbidity burden of prurigo nodularis in United States adults enrolled in the All of Us research program,Journal of the American Academy of Dermatology,12,,false,true,,,12:prurigo nodularis
493,37418391,2023,Learning important common data elements from shared study data: The All of Us program analysis,PloS One,3;4;5;8;9;17,,false,true,OD,OD;TR,3:Researcher Workbench|workbench|OMOP|FHIR|EHR|SNOMED; 4:mental health|smoking; 5:cancer|esophageal cancer; 8:COVID-19; 9:ulcerative colitis; 17:patient-reported|library
494,,2023,Cutaneous Fungal Infections Associated with Pediatric-Onset Diabetes: A Case-Control Study in the All of Us Research Program,,1;12,,false,true,,,1:type 2 diabetes|T2D|diabetic|glycemic|diabetes|type 1 diabetes; 12:dermatologic|onychomycosis|dermatology|cutaneous
495,37504701,2023,Risk Factors and Treatment Trends for Onychomycosis: A Case-Control Study of Onychomycosis Patients in the All of Us Research Program,"Journal of Fungi %28Basel, Switzerland%29",1;3;4;6;8;12,,false,true,,,1:obesity|BMI|diabetes|cardiovascular|vascular disease; 3:ICD|ICD-10|SNOMED; 4:pain|psychosocial|psychological; 6:underrepresented groups|underrepresented|Hispanic; 8:HIV|infection; 12:hyperhidrosis|onychomycosis
497,37614566,2023,Computational phenotyping with the All of Us Research Program: identifying underrepresented people with HIV or at risk of HIV,JAMIA Open,3;6;8,,false,true,,,3:phenotyping algorithm|electronic health record|ICD|OMOP|ICD-10|computable phenotype|EHR|SNOMED; 6:underrepresented groups|health disparities|social determinants of health|gay|African American|education level|Latino|equity|racial and ethnic|underrepresented|disparities|income|neighborhood|race and ethnicity|Hispanic; 8:HIV|infection|viral load
498,37798822,2023,Genetic Inhibition of APOL1 Pore-Forming Function Prevents APOL1-Mediated Kidney Disease,Journal of the American Society of Nephrology : JASN,1;2;6;8;10;15,,false,true,DK;TR;VA,DK;OD;TR,1:hypertension|preeclampsia|proteinuria|diabetic|CKD|albuminuria|nephropathy|diabetic kidney|AKI|diabetes|renal|kidney disease|eGFR|creatinine; 2:genotype|genomic|genetic variant|ancestry|haplotype|genetic ancestry|loci; 6:socioeconomic|Black participants|Hispanic; 8:infection|sepsis; 10:monogenic|Mendelian; 15:preeclampsia
500,37788923,2023,Using All of Us data to examine the mental health change during COVID-19 pandemic among people living with HIV: A longitudinal study protocol,BMJ Open,1;3;4;6;8,,false,true,MH,MH;OD,1:hypertension|heart failure|renal disease|diabetes|renal|myocardial infarction; 3:Researcher Workbench|electronic health record|ICD|workbench|OMOP|ICD-10|missing data|EHR|N3C; 4:depression|anxiety|loneliness|schizophrenia|well-being|substance use|psychiatric|mental health|smoking|coping|anxiety disorder|psychological|stress; 6:sexual and gender minorities|health disparities|social determinants of health|gay|transgender|gender minority|health literacy|lesbian|minorities|SDOH|low-income|bisexual|socioeconomic|disparities|income|minority|discrimination|housing; 8:HIV|COVID-19|infection|vaccine
502,37847601,2023,Association of autoimmune hepatitis with melanoma and nonmelanoma skin cancer: a case-control study using the All of Us Research Program,Clinical and Experimental Dermatology,5;8;9;12,,false,true,,,5:melanoma|carcinoma|skin cancer|malignancy|cancer; 8:hepatitis; 9:autoimmune; 12:skin cancer|basal cell carcinoma|squamous cell carcinoma|cutaneous
503,37814053,2023,Age-dependent topic modeling of comorbidities in UK Biobank identifies disease subtypes with differential genetic risk,Nature Genetics,2,,false,true,HG;MH;OD,HG;MH;OD;TR,2:PRS|locus|genome-wide|genetic risk|polygenic
504,37806529,2023,Prevalence of palmoplantar pustulosis in the United States using the All of Us Research database,Journal of the American Academy of Dermatology,12,,false,true,,,12:palmoplantar pustulosis
505,37699866,2023,Pyoderma gangrenosum in underrepresented patient populations: An All of Us database analysis,International Wound Journal,1;3;4;6;12;13,,false,true,OD,OD;TR,1:hypertension|atrial fibrillation|heart disease|cardiovascular disease|cardiovascular; 3:electronic health record|EHR|SNOMED; 4:depression|anxiety; 6:underrepresented|Latinx|income|Hispanic; 12:pyoderma gangrenosum; 13:insomnia
506,37863200,2023,Associations between ichthyosis and mood disorders: A case-control study in the All of Us Research Program,Journal of the American Academy of Dermatology,12,,false,true,OD,OD;TR,12:ichthyosis
509,39442069,2024,Life's Essential 8 and Poor Brain Health Outcomes in Middle-Aged Adults,Neurology,1;4;7;11;14,,false,true,,,1:stroke|cholesterol|blood pressure|cardiovascular; 4:depression|smoking; 7:physical activity|sleep duration; 11:dementia; 14:stroke
510,39441983,2024,Equitable community-based participatory research engagement with communities of color drives All of Us Wisconsin genomic research priorities,Journal of the American Medical Informatics Association : JAMIA,2;6;17,,false,true,OD,OD,2:genomic; 6:UBR|underrepresented; 17:research engagement|CBPR|community engagement|community-based participatory|dialogue
511,39472690,2024,U.S. weight trends: a longitudinal analysis of an NIH-partnered dataset,International Journal of Obesity %282005%29,1;13,,false,true,DA;DK,DA;DK,1:type 2 diabetes|obesity|BMI|diabetes; 13:obstructive sleep apnea|sleep apnea
523,39540435,2024,Hyponatremia Associated with the Use of Common Antidepressants in the All of Us Research Program,Clinical Pharmacology and Therapeutics,1;2;3;4;6;7,,false,true,HG;OD,OD;TR,1:heart failure|type 2 diabetes|obesity|diabetic|renal disease|dialysis|diabetes|renal|vascular disease; 2:PheWAS|association study; 3:Researcher Workbench|workbench|EHR; 4:major depressive disorder|antidepressant|pain|SNRI|chronic pain|SSRI|psychiatric|depressive; 6:African American|Latino|underrepresented|Hispanic; 7:wearable
524,39520444,2024,Cardiovascular Risk Factors and Genetic Risk in Transthyretin V142I Carriers,JACC. Heart Failure,1;2;14,,false,true,HL,HL,1:stroke|hypertension|heart failure|obesity|diabetes|cardiovascular; 2:genotype|genetic risk; 14:stroke
525,39519425,2024,Community-Engaged Approaches for Improving the Inclusion of Diverse Communities in a Nutrition Clinical Trial,Nutrients,1;6;8;17,,false,true,HD;TR,OD;TR,1:hypertension|obesity|cardiometabolic|diabetes|cardiovascular; 6:underrepresented groups|Native American|racism|African American|Latino|equity|low-income|racial and ethnic|socioeconomic|underrepresented|disparities|structural barriers|income|poverty|minority|Hispanic; 8:HIV; 17:advisory board|community advisory|trust|outreach|community engagement|informed consent|consent process|recruitment
529,39445291,2024,FBXW7 as a Factor of the African American and White Breast Cancer Racial Disparity,Cureus,2;5;6,,false,true,,,2:SNP|genomic|whole genome sequencing|ancestry|single nucleotide polymorphism; 5:breast cancer|cancer|metastasis|tumor microenvironment|tumor|tumor suppressor; 6:racial disparity|disparity|African American|minorities|socioeconomic|disparities
530,39401251,2024,Health disparities in the risk of severe acidosis: real-world evidence from the All of Us cohort,Journal of the American Medical Informatics Association : JAMIA,1;2;3;6,,false,true,CA;GM;LM;OD,AG;CA;GM;LM;OD;TR,1:glomerular|diabetes|renal|eGFR|cardiovascular; 2:WGS|genomics|genotype|genomic|genome-wide association|whole genome sequencing|genome-wide|association studies|polygenic; 3:ICD|workbench|OMOP|ICD-10|EHR; 6:health disparities|social determinants of health|Medicaid|African American|equity|low-income|socioeconomic|underrepresented|disparities|income|minority|Hispanic|housing
531,,2024,Examining the longitudinal effect of depressive symptoms on physical activity in persons with type 2 diabetes during the COVID-19 pandemic,,1;4;7;8,,false,true,,,1:type 2 diabetes|T2D|diabetes; 4:depressive; 7:physical activity; 8:COVID-19
532,37456268,2023,Building research capacity at FQHCs: A model of support from the All of Us Research Program,Journal of Clinical and Translational Science,3;6;17,,false,true,,,3:Researcher Workbench|workbench|OMOP|EHR|data quality; 6:Medicaid|minorities|UBR|racial and ethnic|underrepresented|income|minority; 17:FQHC|research participation|recruitment
533,39523203,2024,Disparities in cervical cancer screening rates and electronic health record completeness among All of Us Research Program participants,American Journal of Epidemiology,3;5;6,,false,true,,,3:electronic health record; 5:cervical cancer|cancer|cancer screening; 6:disparities
534,39558002,2024,Integrating genome-wide information and wearable device data to explore the link of anxiety and antidepressants with pulse rate variability,Molecular Psychiatry,2;3;4;7,,false,true,AG;DA;MH,AG;DA;MH,2:Mendelian randomization|PRS|whole-genome sequencing|genome-wide association|genome-wide|association studies|polygenic; 3:electronic health record|EHR; 4:anxiety|antidepressant; 7:Fitbit|wearable|wearable device
535,39549270,2024,Evaluating Performance and Agreement of Coronary Heart Disease Polygenic Risk Scores,Jama,1;2,,false,true,DK;HL;OD;TR;VA,DK;HL;OD;TR,1:coronary|heart disease; 2:polygenic
536,39547326,2024,Nonsteroidal immune-modulating therapies and reduced risk of adverse cardiovascular events in dermatomyositis and polymyositis: A cohort study in the All of Us research program,Journal of the American Academy of Dermatology,1;9,,false,true,,,1:cardiovascular; 9:polymyositis|dermatomyositis
537,39585167,2024,Discovering Severe Adverse Reactions From Pharmacokinetic Drug-Drug Interactions Through Literature Analysis and Electronic Health Record Verification,Clinical Pharmacology and Therapeutics,1;3;4;16,,false,true,LM,LM,1:atrial fibrillation|acute kidney injury|arrhythmia; 3:electronic health record|natural language processing|EHR|NLP; 4:depression; 16:pharmacokinetic
538,39607789,2024,Functional analysis of G6PD variants associated with low G6PD activity in the All of Us Research Program,Genetics,2;3;10;16,,false,true,GM;OD,GM;OD;TR,2:GWAS|WGS|long-read sequencing|genomics|genotype|locus|ancestry|ClinVar|association study|haplotype|association studies|gnomAD|long-read|exome|exome sequencing; 3:electronic health record|ICD; 10:ACMG|VUS|G6PD; 16:pharmacogenetic|pharmacogenomic|drug-induced
539,39411236,2024,Demographics and lifestyle factors of patients with hidradenitis suppurativa: An All of Us database analysis,JAAD International,3;6;12,,false,true,,,3:electronic health record|SNOMED; 6:uninsured|socioeconomic; 12:skin disease|hidradenitis suppurativa
540,39617681,2024,Exploring prostate-specific antigen (PSA) Testing rates and screening disparities in the all of us dataset,Urologic Oncology,5;6,,false,true,CA,CA;OD,5:prostate cancer|PSA|cancer; 6:minorities|disparities|income|Hispanic
541,39577476,2024,"A collaborative effort between dermatologists, obstetrician-gynecologists, urologists, and family medicine physicians to rethink routine genitourinary examinations: The overlooked importance of screening for genital squamous cell carcinoma in situ",Clinics in Dermatology,5;12,,false,true,,,5:carcinoma; 12:squamous cell carcinoma
545,39482947,2024,Disparities in Treatment for Alcohol Use Disorder Among All of Us Participants,The American Journal of Psychiatry,4;6,,false,true,AA,AA,4:alcohol use disorder|AUD|psychotherapy; 6:area deprivation index|Medicaid|deprivation|socioeconomic|disparities|income|Hispanic|ADI
549,39441603,2024,Utility of a Systolic Blood Pressure Polygenic Risk Score With Chlorthalidone Response,JAMA Cardiology,1;2;16,,false,true,HL;NS,AG;HL;NS,1:hypertension|blood pressure|lipid; 2:PRS|polygenic risk score|genetic risk|association study|genetic association|polygenic; 16:pharmacogenomic
550,38284183,2024,"An analysis of demographics, lifestyle factors and comorbidities of pemphigus in underrepresented groups: A cross-sectional study of the All of Us database",Experimental Dermatology,6;12,,false,true,,,6:underrepresented groups|underrepresented; 12:pemphigus
552,40176990,2024,Nail Clubbing: A Dermatologic Window into Underlying Systemic Disease - an All of Us Study,Skin Appendage Disorders,1;3;6;8;9;12;13,,false,true,,,1:hypertension|endocrine|heart disease|cardiovascular; 3:electronic health record|ICD|ICD-10|EHR|SNOMED; 6:underrepresented|Hispanic; 8:HIV|infection; 9:inflammatory bowel disease; 12:ichthyosis|dermatologic|alopecia; 13:pulmonary hypertension|pulmonary|chronic obstructive
553,39326396,2024,Rosacea and Gastrointestinal Diseases: A Case-Control Study in the All of Us Database,"Dermatology %28Basel, Switzerland%29",9;12,,false,true,,,9:Crohn's disease|ulcerative colitis|celiac|Crohn; 12:rosacea
558,39652924,2024,Increased Serum Vitamin D and Decreased Serum Cholesterol Are Associated with Development of Squamous Cell Carcinoma in Actinic Keratosis Patients: A Retrospective Machine-Learning Analysis of the All of Us Database,Dermatology Practical & Conceptual,1;3;5;12,,false,true,,,1:cholesterol; 3:AUC|SNOMED; 5:carcinoma|metastasis|tumor; 12:squamous cell carcinoma|skin lesion|cutaneous|actinic keratosis
559,38399414,2024,Glucagon-like Peptide-1 Receptor Agonists Associated Gastrointestinal Adverse Events: A Cross-Sectional Analysis of the National Institutes of Health All of Us Cohort,"Pharmaceuticals %28Basel, Switzerland%29",1;3;15,,false,true,,,1:T2DM|GLP-1|type 2 diabetes|obesity|glycemic|CKD|diabetes|type 1 diabetes; 3:Researcher Workbench|workbench|missing data; 15:gestational|gestational diabetes
560,39503954,2024,"Gender, race, and economic factors influencing screening practices in hidradenitis suppurativa: a cross-sectional analysis",Archives of Dermatological Research,3;6;12,,false,true,,,3:ICD|ICD-10; 6:social determinants of health|SDOH|disparities|income|marginalized; 12:skin condition|hidradenitis suppurativa
561,39392397,2024,"A case-control study of bacterial, fungal, and viral skin infections in 9,143 adults with hyperhidrosis",International Journal of Dermatology,12,,false,true,OD,OD;TR,12:hyperhidrosis
562,39545358,2024,Research for all: building a diverse researcher community for the All of Us Research Program,Journal of the American Medical Informatics Association : JAMIA,3;6,,false,true,OD,OD;TR,3:Researcher Workbench|workbench; 6:equity|underrepresented|minority
563,39536018,2024,"Association between fine particulate matter and eczema: A cross-sectional study of the All of Us Research Program and the Center for Air, Climate, and Energy Solutions",PloS One,3;4;6;12;13;17;18;19,,false,true,,,3:re-identification|Researcher Workbench|workbench|EHR; 4:smoking|stress; 6:minorities|underrepresented|rural|income|marginalized; 12:skin disease|eczema|psoriasis; 13:PAH|asthma; 17:informed consent|recruitment; 18:allergic rhinitis|rhinitis; 19:PM2.5|particulate matter|air pollution
564,39511894,2024,Exploring the link between celiac disease and obesity: a potential role of gut microbiome,Intestinal Research,1;3;6;8;9;15;17,,false,true,OD,OD;TR,1:obesity|blood pressure; 3:cohort builder|workbench|EHR|SNOMED; 6:African American|disparities|Hispanic; 8:HLA|immune response; 9:celiac|autoimmune; 15:pregnancy|maternal; 17:informed consent|recruitment
565,39526879,2024,Alcohol and Cannabis Use Associated with Cardiometabolic Biomarkers among 'All of Us' Cancer Survivors,"Cancer Epidemiology, Biomarkers & Prevention : A Publication of the American Association for Cancer Research, Cosponsored by the American Society of Preventive Oncology",1;4;5;6,,false,true,,,1:blood pressure|cardiometabolic|cardiovascular; 4:substance use|cannabis; 5:cancer survivors|cancer; 6:disparities|Hispanic
566,39520911,2024,Genomic insights for personalised care in lung cancer and smoking cessation: motivating at-risk individuals toward evidence-based health practices,EBioMedicine,2;3;4;5;17,,false,true,CA;DA,CA;DA;OD,2:PRS|whole-genome sequencing|polygenic risk score|GWAS|multi-ancestry|genomics|GWAS summary|genotype|SNP|genomic|genome-wide association|genome-wide|ancestry|genetic risk|association study|association studies|genetic ancestry|polygenic; 3:random forest|SNOMED; 4:addiction|psychiatric|cannabis|smoking|tobacco|drug abuse; 5:breast cancer|lung cancer|cancer|cancer screening; 17:data sharing|informed consent|ethics|patient perspectives|recruitment
567,39569403,2024,Comorbidities and determinants of health on heart failure guideline-directed medical therapy adherence: All of us,International Journal of Cardiology. Cardiovascular Risk and Prevention,1;3;6,,false,true,,,1:T2DM|hypertension|heart failure|obesity|ejection fraction|CKD|dyslipidemia|beta-blocker|ventricular|diabetes|eGFR|cardiovascular; 3:ICD|workbench|ICD-10|missing data|claims data|EHR; 6:social determinants of health|education level|minorities|SDOH|Latino|low-income|socioeconomic|underrepresented|disparities|income|marginalized|Hispanic
569,39546165,2024,The genetic landscape of Lynch syndrome in the Israeli population,Familial Cancer,2;5;6;10;15;17,,false,true,,,2:genomic|ancestry|gnomAD|exome; 5:BRCA2|BRCA1|Lynch syndrome|colorectal cancer|hereditary cancer|endometrial cancer|cancer|tumor|colorectal|cancer susceptibility; 6:underrepresented|minority|Hispanic; 10:ACMG|incomplete penetrance|pathogenic variant|hereditary|incidental findings|hereditary cancer panel|VUS|penetrance|founder variant; 15:endometrial cancer; 17:genetic counseling|informed consent
574,39576824,2024,Correlates of six-month housing instability among U.S. adults by veteran status: Exploratory study using data from the All of Us Program,PloS One,3;4;6;8;17,,false,true,,,3:AoU Researcher Workbench|Researcher Workbench|workbench|missing data|EHR|notebook; 4:marijuana|substance use|mental health|smoking|tobacco; 6:health disparities|Latino|homelessness|homeless|socioeconomic|underrepresented|disparities|Black participants|income|race and ethnicity|Hispanic|housing; 8:COVID-19; 17:informed consent|ethics
575,39573984,2024,The association of hidradenitis suppurativa with cigarette smoking and cannabis use: a cross-sectional study in the All of Us Research Program,Clinical and Experimental Dermatology,4;12,,false,true,AI;AR,AI;AR,4:cannabis|smoking; 12:hidradenitis suppurativa
581,39576343,2024,Exploring health and social self-perceptions in U.S. adults with alopecia areata,Archives of Dermatological Research,12,,false,true,,,12:alopecia areata|alopecia
582,39627863,2024,Using multiplexed functional data to reduce variant classification inequities in underrepresented populations,Genome Medicine,2;3;5;6;10;17,,false,true,HG,HG,2:genomics|genomic|whole genome sequencing|ancestry|ClinVar|haplotype|genetic ancestry|gnomAD|exome|exome sequencing; 3:Public Data Browser|Researcher Workbench|workbench|random forest; 5:BRCA2|melanoma|BRCA1|oncology|cancer; 6:disparity|Latino|underrepresented|disparities; 10:ACMG|secondary findings|VUS|rare disease; 17:advisory board|trust|library
584,39712367,2024,Racial and ethnic disparities in the burden of non-obese type 2 diabetes using different anthropometric measurements,Obesity Medicine,1;6,,false,true,,,1:type 2 diabetes|T2D|BMI|diabetes; 6:racial and ethnic|disparities|Black participants
585,39657748,2024,Informatics innovation to provide return of value to participant communities in the All of Us Research Program,Journal of the American Medical Informatics Association : JAMIA,3,,false,true,OD,EY;HG;NR;OD,3:informatics innovation|Researcher Workbench|workbench
586,39658142,2025,Social determinants of health as risk factors for keratoconus in the All of Us database,The British Journal of Ophthalmology,6;18,,false,true,,,6:social determinants of health|education level|income; 18:vision|eye care
587,39658010,2024,Analysis of Physical Activity Using Wearable Health Technology in US Adults Enrolled in the All of Us Research Program: Multiyear Observational Study,Journal of Medical Internet Research,3;4;6;7,,false,true,,,3:Researcher Workbench|workbench|EHR; 4:pain|stress; 6:social determinants of health|disparities|income|Asian American|Hispanic; 7:step count|Fitbit|wearable|physical activity|sedentary|wearable device
588,39657951,2024,PheWAS analysis on large-scale biobank data with PheTK,"Bioinformatics %28Oxford, England%29",2;3,,false,true,HG,OD,2:PheWAS|phenome-wide|association study; 3:Researcher Workbench|PhecodeX|electronic health record|workbench|OMOP|EHR|phecode
589,39661558,2024,The Association of Social Determinants of Health With Reported Daily Pain Scores Among Patients With a History of Chronic Pain Using the 'All of Us' Research Program,Anesthesia and Analgesia,4;6,,false,true,DA;LM,DA;ES;LM,4:pain|chronic pain|stress; 6:social determinants of health|income|housing
590,39660572,2024,The association of Hidradenitis Suppurativa with comorbidities in underrepresented patient populations: An All of Us database analysis,Journal of the European Academy of Dermatology and Venereology : JEADV,6;12,,false,true,,,6:underrepresented; 12:hidradenitis suppurativa
591,39670849,2024,Association Between Alcohol Use and Primary Open Angle Glaucoma,Journal of Glaucoma,18,,false,true,,,18:glaucoma
592,39657738,2024,Fast analysis of biobank-size data and meta-analysis using the BGLR R-package,"G3 %28Bethesda, Md.%29",1;2,,false,true,HG,HG,1:HDL|cholesterol|LDL|BMI|creatinine; 2:GWAS|polygenic score|GWAS summary|genotype|SNP|genomic|genome-wide association|genome-wide|ancestry|admixture|association studies|loci|polygenic
594,39715077,2024,Associations Between Social Determinants of Health and Opioid-Use Disorder Among Chronic Pain Patients From a Multi-Institutional Dataset,Anesthesia and Analgesia,2;3;4;6,,false,true,DA;LM,DA;ES;LM,2:genomic|whole genome sequencing; 3:Researcher Workbench|cohort builder|ICD|workbench; 4:pain|nicotine|opioid|chronic pain|mental health|cannabis|psychological|stress; 6:area deprivation index|social determinants of health|deprivation|health literacy|education level|food insecurity|homelessness|socioeconomic|underrepresented|income|poverty|neighborhood|housing|ADI
595,39697788,2024,"Comparing two large data repositories to understand the differences in demographics, health history, and behavioral attributes in populations",Frontiers in Oral Health,1;3;4;6;17,,false,true,,,1:type 2 diabetes|endocrine|diabetes; 3:Researcher Workbench|data integration|cohort builder|workbench|EHR|data quality|notebook; 4:nicotine|smoking|tobacco|behavioral health; 6:health disparities|health literacy|disparity|American Indian|Latino|racial and ethnic|socioeconomic|disparities|Hispanic; 17:informed consent|ethics|recruitment
596,39693078,2024,Expanding the All of Us Research Platform Into the Perioperative Domain,JAMA Surgery,,,false,true,DK;OD,DK;OD;TR,
597,39670378,2024,Social Determinants of Health and Lifestyle Risk Factors Modulate Genetic Susceptibility for Women's Health Outcomes,Pacific Symposium on Biocomputing. Pacific Symposium on Biocomputing,1;2;3;4;5;6;7;11;15,,false,true,HD,HD,1:preeclampsia|type 2 diabetes|coronary|BMI|diabetes|cardiovascular disease|cardiovascular; 2:PRS|polygenic risk score|WGS|genomic|whole genome sequencing|ancestry|genetic risk|genetic ancestry|loci|multiancestry|polygenic; 3:electronic health record|ICD|risk prediction|predictive modeling|OMOP|ICD-10|missing data|EHR|phecode|model performance; 4:loneliness|smoking|psychological|stress; 5:breast cancer|cervical cancer|ovarian cancer|cancer|uterine cancer; 6:health disparities|social determinants of health|deprivation|disparity|underrepresented|disparities|neighborhood|marginalized; 7:Fitbit|physical activity|sedentary|biometric; 11:Alzheimer; 15:uterine fibroids|endometriosis|preeclampsia|pregnancy|women's health
601,39572784,2024,Genome-wide association study reveals mechanisms underlying dilated cardiomyopathy and myocardial resilience,Nature Genetics,1;2;3;4;10,,false,true,HL;VA,HL,1:hypertension|heart failure|type 2 diabetes|obesity|coronary|blood pressure|ventricular|BMI|arrhythmia|diabetes|CAD|kidney disease|cardiovascular disease|cardiovascular|myocardial infarction|cardiac; 2:Mendelian randomization|PRS|REGENIE|polygenic risk score|GWAS|multi-ancestry|genomics|GWAS summary|genotype|locus|transcriptome-wide|SNP|genomic|genome-wide association|rare variant|whole genome sequencing|genome-wide|ancestry|ClinVar|imputation|association study|expression quantitative|eQTL|association studies|loci|gnomAD|heritability|single nucleotide polymorphism|polygenic; 3:Researcher Workbench|electronic health record|ICD|workbench|harmonization; 4:smoking|stress; 10:monogenic|pathogenic variant|Mendelian|rare disease
605,39630677,2024,Metformin Use and Risk of Non-Melanoma Skin Cancer: A Propensity-Matched Case-Control Study,Journal of Drugs in Dermatology : JDD,5;12;16,,false,true,,,5:melanoma|carcinoma|skin cancer|cancer; 12:skin cancer|basal cell carcinoma|squamous cell carcinoma; 16:metformin
606,39755829,2025,Data from the All of Us research program reinforces existence of activity inequality,NPJ Digital Medicine,1;3;6;7;8;17;19,,false,true,,,1:obesity|BMI; 3:AoU Researcher Workbench|Researcher Workbench|cohort builder|workbench|feature selection; 6:health disparities|social determinants of health|disparity|SDOH|disparities|income|neighborhood; 7:step count|Fitbit|wearable|physical activity|sedentary|wearable device|steps per day|smartwatch; 8:COVID-19; 17:research training|library|ethics; 19:built environment|walkability|heat
608,39742657,2024,Using Machine Learning to Predict Weight Gain in Adults: an Observational Analysis From the All of Us Research Program,The Journal of Surgical Research,3;4;15,,false,true,DK,DK,3:electronic health record|XGBoost|machine learning; 4:alcohol use disorder|mental health; 15:pregnancy
610,39584661,2024,Early COVID-19 Vaccine Initiation and Completion Among Cancer Survivors and Barriers to Vaccine Completion: Implications for Future COVID-19 Vaccination Uptake Rates,Cancer Medicine,3;5;6;8;17,,false,true,OD,OD;TR,3:Researcher Workbench|workbench; 5:cancer survivors|cancer survivor|oncology|malignancy|cancer; 6:racial disparity|Medicaid|deprivation|disparity|education level|minorities|socioeconomic|underrepresented|disparities|income|minority|discrimination|Hispanic|housing; 8:COVID-19|vaccine; 17:trust|informed consent
614,39596129,2024,Genomic and Bioinformatics Analysis of Familial Partial Lipodystrophy Type 3 Identified in a Patient with Novel PPARγ Mutation and Robust Response to Pioglitazone,International Journal of Molecular Sciences,1;2;3;5;9;10;15;17,,false,true,,,1:heart failure|type 2 diabetes|T2D|glycemic|triglyceride|blood pressure|insulin resistance|BMI|diabetes|lipid|cardiovascular; 2:genomics|genomic|gnomAD|exome|exome sequencing; 3:variant effect predictor|deep learning; 5:cancer|bladder cancer; 9:lupus; 10:ACMG; 15:polycystic ovary syndrome|menarche|polycystic ovary; 17:informed consent|library|ethics
621,39701068,2024,The Relationship Between Blepharoptosis and Psychosocial Health in the All of Us Research Program,Ophthalmic Plastic and Reconstructive Surgery,4,,false,true,,,4:depression|anxiety|loneliness|psychosocial|psychological|stress
622,39746513,2024,Biological sex differences in rhinitis prevalence among adults in the United States: An 'All of Us' Research Program database analysis,The Journal of Allergy and Clinical Immunology. In Practice,18,,false,true,AR,AA;AR;OD,18:allergic rhinitis|rhinitis
624,39758847,2024,"Association of Statin, Metformin, and Aspirin Use With Hepatocellular Carcinoma in the All of Us Research Program",Gastro Hep Advances,1;3;5;16,,false,true,,,1:hepatocellular carcinoma|metabolic syndrome|cirrhosis|statin; 3:electronic health record|ICD|ICD-10; 5:carcinoma|hepatocellular carcinoma|hepatocellular|cancer; 16:metformin
625,39788943,2025,Impact of population screening for Lynch syndrome insights from the All of Us data,Nature Communications,2;3;5;6;10;15;17,,false,true,CA;DK;OD,AT;CA;DK;OD;TR,2:whole-genome sequencing|WGS|genotype|genomic|whole genome sequencing|ClinVar; 3:AoU Researcher Workbench|Researcher Workbench|workbench|OMOP|EHR; 5:neoplasm|BRCA2|ovarian cancer|BRCA1|Lynch syndrome|colorectal cancer|endometrial cancer|cancer|hereditary breast|tumor|colorectal|cancer screening; 6:racial and ethnic|underrepresented; 10:familial hypercholesterolemia|hereditary|penetrance; 15:endometrial cancer; 17:informed consent|library|recruitment
626,39788837,2025,"A socioecological model of neighborhood disorder, religious attendance, and sleep efficiency",Sleep Health,6,,false,true,,,6:neighborhood
627,39791526,2025,Epidemiology of discoid lupus erythematosus among adults in the United States: a cross-sectional analysis,International Journal of Dermatology,9;12,,false,true,OD,OD;TR,9:lupus|discoid lupus; 12:discoid lupus erythematosus
628,39786404,2024,Alcohol Use Disorder Polygenic Score Compared With Family History and ADH1B,JAMA Network Open,2;3;4,,false,true,AA,AA;AG;DA;MH,2:GWAS|polygenic score|genome-wide association|genome-wide|ancestry|imputation|genetic risk|association study|association studies|genetic association|heritability|polygenic; 3:ICD|ICD-10; 4:alcohol use disorder|addiction|AUD|substance use
629,39628897,2024,Factors associated with unfavorable outcomes in older patients with traumatic brain injury: analysis from the 'All of Us' research program,Frontiers in Neurology,1;2;3;4;7;8;11;14;17,,false,true,AG;NS,AG;NS,1:hypertension|diabetes|heart disease; 2:genotype|genomic; 3:Researcher Workbench|workbench|OMOP|EHR|machine learning|SNOMED; 4:depression|anxiety|pain|chronic pain|psychiatric; 7:wearable|wearable device; 8:COVID-19; 11:dementia|APOE|aging|older adults; 14:traumatic brain injury|headache|concussion|TBI|neurodegeneration; 17:informed consent|recruitment
630,39627187,2024,"A phenome-wide association study of tandem repeat variation in 168,554 individuals from the UK Biobank",Nature Communications,1;2;3;4;6;17,,false,true,AG;DA;HD;HG;HL;MH;NS;OD;TR,AG;DA;HD;HG;HL;MH;NS;OD;TR,1:hypertension|blood pressure; 2:PheWAS|REGENIE|GWAS|fine-mapping|genotype|fine mapping|locus|genomic|genome-wide association|HiFi|genome-wide|ancestry|imputation|phenome-wide|genetic risk|association study|haplotype|association studies|genetic association|loci|heritability|long-read|tandem repeat; 3:ICD|OMOP; 4:schizophrenia|smoking; 6:Native American|Latino|minority; 17:informed consent|library|ethics
632,38264803,2024,"The State of National Institute of Health Awards for funding genetic counseling research, resources, and training over the past decade",Journal of Genetic Counseling,1;2;5;6;10;11;14;17,,false,true,,,1:stroke|cardiac; 2:genomics|genomic|genetic risk; 5:breast cancer|ovarian cancer|Lynch syndrome|hereditary cancer|cancer; 6:minorities|underrepresented|minority; 10:familial hypercholesterolemia|sickle cell disease|hereditary|sickle cell; 11:Alzheimer|aging|Alzheimer's; 14:stroke|neurological; 17:genetic counseling|research training|informed consent|library|ethics
633,39669589,2024,Tracking updates in clinical databases increases efficiency for variant reanalysis,Genetics in Medicine Open,2;5;10,,false,true,,,2:genomics|genetic variant|ClinVar|gnomAD; 5:BRCA1|cancer|tumor; 10:ACMG|pathogenic variant|VUS
635,39756691,2025,High-Density Lipoproteins Associated with Age-Related Macular Degeneration in the All of Us Research Program,Ophthalmology,1;18,,false,true,EY;HL;LM;OD,DE;ES;EY;HL;LM;OD;TR,1:HDL|LDL|hyperlipidemia|statin; 18:macular degeneration|macular
636,39799398,2025,Intersection of rare pathogenic variants from TCGA in the All of Us Research Program v6,HGG Advances,2;3;5;6;10;17;18,,false,true,CA,CA,2:PheWAS|whole-genome sequencing|GWAS|WGS|genomics|genotype|genomic|rare variant|genome-wide|ancestry|ClinVar|phenome-wide|association study|genetic ancestry|gnomAD|exome; 3:ICD|clustering|workbench|ICD-10|EHR|data quality|phecode|SNOMED; 5:neoplasm|breast cancer|BRCA2|ovarian cancer|BRCA1|colorectal cancer|cancer|tumor|colorectal; 6:African American|minorities|Latino|underrepresented; 10:pathogenic variant|hereditary|MEN1|NF2; 17:library|recruitment; 18:hearing loss
646,39794311,2025,Medical history predicts phenome-wide disease onset and enables the rapid response to emerging health threats,Nature Communications,1;2;3;5;6;8;9;11;12;14;17,,false,true,,,1:SGLT2|hypertension|heart failure|atrial fibrillation|type 2 diabetes|ejection fraction|cholesterol|coronary|LDL|BMI|diabetes|lipid|heart disease|cardiovascular disease|CVD|cardiovascular|cardiac|pulmonary embolism; 2:PheWAS|imputation|phenome-wide|association studies; 3:ICD|risk prediction|OMOP|ICD-10|missing data|gradient boosting|phecode|interpretability|harmonization|SNOMED|model performance|neural network; 5:prostate cancer|breast cancer|cancer; 6:underrepresented groups|sexual and gender minorities|gay|transgender|lesbian|minorities|bisexual|underrepresented|rural|poverty; 8:COVID-19|infection|sepsis; 9:multiple sclerosis|rheumatoid arthritis|psoriasis; 11:dementia|Parkinson|older adults; 12:psoriasis; 14:multiple sclerosis; 17:trust|informed consent|recruitment
648,39745895,2025,"An intersectional analysis of behavioral financial hardship and healthcare utilization among lesbian, gay, bisexual, transgender, queer, plus cancer survivors",Journal of the National Cancer Institute,5;6,,false,true,CA;HS,CA;HS,5:cancer survivors|cancer; 6:LGBTQ|gay|transgender|gender minority|lesbian|bisexual|minority|Hispanic
649,39804394,2025,Quantification of reduced renal function in patients with autoimmune bullous diseases: a matched case-control electronic health record analysis of the all of us database,Archives of Dermatological Research,1;3;9,,false,true,,,1:renal; 3:electronic health record; 9:autoimmune
651,39842729,2025,Genome-Wide and Rare Variant Association Studies of Amblyopia in the All of Us Research Program,Ophthalmology,2,,false,true,EY,EY,2:GWAS|locus|genome-wide association|rare variant|whole genome sequencing|genome-wide|ancestry|association study|expression quantitative|eQTL|association studies|genetic ancestry|loci
652,39842728,2025,Barriers to Health Care Access and Use among Racial and Ethnic Minorities with Noninfectious Uveitis,Ophthalmology,6;18,,false,true,,,6:social determinants of health|minorities|equity|racial and ethnic|disparities|rural|Black participants|income|minority|Hispanic; 18:uveitis
653,39853748,2025,Association of Menopause and Rhinitis Among Adult Women in the United States: Findings from the All of Us Research Program,The Laryngoscope,3;6;13;15;18,,false,true,AR,AA;AR;OD,3:ICD|ICD-10|missing data|SNOMED; 6:socioeconomic|underrepresented|income; 13:asthma; 15:menopause|hormone replacement; 18:allergic rhinitis|otolaryngology|rhinitis|ophthalmology
654,39825822,2025,Characterization of the phenotypic consequences of the Duffy-null genotype,Blood Advances,2;6;15,,false,true,HG,HG,2:PheWAS|PRS|genotype|genomic|genetic variant|ancestry|phenome-wide|association study|polygenic; 6:underrepresented groups|health disparities|gender minority|African American|minorities|racial and ethnic|socioeconomic|underrepresented|disparities|rural|Black patients|minority|race and ethnicity|Hispanic; 15:pregnancy
655,39868617,2025,Hearing Loss and Discrimination: Evidence of Intersectionality in the All of Us Research Program,The Laryngoscope,3;4;6;11;18,,false,true,OD,OD;TR,3:ICD|ICD-10; 4:depression; 6:discrimination; 11:dementia; 18:hearing loss
656,39865752,2025,Prevalence of female hirsutism and PCOS in the United States: A cross-sectional study,Journal Der Deutschen Dermatologischen Gesellschaft = Journal of the German Society of Dermatology : JDDG,6;15,,false,true,,,6:socioeconomic|underrepresented|disparities|income|Hispanic; 15:polycystic ovary syndrome|PCOS|polycystic ovary
657,39883593,2025,Racial/Ethnic Disparities in Perception of Health Literacy and Barriers to Care Among Cervical Stenosis Patients,Global Spine Journal,3;4;6;7;14;17,,false,true,,,3:Researcher Workbench|electronic health record|ICD|workbench|ICD-10|missing data; 4:anxiety|pain|opioid; 6:health literacy|access to care|education level|racial and ethnic|socioeconomic|disparities|Black patients|income|minority|discrimination|Hispanic; 7:Fitbit; 14:spinal cord|myelopathy; 17:informed consent|patient-reported|patient perspectives
658,39874495,2025,Coding Variants of the Genitourinary Development Gene WNT9B Carry High Risk for Prostate Cancer,JCO Precision Oncology,2;5;10,,false,true,CA;OD;VA,CA;MD;OD;RR;TR,2:genome-wide|association study|haplotype; 5:prostate cancer|cancer; 10:hereditary|Mendelian
660,39813673,2025,"Building a Digital Health Research Platform to Enable Recruitment, Enrollment, Data Collection, and Follow-Up for a Highly Diverse Longitudinal US Cohort of 1 Million People in the All of Us Research Program: Design and Implementation Study",Journal of Medical Internet Research,3;6;7;8;17,,false,true,,,3:privacy-preserving|data harmonization|data integration|FHIR|claims data|EHR|data quality|harmonization; 6:social determinants of health|minorities|SDOH|UBR|racial and ethnic|socioeconomic|underrepresented|rural|income|minority|Hispanic; 7:Fitbit|wearable|biometric; 8:COVID-19; 17:research participation|participant engagement|outreach|data governance|community engagement|data sharing|informed consent|recruitment
661,39810438,2025,Associations between social determinants of health and mental health disorders among U.S. population: a cross-sectional study,Epidemiology and Psychiatric Sciences,3;4;6;8,,false,true,,,3:missing data|data quality|SNOMED|notebook; 4:depression|anxiety|major depressive disorder|post-traumatic stress|obsessive-compulsive|mental health|depressive|psychological|stress; 6:social determinants of health|SDOH|food insecurity|income|poverty|Hispanic|housing; 8:COVID-19
662,39969595,2025,The potential impact of ACOG guideline changes on genital melanoma detection rates in females: a retrospective cross-sectional analysis and implications for clinical practice,Archives of Dermatological Research,3;5,,false,true,,,3:ICD|ICD-10; 5:melanoma|cancer
663,39968724,2025,Structural Inequities in Brain Trauma Outcome Prevalences Reported in the All of Us Database,American Journal of Epidemiology,6;14,,false,true,,,6:structural racism|social determinants of health|deprivation|racism|socioeconomic|disparities|Black participants; 14:traumatic brain injury|headache|TBI
667,39808608,2025,Epidemiological trends and healthcare disparities in onychomycosis: An analysis of the All of Us research program,PloS One,1;3;6;8;9;11;12;14,,false,true,,,1:type 2 diabetes|obesity|diabetes|renal; 3:Researcher Workbench|electronic health record|workbench|EHR; 6:underrepresented groups|minorities|underrepresented|disparities|income|minority|Hispanic; 8:HIV|infection; 9:lupus|psoriasis; 11:aging|elderly; 12:onychomycosis|psoriasis; 14:peripheral neuropathy|neuropathy
668,38621331,2024,The sex-dependent impact of adipose tissue and inflammation on chronic pain - A cross-sectional study from the all of us research program,Cytokine,4,,false,true,,,4:pain|chronic pain
669,38606002,2023,Autoimmune comorbidities associated with sarcoidosis: a case-control study in the All of Us research program,Rheumatology Advances in Practice,1;3;8;9;12;14,,false,true,,,1:endocrine|diabetes|type 1 diabetes|cardiovascular; 3:electronic health record|ICD|SNOMED; 8:HLA|immune response; 9:multiple sclerosis|sarcoidosis|vasculitis|autoimmune disease|Crohn|RA|SLE|autoimmune comorbidities|autoimmune|scleroderma|psoriasis; 12:dermatitis|skin disease|alopecia areata|atopic dermatitis|vitiligo|alopecia|psoriasis|cutaneous; 14:multiple sclerosis
670,38536175,2024,Physical Activity and Incident Obesity Across the Spectrum of Genetic Risk for Obesity,JAMA Network Open,1;2;3;6;7;17,,false,true,FD;HL;OD,FD;HL;OD;TR,1:obesity|coronary|blood pressure|cardiometabolic|BMI; 2:PRS|polygenic risk score|GWAS|GWAS summary|genotype|SNP|genomic|ancestry|imputation|genetic risk|association study|genetic ancestry|loci|heritability|polygenic; 3:Researcher Workbench|workbench|EHR; 6:African American|race and ethnicity; 7:step count|Fitbit|wearable|physical activity|steps per day; 17:research training|patient portal|informed consent
671,38669290,2024,Correlation-based tests for the formal comparison of polygenic scores in multiple populations,PLoS Genetics,1;2;3,,false,true,GM;HL,AI;GM;HL;NS,1:cholesterol|LDL; 2:PRS|GWAS|multi-ancestry|polygenic score|genomic|ancestry|genetic risk|association studies|heritability|polygenic; 3:risk prediction|model performance
672,38662231,2024,Investigating the link between rosacea and neurological diseases: an all of us case-control study,Archives of Dermatological Research,12;14,,false,true,,,12:rosacea; 14:neurological
673,38703376,2024,"Autoimmune, cardiovascular/metabolic and psychiatric comorbidities associated with rosacea: a cross-sectional study in the All of Us database",Clinical and Experimental Dermatology,1;4;9;12,,false,true,,,1:cardiovascular; 4:psychiatric; 9:autoimmune; 12:rosacea
674,38715437,2024,The prevalence of major depressive disorder in people with HIV: Results from the All of Us Research Program,HIV Medicine,3;4;6;8,,false,true,OD,OD,3:electronic health record|EHR; 4:major depressive disorder|mental health|depressive|MDD; 6:underrepresented groups|social determinants of health|underrepresented; 8:HIV
675,38587197,2024,Discovery of a polymorphic gene fusion via bottom-up chimeric RNA prediction,Nucleic Acids Research,2;6;10;14,,false,true,GM;OD,GM;OD;TR,2:PheWAS|whole-genome sequencing|WGS|genotype|locus|SNP|genomic|genome-wide|ancestry; 6:African American|minorities|racial and ethnic; 10:neurofibromatosis|NF1; 14:cerebrovascular
676,38599938,2024,"Delays in Care by Race, Ethnicity, and Gender Before and During the COVID-19 Pandemic Using Cross-Sectional Data From the National Institutes of Health's All of Us Research Program",Women's Health Issues : Official Publication of the Jacobs Institute of Women's Health,6;8,,false,true,CA;OD,CA;OD;TR,6:health disparities|disparities|income|Hispanic; 8:COVID-19
677,38432429,2024,Access to Care and Health Care Utilization Among Patients With Nephrolithiasis,Urology,1;6;17,,false,true,,,1:nephrolithiasis; 6:access to care|socioeconomic|underrepresented|income; 17:patient-reported|recruitment
678,38714212,2024,Predicting Postoperative Pain and Opioid Use with Machine Learning Applied to Longitudinal Electronic Health Record and Wearable Data,Applied Clinical Informatics,3;4;7,,false,true,HG;OD,HG;OD;TR,3:electronic health record|ensemble model|random forest|EHR|gradient boosting|machine learning; 4:well-being|pain|opioid; 7:wearable|wearable device
679,38733114,2024,A model for supporting biomedical and public health researcher use of publicly available All of Us data at Historically Black Colleges and Universities,Journal of the American Medical Informatics Association : JAMIA,1;3;4;5;6;15,,false,true,OD,ES;HG;OD,1:cardiometabolic|kidney disease; 3:Researcher Workbench|workbench; 4:depression|wellbeing|mental health; 5:breast cancer|cancer; 6:social determinants of health|equity|racial and ethnic|socioeconomic|underrepresented|disparities|minority; 15:postpartum
680,38734810,2024,Examining the association of non-melanoma skin cancer with immunomodulatory conditions: a cross-sectional analysis of the All of Us database,Archives of Dermatological Research,5;12,,false,true,,,5:melanoma|skin cancer|cancer; 12:skin cancer
681,35704313,2022,Depression and Anxiety in Patients With Lichen Sclerosus,JAMA Dermatology,4;12,,false,true,DK;HL;TR,DK;HL;OD;TR,4:depression|anxiety; 12:lichen sclerosus
682,35817334,2022,Comorbidities associated with mycosis fungoides: A case-control study in the All of Us database,Journal of the American Academy of Dermatology,12,,false,true,,,12:mycosis fungoides
683,35620324,2022,Prevalence of pityriasis rosea in the United States: A cross-sectional study using the All of Us database,JAAD International,3;6;12,,false,true,,,3:ICD|ICD-10; 6:minorities|underrepresented|rural|Black patients|Hispanic; 12:pityriasis rosea
684,35662661,2022,Psychiatric comorbidities associated with granuloma annulare: A case-control study in the All of Us database,Journal of the American Academy of Dermatology,4;12,,false,true,,,4:psychiatric; 12:granuloma annulare
685,36103173,2022,Characterizing and Coding Psychiatric Diagnoses Using Electronic Health Record Data-Reply,JAMA Psychiatry,3;4,,false,true,,,3:electronic health record; 4:psychiatric
686,37253541,2023,Discordant calls across genotype discovery approaches elucidate variants with systematic errors,Genome Research,2;3;17,,false,true,HG;MH;OD,HG;MH;OD;TR,2:whole-genome sequencing|GWAS|WGS|genomics|genotype|genome-wide|ancestry|association studies|loci|gnomAD|exome|exome sequencing; 3:variant effect predictor|AUC|random forest|machine learning; 17:advisory board
687,37301740,2023,Systematic design and data-driven evaluation of social determinants of health ontology (SDoHO),Journal of the American Medical Informatics Association : JAMIA,6,,false,true,AG;AI;HG;LM,AG;AI;HG;LM;OD,6:social determinants of health|SDOH|equity
690,38598551,2024,Benchmarking multi-ancestry prostate cancer polygenic risk scores in a real-world cohort,PLoS Computational Biology,2;3;5,,false,true,CA,CA,2:PRS|polygenic risk score|GWAS|multi-ancestry|polygenic score|fine-mapping|GWAS summary|genotype|fine mapping|SNP|whole genome sequencing|genome-wide|genotype imputation|ancestry|imputation|genetic risk|admixture|global ancestry|genetic ancestry|heritability|polygenic; 3:deep learning model|ICD|clustering|risk prediction|ICD-10|deep learning|model performance; 5:prostate cancer|PSA|cancer|tumor
691,38589773,2024,Association of lichen planus with asthma and allergic rhinitis in the All of Us Research Program: a cross-sectional study,Clinical and Experimental Dermatology,12;13;18,,false,true,AR;OD;TR,AR;EY;HG;NR;OD;TR,12:lichen planus; 13:asthma; 18:allergic rhinitis|rhinitis
692,38588912,2024,Pemphigoid and atopy: A case-control study in the All of Us database,The Journal of Allergy and Clinical Immunology. In Practice,,,false,true,,,
693,38583580,2024,Discovering clinical drug-drug interactions with known pharmacokinetics mechanisms using spontaneous reporting systems and electronic health records,Journal of Biomedical Informatics,3,,false,true,LM,LM,3:EHR|neural network
694,36941441,2023,Causal effects on complex traits are similar for common variants across segments of different continental ancestries within admixed individuals,Nature Genetics,2,,false,true,CA;GM;HG;HL;MH;OD,CA;ES;GM;HG;HL;MH;OD;TR,2:genome-wide association|genome-wide|ancestry|association study|local ancestry
695,36921806,2023,Epidemiology of alopecia areata in the Hispanic/Latinx community: A cross-sectional analysis of the All of Us database,Journal of the American Academy of Dermatology,6;12,,false,true,,,6:Latinx|Hispanic; 12:alopecia areata|alopecia
696,37495709,2023,Association of atopic dermatitis with schizophrenia and schizoaffective disorder,Archives of Dermatological Research,4;12,,false,true,,,4:schizophrenia; 12:dermatitis|atopic dermatitis
697,37396811,2023,"Antibiotic prescribing by age, sex, race, and ethnicity for patients admitted to the hospital with community-acquired bacterial pneumonia (CABP) in the All of Us database",Journal of Clinical and Translational Science,3;6;8,,false,true,TR,TR,3:Researcher Workbench|cohort builder|workbench|SNOMED|notebook; 6:health disparities|underrepresented|disparities|Black patients|race and ethnicity|Hispanic; 8:infection|sepsis
700,38788889,2024,Identifying erroneous height and weight values from adult electronic health records in the All of Us research program,Journal of Biomedical Informatics,3;6;15,,false,true,CA;LM;MD;OD,AI;CA;DE;LM;OD,3:error detection algorithm|Researcher Workbench|workbench|EHR; 6:health disparities|disparities|minority; 15:pregnancy
702,38893680,2024,Machine Learning Approach with Harmonized Multinational Datasets for Enhanced Prediction of Hypothyroidism in Patients with Type 2 Diabetes,"Diagnostics %28Basel, Switzerland%29",1;3;11;14,,false,true,,,1:stroke|hypertension|type 2 diabetes|T2D|obesity|endocrine|diabetes|renal|atherosclerosis|heart disease|cardiac|ischemic heart; 3:data harmonization|cohort builder|electronic health record|ICD|risk prediction|random forest|EHR|artificial intelligence|predictive model|interpretability|machine learning|harmonization|feature selection|model performance; 11:Alzheimer|mild cognitive impairment|cognitive impairment; 14:stroke|neurological
708,38960729,2024,Fair prediction of 2-year stroke risk in patients with atrial fibrillation,Journal of the American Medical Informatics Association : JAMIA,1;3;6;14,1.4-stroke-cardio,false,true,OD,OD;TR,1:stroke|atrial fibrillation; 3:EHR|machine learning; 6:racial disparity|disparity; 14:stroke
709,38959998,2024,Social Factors Associated with the Risk of Glaucoma Suspect Conversion to Glaucoma: Analysis of the Nationwide All of Us Program,Ophthalmology. Glaucoma,6;18,,false,true,EY;LM;MD;OD;TR,DE;ES;EY;LM;MD;OD;TR,6:African American|education level|socioeconomic|income; 18:glaucoma
710,38955839,2024,Hidradenitis suppurativa and psychosocial well-being: a cross-sectional survey analysis from the All of Us research program,Archives of Dermatological Research,4;6;12,,false,true,HD,AI;OD,4:loneliness|well-being|psychosocial|stress; 6:income|race and ethnicity|discrimination; 12:hidradenitis suppurativa|cutaneous
711,38951922,2024,Benchmarking computational variant effect predictors by their ability to infer human traits,Genome Biology,1;2;3;6;17,,false,true,GM;HG;HL;OD,GM;HD;HG;HL;OD;TR,1:cholesterol|LDL; 2:whole-genome sequencing|genomics|genomic|rare-variant|ancestry|ClinVar|association studies|loci|exome|exome sequencing; 3:Researcher Workbench|computational variant effect|variant effect predictor|workbench; 6:minorities|racial and ethnic; 17:biobank ethics|ethics
712,38951294,2024,"Increased risk of allergic contact dermatitis in patients with cutaneous lichen planus and lichen planopilaris, but not cutaneous lupus erythematosus: An all of us database analysis",Archives of Dermatological Research,9;12,,false,true,,,9:lupus|cutaneous lupus; 12:dermatitis|contact dermatitis|lichen planus|lichen planopilaris|cutaneous
715,38940474,2024,Investigating the Protective Role of the Mitochondrial 2158 T > C Variant in Parkinson's Disease,Movement Disorders : Official Journal of the Movement Disorder Society,11,,false,true,,,11:Parkinson's disease|Parkinson
716,,2024,Mental health services utilization by rurality: Evidence from the National Institutes of Health All of Us Research Program,,4,,false,true,,,4:substance use|mental health
717,39659651,2024,"Alopecia Areata Is Associated with Posttraumatic Stress Disorder and Alcohol Use in a Case-Control Study of 4,785 Patients",Skin Appendage Disorders,3;4;6;12,,false,true,,,3:Researcher Workbench|workbench|SNOMED; 4:alcohol use disorder|depression|PTSD|anxiety|major depressive disorder|psychiatric|smoking|anxiety disorder|depressive|stress|MDD; 6:African American|Latino|Hispanic; 12:alopecia areata|alopecia|cutaneous
718,38986176,2024,Elucidating the influences of social determinants of health on perceived overall health among African American/Black and Hispanic ovarian cancer survivors using the NIH All of Us Research Program,Gynecologic Oncology,4;5;6,,false,true,GM,AG;GM,4:depression|anxious|well-being|mental health|coping; 5:cancer survivors|ovarian cancer|cancer|tumor|cancer screening|survivorship; 6:structural racism|social determinants of health|racism|African American|minorities|SDOH|Latino|racial and ethnic|underrepresented|disparities|neighborhood|race and ethnicity|discrimination|Hispanic|housing
719,39030265,2024,Sleep patterns and risk of chronic disease as measured by long-term monitoring with commercial wearable devices in the All of Us Research Program,Nature Medicine,1;2;3;4;6;7;13;14,,false,true,FD;HL;OD,FD;HL;OD;TR,1:hypertension|heart failure|atrial fibrillation|obesity|coronary|blood pressure|cardiometabolic|BMI|diabetes|atrial flutter|atherosclerosis|cardiovascular|hyperlipidemia|cardiac; 2:PheWAS|genomics|imputation|phenome-wide|association studies; 3:AoU Researcher Workbench|Researcher Workbench|electronic health record|workbench|missing data|EHR; 4:anxiety|bipolar disorder|major depressive disorder|post-traumatic stress|psychiatric|smoking|bipolar|anxiety disorder|depressive|stress; 6:deprivation|underrepresented; 7:step count|Fitbit|wearable|physical activity|wearable device|heart rate variability|actigraphy|sleep duration|sleep stage; 13:asthma|obstructive sleep apnea|insomnia|circadian|sleep apnea|hypersomnia; 14:migraine
720,39026566,2024,Weighting the United States All of Us Research Program data to known population estimates using raking,Preventive Medicine Reports,1;3;6;8;17,,false,true,,,1:hypertension|coronary|diabetes; 3:Researcher Workbench|workbench|missing data|notebook; 6:gay|lesbian|African American|UBR|bisexual|socioeconomic|underrepresented|income|Hispanic; 8:COVID-19; 17:outreach|biospecimen|recruitment
721,39013656,2024,"Comparing COVID-19 vaccination coverage, adverse reactions and impact of social determinants of health on vaccine hesitancy in ADRD/MCI and non-ADRD/MCI population: protocol for a retrospective cross-sectional study",BMJ Open,1;3;4;6;7;8;11;14;17,,false,true,,,1:hypertension|obesity|diabetes|cardiovascular disease|cardiovascular; 3:AoU Researcher Workbench|Researcher Workbench|electronic health record|ICD|workbench|missing data|EHR|data quality; 4:pain|psychiatric|mental health|psychological; 6:social determinants of health|socioeconomic|disparities|rural|minority|housing; 7:Fitbit; 8:COVID-19|vaccine; 11:Alzheimer|ADRD|dementia|mild cognitive impairment|elderly|older adults|Alzheimer's|cognitive impairment; 14:cerebrovascular|headache; 17:outreach|biospecimen|informed consent|ethics
722,39003521,2024,Model-based estimation of individual-level social determinants of health and its applications in All of Us,Journal of the American Medical Informatics Association : JAMIA,1;6,,false,true,AG;LM;OD;TR,AG;LM;OD;TR,1:hypertension|diabetes; 6:social determinants of health
724,39021232,2024,Atopic Dermatitis Prescription Patterns in Underrepresented Groups: An All of Us Database Analysis,"Dermatitis : Contact, Atopic, Occupational, Drug",6;12,,false,true,,,6:underrepresented groups|underrepresented; 12:dermatitis|atopic dermatitis
729,38781589,2024,Prevalence of Weight Stigma in Medical Settings Among Reproductive-Aged Women in the All of Us Study,Obstetrics and Gynecology,1;6;15,,false,true,OD,OD;TR,1:obesity|BMI; 6:disparities|Latinx|discrimination|Hispanic; 15:reproductive-aged women
730,38967855,2024,Top 20 dermatologic conditions affecting adult patients of color in the United States: insights from an All of Us Database analysis,Archives of Dermatological Research,12,,false,true,,,12:dermatologic
731,38957840,2024,Psoriasis is associated with increased risk of other autoimmune diseases: A retrospective case-control study using the All of Us research database,JAAD International,1;9;12;18,,false,true,,,1:hypertension|obesity|metabolic syndrome|diabetes|cardiovascular disease|cardiovascular|hyperlipidemia; 9:lupus|systemic lupus|Crohn|autoimmune|psoriasis; 12:alopecia areata|vitiligo|alopecia|lichen sclerosus|psoriasis; 18:uveitis|ophthalmology
732,38981117,2024,Research to classrooms: a co-designed curriculum brings All of Us data to secondary schools,Journal of the American Medical Informatics Association : JAMIA,3;6;17,,false,true,OD,OD,3:Public Data Browser|Researcher Workbench|workbench; 6:underrepresented groups|underrepresented|disparities|race and ethnicity|discrimination; 17:co-designed curriculum|secondary schools|outreach|informed consent|recruitment
733,38981110,2024,Use of calibration to improve the precision of estimates obtained from All of Us data,Journal of the American Medical Informatics Association : JAMIA,6,,false,true,OD,OD;TR,6:food insecurity|income|discrimination
734,38968223,2024,Phenome-wide association study identifies new clinical phenotypes associated with Staphylococcus aureus infections,PloS One,1;2;3;8;12,,false,true,,,1:heart failure|T2D|end-stage renal|renal disease|diabetes|renal; 2:PheWAS|genomic|genetic variant|ancestry|phenome-wide|association study; 3:electronic health record|ICD|ICD-10|EHR|phecode; 8:COVID-19|infection; 12:dermatologic
735,38773065,2024,Deep learning of left atrial structure and function provides link to atrial fibrillation risk,Nature Communications,1;2;3;7;10;14;17,,false,true,HL;OD,HL;OD;TR,1:stroke|hypertension|heart failure|atrial fibrillation|ejection fraction|coronary|blood pressure|ventricular|BMI|arrhythmia|diabetes|atrial flutter|cardiovascular disease|cardiovascular|myocardial infarction|cardiac; 2:Mendelian randomization|PRS|polygenic risk score|GWAS|WGS|polygenic score|GWAS summary|genotype|locus|SNP|genomic|genome-wide association|whole genome sequencing|genetic variant|genome-wide|genotype imputation|ancestry|imputation|genetic risk|association study|haplotype|genetic association|loci|heritability|polygenic; 3:deep learning model|electronic health record|ICD|random forest|EHR|deep learning|machine learning|SNOMED; 7:Fitbit; 10:hereditary|Mendelian; 14:subarachnoid hemorrhage|stroke|migraine; 17:biospecimen|informed consent|library|ethics|recruitment
736,39043412,2024,Pregnancy episodes in All of Us: harnessing multi-source data for pregnancy-related research,Journal of the American Medical Informatics Association : JAMIA,3;15,,false,true,OD,OD;TR,3:electronic health record|EHR; 15:gestational|pregnancy
738,39058572,2024,Multi-modality risk prediction of cardiovascular diseases for breast cancer cohort in the All of Us Research Program,Journal of the American Medical Informatics Association : JAMIA,1;2;3;5;6,,false,true,AT;MD,AG;AT;MD;OD,1:coronary|cardiovascular disease|CVD|cardiovascular; 2:genomic|imputation; 3:data integration|clustering|risk prediction|random forest|EHR|predictive model|model performance; 5:breast cancer|cancer|survivorship; 6:social determinants of health
739,,2024,ICD Codes are Insufficient to Create Datasets for  Machine Learning: An Evaluation Using All of Us  Data for Coccidioidomycosis and Myocardial  Infarction,IEEE Xplore %28Institute of Electrical and Electronics Engineers%29,3,,false,true,,,3:ICD|ICD-10|machine learning
741,36706849,2023,Evaluating and mitigating bias in machine learning models for cardiovascular disease prediction,Journal of Biomedical Informatics,1;3,,false,true,GM;HL;LM;TR,AI;ES;GM;HG;HL;LM;MD;NS;OD;TR,1:cardiovascular disease|CVD|cardiovascular; 3:risk prediction|random forest|machine learning
742,39058629,2024,An evaluation of the All of Us Research Program database to examine cumulative stress,Journal of the American Medical Informatics Association : JAMIA,4,,false,true,ES;MD;OD,ES;MD;OD,4:psychological|stress
743,39085582,2024,Racial Disparities in Cost and Non-Cost Barriers to Care: An Analysis of the All of Us Survey,Journal of General Internal Medicine,6,,false,true,,,6:disparities
744,39078278,2024,Assessing how frailty and healthcare delays mediate the association between sexual and gender minority status and healthcare utilization in the All of Us Research Program,Journal of the American Medical Informatics Association : JAMIA,3;6;8;11,,false,true,AG;OD,AG;OD,3:electronic health record|EHR; 6:gender minority|disparities|income|minority|race and ethnicity; 8:HIV; 11:frailty index|frailty|older adults
745,39081307,2024,Sweet syndrome associated with moderate leukocyte adhesion deficiency type I: a case report and review of the literature,Frontiers in Immunology,2;5;10;12;17,,false,true,,,2:ancestry|ClinVar|gnomAD|exome; 5:oncology|malignancy; 10:hereditary|inborn error; 12:dermatitis|atopic dermatitis|dermatology|dermatologist|skin biopsy|Sweet syndrome; 17:informed consent|ethics
748,38976304,2024,Association of Social Determinants of Health With the Likelihood of Treatment With Laser Trabeculoplasty in a US Database,Journal of Glaucoma,1;6;18,,false,true,,,1:hypertension; 6:social determinants of health|Medicaid|income; 18:glaucoma
749,39038968,2024,Health Care Discrimination and Care Avoidance Due to Patient-Clinician Identity Discordance Among Sexual and Gender Minority Adults,Annals of Family Medicine,6,,false,true,,,6:gender minority|sexual minority|minority|SGM|discrimination
750,39056443,2024,Optimizing pain management in breast cancer care: Utilizing 'All of Us' data and deep learning to identify patients at elevated risk for chronic pain,Journal of Nursing Scholarship : An Official Publication of Sigma Theta Tau International Honor Society of Nursing,3;4;5;6,,false,true,,,3:transformer-based|Researcher Workbench|deep learning model|ICD|workbench|natural language processing|transformer|deep learning|artificial intelligence|predictive model|feature selection|model performance|neural network; 4:depression|pain|psychosocial|chronic pain|depressive; 5:cancer survivors|breast cancer|cancer; 6:African American|Latino|socioeconomic|underrepresented|disparities|race and ethnicity|Hispanic
751,39133059,2024,Assessment of Missing Data on Glaucoma Severity Among Participants in the NIH All of Us Research Program of the United States,Journal of Glaucoma,3;6;18,,false,true,EY;LM;MD;OD;TR,DE;ES;EY;LM;MD;OD;TR,3:missing data|claims data; 6:socioeconomic|underrepresented|income; 18:glaucoma|ophthalmology|eye care
752,39178364,2024,Application of a Data Quality Framework to Ductal Carcinoma In Situ Using Electronic Health Record Data From the All of Us Research Program,JCO Clinical Cancer Informatics,3;5,,false,true,,,3:electronic health record|OMOP|EHR|data quality; 5:ductal carcinoma|carcinoma
753,39196186,2024,High-proportion spliced-in titin truncating variants in African and European ancestry in the All of Us Research Program,Nature Cardiovascular Research,1;2,,false,true,HL;OD,HL;OD;TR,1:heart failure|atrial fibrillation; 2:ancestry
754,39183196,2024,Improving genetic risk modeling of dementia from real-world data in underrepresented populations,Communications Biology,1;2;3;6;11;14,,false,true,AG;HG;MH;NS;OD,AG;HG;MH;NS;OD;TR,1:stroke|cholesterol|triglyceride|lipid; 2:PRS|polygenic risk score|GWAS|GWAS summary|genotype|locus|SNP|genomic|genome-wide association|whole genome sequencing|genome-wide|genotype imputation|ancestry|imputation|genetic risk|eQTL|association studies|genetic ancestry|loci|polygenic; 3:ICD|risk prediction|ICD-10|F1 score|EHR|gradient boosting|XGBoost|machine learning|model performance; 6:underrepresented groups|African American|Latino|equity|underrepresented|disparities|minority|Asian American|Hispanic; 11:Alzheimer|dementia|APOE|Parkinson|aging|cognitive decline|older adults; 14:stroke
756,39210047,2024,Rare coding variant analysis for human diseases across biobanks and ancestries,Nature Genetics,2,,false,true,HL,HL;OD,2:multi-ancestry|rare variant|ancestry|association studies
761,38263490,2024,Comparison of phenomic profiles in the All of Us Research Program against the US general population and the UK Biobank,Journal of the American Medical Informatics Association : JAMIA,2;5;9;10;11;13;14,,false,true,HG;LM;OD,LM;NS;OD;TR,2:PheWAS|phenome-wide|association studies; 5:colorectal cancer|lung cancer|cancer|colorectal; 9:multiple sclerosis|lupus; 10:cystic fibrosis; 11:dementia; 13:pulmonary|chronic obstructive; 14:multiple sclerosis
762,38738530,2024,All of Us participant perspectives on the return of value in research,Genetics in Medicine : Official Journal of the American College of Medical Genetics,2;6;8;17,,false,true,CA;HS;OD;TR,CA;EY;HG;HS;NR;OD;TR,2:genomics|ancestry|genetic risk|genetic ancestry; 6:gay|health literacy|American Indian|lesbian|access to care|African American|education level|Latino|bisexual|racial and ethnic|socioeconomic|underrepresented|income|marginalized|Hispanic; 8:COVID-19; 17:genetic counseling|return of results|informed consent|perspectives about
763,37865656,2023,Rare predicted loss of function alleles in Bassoon (BSN) are associated with obesity,NPJ Genomic Medicine,1;2;3;4;6;13;17,,false,true,DK,AG;DK;OD,1:type 2 diabetes|obesity|dyslipidemia|BMI|diabetes|CAD|hyperlipidemia; 2:REGENIE|GWAS|WGS|genotype|genomic|genome-wide association|whole genome sequencing|genome-wide|ancestry|association studies|loci|gnomAD|exome|exome sequencing|polygenic; 3:variant effect predictor; 4:depression|psychiatric|smoking; 6:deprivation|African American|income; 13:obstructive sleep apnea|sleep apnea; 17:informed consent|recruitment
764,37885303,2023,Systematic replication of smoking disease associations using survey responses and EHR data in the All of Us Research Program,Journal of the American Medical Informatics Association : JAMIA,2;3;4,,false,true,OD,OD;TR,2:PheWAS|phenome-wide|association study; 3:EHR; 4:smoking
765,37454697,2023,Association of atopic dermatitis with substance use disorders: A case-control study in the All of Us research program,Journal of the American Academy of Dermatology,4;12,,false,true,,,4:substance use; 12:dermatitis|atopic dermatitis
769,38113267,2023,Uncovering associations between pre-existing conditions and COVID-19 Severity: A polygenic risk score approach across three large biobanks,PLoS Genetics,1;2;3;4;6;8;17,,false,true,CA;OD,CA;OD;TR,1:hypertension|type 2 diabetes|obesity|endocrine|BMI|diabetes|lipid|cardiovascular|hyperlipidemia; 2:Mendelian randomization|PheWAS|PRS|polygenic risk score|GWAS|SAIGE|genomics|GWAS summary|genotype|locus|SNP|genomic|genome-wide association|whole genome sequencing|genome-wide|ancestry|phenome-wide|association study|admixture|association studies|loci|polygenic; 3:ICD|claims data|EHR|artificial intelligence|phecode|case definition; 4:addiction|pain|substance use|smoking|tobacco; 6:Latino|disparities|Hispanic; 8:SARS-CoV-2|COVID-19|infection; 17:informed consent|ethics|recruitment
770,38143510,2023,"Returning personalized, genetic health test results to individuals of African descent or ancestry in precision medicine research",Health Affairs Scholar,2;3;6;10;16;17,,false,true,OD,OD,2:genomics|genomic|ancestry|exome; 3:Public Data Browser|electronic health record; 6:health disparities|social determinants of health|African American|equity|underrepresented|disparities|marginalized; 10:ACMG|secondary findings|hereditary|VUS; 16:pharmacogenetic|drug-gene; 17:research participation|return of results|perspectives about|recruitment
771,38160810,2023,Cardiovascular comorbidities are associated with dermatomyositis: A cross-sectional study in the All of Us Research Program,Journal of the American Academy of Dermatology,1;9,,false,true,OD;TR,OD;TR,1:CVD|cardiovascular; 9:dermatomyositis
772,38170607,2024,Social Determinants of Health in Idiopathic Intracranial Hypertension,Journal of Neuro-Ophthalmology : The Official Journal of the North American Neuro-Ophthalmology Society,1;6,,false,true,EY;OD,EY;OD;TR,1:hypertension|obesity|BMI|thrombosis; 6:social determinants of health|rural|income|Hispanic
776,38011317,2023,Psychiatric comorbidities associated with rosacea: a propensity score-matched case-control study in the All of Us database,Clinical and Experimental Dermatology,4;12,,false,true,,,4:psychiatric; 12:rosacea
778,38049655,2023,Delays in Accessing Healthcare Across the Gender Spectrum in the All of Us Research Program,Journal of General Internal Medicine,6,,false,true,HL;OD,HL;OD;TR,6:transgender|minorities|income|marginalized
779,38149963,2023,"Gender Disparities in Depression, Stress, and Social Support Among Glaucoma Patients",Translational Vision Science & Technology,3;4;6;7;8;18,,false,true,EY;OD,DE;EY;OD;TR,3:Researcher Workbench|electronic health record|workbench|EHR|notebook; 4:depression|anxiety|psychosocial|mental health|stress; 6:social determinants of health|Medicaid|African American|minorities|equity|socioeconomic|disparities|income|race and ethnicity|Hispanic|housing; 7:wearable; 8:COVID-19; 18:glaucoma|vision|optic nerve
780,38147345,2023,Cerebral Amyloid Angiopathy and Risk of Isolated Nontraumatic Subdural Hemorrhage,JAMA Neurology,3;11;14,,false,true,TR,OD;TR,3:ICD|ICD-10; 11:cerebral amyloid angiopathy|CAA; 14:subdural hemorrhage|intracerebral hemorrhage
781,38204174,2024,Psoriasis associated with inflammatory bowel disease: a cross-sectional analysis in the NIH All of Us Research Program,International Journal of Dermatology,9;12,,false,true,DK;OD,DK;OD;TR,9:inflammatory bowel disease|psoriasis; 12:psoriasis
784,38271102,2024,Rethinking Data Collection Methods During the Pandemic: Development and Implementation of CATI for the All of Us Research Program,Journal of Public Health Management and Practice : JPHMP,8,,false,true,OD,MH;OD;TR,8:COVID-19
790,39301656,2024,Impact of wearable device data and multi-scale entropy analysis on improving hospital readmission prediction,Journal of the American Medical Informatics Association : JAMIA,3;7,,false,true,GM;HL;LM,GM;HL;LM,3:deep learning model|deep learning|neural network; 7:wearable|wearable device|steps per day
792,39313293,2024,Multiancestry transferability of a polygenic risk score for diverticulitis,BMJ Open Gastroenterology,2;3,,false,true,DK;GM;TR,DK;GM;TR,2:PheWAS|PRS|polygenic risk score|GWAS|genomics|SNP|genomic|genome-wide association|genome-wide|ancestry|imputation|phenome-wide|genetic risk|association studies|genetic ancestry|loci|heritability|multiancestry|polygenic; 3:ICD|ICD-10|model calibration|phecode|model performance
793,39338093,2024,A Comparative Analysis of Oral Health and Self-Rated Health: 'All of Us Research Program' vs. 'Health and Retirement Study',International Journal of Environmental Research and Public Health,1;3;4;5;6;8;11;14;17,,false,true,,,1:stroke|diabetes|heart disease|cardiovascular disease|CVD|cardiovascular; 3:Researcher Workbench|electronic health record|workbench|missing data|EHR|SNOMED; 4:smoking|stress; 5:head and neck cancer|cancer; 6:African American|education level|Latino|racial and ethnic|underrepresented|disparities|race and ethnicity|Hispanic; 8:COVID-19; 11:dementia|aging|older adults|cognitive impairment; 14:stroke; 17:informed consent|recruitment
794,39323095,2024,Comparison of methods for building polygenic scores for diverse populations,HGG Advances,1;2;3;6,,false,true,,,1:atrial fibrillation|cholesterol|LDL|BMI; 2:PheWAS|PRS|whole-genome sequencing|GWAS|multi-ancestry|SAIGE|GWAS summary|genome-wide association|genome-wide|ancestry|genetic risk|association studies|genetic ancestry|heritability|polygenic; 3:Researcher Workbench|workbench; 6:African American|underrepresented|race and ethnicity|Hispanic
796,39313475,2024,Cost-Related Medication Behaviors for Patients With and Without Systemic Autoimmune Rheumatic Diseases,Arthritis Care & Research,9,,false,true,AR;OD,AR;OD;TR,9:autoimmune
797,39321407,2024,Brain Health Outcomes in Sexual and Gender Minority Groups: Results From the All of Us Research Program,Neurology,1;4;6;11;14,,false,true,,,1:stroke|cardiovascular; 4:depression; 6:sexual and gender minorities|health disparities|gay|transgender|gender minority|deprivation|lesbian|minorities|bisexual|underrepresented|disparities|sexual minority|neighborhood|minority|SGM; 11:dementia; 14:stroke
798,39315597,2024,Comparing Ancestry Standardization Approaches for a Transancestry Colorectal Cancer Polygenic Risk Score,Genetic Epidemiology,2;5;10,,false,true,HG;OD,HG;OD,2:PRS|polygenic risk score|ancestry|admixture|polygenic; 5:colorectal cancer|cancer|colorectal; 10:monogenic
799,39319220,2024,Temporally Multi-Scale Sparse Self-Attention for Physical Activity Data Imputation,Proceedings of Machine Learning Research,2;7,,false,true,CA;EB,EB;OD,2:imputation; 7:step count|wearable|physical activity|sensor
801,39337513,2024,Potential Involvements of Cilia-Centrosomal Genes in Primary Congenital Glaucoma,International Journal of Molecular Sciences,2;17;18,,false,true,,,2:genomics|genotype|genomic|haplotype|genetic association; 17:informed consent|library; 18:glaucoma|retinal|vision|optic nerve
802,39331176,2024,Prevalence of erythromelalgia in the United States: a cross-sectional study using the All of Us database,Archives of Dermatological Research,,,false,true,,,
804,39350286,2024,Intersectionality matters for hispanic health: A replication study using the All of Us Research Program,International Journal for Equity in Health,1;3;4;6;13;14,,false,true,,,1:stroke|hypertension|heart failure|atrial fibrillation|type 2 diabetes|obesity|coronary|BMI|diabetes; 3:workbench|missing data; 4:well-being|psychosocial|smoking|tobacco; 6:sexual and gender minorities|health disparities|transgender|American Indian|racism|African American|minorities|Latino|equity|racial and ethnic|underrepresented|disparities|income|minority|marginalized|race and ethnicity|discrimination|Hispanic; 13:asthma|pulmonary; 14:stroke
805,39383630,2024,Disparities in contemporary human papilloma virus vaccination uptake among adult women living in the United States: An All of Us Research Program study,Gynecologic Oncology,5;6,,false,true,,,5:cervical cancer|cancer; 6:disparities|income|minority
806,40734771,2024,"The truth-default is ubiquitous, but some people experience it more than others",Communication Research Reports : CRR,6,,false,true,,,6:minorities|income
814,39316441,2024,Proteogenomic analysis integrated with electronic health records data reveals disease-associated variants in Black Americans,The Journal of Clinical Investigation,1;2;3;5;6;8;9;10;14;18,,false,true,DK;ES;GM;HC;HG;HL;TR,CA;DK;ES;GM;HG;HL;MH;OD;TR,1:heart failure|cirrhosis|end-stage renal|coronary|ESRD|renal disease|diabetes|cardiology|renal|atherosclerosis|heart disease|kidney disease|cardiovascular|cardiac; 2:Mendelian randomization|PheWAS|whole-genome sequencing|GWAS|WGS|genotype|fine mapping|locus|SNP|genomic|genome-wide|ancestry|phenome-wide|association study|admixture|expression quantitative|association studies|genetic association|loci|gnomAD|heritability|multiancestry|polygenic|local ancestry; 3:electronic health record|EHR|phecode; 5:leukemia|lymphoma|non-Hodgkin|cancer|Hodgkin|gastric cancer; 6:social determinants of health|racism|African American|socioeconomic|Black participants|discrimination; 8:antibody|infection; 9:multiple sclerosis|sarcoidosis|MS; 10:sickle cell disease|hereditary|Mendelian|sickle cell; 14:multiple sclerosis|peripheral neuropathy|neurological|neuropathy; 18:glaucoma
822,39362880,2024,"Whole-genome sequencing in 333,100 individuals reveals rare non-coding single variant and aggregate associations with height",Nature Communications,1;2;3;10;17,,false,true,CA;ES;HL,CA;ES;HL,1:obesity|blood pressure|diabetes|lipid; 2:whole-genome sequencing|REGENIE|GWAS|WGS|fine-mapping|genotype|locus|genomic|genome-wide association|rare variant|whole genome sequencing|genetic variant|genome-wide|rare-variant|ancestry|imputation|association study|common variant|association studies|genetic ancestry|loci|gnomAD|heritability|exome|exome sequencing|polygenic; 3:variant effect predictor|random forest|machine learning; 10:monogenic; 17:trust|ethics|recruitment
825,39362614,2024,"Loneliness, Discrimination, Stress, and Type 2 Diabetes Risk in Young Adults",American Journal of Preventive Medicine,1;4;6,,false,true,DK;HD,DK;HD;OD,1:type 2 diabetes|diabetes|prediabetes; 4:loneliness|stress; 6:income|neighborhood|discrimination|Hispanic
828,39386309,2024,Onychocryptosis Is Associated with Low Income in a Matched Cohort Study Using the All of Us Database,Skin Appendage Disorders,1;3;6;12;14,,false,true,,,1:T2DM|heart failure|type 2 diabetes|obesity|diabetic|diabetes|kidney disease|vascular disease; 3:Researcher Workbench|workbench|SNOMED; 6:low-income|income; 12:hyperhidrosis|onychomycosis|psoriasis; 14:diabetic neuropathy|neuropathy
829,39409914,2024,Genomic and Socioeconomic Determinants of Racial Disparities in Breast Cancer Survival: Insights from the All of Us Program,Cancers,2;3;5;6,,false,true,CA;ES;MD,CA;ES;MD;OD,2:genomic|genetic risk; 3:ICD|ICD-10|missing data|data quality; 5:breast cancer|cancer; 6:health disparities|racial disparity|disparity|racial and ethnic|socioeconomic|disparities|Black participants|income|minority
831,39405295,2024,Improving follow-up survey completion rates through pilot interventions in the All of Us Research Program: Results from a non-randomized intervention study,PloS One,3;6;8;17,,false,true,MD,OD,3:Researcher Workbench|workbench; 6:health disparities|gender minority|health literacy|African American|Latino|UBR|racial and ethnic|socioeconomic|underrepresented|disparities|rural|income|minority|race and ethnicity|Hispanic; 8:COVID-19; 17:follow-up survey completion|participant engagement|return of results|informed consent|recruitment
832,39425681,2024,Bipolar disorder among individuals with atopic dermatitis: a case-control study in the All of Us Research Program,Clinical and Experimental Dermatology,4;12,,false,true,,,4:depression|bipolar disorder|psychiatric|smoking|bipolar; 12:dermatitis|atopic dermatitis
833,39424024,2024,Associations Between Dry Eye Disease and Mental Health Conditions in the All of Us Research Program,American Journal of Ophthalmology,4;9;18,,false,true,EY,EY,4:anxiety|bipolar disorder|schizophrenia|mental health|bipolar|depressive; 9:lupus|systemic lupus|Sjögren; 18:eye disease
834,39400730,2024,Racial and ethnic differences in healthcare access and utilization among U.S. adults with melanoma and keratinocyte carcinomas in the NIH All of Us Research Program,Archives of Dermatological Research,5;6;12,,false,true,,,5:melanoma|carcinoma|malignancy; 6:Medicaid|racial and ethnic|disparities|Hispanic; 12:basal cell carcinoma|squamous cell carcinoma|cutaneous
845,,2024,197 Atherosclerotic cardiovascular disease risk in underrepresented populations: insights from the All of Us Research Program,,1;3;6;14,,false,true,,,1:T2DM|stroke|hypertension|type 2 diabetes|obesity|coronary|diabetes|cardiovascular disease|cardiovascular|hyperlipidemia; 3:Researcher Workbench|ICD|workbench|ICD-10; 6:area deprivation index|underrepresented groups|social determinants of health|transgender|deprivation|minorities|Latino|underrepresented|income|Hispanic|ADI; 14:stroke
846,39420706,2024,Genetic Analysis of Asymptomatic Antinuclear Antibody Production,"Arthritis & Rheumatology %28Hoboken, N.J.%29",2;8;9,,false,true,AI,AI,2:genetic risk score|SNP|genome-wide association|genome-wide|imputation|genetic risk|association study|loci|heritability; 8:HLA|antibody; 9:lupus|autoimmune disease|autoimmune
848,39400111,2024,Association between atopic dermatitis and peripheral vascular disease: a cross-sectional study in the All of Us Research Program,Clinical and Experimental Dermatology,1;12,,false,true,,,1:vascular disease; 12:dermatitis|atopic dermatitis
854,39415980,2024,Analysis of rare genetic variants in All of Us cohort patients with common variable immunodeficiency,Frontiers in Genetics,2;3;8;10,,false,true,,,2:WGS|genomic|whole genome sequencing|genetic risk|association studies|loci|gnomAD; 3:cohort builder|workbench|EHR; 8:antibody|infection; 10:incomplete penetrance|penetrance
855,39413320,2024,Melasma Risk Factors: A Matched Cohort Study Using Data From the All of Us Research Program,Cutis,12,,false,true,,,12:melasma
856,39412882,2024,Familial Renal Glucosuria and Potential Pharmacogenetic Impact on Sodium-Glucose Cotransporter-2 Inhibitors,Kidney360,1;2;3;5;15;16;17,,false,true,GM;TR,GM;TR,1:SGLT2|heart failure|type 2 diabetes|obesity|diabetic|CKD|renal disease|BMI|diabetes|renal|kidney disease|cardiovascular disease|cardiovascular|creatinine; 2:PheWAS|genotype|locus|SNP|genomic|ancestry|ClinVar|phenome-wide|association study|association studies|exome|single nucleotide polymorphism; 3:electronic health record|ICD|EHR|phecode; 5:cancer|bladder cancer; 15:pregnancy; 16:pharmacogenetic|pharmacokinetic; 17:data sharing|informed consent|recruitment
859,39444500,2024,"US public health surveillance, reimagined",Learning Health Systems,2;3;8,,false,true,,,2:genotype|genomic|association studies; 3:public health surveillance|cohort identification|EHR|data quality|N3C|harmonization; 8:long COVID
864,39052991,2024,Engagement with health research summaries via digital communication to All of Us participants,Journal of the American Medical Informatics Association : JAMIA,2;5;6,,false,true,OD,OD,2:genomics|ancestry; 5:lung cancer|cancer; 6:African American|Latino|UBR|underrepresented|income|Hispanic
865,39051523,2024,Racial and Ethnic Disparities in Antihypertensive Medication Prescribing Patterns and Effectiveness,Clinical Pharmacology and Therapeutics,1;3;4;6;13;14,,false,true,,,1:stroke|hypertension|heart failure|cirrhosis|CKD|coronary|blood pressure|renal disease|beta-blocker|BMI|diabetes|cardiology|renal|heart disease|kidney disease|cardiovascular disease|CVD|cardiovascular; 3:Researcher Workbench|electronic health record|workbench|EHR; 4:depression|smoking|stress; 6:social determinants of health|Medicaid|disparity|African American|education level|Latino|racial and ethnic|socioeconomic|underrepresented|disparities|Black participants|income|race and ethnicity|Hispanic; 13:pulmonary|chronic obstructive; 14:stroke
866,39095751,2024,"Sexual orientation, gender identity and virologic failure among people with HIV: a cohort study in all of US research program",BMC Public Health,6;8,,false,true,AI,AI;OD,6:structural racism|sexual and gender minorities|health disparities|gay|gender minority|Medicaid|racism|lesbian|minorities|equity|uninsured|bisexual|socioeconomic|underrepresented|disparities|sexual minority|income|minority|SGM|discrimination|Hispanic; 8:antiretroviral|HIV|viral load
867,39093943,2024,Sounding out solutions: using SONAR to connect participants with relevant healthcare resources,Journal of the American Medical Informatics Association : JAMIA,17,,false,true,OD,OD,17:genetic counseling
868,39074173,2024,Returning value from the All of Us Research Program to PhD-level nursing students using ChatGPT as programming support: results from a mixed-methods experimental feasibility study,Journal of the American Medical Informatics Association : JAMIA,3,,false,true,NR,NR,3:Researcher Workbench|workbench|artificial intelligence|notebook
872,39094953,2024,Associations between Statin Use and Glaucoma in the All of Us Research Program,Ophthalmology. Glaucoma,1;3;18,,false,true,,,1:cholesterol|LDL|lipid|hyperlipidemia|statin; 3:electronic health record|EHR; 18:glaucoma
873,39079943,2024,Factors associated with pityriasis versicolor in a large national database,Mycoses,1;12,,false,true,OD,OD;TR,1:T2DM|type 2 diabetes|diabetes; 12:hyperhidrosis|cutaneous|acne
874,41661751,2024,"The role of social determinants of health in mental health: An examination of the moderating effects of race, ethnicity, and gender on depression through the all of us research program dataset",,1;3;4;6;8,,false,true,,,1:diabetes|cardiovascular disease|cardiovascular; 3:workbench|EHR|SNOMED|notebook; 4:depression|anxiety|loneliness|major depressive disorder|schizophrenia|well-being|mental health|depressive|stress|MDD; 6:health disparities|social determinants of health|African American|education level|food insecurity|equity|socioeconomic|disparities|Latinx|income|poverty|neighborhood|marginalized|race and ethnicity|Asian American|discrimination|Hispanic|housing; 8:COVID-19
875,39112476,2024,"Genetic determinants and phenotypic consequences of blood T-cell proportions in 207,000 diverse individuals",Nature Communications,2;3;6;8;9;10;15;17,,false,true,HL;OD,AG;DE;HL;OD;TR,2:PheWAS|PRS|whole-genome sequencing|REGENIE|GWAS|multi-ancestry|WGS|fine-mapping|SAIGE|GWAS summary|genotype|fine mapping|locus|SNP|genomic|genome-wide association|rare variant|whole genome sequencing|genome-wide|rare-variant|ancestry|imputation|phenome-wide|association study|admixture|common variant|haplotype|global ancestry|association studies|genetic ancestry|genetic association|burden test|loci|gnomAD|heritability|exome|exome sequencing|single nucleotide polymorphism|polygenic|local ancestry; 3:Researcher Workbench|electronic health record|clustering|workbench|random forest|EHR|phecode; 6:Native American|Latino|underrepresented; 8:HIV|infection; 9:autoimmune disease|autoimmune; 10:Mendelian|CFTR|sickle cell; 15:gestational|menopause|pregnancy; 17:data sharing|informed consent|library
876,39111815,2024,Secure discovery of genetic relatives across large-scale and distributed genomic data sets,Genome Research,2;3;9,,false,true,CA;HG;OD,CA;DE;HG;OD;TR,2:REGENIE|GWAS|genotype|SNP|genomic|genome-wide association|genetic variant|genome-wide|ancestry|haplotype|association studies|loci|heritability; 3:privacy-preserving|AoU Researcher Workbench|Researcher Workbench|federated learning|workbench; 9:IBD
877,39110336,2024,Lice in adult patients is associated with psychiatric comorbidities and unstable housing in a matched case-control study using the All of Us Database,European Journal of Clinical Microbiology & Infectious Diseases : Official Publication of the European Society of Clinical Microbiology,4;6,,false,true,,,4:psychiatric; 6:housing
880,39132911,2024,The AORTA Gene score for detection and risk stratification of ascending aortic dilation,European Heart Journal,1;2,,false,true,AG;HL;OD,AG;HL;OD;TR,1:aortic; 2:polygenic score|polygenic
881,39062005,2024,Clinical Genetic Testing for Hearing Loss: Implications for Genetic Counseling and Gene-Based Therapies,Biomedicines,2;10;17;18,,false,true,DC,DC,2:whole-genome sequencing|genomic|genetic variant|gnomAD|structural variant; 10:hereditary|Mendelian|VUS; 17:genetic counseling|informed consent; 18:hearing loss|sensorineural
882,39083847,2024,"Sex-based disparities with cost-related medication adherence issues in patients with hypertension, ischemic heart disease, and heart failure",Journal of the American Medical Informatics Association : JAMIA,1;6,,false,true,OD,OD;TR,1:hypertension|heart failure|heart disease|cardiovascular|ischemic heart; 6:disparities
883,39080080,2024,"Association of age, gender, race, and socioeconomic status with ratio of basal cell to squamous cell carcinoma in underrepresented groups: a cross-sectional analysis",Archives of Dermatological Research,5;6;12,,false,true,,,5:carcinoma; 6:underrepresented groups|socioeconomic|underrepresented; 12:squamous cell carcinoma
885,39098982,2024,Association of Cardiovascular Disease and Chronic Spontaneous Urticaria: A Case-Control Study,American Journal of Clinical Dermatology,1;12,,false,true,,,1:cardiovascular disease|cardiovascular; 12:urticaria
886,39138951,2024,"Balancing efficacy and computational burden: weighted mean, multiple imputation, and inverse probability weighting methods for item non-response in reliable scales",Journal of the American Medical Informatics Association : JAMIA,2;3;6;7,,false,true,MD;OD,EY;HG;NR;OD;TR,2:imputation; 3:Researcher Workbench|workbench|missing data|artificial intelligence|machine learning; 6:social determinants of health|education level|SDOH|income|neighborhood; 7:Fitbit|physical activity
887,39135439,2024,Empowering the biomedical research community: Innovative SAS deployment on the All of Us Researcher Workbench,Journal of the American Medical Informatics Association : JAMIA,2;3;7;17,,false,true,LM;OD,EY;HG;LM;NR;OD,2:genomics|genomic; 3:Researcher Workbench|cohort builder|workbench; 7:wearable|wearable device; 17:trust|library|recruitment
888,39135826,2024,Racial and Ethnic Disparities Within Social Determinants of Health Amongst Patients With Systemic Lupus Erythematosus,Cureus,1;3;4;6;9;14,,false,true,OD,OD;TR,1:stroke|hypertension|diabetes|renal|cardiovascular; 3:cohort builder|electronic health record|workbench|EHR|SNOMED; 4:depression|anxiety|psychological|stress|mindfulness; 6:social determinants of health|access to care|African American|food insecurity|racial and ethnic|socioeconomic|disparities|rural|income|neighborhood|race and ethnicity|Asian American|discrimination|Hispanic|housing; 9:lupus|systemic lupus|autoimmune disease|SLE|autoimmune; 14:stroke
890,39781537,2025,Real World Data Versus Probability Surveys for Estimating Health Conditions at the State Level,Journal of Survey Statistics and Methodology,,,false,true,,,
891,39827279,2025,Polygenic overlap with granulocyte counts identifies novel loci for clozapine metabolism and clozapine-induced agranulocytosis,Neuropsychopharmacology : Official Publication of the American College of Neuropsychopharmacology,2,,false,true,,,2:Mendelian randomization|GWAS|GWAS summary|genome-wide association|genome-wide|association studies|loci|polygenic
892,38038754,2023,Obsessive-compulsive disorder among patients with atopic dermatitis: a case-control study in the All of Us research program,Archives of Dermatological Research,4;12,,false,true,VA,,4:obsessive-compulsive; 12:dermatitis|atopic dermatitis
893,38045036,2023,Ancestry-attenuated effects of socioeconomic deprivation on type 2 diabetes disparities in the All of Us cohort,BMC Global and Public Health,1;2;3;6,,false,true,MD,MD,1:type 2 diabetes|T2D|diabetes; 2:genotype|genomic|ancestry|genetic ancestry; 3:Researcher Workbench|electronic health record|ICD|clustering|workbench|ICD-10|EHR|phecode|harmonization; 6:health disparities|Medicaid|deprivation|disparity|Native American|American Indian|minorities|food insecurity|Latino|equity|racial and ethnic|socioeconomic|disparities|Black participants|income|poverty|minority|race and ethnicity|discrimination|Hispanic|housing
894,38038739,2023,Keloids and associated comorbidities in underrepresented populations: a cross-sectional analysis of the All of Us database,Archives of Dermatological Research,6,,false,true,,,6:underrepresented
896,39172282,2024,"Impact on quality of life, health care access, and health care utilization of individuals with vitiligo: an analysis of the All of Us research program",Archives of Dermatological Research,6;12,,false,true,OD,OD;TR,6:equity|socioeconomic; 12:vitiligo
897,,2024,Social Determinants of Health to Predict Type 2 Diabetes,,1;3;6,,false,true,,,1:T2DM|type 2 diabetes|diabetes; 3:machine learning|model performance; 6:social determinants of health
903,39172387,2024,Communicating research findings as a return of value to All of Us Research Program participants: insights from staff at Federally Qualified Health Centers,Journal of the American Medical Informatics Association : JAMIA,,,false,true,OD,OD;TR,
904,39158908,2024,"Contextual Deprivation, Race and Ethnicity, and Income in Air Pollution and Cardiovascular Disease",JAMA Network Open,1;3;4;6;14;17;19,,false,true,ES;HL;OD,ES;EY;HL;OD,1:stroke|hypertension|type 2 diabetes|cholesterol|diabetes|cardiovascular disease|CVD|cardiovascular|myocardial infarction; 3:Researcher Workbench|electronic health record|workbench|EHR; 4:smoking|tobacco; 6:structural racism|health disparities|deprivation|American Indian|racism|low-income|racial and ethnic|socioeconomic|disparities|Black participants|income|poverty|race and ethnicity|Hispanic|housing; 14:stroke; 17:informed consent|recruitment; 19:PM2.5|particulate matter|air pollution|environmental exposure
907,38774345,2024,Alopecia areata and cardiovascular comorbidities: A cross-sectional analysis of the All of Us research program,JAAD International,1;3;4;6;12;14,,false,true,,,1:stroke|venous thromboembolism|hypertension|heart failure|atrial fibrillation|type 2 diabetes|obesity|thromboembolism|CKD|coronary|valvular|diabetes|heart disease|CVD|cardiovascular|hyperlipidemia|myocardial infarction; 3:electronic health record|EHR; 4:psychosocial|psychiatric|smoking; 6:socioeconomic|income; 12:alopecia areata|alopecia; 14:stroke
908,39212461,2024,Higher odds of squamous cell carcinoma in sexual minority males compared with heterosexual males is mediated by HIV status in a mediation analysis of 13 687 participants,Clinical and Experimental Dermatology,5;6;8;12,,false,true,OD,OD,5:carcinoma|skin cancer|cancer; 6:sexual minority|minority; 8:HIV; 12:skin cancer|squamous cell carcinoma
909,39222370,2024,Socioeconomic disparities in kidney transplant access for patients with end-stage kidney disease within the All of Us Research Program,Journal of the American Medical Informatics Association : JAMIA,1;3;6,,false,true,OD,OD;TR,1:kidney disease; 3:Researcher Workbench|workbench; 6:Medicaid|disparity|uninsured|socioeconomic|disparities|income
910,39219888,2024,"Medical, Environmental, and Social Determinants Associated With Periocular Cutaneous Malignancies in the United States Using the All of Us National Database",Cureus,1;3;5;6;7;12;18,,false,true,LM,ES;LM,1:hypertension|diabetic|hyperlipidemia; 3:Researcher Workbench|ICD|workbench|claims data|EHR|SNOMED|notebook|feature selection; 5:melanoma|carcinoma|skin cancer|malignancy|cancer; 6:education level|minorities|socioeconomic|underrepresented|income|race and ethnicity|housing; 7:wearable|wearable device; 12:skin cancer|basal cell carcinoma|squamous cell carcinoma|cutaneous|actinic keratosis; 18:glaucoma|macular degeneration|diabetic retinopathy|retinopathy|macular
911,39213390,2024,Landscape of racial and ethnic health disparities in the All of Us Research Program,Database : The Journal of Biological Databases and Curation,3;6,,false,true,MD,MD,3:electronic health record|EHR; 6:health disparities|equity|racial and ethnic|disparities
913,39231067,2024,"Cigarette smoking, e-cigarette use, and sociodemographic correlates of mental health and tobacco-related disease risk in the All of Us Research Program",Journal of the American Medical Informatics Association : JAMIA,4;6,,false,true,,,4:mental health|smoking|tobacco|e-cigarette; 6:socioeconomic|income
916,39163132,2024,Protein-truncating variant in APOL3 increases chronic kidney disease risk in epistasis with APOL1 risk alleles,JCI Insight,1;2;3;8,,false,true,EB;HL;TR,EB;HL;OD;TR,1:glomerular|CKD|end-stage renal|ESRD|renal disease|nephropathy|renal|kidney disease|eGFR|creatinine; 2:PheWAS|whole-genome sequencing|SAIGE|genotype|genomic|genetic variant|phenome-wide|genetic risk|haplotype|association studies|genetic association|loci|gnomAD|exome|exome sequencing; 3:Researcher Workbench|ICD|clustering|workbench|random forest|ICD-10|EHR|data quality; 8:HIV|infection
917,38508198,2024,Integrative polygenic risk score improves the prediction accuracy of complex traits and diseases,Cell Genomics,1;2;3;4;6;9;13;14;17,,false,true,HG;HL;OD,HG;HL;OD;TR,1:atrial fibrillation|type 2 diabetes|T2D|HDL|cholesterol|triglyceride|endocrine|coronary|blood pressure|cardiometabolic|BMI|diabetes|CAD|type 1 diabetes; 2:PheWAS|PRS|whole-genome sequencing|polygenic risk score|GWAS|polygenic score|genomics|GWAS summary|genotype|SNP|genomic|whole genome sequencing|ancestry|phenome-wide|admixture|association studies|genetic ancestry|heritability|polygenic; 3:AoU Researcher Workbench|Researcher Workbench|electronic health record|ICD|AUC|workbench|SNOMED|notebook; 4:depression|smoking; 6:deprivation|minorities|racial and ethnic|underrepresented|income; 9:lupus|systemic lupus|rheumatoid arthritis; 13:asthma; 14:migraine; 17:advisory board|community advisory|trust|data sharing|informed consent|ethics
918,39222019,2024,"Rare Genetic Variants in LDLR, APOB, and PCSK9 Are Associated With Aortic Stenosis",Circulation,1,,false,true,HL;NS;OD,EY;HG;HL;NR;NS;OD;TR,1:aortic stenosis|cholesterol|LDL|aortic|lipid
919,39259934,2024,Experiences in providing a community educational resource for the All of Us Researcher Workbench,Journal of the American Medical Informatics Association : JAMIA,2;3;6;17,,false,true,OD,OD,2:PheWAS|genomics|genomic; 3:Researcher Workbench|cohort builder|workbench|artificial intelligence|notebook; 6:equity|underrepresented|Hispanic; 17:outreach|community engagement|researcher workbench training
920,39254529,2024,Navigating electronic health record accuracy by examination of sex incongruent conditions,Journal of the American Medical Informatics Association : JAMIA,2;3;5;6;10;17;18,,false,true,AI;CA;DE;GM;OD,AI;CA;DE;GM;OD;TR,2:genomics|genomic; 3:Researcher Workbench|electronic health record|workbench|OMOP|EHR|data quality|interpretability; 5:prostate cancer|cancer; 6:transgender|socioeconomic|race and ethnicity; 10:cystic fibrosis|sickle cell; 17:trust|informed consent; 18:macular degeneration|macular
921,39248157,2024,Semaglutide use in people with obesity and type 2 diabetes from real-world utilization data: An analysis of the All of US Program,"Diabetes, Obesity & Metabolism",1;3;7,,false,true,,,1:GLP-1|type 2 diabetes|obesity|BMI|diabetes; 3:workbench|EHR; 7:wearable|wearable device
922,39243700,2024,Hispanic individuals' cervical cancer screening disparities amidst the COVID-19 pandemic,Gynecologic Oncology,5;6;8,,false,true,,,5:cervical cancer|cancer|cancer screening; 6:disparity|disparities|income|Hispanic; 8:COVID-19
923,39239849,2024,Molluscum contagiosum is associated with atopic dermatitis and sexually transmitted infections in a matched case-control study using a national database,International Journal of STD & AIDS,8;12,,false,true,,,8:HIV|herpes; 12:dermatitis|atopic dermatitis
928,,2024,Beyond Risk: Exploring Genetic Determinants of T2DN Resilience in the All of Us Research Program,,1;2;6,,false,true,,,1:type 2 diabetes|T2D|diabetic|end-stage renal|ESRD|renal disease|BMI|nephropathy|diabetes|renal; 2:genomics|SNP|genome-wide|genetic risk|admixture; 6:social determinants of health
930,37816410,2023,Prevalence of calcinosis cutis in the United States using the All of Us research database,Journal of the American Academy of Dermatology,,,false,true,,,
932,37823074,2023,"A national examination of discrimination, resilience, and depressive symptoms during the COVID-19 pandemic: the All of Us Research Program",Frontiers in Psychology,4;6;8;17,,false,true,,,4:loneliness|well-being|cognitive behavioral|mental health|coping|depressive|psychological|stress; 6:gay|transgender|lesbian|African American|minorities|bisexual|racial and ethnic|socioeconomic|disparities|Latinx|income|discrimination|Hispanic; 8:COVID-19|vaccine; 17:informed consent|ethics
933,37806530,2023,Comorbidities of psoriasis in underrepresented patient populations: An All of Us database analysis,Journal of the American Academy of Dermatology,6;9;12,,false,true,OD,OD;TR,6:underrepresented; 9:psoriasis; 12:psoriasis
934,38112663,2023,Infectious disease among adults with allergic contact dermatitis: a propensity score-matched case-control study,The British Journal of Dermatology,12,,false,true,,,12:dermatitis|contact dermatitis
935,38145439,2023,Air quality and cancer risk in the All of Us Research Program,Cancer Causes & Control : CCC,1;3;4;5;6;15;19,,false,true,OD,OD,1:endocrine|BMI; 3:Researcher Workbench|workbench|random forest|OMOP|EHR|gradient boosting|SNOMED|notebook; 4:smoking|tobacco|stress; 5:prostate cancer|breast cancer|leukemia|ovarian cancer|thyroid cancer|lung cancer|endometrial cancer|pancreatic cancer|head and neck cancer|stomach cancer|cancer|esophageal cancer|bladder cancer; 6:Latino|racial and ethnic|socioeconomic|underrepresented|disparities|rural|income|minority|Hispanic; 15:endometrial cancer|cervix|gynecologic; 19:PM2.5|particulate matter|air pollution
936,38252292,2024,Comorbid psychiatric disease significantly mediates increased rates of alcohol use disorder among patients with inflammatory and pigmentary skin disorders: a case-control study in the All of Us Research Program,Archives of Dermatological Research,4;12,,false,true,,,4:alcohol use disorder|depression|anxiety|AUD|psychiatric|psychological; 12:dermatitis|rosacea|dermatologic|melasma|atopic dermatitis|vitiligo|hidradenitis suppurativa|psoriasis|acne
937,38311536,2024,Post stroke pain: Is there under-diagnosis in Black versus White patients?,Journal of the National Medical Association,1;4;14,14.2-stroke-cerebro,false,true,,,1:stroke; 4:pain; 14:stroke
938,38129972,2023,Updated DPYD HapB3 haplotype structure and implications for pharmacogenomic testing,Clinical and Translational Science,2;3;6;16,,false,true,CA;OD,CA;OD;TR,2:WGS|genotype|SNP|genomic|whole genome sequencing|ancestry|haplotype|genetic ancestry|gnomAD|exome|exome sequencing; 3:Researcher Workbench|variant effect predictor|workbench; 6:Latino|equity; 16:pharmacogenomic|metabolizer
940,38827060,2024,Development and Validation of an Individual Socioeconomic Deprivation Index (ISDI) in the NIH's All of Us Data Network,AMIA Joint Summits on Translational Science Proceedings. AMIA Joint Summits on Translational Science,6,,false,true,,,6:area deprivation index|deprivation|SDOH|socioeconomic
942,38886995,2024,Use of All of Us data to increase health literacy and research skills in high school students,Journal of the American Medical Informatics Association : JAMIA,6,,false,true,LM,OD,6:health disparities|health literacy|disparities
943,39181122,2024,Characterizing apparent treatment resistant hypertension in the United States: insights from the All of Us Research Program,Journal of the American Medical Informatics Association : JAMIA,1;3;6,,false,true,HL,OD,1:hypertension|heart failure|blood pressure|diabetes|kidney disease|cardiovascular disease|cardiovascular|hyperlipidemia; 3:Researcher Workbench|workbench|SNOMED; 6:deprivation|African American
944,39166468,2024,Comorbidities associated with discoid lupus erythematosus: A case-control study in the All of Us Research Program,Experimental Dermatology,9;12,,false,true,,,9:lupus|discoid lupus; 12:discoid lupus erythematosus
946,39180570,2024,Alopecia areata does not increase the risk of venous thromboembolism: an All of Us case-control study,Archives of Dermatological Research,1;9;12;14;15,,false,true,,,1:stroke|venous thromboembolism|atrial fibrillation|obesity|thromboembolism|deep vein thrombosis|thrombosis|myocardial infarction|pulmonary embolism; 9:autoimmune disease|autoimmune; 12:alopecia areata|alopecia; 14:stroke; 15:pregnancy
947,,2024,Exploring the Association of Hidradenitis Suppurativa and Hyperthyroidism,,12,,false,true,,,12:hidradenitis suppurativa
948,39264594,2024,Chronic Rhinosinusitis and Mental Health,JAMA Otolaryngology-- Head & Neck Surgery,4;6;18,,false,true,,,4:depression|anxiety|psychiatric|mental health; 6:African American|socioeconomic|income; 18:chronic rhinosinusitis|CRS
949,39258846,2024,Patterns of misdiagnosis in adults with alopecia areata: an analysis using the NIH's All of Us database,International Journal of Dermatology,12,,false,true,,,12:alopecia areata|alopecia
950,39269931,2024,Development and evaluation of a training curriculum to engage researchers on accessing and analyzing the All of Us data,Journal of the American Medical Informatics Association : JAMIA,1;2;3;4;5;6;9;17,,false,true,HG;OD,HG;OD;TR,1:cardiovascular disease|cardiovascular; 2:genomics|genomic|genome-wide association|genome-wide|genetic risk|association studies; 3:Researcher Workbench|workbench|EHR|notebook; 4:opioid|mental health; 5:prostate cancer|breast cancer|BRCA2|BRCA1|cancer; 6:minorities|equity|UBR|racial and ethnic|disparities|minority|discrimination; 9:lupus|IBD|inflammatory bowel disease; 17:outreach|community engagement|recruitment
951,39271092,2024,Relationship Between Glaucoma and Chronic Stress Quantified by Allostatic Load Score in the All of Us Research Program,American Journal of Ophthalmology,1;4;6;18,,false,true,EY;LM;OD,DE;ES;EY;LM;OD;TR,1:glomerular|cholesterol|blood pressure; 4:stress; 6:disparities|Hispanic; 18:glaucoma
952,39276697,2024,Racial and ethnic differences in the receipt of continuous positive airway pressure treatment for obstructive sleep apnea,Sleep Medicine,6;13,,false,true,MD;OD,AG;MD;OD;TR,6:racial and ethnic|socioeconomic|underrepresented|disparities|Hispanic; 13:obstructive sleep apnea|sleep apnea|OSA
957,38844146,2024,Discrimination in Medical Settings across Populations: Evidence From the All of Us Research Program,American Journal of Preventive Medicine,6,,false,true,MD;OD,AG;MD;OD;TR,6:disparities|discrimination|Hispanic
958,38843990,2024,The feasibility of using the All of Us Research Program survey data in evaluation of patients with colorectal cancer,Journal of Gastrointestinal Surgery : Official Journal of the Society for Surgery of the Alimentary Tract,5,,false,true,,,5:colorectal cancer|cancer|colorectal
959,38835708,2024,Mendelian Randomization Analysis Supports Causal Effect of Type II Diabetes Mellitus on Onychomycosis,Skin Appendage Disorders,1;2;3;10;12,,false,true,CA;GM,CA;GM;HL,1:T2DM|diabetes; 2:Mendelian randomization|GWAS|genomic|genome-wide association|genome-wide|ancestry|genetic risk|association study|genetic ancestry; 3:electronic health record|ICD|EHR|SNOMED; 10:Mendelian; 12:dermatologic|onychomycosis
960,38822896,2024,Reduced rates of substance use disorder in patients with alopecia: An all of us case-control study,Archives of Dermatological Research,4;12,,false,true,,,4:depression|anxiety|substance use disorder|SUD|substance use|psychosocial|mental health|psychological|psychotherapy; 12:alopecia areata|alopecia
961,38787299,2024,Prediction of Readmission Following Sepsis Using Social Determinants of Health,Critical Care Explorations,1;3;6;8,,false,true,GM;LM,ES;GM;LM,1:heart failure|cardiovascular|cardiac; 3:risk prediction|OMOP|missing data; 6:social determinants of health|transgender|access to care|minorities|underrepresented|poverty|race and ethnicity|Hispanic; 8:infection|sepsis
962,38774403,2024,Lower Income and Nonheterosexual Orientation Are Associated With Poor Access to Care in Patients With Knee Osteoarthritis,Arthroplasty Today,1;3;4;6,,false,true,,,1:diabetes|cardiovascular disease|cardiovascular; 3:electronic health record|workbench; 4:depression|anxiety|mental health; 6:health disparities|social determinants of health|gay|transgender|lesbian|access to care|African American|education level|minorities|Latino|low-income|bisexual|racial and ethnic|socioeconomic|underrepresented|disparities|income|minority|Hispanic
967,38862854,2024,Exome sequence analysis identifies rare coding variants associated with a machine learning-based marker for coronary artery disease,Nature Genetics,1;2;3,,false,true,AG;GM;HL;TR;VA,AG;GM;HL;TR,1:coronary|CAD; 2:genetic association|exome; 3:machine learning
968,38878188,2024,Increased risk of keloids in atopic dermatitis patients with allergic comorbidities: an all of us database analysis,Archives of Dermatological Research,12,,false,true,,,12:dermatitis|atopic dermatitis
969,38850422,2024,Characterizing hypertrophic scars in underrepresented groups: a cross-sectional analysis of the All of Us database,Archives of Dermatological Research,6,,false,true,,,6:underrepresented groups|underrepresented
970,38850315,2024,A retrospective case-control analysis of various comorbidities associated with Merkel Cell Carcinoma,Archives of Dermatological Research,5,,false,true,,,5:Merkel cell|carcinoma
971,38850290,2024,Prevalence and association of polycystic ovary syndrome and hidradenitis suppurativa in underrepresented groups,Archives of Dermatological Research,1;3;4;6;12;15,,false,true,OD,OD;TR,1:obesity|diabetes; 3:ICD|ICD-10|SNOMED; 4:alcohol use disorder; 6:underrepresented groups|Medicaid|deprivation|socioeconomic|underrepresented|minority; 12:hidradenitis suppurativa; 15:polycystic ovary syndrome|PCOS|polycystic ovary
974,38895514,2024,Understanding the use of CATI and web-based data collection methods during the pandemic among digitally challenged groups at FQHCs: data from the All of Us Research Program,Frontiers in Digital Health,4;6;8;17,,false,true,,,4:mental health|stress; 6:social determinants of health|UBR|socioeconomic|underrepresented|income|discrimination; 8:COVID-19; 17:FQHC|trust|informed consent|library|consent process|ethics|recruitment|dialogue
975,39556086,2024,"Exploring New Links Among Keratoconus, Hormonal Factors, and Medications: Insights From a Case-Control Study Utilizing the All of Us Database",Translational Vision Science & Technology,1;3;6;12;15;18,,false,true,EY,EY,1:obesity|diabetes; 3:Researcher Workbench|ICD|workbench|SNOMED|notebook; 6:African American|Hispanic; 12:eczema; 15:pregnancy; 18:allergic rhinitis|rhinitis
977,,2024,Drug-induced Photosensitivity and Malignant Melanoma in Latino Populations: A Case-Control Study in the All of Us Research Program,,5;6;12;16,,false,true,,,5:melanoma|skin cancer|cancer; 6:Latino|underrepresented|Hispanic; 12:skin cancer|cutaneous; 16:drug-induced
981,39155684,2024,"Family History of Arthritis, Osteoporosis, and Carpal Tunnel Syndrome and Risk of These Conditions Among US Adults",Arthritis Care & Research,6;9;14,,false,true,OD,OD;TR,6:socioeconomic|disparities|race and ethnicity; 9:lupus|systemic lupus|rheumatoid arthritis|SLE; 14:carpal tunnel
984,39747168,2025,Integrating electronic health records and GWAS summary statistics to predict the progression of autoimmune diseases from preclinical stages,Nature Communications,1;2;3;5;8;9;14;18,,false,true,AI;ES;GM;HD;HG;HL;NS;OD;RR;TR,AI;ES;GM;HD;HG;HL;NS;OD;RR;TR,1:hypertension|cirrhosis|renal; 2:PheWAS|PRS|REGENIE|GWAS|GWAS summary|genotype|SNP|genomic|genome-wide association|genome-wide|ancestry|genetic risk|association study|admixture|association studies|genetic ancestry|heritability|polygenic; 3:electronic health record|ICD|AUC|risk prediction|ICD-10|EHR; 5:leukemia|lymphoma|ALL; 8:antibody|infection; 9:multiple sclerosis|lupus|systemic lupus|ankylosing spondylitis|rheumatoid arthritis|ankylosing|RA|SLE|autoimmune; 14:multiple sclerosis; 18:glaucoma
987,39725137,2024,Genetic modifiers of asthma response to air pollution in children: An African ancestry GWAS and PM(2.5) polygenic risk score study,Environmental Research,2;13;19,,false,true,ES;HL;TR,AG;ES;HL;OD;TR,2:PRS|polygenic risk score|GWAS|genome-wide|ancestry|loci|polygenic; 13:asthma; 19:air pollution
988,39666044,2024,"Association between non-melanoma skin cancer, psoriasis, and immunomodulatory therapy: a national epidemiologic study",Archives of Dermatological Research,5;9;12,,false,true,,,5:melanoma|skin cancer|cancer; 9:psoriasis; 12:skin cancer|psoriasis
990,39652908,2024,"Psoriasis Is Associated With Increased Risk of Psychiatric Disorders and Sexual Dysfunction in a Case-Control Study of 29,912 Patients",Dermatology Practical & Conceptual,3;4;6;9;12;13,,false,true,,,3:ICD|SNOMED; 4:depression|anxiety|bipolar disorder|schizophrenia|psychiatric|mental health|smoking|bipolar|depressive|mood disorder; 6:socioeconomic|Black patients; 9:dermatomyositis|psoriasis; 12:skin condition|psoriasis; 13:insomnia|sleep apnea
994,39763331,2025,Analysing ocular comorbidities among patients with psoriasis: a case-control study using the All of Us Research Program,Clinical and Experimental Dermatology,9;12,,false,true,,,9:psoriasis; 12:psoriasis
998,34562549,2021,Association of lichen planus with cardiovascular disease: A combined analysis of the UK Biobank and All of Us Study,Journal of the American Academy of Dermatology,1;12,,false,true,,,1:cardiovascular disease|cardiovascular; 12:lichen planus
999,37669985,2023,Demonstrating paths for unlocking the value of cloud genomics through cross cohort analysis,Nature Communications,1;2;3;6;11;17,,false,true,HG;HL;OD,AG;DE;HG;HL;OD;TR,1:HDL|cholesterol|LDL|lipid|statin; 2:REGENIE|GWAS|WGS|genomics|genomic|genome-wide association|genome-wide|ancestry|association study|association studies|genetic ancestry|loci|gnomAD|exome|exome sequencing; 3:data harmonization|Researcher Workbench|cohort builder|electronic health record|workbench|harmonization; 6:underrepresented|Hispanic; 11:APOE; 17:trust|data sharing|recruitment
1001,38917427,2024,Disparities in ABO blood type determination across diverse ancestries: a systematic review and validation in the All of Us Research Program,Journal of the American Medical Informatics Association : JAMIA,2;6,,false,true,HL;OD,HL;OD,2:genomic|ancestry; 6:underrepresented|disparities
1002,37148359,2023,The power of TOPMed imputation for the discovery of Latino-enriched rare variants associated with type 2 diabetes,Diabetologia,1;2;6,,false,true,CA;DK;GM;HG;HL;OD,AG;CA;DC;DE;DK;GM;HG;HL;NS;OD;TR,1:type 2 diabetes|endocrine|cardiometabolic|diabetes|lipid; 2:PRS|whole-genome sequencing|GWAS|multi-ancestry|WGS|polygenic score|genotype|locus|SNP|genomic|genome-wide association|genome-wide|genotype imputation|ancestry|imputation|phenome-wide|association study|loci|gnomAD|exome|exome sequencing|polygenic|local ancestry; 6:Native American|Latino|underrepresented|disparities|Hispanic
1003,39440031,2024,Digital approaches in post-COVID healthcare: a systematic review of technological innovations in disease management,Biology Methods & Protocols,1;3;4;6;7;8;17,,false,true,,,1:hypertension|obesity|diabetes|kidney disease|CVD|cardiac; 3:AUC|random forest|F1 score|EHR|artificial intelligence|XGBoost|machine learning|NLP|feature selection; 4:depression|mental health|smoking|psychological; 6:disparity|socioeconomic|income; 7:wearable|physical activity; 8:SARS-CoV-2|COVID-19|long COVID|infection; 17:patient-reported|recruitment
1005,39202457,2024,Genotype-First Approach Identifies an Association between rs28374544/FOG2(S657G) and Liver Disease through Alterations in mTORC1 Signaling,Genes,1;2;5;6,,false,true,,,1:hepatocellular carcinoma|cirrhosis|triglyceride|coronary|cardiometabolic|insulin resistance|fatty liver|lipid|MASH; 2:GWAS|SAIGE|genomics|genotype|genomic|genetic variant|ancestry|exome; 5:carcinoma|hepatocellular carcinoma|hepatocellular; 6:African American|disparities|Hispanic
1013,39101109,2024,The Molecular-Social-Genetic Determinants of Cardiovascular Health in Pacific Islanders,JACC. Asia,1;2;3;6;16,,false,true,,,1:hypertension|T2D|HDL|cholesterol|triglyceride|cardiometabolic|diabetes|heart disease|cardiovascular disease|CVD|cardiovascular|cardiac; 2:genotype|genomic|ancestry|admixture; 3:clustering|machine learning; 6:health disparities|disparity|African American|equity|underrepresented|disparities|minority|Hispanic; 16:CYP2C19|pharmacogenomic|drug response|warfarin
1014,38443691,2024,Multi-ancestry polygenic mechanisms of type 2 diabetes,Nature Medicine,1;2,,false,true,DK;HG,DK;HG,1:type 2 diabetes|T2D|cardiometabolic|BMI|diabetes; 2:multi-ancestry|genome-wide association|genome-wide|ancestry|genetic risk|association studies|polygenic
1018,39670377,2024,Uterine fibroids show evidence of shared genetic architecture with blood pressure traits,Pacific Symposium on Biocomputing. Pacific Symposium on Biocomputing,1;2;4;5;6;15,,false,true,AR;HD;HL,AI;AR;HD;HL;OD,1:hypertension|coronary|blood pressure|cardiovascular disease|cardiovascular; 2:Mendelian randomization|GWAS|multi-ancestry|GWAS summary|SNP|genome-wide association|genome-wide|ancestry|imputation|genetic risk|association study|heritability|single nucleotide polymorphism; 4:pain|stress; 5:breast cancer|cancer|tumor|tumor suppressor; 6:social determinants of health|disparities|Black patients; 15:uterine fibroid|uterine fibroids|endometriosis|infertility|menstrual|gynecologic|fertility|obstetrics|abnormal uterine bleeding
1021,,2022,Utilizing a Social-Ecological Health Promotion Framework to Engage Diverse Populations for Recruitment in the All of Us Research Program,,17,,false,true,,,17:research engagement|CBPR|community-based participatory|recruitment
1022,31259015,2019,Implementation of Informatics to Support the NIH All of Us Research Program in a Healthcare Provider Organization,AMIA Joint Summits on Translational Science Proceedings. AMIA Joint Summits on Translational Science,,,false,true,OD;TR,OD;TR,
1024,31161416,2019,"Mind the gap: resources required to receive, process and interpret research-returned whole genome data",Human Genetics,2;6,,false,true,TR,TR,2:genotype|genomic|whole genome sequencing; 6:socioeconomic|disparities
1025,35309008,2022,Expressing and Executing Informed Consent Permissions Using SWRL: The All of Us Use Case,AMIA ... Annual Symposium Proceedings. AMIA Symposium,17,,false,true,AI,AI,17:informed consent|consent process
1026,30779778,2019,Data model harmonization for the All Of Us Research Program: Transforming i2b2 data into the OMOP common data model,PloS One,1;3,,false,true,HG;OD,HG;OD,1:obesity|diabetes; 3:electronic health record|ICD|OMOP|ICD-10|EHR|data quality|harmonization|SNOMED
1027,37749244,2023,A new method for multiancestry polygenic prediction improves performance across diverse populations,Nature Genetics,2,,false,true,CA;HG;HL;OD,CA;HG;HL;OD;TR,2:PRS|SNP|genome-wide association|genome-wide|ancestry|association study|association studies|multiancestry|polygenic
1030,39027313,2024,Secure Discovery of Genetic Relatives across Large-Scale and Distributed Genomic Datasets,"Research in Computational Molecular Biology : ... Annual International Conference, RECOMB ... : Proceedings. RECOMB %28Conference : 2005- %29",2;3;9,,false,true,,,2:REGENIE|GWAS|genotype|SNP|genomic|genome-wide association|genome-wide|ancestry|haplotype|association studies|loci|single nucleotide polymorphism; 3:privacy-preserving|federated learning; 9:IBD
1031,39043402,2024,allofus: an R package to facilitate use of the All of Us Researcher Workbench,Journal of the American Medical Informatics Association : JAMIA,3,,false,true,OD,OD;TR,3:allofus R package|Researcher Workbench|cohort builder|electronic health record|workbench|OMOP
1034,,2024,Knowledge-Driven Data Sharing Governance: Developing a data provenance model for constructing context-aware data sharing frameworks for linkage data within the All of Us Research Program,,3;6;17,,false,true,,,3:privacy-preserving; 6:underrepresented|minority; 17:data sharing
1037,39190874,2024,User guide for Social Determinants of Health Survey data in the All of Us Research Program,Journal of the American Medical Informatics Association : JAMIA,3;4;6;17;19,,false,true,NR;OD,NR;OD;TR,3:Researcher Workbench|electronic health record|workbench|missing data|notebook; 4:loneliness|well-being|stress; 6:health disparities|social determinants of health|food insecurity|equity|underrepresented|disparities|neighborhood|discrimination|housing; 17:advisory board|community advisory|outreach|biospecimen|library; 19:built environment|walkability|heat
1038,39207266,2024,Applying Engagement Marketing and Human-Centered Design to Cocreate a Digital Decision Support Tool for Research Participation with LGBTQIA+ Community Members,"Cyberpsychology, Behavior and Social Networking",17,,false,true,,,17:community advisory|research participation|trust
1043,25987822,2015,Precision medicine initiative aims for a new generation of diagnostics and treatments: but is the promise of genetic targeting overinflated?,P & T : A Peer-Reviewed Journal for Formulary Management,,,false,true,,,
1044,25928209,2015,The precision medicine initiative: a new national effort,Jama,,,false,true,,,
1047,25751403,2015,Obama's Precision Medicine Initiative,Genetic Testing and Molecular Biomarkers,,,false,true,,,
1049,,2022,All of Us: A National Effort to Improve Health,Taylor & Francis Online: Peer-reviewed Journals,,,false,true,,,
1052,37962944,2023,The Importance of Data Quality Control in Using Fitbit Device Data From the Research Program,JMIR mHealth and uHealth,3;7,,false,true,OD,OD;TR,3:Researcher Workbench|workbench|missing data|data quality; 7:accelerometer|step count|Fitbit|wearable|physical activity|sensor|sedentary|wearable device|sleep duration
1056,38091411,2023,Data-driven science and diversity in the All of Us Research Program,Science Translational Medicine,,,false,true,,,
1058,38237863,2024,Enhancing study designs of disease prevalence investigations conducted with the All of Us Research Program,Journal of the American Academy of Dermatology,,,false,true,,,
1069,29429062,2018,Towards precision medicine; a new biomedical cosmology,"Medicine, Health Care, and Philosophy",7;17,,false,true,,,7:Fitbit|sensor; 17:trust|data sharing
1071,34115137,2021,Progress With the All of Us Research Program: Opening Access for Researchers,Jama,,,false,true,OD,OD,
1073,35803232,2022,Digital health-enabled genomics: Opportunities and challenges,American Journal of Human Genetics,2;8;17,,false,true,HL,HL,2:genomics|genomic; 8:COVID-19; 17:genetic counseling
1075,26327928,2015,News from the NIH: potential contributions of the behavioral and social sciences to the precision medicine initiative,Translational Behavioral Medicine,,,false,true,,,
1084,35854725,2022,EHR Data Quality Assessment Tools and Issue Reporting Workflows for the 'All of Us' Research Program Clinical Data Research Network,AMIA Joint Summits on Translational Science Proceedings. AMIA Joint Summits on Translational Science,3,,false,true,,,3:EHR data quality|data integration|EHR|data quality
1086,32726527,2020,The Illusion of Inclusion - The 'All of Us' Research Program and Indigenous Peoples' DNA,The New England Journal of Medicine,,,false,true,,,
1090,32068711,2020,Impact of the All of Us research program,Nursing,,,false,true,,,
1091,31219738,2019,Emerging Concepts in Precision Medicine and Cardiovascular Diseases in Racial and Ethnic Minority Populations,Circulation Research,1;2;6,,false,true,,,1:cardiovascular disease|cardiovascular; 2:genomics|ancestry; 6:minorities|racial and ethnic|disparities|minority|race and ethnicity
1093,31735716,2019,"Envisioning Future Research and Clinical Practice with a Bioethics Lens: A Word for the Next Generation of Researchers (All of Us Research Program, Activism, and Policy Implications)",Journal of Health Care for the Poor and Underserved,,,false,true,CA,CA;OD,
1096,36540961,2022,How Fitbit data are being made available to registered researchers in All of Us Research Program,Pacific Symposium on Biocomputing. Pacific Symposium on Biocomputing,3;7,,false,true,OD,EY;HG;NR;OD;TR,3:electronic health record|EHR; 7:Fitbit
1104,31556958,2019,All of Us Research,Journal of Continuing Education in Nursing,,,false,true,,,
1105,36993788,2022,Engagement marketing for social good: Application to the All of Us Research Program,Frontiers in Genetics,2;4;6;17,,false,true,,,2:genomics|genomic; 4:well-being|psychological; 6:health disparities|underrepresented|disparities|structural barriers|marginalized; 17:trust|stakeholder
1106,31412182,2019,The 'All of Us' Research Program,The New England Journal of Medicine,6,,true,false,CA;ES;OD,CA;ES;OD;RR;TR,6:socioeconomic|underrepresented
1108,37523189,2023,Assessing the Health Status of Sexual and Gender Minority Adults: What We Can Learn When We Include All of Us,JAMA Network Open,6,,false,true,HL,AG;HL,6:gender minority|minority
1109,37561600,2023,"The All of Us Data and Research Center: Creating a Secure, Scalable, and Sustainable Ecosystem for Biomedical Research",Annual Review of Biomedical Data Science,,,false,true,DK;OD,DK;EY;HG;NR;OD;TR,
1110,36876959,2023,Precision Medicine for Whom? Public Health Outputs from 'Genomics England' and 'All of Us' to Make Up for Upstream and Downstream Exclusion,The American Journal of Bioethics : AJOB,2,,false,true,,,2:genomics
1111,36853841,2023,Asked & Answered: All of Us and What It Means to All of You,Genetic Testing and Molecular Biomarkers,,,false,true,,,
1119,36449919,2022,Innovation in Large-Scale Research Programs: Elevating Research Participants to Governance Roles Through the All of Us Research Program Engagement Core,Academic Medicine : Journal of the Association of American Medical Colleges,2;6;8;17,,false,true,OD,OD,2:genomics|ancestry; 6:health disparities|gender minority|minorities|equity|underrepresented|disparities|minority|marginalized|race and ethnicity; 8:COVID-19; 17:community advisory|participant engagement|trust|ethics|recruitment
1123,30963079,2019,Implementing a universal informed consent process for the All of Us Research Program,Pacific Symposium on Biocomputing. Pacific Symposium on Biocomputing,17,,false,true,HG;OD,HG;OD,17:informed consent|consent process|recruitment
1126,30366570,2018,"Understanding the All of Us Research Program: A Dialogue with Dara Richardson-Heron, MD",The Journal of the Association of Nurses in AIDS Care : JANAC,17,,false,true,,,17:dialogue
1127,32609747,2020,Diversity and inclusion for the All of Us research program: A scoping review,PloS One,6;17,,false,true,HL;OD;TR,HL;OD;TR,6:underrepresented groups|health disparities|social determinants of health|gender minority|health literacy|disparity|access to care|minorities|equity|racial and ethnic|underrepresented|disparities|rural|income|poverty|minority|race and ethnicity|discrimination; 17:research participation|participant engagement|trust|library|recruitment|stakeholder
1128,33740447,2021,Precision medicine in 2030-seven ways to transform healthcare,Cell,,,false,true,HG,OD,
1130,30053823,2018,The new era of precision population health: insights for the All of Us Research Program and beyond,Journal of Translational Medicine,3;6;13;15;17,,false,true,DK;HS;OD,DK;HS;OD,3:data integration|electronic health record|data linkage; 6:gender minority|disparities|neighborhood|minority|SGM|housing; 13:asthma; 15:preterm birth; 17:trust|community engagement|community-based participatory|recruitment
1131,29975219,2018,The All of Us Research Program: One size does not fit all,The Nurse Practitioner,,,false,true,,,
1132,38509161,2024,Global genomic diversity for All of Us,Nature Reviews. Genetics,2;6,,false,true,,,2:genomic|genome-wide; 6:underrepresented|income|minority
1134,29512940,2018,Engaging populations underrepresented in research through novel approaches to consent,"American Journal of Medical Genetics. Part C, Seminars in Medical Genetics",2;6;17,,false,true,HG;LM;OD,HG;LM;OD,2:genomics|genomic; 6:underrepresented; 17:informed consent|recruitment
1136,32597528,2020,Does Solidarity Require 'All of Us' to Participate in Genomics Research?,The Hastings Center Report,2,,false,true,,,2:genomics|genomic
1137,36543094,2022,Reducing chronic disease may just be a walk in the park,Cell Reports. Medicine,1;4;7;8;13,,false,true,,,1:hypertension|obesity|diabetes|cardiovascular disease|cardiovascular; 4:major depressive disorder|depressive; 7:step count|Fitbit|wearable|wearable device; 8:COVID-19; 13:obstructive sleep apnea|sleep apnea
1138,28541278,2017,Sharing data under the 21st Century Cures Act,Genetics in Medicine : Official Journal of the American College of Medical Genetics,,,false,true,HG,HG,
1139,28441039,2017,High-Throughput Processing to Preserve Viable Cells: A Precision Medicine Initiative Cohort Program Workshop,Biopreservation and Biobanking,,,false,true,,,
1141,33103651,2020,Holding Space for All of Us,AMA Journal of Ethics,17,,false,true,,,17:trust|toolkit
1142,27929525,2016,"The Precision Medicine Initiative's All of Us Research Program: an agenda for research on its ethical, legal, and social issues",Genetics in Medicine : Official Journal of the American College of Medical Genetics,6;17,,false,true,,,6:health disparities|disparities; 17:ELSI|participant engagement
1164,32090259,2020,Leveraging the health information technology infrastructure to advance federal research priorities,Journal of the American Medical Informatics Association : JAMIA,,,false,true,,,
1168,32064110,2020,Exploring African American community perspectives about genomic medicine research: A literature review,SAGE Open Medicine,2;6;16;17,,false,true,MD,MD,2:genomics|genomic|ancestry|genetic risk; 6:health disparities|access to care|African American|minorities|equity|underrepresented|disparities|minority|discrimination; 16:pharmacogenomic; 17:African American community|community perspectives|research participation|research engagement|trust|community engagement|informed consent|perspectives about|recruitment
1173,31633387,2019,Precision Health: Bringing Oral Health into the Context of Overall Health,Advances in Dental Research,,,false,true,,,
1174,31592204,2019,The Web of Legal Protections for Participants in Genomic Research,"Health Matrix %28Cleveland, Ohio : 1991%29",2,,false,true,HG,HG,2:genomic|ancestry
1189,38393997,2024,Do Medically Underserved Individuals Benefit from Participating in All of Us?,The American Journal of Bioethics : AJOB,,,false,true,,,
1202,27289128,2016,NIH Precision Medicine Initiative: Implications for Diabetes Research,Diabetes Care,1;2;6;17,,false,true,,,1:type 2 diabetes|obesity|glycemic|insulin resistance|diabetes|type 1 diabetes|atherosclerosis|cardiovascular disease|cardiovascular; 2:genomics|genotype|whole genome sequencing|genetic risk|association studies|genetic association|loci|heritability; 6:health disparities|minorities|racial and ethnic|underrepresented|disparities; 17:participant engagement|stakeholder
1215,30096823,2018,What People Want to Know About Their Genes: A Critical Review of the Literature on Large-Scale Genome Sequencing Studies,"Healthcare %28Basel, Switzerland%29",2;6;10;15;17,,false,true,,,2:whole-genome sequencing|GWAS|WGS|genomics|genomic|genome-wide association|genome-wide|genetic risk|association studies|exome; 6:socioeconomic|minority; 10:hereditary|VUS; 15:pregnancy; 17:trust|focus group|data sharing|return of results|informed consent|library|recruitment
1216,30081448,2018,Laying Anchor: Inserting Precision Health into a Public Health Genetics Policy Course,"Healthcare %28Basel, Switzerland%29",1;2;4;5;6;8;13;16;17,,false,true,,,1:heart failure|diabetes; 2:whole-genome sequencing|WGS|genomics|SNP|genomic|genome-wide association|genome-wide|phenome-wide|genetic risk|association studies|exome|exome sequencing|polygenic; 4:well-being|smoking; 5:prostate cancer|colorectal cancer|cancer|tumor|colorectal|cancer screening; 6:health disparities|social determinants of health|Medicaid|minorities|equity|underrepresented|disparities|neighborhood|marginalized|race and ethnicity|discrimination; 8:HIV; 13:asthma; 16:pharmacogenomic; 17:ELSI|genetic counseling|participant engagement|trust|return of results|biospecimen|consent process|ethics|stakeholder|dialogue
1219,29844141,2018,Interdisciplinary Models for Research and Clinical Endeavors in Genomic Medicine: A Scientific Statement From the American Heart Association,Circulation. Genomic and Precision Medicine,1;2;14,,false,true,HL,HL,1:stroke|cardiovascular; 2:genomics|genomic; 14:stroke
1220,36799620,2023,Design and Implementation of the All of Us Research Program COVID-19 Participant Experience (COPE) Survey,American Journal of Epidemiology,4;6;8,,false,true,OD,OD,4:loneliness|substance use|mental health; 6:racial and ethnic|underrepresented|income|minority|discrimination; 8:COVID-19
1224,,2023,441 Southeastern Wisconsin Community-Based Participatory Research using the All of Us Researcher Workbench,National Center for Biotechnology Information,3;17,,false,true,,,3:AoU Researcher Workbench|Researcher Workbench|workbench|EHR; 17:CBPR|focus group|community-based participatory
1225,34864995,2021,Inference-based correction of multi-site height and weight measurement data in the All of Us research program,Journal of the American Medical Informatics Association : JAMIA,3,,false,true,OD;TR,OD;TR,3:AoU Researcher Workbench|Researcher Workbench|workbench
1227,28852561,2017,Barred from better medicine? Reexamining regulatory barriers to the inclusion of prisoners in research,Journal of Law and the Biosciences,1;4;6;8;17,,false,true,HG;OD,HG;OD,1:diabetes|heart disease; 4:well-being|substance use|mental health; 6:health disparities|minorities|racial and ethnic|disparities|discrimination; 8:HIV|tuberculosis|herpes|hepatitis; 17:research participation|informed consent|recruitment
1232,36205043,2022,The Impact of COVID-19 on the All of Us Research Program,American Journal of Epidemiology,8,,false,true,OD,OD,8:COVID-19
1241,37379900,2023,Response to: 'Alopecia areata is associated with risk of inflammatory arthritis',Journal of the American Academy of Dermatology,12,,false,true,,,12:alopecia areata|alopecia
1249,39547804,2025,Leveraging the All of Us Database for Primary Care Research with Large Datasets,Journal of the American Board of Family Medicine : JABFM,3,,false,true,,,3:Researcher Workbench|workbench
1251,39567741,2024,Biobanking with genetics shapes precision medicine and global health,Nature Reviews. Genetics,2;16,,false,true,,,2:polygenic risk score|genomics|genotype|rare variant|polygenic; 16:pharmacogenomic
1254,39511400,2024,Inclusiveness of the All of Us Research Program improves polygenic risk scores and fosters genomic medicine for all,Communications Medicine,1;2;4;6;7;14,,false,true,,,1:stroke|type 2 diabetes|coronary|diabetes|heart disease|cardiovascular; 2:PRS|GWAS|genomic|genome-wide association|genome-wide|genetic risk|association studies|polygenic; 4:schizophrenia; 6:health disparities|disparity|African American|underrepresented|disparities|minority|marginalized|Hispanic; 7:wearable; 14:stroke
1294,,2023,We need more-diverse biobanks to improve behavioural genetics,Nature,,,false,true,,,
1303,39430348,2024,Big data and electronic health records for glaucoma research,Taiwan Journal of Ophthalmology,3;6;8;17;18,,false,true,,,3:federated learning|natural language processing|OMOP|claims data|EHR|data quality|artificial intelligence|machine learning|NLP|data linkage; 6:social determinants of health|Medicaid|access to care|racial and ethnic|socioeconomic|underrepresented|disparities|minority; 8:COVID-19; 17:data sharing|recruitment; 18:glaucoma|eye disease|retinal|ophthalmology|eye care
1306,39354914,2024,Friends of the National Library of Medicine Workshop on Precision Health: What Does It Mean for Nursing Practice? Accelerating the Integration of Precision Health Into Nursing Practice,"Computers, Informatics, Nursing : CIN",17,,false,true,,,17:library
1307,39375561,2024,A call to action to scale up research and clinical genomic data sharing,Nature Reviews. Genetics,2;17,,false,true,,,2:genomic; 17:community engagement|data sharing
1313,39078280,2024,Returning value to the community through the All of Us Research Program Data Sandbox model,Journal of the American Medical Informatics Association : JAMIA,3,,false,true,OD,OD;TR,3:Public Data Browser|Researcher Workbench|workbench
1320,39149568,2024,Engaging Sexual and Gender Minority (SGM) Communities for Health Research: Building and Sustaining PRIDEnet,Journal of Community Engagement and Scholarship,6,,false,true,OD,OD,6:health disparities|gay|transgender|gender minority|lesbian|bisexual|underrepresented|disparities|minority|SGM|discrimination
1321,39205938,2024,Applying an ELSI lens to real-world data and novel genomic insights for personalized mental healthcare,Frontiers in Genetics,2;3;4;6;17,,false,true,,,2:PheWAS|PRS|GWAS|genomic|genome-wide association|genome-wide|phenome-wide|association studies|genetic association|polygenic; 3:electronic health record|ICD|ICD-10|EHR; 4:substance use disorder|schizophrenia|substance use|psychosocial|psychiatric|mental health; 6:underrepresented groups|health disparities|social determinants of health|racism|equity|socioeconomic|underrepresented|disparities|minority|discrimination; 17:ELSI
1324,39241756,2024,All of Us Research Program year in review: 2023-2024,American Journal of Human Genetics,,,true,false,,,
1325,39241755,2024,A new annual feature of AJHG: All of Us Research Program year in review,American Journal of Human Genetics,,,true,false,,,
1326,38374344,2024,The All of Us Research Program is an opportunity to enhance the diversity of US biomedical research,Nature Medicine,,,false,true,,,
1327,38394025,2024,Moving to Equity in the All of Us Research Program,The American Journal of Bioethics : AJOB,6,,false,true,,,6:equity
1332,39657747,2024,"Returning value to communities from the All of Us Research Program through innovative approaches for data use, analysis, dissemination, and research capacity building",Journal of the American Medical Informatics Association : JAMIA,17,,false,true,NR,NR,17:research capacity building
1333,39225944,2024,The Promise and Challenges of Integrating Biological and Prevention Sciences: A Community-Engaged Model for the Next Generation of Translational Research,Prevention Science : The Official Journal of the Society for Prevention Research,2;4;5;6;17,,false,true,AA,AA;AT;CA;DA;MH;NR;OD,2:GWAS|polygenic score|genomics|genome-wide association|genome-wide|ancestry|genetic risk|association studies|genetic ancestry|polygenic; 4:depression|substance use disorder|well-being|substance use|psychosocial|psychiatric|mental health|psychological|stress|behavioral health; 5:BRCA2|ovarian cancer|BRCA1|cancer; 6:health disparities|deprivation|racism|African American|minorities|equity|racial and ethnic|underrepresented|disparities|rural|poverty|minority|marginalized|race and ethnicity; 17:trust|CBPR|outreach|community engagement|community-based participatory
1347,40459058,2025,Apolipoprotein-L1 G1 variant contributes to hydrocephalus but not to atherosclerosis in apolipoprotein-E knock-out mice,"Clinical Science %28London, England : 1979%29",1;2;6;11;17,,false,true,OD,OD;TR,1:heart failure|glomerular|HDL|cholesterol|coronary|dyslipidemia|LDL|aortic|albuminuria|ventricular|renal|atherosclerosis|kidney disease|cardiovascular disease|eGFR|CVD|cardiovascular|creatinine|cardiac; 2:genomics|genotype|locus|genomic|whole genome sequencing|ancestry; 6:disparity|African American; 11:APOE; 17:informed consent|library
1351,39841967,2025,Additive Value of Polygenic Risk Score to Family History for Type 2 Diabetes Prediction: Results From the All of Us Research Database,Diabetes Care,1;2,,false,true,DK;OD,DK;OD;TR,1:type 2 diabetes|T2D|BMI|diabetes; 2:PRS|polygenic risk score|genome-wide association|genome-wide|association study|multiancestry|polygenic
1352,39889253,2025,Polygenic Susceptibility to Diabetes and Poor Glycemic Control in Stroke Survivors,Neurology,1;2;14,14.2-stroke-cerebro,false,true,,,1:T2DM|stroke|type 2 diabetes|glycemic|diabetes; 2:polygenic risk score|genome-wide|association study|genetic association|polygenic; 14:stroke
1355,39891766,2025,"Sleep disturbances in psoriasis, an analysis of biometric data from the all of us database",Archives of Dermatological Research,7;9;12,,false,true,,,7:biometric; 9:psoriasis; 12:psoriasis
1356,39894426,2025,Relationship Between Chronic Stress Measured by Allostatic Load and Age-Related Macular Degeneration in the All of Us Research Program,American Journal of Ophthalmology,1;4;18,,false,true,EY,EY,1:glomerular|cholesterol|blood pressure; 4:smoking|stress; 18:macular degeneration|macular
1359,39878980,2025,Mental Health Disparities by Sexual Orientation and Gender Identity in the All of Us Research Program,JAMA Network Open,3;4;6;8,,false,true,OD,OD;TR,3:Researcher Workbench|workbench|EHR|SNOMED; 4:depression|PTSD|anxiety|bipolar disorder|major depressive disorder|schizophrenia|obsessive-compulsive|well-being|OCD|suicidality|mental health|bipolar|depressive|stress; 6:health disparities|social determinants of health|gay|transgender|gender minority|lesbian|African American|bisexual|racial and ethnic|socioeconomic|underrepresented|disparities|sexual minority|Latinx|income|minority|marginalized|race and ethnicity|SGM|discrimination|Hispanic; 8:HIV
1363,39847465,2025,Pharmacogenetics: Opportunities for the All of Us Research Program and Other Large Data Sets to Advance the Field,Annual Review of Pharmacology and Toxicology,16,,false,true,HG;HL;OD;TR,HG;HL;OD;TR,16:pharmacogenetic
1374,39917595,2025,Thinking About It All Together: A Descriptive Analysis to Understand Comorbidities in People Living With Dementia,Health Science Reports,1;3;5;6;8;9;11;14,,false,true,OD,OD;TR,1:heart failure|renal disease|diabetes|renal|myocardial infarction|vascular disease; 3:AoU Researcher Workbench|Researcher Workbench|electronic health record|ICD|workbench|EHR|notebook; 5:malignancy|tumor|metastatic; 6:Medicaid|minority|Hispanic; 8:HIV; 9:rheumatoid arthritis; 11:Alzheimer|ADRD|dementia|older adults|Alzheimer's; 14:cerebrovascular
1375,39921752,2025,Association of alopecia areata with psychiatric disorders: a case-control study in the All of Us research program,Archives of Dermatological Research,4;12,,false,true,,,4:psychiatric; 12:alopecia areata|alopecia
1377,39921742,2025,A case-control comparison of pruritus and neurodegenerative disease: insights from comorbidities and demographic profiles,Archives of Dermatological Research,,,false,true,,,
1387,39979591,2025,Spotlight on amino acid changing mutations in the JAK-STAT pathway: from disease-specific mutation to general mutation databases,Scientific Reports,1;2;4;5;6;9;11;14,,false,true,,,1:stroke|hypertension|CHIP|type 2 diabetes|clonal hematopoiesis|diabetes; 2:SNP|genomic|ancestry|gnomAD; 4:pain|stress; 5:leukemia|lymphoma|head and neck cancer|cancer|AML|tumor|ALL|sarcoma|CLL; 6:underrepresented groups|underrepresented|disparities|Hispanic; 9:rheumatoid arthritis|autoimmune; 11:Alzheimer; 14:stroke
1388,39979254,2025,Hidradenitis Suppurativa Disproportionately Affects Marginalized Groups: An All of Us Database Analysis,Journal of Cutaneous Medicine and Surgery,6;12,,false,true,,,6:marginalized; 12:hidradenitis suppurativa
1389,39987418,2025,Evidence of early glomerular dysfunction in patients with dermatomyositis: a matched case-control analysis of the all of us database,Archives of Dermatological Research,1;9,,false,true,,,1:glomerular; 9:dermatomyositis
1405,39953795,2025,Association of migraine treatments with reduced ischemic stroke risk: Evidence from two large-scale real-world data analyses,Headache,1;14,14.2-stroke-cerebro,false,true,LM;TR,LM;OD;TR,1:stroke; 14:stroke|migraine
1406,39715481,2024,Descriptive epidemiology demonstrating the All of Us database as a versatile resource for the rare and undiagnosed disease community,Journal of the American Medical Informatics Association : JAMIA,3;10,,false,true,OD,OD;TR,3:Public Data Browser|electronic health record|EHR; 10:cystic fibrosis|sickle cell disease|sickle cell
1428,,2024,181 Characteristics and risk factors of young atherosclerotic cardiovascular disease in an underrepresented cohort: insights from the All of Us Research Program,,1;3;6;14,,false,true,,,1:T2DM|stroke|hypertension|type 2 diabetes|obesity|coronary|diabetes|cardiovascular disease|cardiovascular|hyperlipidemia; 3:ICD|ICD-10; 6:underrepresented groups|social determinants of health|Latino|underrepresented|income|Hispanic; 14:stroke
1442,39932771,2025,Subtyping Social Determinants of Health in the 'All of Us' Program: Network Analysis and Visualization Study,Journal of Medical Internet Research,2;3;4;6;7;8,,false,true,AG;HS;LM;TR,AG;HS;LM;TR,2:genomic|imputation; 3:clustering|workbench|EHR|artificial intelligence|interpretability|machine learning|SNOMED; 4:depression|well-being|mental health|stress; 6:health disparities|social determinants of health|Medicaid|racism|African American|food insecurity|equity|racial and ethnic|socioeconomic|underrepresented|disparities|income|neighborhood|minority|marginalized|Hispanic|housing; 7:Fitbit; 8:COVID-19
1444,39988481,2025,The Association of Acne Vulgaris With Anxiety And Depression by Race: A Case-Control Study in the All of Us Research Program,International Journal of Dermatology,4;12,,false,true,,,4:depression|anxiety; 12:acne
1446,40089810,2025,E-cigarette Use and Incident Cardiometabolic Conditions in the All of Us Research Program,Nicotine & Tobacco Research : Official Journal of the Society for Research on Nicotine and Tobacco,1;4;6;13,,false,true,,,1:T2DM|hypertension|heart failure|type 2 diabetes|cardiometabolic|diabetes|cardiovascular disease|cardiovascular; 4:tobacco|e-cigarette; 6:race and ethnicity|Hispanic; 13:COPD|pulmonary|chronic obstructive
1447,40085006,2025,Unmet social needs and diverticulitis: a phenotyping algorithm and cross-sectional analysis,Journal of the American Medical Informatics Association : JAMIA,1;3;6,,false,true,DK;OD;TR,DK;OD;TR,1:diabetes|kidney disease; 3:Researcher Workbench|phenotyping algorithm|cohort builder|workbench|validation cohort; 6:social determinants of health|deprivation|education level|SDOH|food insecurity|socioeconomic|income|discrimination|housing
1448,40081611,2025,Multidimensional Risk Factors for Heart Failure in Hispanic Adults: Findings from the All of Us Research Program,The American Journal of Cardiology,1;6,,false,true,OD,OD,1:hypertension|heart failure|type 2 diabetes|obesity|diabetes; 6:Hispanic
1452,40064590,2025,Mental Health Challenges in Cancer Survivors From Diverse Backgrounds During COVID-19 Pandemic: Insights From the All of Us Research Program,Psycho-Oncology,4;5;6;8,,false,true,,,4:depression|anxiety|self-harm|mental health; 5:cancer survivors|cancer survivor|cancer|survivorship; 6:socioeconomic|sexual minority|income|minority; 8:COVID-19
1453,40074206,2025,Association of daily steps over time with adult asthma incidence,The Journal of Allergy and Clinical Immunology,3;4;7;13,,false,true,AI,AI,3:electronic health record|ICD; 4:major depressive disorder|depressive; 7:physical activity|steps per day; 13:asthma|obstructive sleep apnea|chronic obstructive|sleep apnea
1454,40073213,2025,Associations of perceived discrimination with health outcomes and health disparities in the All of Us cohort,Journal of the American Medical Informatics Association : JAMIA,3;6,,false,true,MD,MD,3:Researcher Workbench|workbench; 6:health disparities|social determinants of health|disparities|race and ethnicity|discrimination|Hispanic
1455,40072611,2025,Socioeconomic factors associated with the development of localized scleroderma: a cross-sectional study,Archives of Dermatological Research,6;9,,false,true,,,6:socioeconomic; 9:scleroderma
1456,40069933,2025,"Leveraging the All of Us research program to advance heart, lung, blood, and sleep research",American Journal of Epidemiology,,,false,true,,,
1457,40068169,2025,Assessing the Data Quality Dimensions of Partial and Complete Mastectomy Cohorts in the All of Us Research Program: Cross-Sectional Study,JMIR Cancer,3;5;6;7,,false,true,,,3:Researcher Workbench|ICD|workbench|OMOP|missing data|claims data|EHR|data quality|SNOMED|notebook; 5:neoplasm|breast cancer|cancer|metastasis|tumor|chemotherapy; 6:underrepresented|income; 7:wearable
1458,40065360,2025,Trans-ancestral rare variant association study with machine learning-based phenotyping for metabolic dysfunction-associated steatotic liver disease,Genome Biology,1;2;3;5;6;10;11,,false,true,TR,TR,1:hepatocellular carcinoma|type 2 diabetes|MASLD|obesity|HDL|metabolic syndrome|cirrhosis|cholesterol|triglyceride|cardiometabolic|LDL|insulin resistance|BMI|diabetes|lipid|heart disease|cardiovascular|hyperlipidemia|MASH|ischemic heart; 2:REGENIE|GWAS|genotype|genomic|genome-wide association|rare variant|genome-wide|ancestry|ClinVar|association study|common variant|haplotype|association studies|genetic association|loci|gnomAD|heritability|exome|exome sequencing; 3:variant effect predictor|ICD|ICD-10|training cohort|gradient boosting|machine learning|feature selection; 5:carcinoma|hepatocellular carcinoma|hepatocellular; 6:Latino|equity; 10:familial hypercholesterolemia|monogenic; 11:APOE
1460,40063522,2025,ALDH2 Deficiency and Alcohol Intake in the United States: Opportunity for Precision Cancer Prevention,"Cancer Epidemiology, Biomarkers & Prevention : A Publication of the American Association for Cancer Research, Cosponsored by the American Society of Preventive Oncology",2;5,,false,true,CA,CA,2:genotype|genetic variant; 5:cancer
1461,40112576,2025,"Association of e-cigarette use, psychological distress, and substance use: Insights from the All of Us Research Program",Addictive Behaviors,4;8,,false,true,HL,HL;OD,4:anxiety|suicidal ideation|well-being|substance use|cannabis|depressive|psychological|stress|e-cigarette; 8:COVID-19
1463,40085778,2025,Factors Influencing Treatment Strategy for Overactive Bladder in the National Institute of Health All of Us Research Program,"Urogynecology %28Philadelphia, Pa.%29",6,,false,true,,,6:equity|socioeconomic|disparities|income|Hispanic
1465,40095043,2025,Cutaneous viral infection comorbidities in patients with basal cell carcinoma,Archives of Dermatological Research,5;8;12,,false,true,,,5:carcinoma; 8:infection; 12:basal cell carcinoma|cutaneous
1466,40095107,2025,Stratified nationwide skin cancer risk in patients with rosacea,Archives of Dermatological Research,5;6;12,,false,true,,,5:skin cancer|cancer; 6:African American|racial and ethnic|Hispanic; 12:rosacea|skin cancer
1468,40106344,2025,Long-Term Engagement of Diverse Study Cohorts in Decentralized Research: Longitudinal Analysis of 'All of Us' Research Program Data,Interactive Journal of Medical Research,3;6;7;17,,false,true,OD,OD,3:AoU Researcher Workbench|Researcher Workbench|workbench|EHR; 6:underrepresented groups|African American|UBR|racial and ethnic|socioeconomic|underrepresented|disparities|income|Hispanic; 7:Fitbit; 17:outreach|informed consent|recruitment
1469,40105976,2025,Severity of acne vulgaris predicts maladaptive psychosocial perceptions and neuropsychiatric disorders: a case-control study,Archives of Dermatological Research,3;4;6;12;13,,false,true,OD,OD;TR,3:Researcher Workbench|workbench|SNOMED; 4:depression|PTSD|anxiety|loneliness|bipolar disorder|major depressive disorder|post-traumatic stress|vaping|obsessive-compulsive|OCD|psychosocial|mental health|smoking|bipolar|anxiety disorder|depressive|psychological|stress; 6:social determinants of health|income; 12:dermatologic|acne; 13:insomnia
1470,40101752,2025,Diagnosis to Excision: Estimates for Guideline-Concordant Treatment of High-Grade Cervical Intraepithelial Neoplasia,Journal of Lower Genital Tract Disease,5;6,,false,true,CA,CA,5:malignancy|cancer|neoplasia; 6:minorities|racial and ethnic|underrepresented|Hispanic
1471,40095792,2025,Cost-Related Barriers to Medication Adherence in Uveitis Patients Enrolled in NIH's All of Us Program,Quality Management in Health Care,18,,false,true,,,18:uveitis
1472,40095075,2025,Vitiligo treatment trends in underrepresented groups,Archives of Dermatological Research,6;12,,false,true,,,6:underrepresented groups|underrepresented; 12:vitiligo
1473,40021100,2025,Vitiligo and melanoma: Revisiting a historic relationship through a retrospective case-control investigation,Clinics in Dermatology,5;12,,false,true,,,5:melanoma; 12:vitiligo
1475,40001685,2025,Predicting Health-Related Quality of Life Using Social Determinants of Health: A Machine Learning Approach with the All of Us Cohort,"Bioengineering %28Basel, Switzerland%29",1;3;4;6;7;13;19,,false,true,OD,OD;TR,1:heart failure|CKD|diabetes|kidney disease; 3:AUC|feature engineering|predictive modeling|random forest|F1 score|gradient boosting|XGBoost|machine learning|model performance; 4:depression|anxiety|loneliness|well-being|psychosocial|mental health|coping|stress|mindfulness; 6:social determinants of health|Medicaid|SDOH|food insecurity|equity|socioeconomic|underrepresented|income|poverty|neighborhood|discrimination|Hispanic|housing; 7:Fitbit; 13:asthma; 19:built environment|walkability
1476,40003465,2025,"Combined Effects of Arsenic, Cadmium, and Mercury with Cardiovascular Disease Risk: Insights from the All of Us Research Program",International Journal of Environmental Research and Public Health,1;2;3;6,,false,true,OD,OD;TR,1:hypertension|HDL|cholesterol|triglyceride|blood pressure|LDL|lipid|cardiovascular disease|CVD|cardiovascular; 2:genomic|imputation; 3:Researcher Workbench|workbench|missing data|predictive model; 6:African American|Hispanic
1477,39990001,2025,From toasted skin to tumors: a retrospective nationwide case-control analysis investigating the link between erythema ab igne and various skin cancers,Proceedings %28Baylor University. Medical Center%29,3;5;12,,false,true,OD,OD;TR,3:ICD|ICD-10; 5:melanoma|carcinoma|skin cancer|cancer; 12:skin cancer|basal cell carcinoma|squamous cell carcinoma
1478,,2025,"97 Neighborhood level stressors, resilience sources, and other characteristics among sexual minority groups",,6,,false,true,,,6:gay|transgender|lesbian|food insecurity|equity|bisexual|disparities|sexual minority|neighborhood|minority|Hispanic|housing
1479,,2025,388 Subtyping social determinants of health in cancer: Implications for health equity policies,,4;5;6,,false,true,,,4:depression; 5:cancer; 6:social determinants of health|equity|disparities|income
1480,,2025,321 Access and utilization of oral health care and tobacco use in patients with severe mental illness: Impact on oral health outcomes,,4;5;6,,false,true,,,4:mental health|tobacco; 5:oral cancer|cancer; 6:social determinants of health|socioeconomic|disparities|marginalized|Hispanic
1481,,2025,96 Disparities in healthcare discrimination among sexual minority groups: Insights from the NIH All of Us Program,,6,,false,true,,,6:gay|lesbian|bisexual|disparities|sexual minority|minority|discrimination
1482,,2025,483 Human leukocyte antigen (HLA) alleles associated with severe COVID-19 outcomes in the All of Us cohort,,1;2;3;8;13,,false,true,,,1:hypertension|type 2 diabetes|diabetes; 2:genomic|ancestry|imputation|long-read; 3:ICD|OMOP|ICD-10|N3C|SNOMED; 8:PASC|SARS-CoV-2|COVID-19|HLA|antibody|infection; 13:pulmonary|chronic obstructive
1483,40119937,2025,Substance use disorder in basal cell carcinoma patients: patterns from a propensity-scored study,Archives of Dermatological Research,4;5;12,,false,true,,,4:substance use disorder|substance use; 5:carcinoma; 12:basal cell carcinoma
1484,40156587,2025,Daily Heart Rate Per Step (DHRPS): A Wearables Metric Associated with Cardiovascular Disease in a Cross-Sectional Study of the All of Us Research Program,Journal of the American Heart Association,1;2;3;6;7;14;17,,false,true,HL,HL,1:stroke|hypertension|heart failure|type 2 diabetes|obesity|coronary|BMI|diabetes|atherosclerosis|cardiovascular disease|CVD|cardiovascular|myocardial infarction|cardiac; 2:PheWAS|phenome-wide|association study; 3:electronic health record|ICD|risk prediction|workbench|missing data|EHR|phecode; 6:disparity|discrimination; 7:step count|Fitbit|wearable|physical activity|sensor|steps per day; 14:stroke; 17:informed consent|recruitment
1485,40152140,2025,Predicting postoperative chronic opioid use with fair machine learning models integrating multi-modal data sources: a demonstration of ethical machine learning in healthcare,Journal of the American Medical Informatics Association : JAMIA,3;4;7,,false,true,HG;MD;OD,HG;MD;OD;TR,3:EHR|artificial intelligence|machine learning|model performance; 4:opioid; 7:wearable|physical activity
1486,40148775,2025,Efficient blockLASSO for polygenic scores with applications to all of us and UK Biobank,BMC Genomics,1;2;3;12,,false,true,,,1:obesity|BMI|diabetes|type 1 diabetes; 2:PRS|GWAS|polygenic score|genotype|fine mapping|locus|SNP|genomic|ancestry|admixture|association studies|genetic ancestry|polygenic; 3:AUC|machine learning|RECOVER|feature selection; 12:psoriasis
1487,40146917,2025,Biases in Race and Ethnicity Introduced by Filtering Electronic Health Records for 'Complete Data': Observational Clinical Data Analysis,JMIR Medical Informatics,2;3;6;7,,false,true,,,2:genome-wide association|whole genome sequencing|genome-wide|association studies; 3:synthetic data|electronic health record|risk prediction|workbench|missing data|EHR|data quality|artificial intelligence; 6:health disparities|American Indian|African American|minorities|Latino|racial and ethnic|socioeconomic|underrepresented|disparities|minority|race and ethnicity|discrimination|Hispanic; 7:Fitbit
1488,40138446,2025,Pharmacogenomic heterogeneity of N-acetyltransferase 2: a comprehensive analysis of real world data in Indian tuberculosis patients and from literature and database review,Annals of Medicine,2;3;8;16;17,,false,true,,,2:genotype|SNP|genomic|rare variant|ancestry|common variant|genetic ancestry|loci; 3:Public Data Browser; 8:tuberculosis; 16:drug-induced liver injury|pharmacogenomic|drug-induced|pharmacokinetic; 17:informed consent|ethics
1489,40052054,2025,Building a diverse national research advisory board,Journal of Clinical and Translational Science,6;17,,false,true,,,6:health disparities|social determinants of health|gender minority|American Indian|African American|minorities|SDOH|equity|low-income|UBR|racial and ethnic|underrepresented|disparities|rural|income|minority|marginalized|race and ethnicity|SGM|Hispanic; 17:advisory board|community advisory|CBPR|outreach|community engagement|recruitment
1490,40034140,2025,Association of HFE genotypes with hemochromatosis-related phenotypes in the All of Us research program,Genetics in Medicine Open,1;2;3;4;5;9;10;11;17,,false,true,,,1:hepatocellular carcinoma|cirrhosis|diabetes|cardiac; 2:genotype|genomic|ancestry|genetic ancestry; 3:Researcher Workbench|workbench|EHR; 4:depression; 5:prostate cancer|carcinoma|hepatocellular carcinoma|hepatocellular|cancer; 9:rheumatoid arthritis; 10:incomplete penetrance|hereditary|hemochromatosis|penetrance; 11:dementia|Parkinson's disease|Parkinson; 17:biospecimen|ethics
1491,40110613,2025,Low frequency of structured documentation for cancer genetic testing in a large electronic health record dataset: A brief report using All of Us Research data,Journal of Genetic Counseling,2;3;5;6,,false,true,,,2:genomics|genomic; 3:AoU Researcher Workbench|Researcher Workbench|cohort builder|electronic health record|ICD|workbench|missing data|EHR|notebook; 5:breast cancer|ovarian cancer|hereditary cancer|pancreatic cancer|cancer|uterine cancer|tumor; 6:income|race and ethnicity
1492,40106053,2025,Logistic regression and covariate-balanced matching analysis of lichen planus and inflammatory gastrointestinal disorders,Archives of Dermatological Research,12,,false,true,,,12:lichen planus
1493,40124254,2025,Systemic Hormonal Contraceptive Use and Rhinitis Among Adult Women: An All of Us Database Analysis,Laryngoscope Investigative Otolaryngology,3;6;13;15;18,,false,true,,,3:Researcher Workbench|electronic health record|ICD|workbench|SNOMED; 6:Medicaid|socioeconomic|underrepresented|income; 13:asthma; 15:menopause|pregnancy|contraception|vaginal; 18:rhinitis
1494,39868946,2025,AI for all: bridging data gaps in machine learning and health,Translational Behavioral Medicine,3;6,,false,true,,,3:federated learning|artificial intelligence|machine learning; 6:health disparities|disparities|marginalized
1496,40046242,2025,Editorial: Advancements and prospects of genome-wide association studies,Frontiers in Genetics,1;2;6;13;15,,false,true,,,1:glomerular|CKD|LDL|kidney disease|creatinine; 2:Mendelian randomization|GWAS|multi-ancestry|polygenic score|genomics|locus|SNP|genomic|genome-wide association|genome-wide|ancestry|association study|expression quantitative|eQTL|association studies|loci|polygenic; 6:health disparities|African American|disparities; 13:asthma; 15:menopause|menarche
1497,40055519,2025,"Evolution, genetic diversity, and health",Nature Medicine,,,false,true,,,
1498,40042447,2025,Polygenic score integrating neurodegenerative and vascular risk informs dementia risk stratification,Alzheimer's & Dementia : The Journal of the Alzheimer's Association,1;2;3;6;10;11;14;17,,false,true,AG;TR,AG;OD;TR,1:stroke|coronary|CAD; 2:PRS|polygenic risk score|GWAS|multi-ancestry|polygenic score|genotype|locus|ancestry|genetic risk|association studies|polygenic; 3:AUC|risk prediction|SNOMED; 6:African American|education level|socioeconomic|Hispanic; 10:monogenic; 11:Alzheimer|dementia|APOE|mild cognitive impairment|elderly|Alzheimer's|cognitive impairment; 14:stroke|neurodegeneration|neurological; 17:informed consent|ethics
1500,40036039,2025,Benefits of Patient-Clinician Communication for Timely Health Care Visits in Patients Perceiving Discrimination,JAMA Network Open,6,,false,true,,,6:discrimination
1505,40057902,2025,Re: Lee et al.: Associations between statin use and glaucoma in the All of Us Research Program (Ophthalmol Glaucoma. 2024;7:563-571),Ophthalmology. Glaucoma,1;18,,false,true,,,1:statin; 18:glaucoma
1506,40057900,2025,Re: Lee et al.: Associations between statin use and glaucoma in the All of Us Research Program (Ophthalmol Glaucoma. 2024;7:563-571),Ophthalmology. Glaucoma,1;18,,false,true,,,1:statin; 18:glaucoma
1507,40053216,2025,Sex Differences in Cigarette Smoking Among Hispanic and Non-Hispanic Black All of Us Participants: The Relative Importance of Sociodemographic Characteristics and Social Determinants of Health,Journal of Racial and Ethnic Health Disparities,4;6,,false,true,CA,CA;OD,4:smoking; 6:health disparities|social determinants of health|SDOH|disparities|Black participants|Hispanic|housing
1508,40052488,2025,A toolkit for academic libraries to create interdisciplinary interest in the All of Us Researcher Workbench across campus communities,Medical Reference Services Quarterly,3;17,,false,true,,,3:Researcher Workbench|workbench; 17:library|toolkit
1509,40050991,2025,Lessons from national biobank projects utilizing whole-genome sequencing for population-scale genomics,Genomics & Informatics,1;2;3;4;5;6;8;9;10;16;17,,false,true,,,1:type 2 diabetes|coronary|diabetes|kidney disease; 2:whole-genome sequencing|GWAS|WGS|genomics|genotype|transcriptome-wide|genomic|rare variant|genome-wide|ancestry|expression quantitative|eQTL|association studies|genetic association|loci|exome|polygenic; 3:risk prediction|workbench|data quality|artificial intelligence|machine learning; 4:schizophrenia|psychiatric; 5:colorectal cancer|lung cancer|cancer|colorectal; 6:equity|underrepresented|disparities; 8:COVID-19; 9:IBD; 10:Mendelian|rare disease; 16:pharmacogenomic; 17:trust|data sharing|recruitment|toolkit
1510,40050615,2025,Genome-wide meta-analysis identifies novel risk loci for uterine fibroids within and across multiple ancestry groups,Nature Communications,1;2;3;5;6;15,,false,true,AR;CA;DK;GM;HD;HG;HL;MD;NS;OD;RR;TR,AG;AI;AR;CA;DK;GM;HD;HG;HL;MD;NS;OD;RR;TR,1:hypertension|obesity|coronary|blood pressure|BMI|diabetes|cardiovascular disease|cardiovascular; 2:TWAS|REGENIE|GWAS|multi-ancestry|WGS|SAIGE|genotype|locus|transcriptome-wide|SNP|genomic|genome-wide association|whole genome sequencing|genome-wide|ancestry|imputation|genetic risk|association study|haplotype|association studies|genetic ancestry|loci|heritability; 3:electronic health record|ICD|workbench|ICD-10|EHR|phecode|SNOMED; 5:prostate cancer|breast cancer|ovarian cancer|pancreatic cancer|cancer|esophageal cancer|bladder cancer|tumor; 6:Black participants|discrimination|Hispanic; 15:uterine fibroid|uterine fibroids|menstrual|menarche|gynecologic
1511,40043939,2025,Socioeconomic associations of amblyopia in the All of Us research program,Journal of AAPOS : The Official Publication of the American Association for Pediatric Ophthalmology and Strabismus,6,,false,true,,,6:Medicaid|African American|socioeconomic|income|Hispanic
1512,40043791,2025,Prevalence and Co-Occurrence of Eczema Types in Adults in the United States: Insights from the All of Us Research Program,The Journal of Investigative Dermatology,12,,false,true,,,12:eczema
1513,40036033,2025,Perceived Discrimination in Health Care Settings and Care Delays in Patients With Diabetes and Hypertension,JAMA Network Open,1;3;6;11;17,,false,true,,,1:hypertension|type 2 diabetes|diabetes; 3:electronic health record|workbench; 6:social determinants of health|transgender|health literacy|African American|equity|racial and ethnic|underrepresented|disparities|Black participants|minority|race and ethnicity|discrimination|Hispanic; 11:cognitive decline|older adults; 17:trust|informed consent
1514,40029645,2025,Population-Scale Studies of Protein S Abnormalities and Thrombosis,Jama,1;2;14,,false,true,HL;TR,AG;HL;OD;TR,1:stroke|venous thromboembolism|thromboembolism|thrombosis|myocardial infarction; 2:whole genome sequencing|genetic variant|ancestry|exome|exome sequencing; 14:stroke
1515,40028616,2025,Leveraging diagnosis and biometric data from the All of Us Research Program to uncover disparities in obesity diagnosis,Obesity Pillars,1;3;4;6;7,,false,true,LM,ES;LM,1:obesity|BMI; 3:Researcher Workbench|EHR data quality|workbench|missing data|EHR|data quality|artificial intelligence; 4:well-being|psychosocial; 6:transgender|gender minority|African American|minorities|Latino|racial and ethnic|disparities|Black participants|income|poverty|minority|race and ethnicity|Hispanic|housing; 7:biometric
1516,40026024,2025,Determinants of Complementary and Integrative Health Approaches: A Cross-Sectional Study Using the All of Us Research Program,Journal of Integrative and Complementary Medicine,,,false,true,AT,AT;OD,
1517,40024923,2025,The association between multiple myeloma and melanoma: a cross-sectional study of the NIH All of Us Research Program,Archives of Dermatological Research,5,,false,true,,,5:melanoma|myeloma|multiple myeloma
1518,40022306,2025,Association of Oral Health Determinants With Oral Squamous Cell Carcinoma in Never-Smoking Adults,Head & Neck,1;4;5;8;12,,false,true,DC,DC,1:hyperglycemia|hyperlipidemia; 4:depression|smoking; 5:carcinoma; 8:HIV|infection; 12:squamous cell carcinoma
1519,39990934,2025,Composite cardiovascular risk factor control in US adults with diabetes and relation to social determinants of health: The All of Us research program,American Journal of Preventive Cardiology,1;3;4;6;7;14;17,,false,true,,,1:T2DM|stroke|hypertension|type 2 diabetes|HDL|cholesterol|coronary|blood pressure|LDL|BMI|diabetes|type 1 diabetes|atherosclerosis|cardiovascular disease|CVD|cardiovascular|myocardial infarction; 3:Researcher Workbench|workbench|OMOP|EHR|notebook; 4:substance use|smoking|psychological|behavioral health; 6:social determinants of health|Medicaid|disparity|education level|SDOH|food insecurity|Latino|uninsured|socioeconomic|underrepresented|disparities|Black participants|income|minority|Hispanic; 7:wearable|wearable device; 14:stroke|cerebrovascular; 17:advisory board
1521,40007508,2025,Sex-Specific Association Between Polymorphisms in Estrogen Receptor Alpha Gene (ESR1) and Depression: A Genome-Wide Association Study of All of Us and UK Biobank Data,Genetic Epidemiology,2;4;6,,false,true,HG;OD,HG;OD;TR,2:GWAS|locus|SNP|genome-wide association|genome-wide|genetic risk|association study|association studies|genetic association; 4:depression|major depressive disorder|depressive|MDD; 6:underrepresented groups|underrepresented|disparities
1522,40014580,2025,Epidemiological landscape of androgenetic alopecia in the US: An All of Us cross-sectional study,PloS One,1;3;4;6;12;15,,false,true,,,1:obesity|endocrine|BMI; 3:Researcher Workbench|workbench|OMOP|EHR; 4:depression|PTSD|anxiety|bipolar disorder|post-traumatic stress|bipolar|psychological|stress; 6:social determinants of health|uninsured|disparities|income; 12:alopecia|dermatologist|androgenetic alopecia; 15:PCOS|polycystic ovarian
1525,39998322,2025,Identification of 16 novel Alzheimer's disease loci using multi-ancestry meta-analyses,Alzheimer's & Dementia : The Journal of the Alzheimer's Association,1;2;4;6;11;14;17,,false,true,GM,GM,1:stroke|cardiometabolic; 2:whole-genome sequencing|REGENIE|GWAS|multi-ancestry|WGS|locus|genomic|genome-wide association|rare variant|whole genome sequencing|genome-wide|ancestry|association study|common variant|association studies|genetic ancestry|loci|multiancestry; 4:schizophrenia|mental health; 6:underrepresented groups|equity|underrepresented; 11:Alzheimer|dementia|APOE|mild cognitive impairment|aging|Alzheimer's|cognitive impairment; 14:stroke|neurodegeneration|neurological; 17:informed consent|ethics
1526,39998696,2025,Cross-sectional analysis of a potential relationship between sodium excretion and atopic dermatitis,Archives of Dermatological Research,12,,false,true,,,12:dermatitis|atopic dermatitis
1527,40009714,2025,"Epidemiology, genetics and management of vitiligo in the USA: an All of Us investigation",The Journal of Dermatological Treatment,2;9;12,,false,true,,,2:genomic|ancestry|genetic risk; 9:lupus|systemic lupus|autoimmune; 12:vitiligo
1528,40009368,2025,Genetic Correlates of Treatment-Resistant Depression,JAMA Psychiatry,2;4;13,,false,true,GM;MH,GM;MH,2:whole-genome sequencing|genomic|polygenic; 4:depression|major depressive disorder|psychosocial|mental health|depressive|MDD; 13:insomnia
1529,39996577,2025,Hearing Loss and Negative Social Experiences in the All of Us Research Program,Otolaryngology--Head and Neck Surgery : Official Journal of American Academy of Otolaryngology-Head and Neck Surgery,18,,false,true,,,18:hearing loss
1530,39987254,2025,Ocular comorbidities in basal cell carcinoma: a national cross-sectional analysis,Archives of Dermatological Research,5;12,,false,true,,,5:carcinoma; 12:basal cell carcinoma
1531,39987234,2025,Demographic and socioeconomic disparities in the burden of psychiatric and autoimmune comorbidities amongst vitiligo patients: a retrospective case-control study,Archives of Dermatological Research,4;6;9;12,,false,true,,,4:psychiatric; 6:socioeconomic|disparities; 9:autoimmune comorbidities|autoimmune; 12:vitiligo
1532,40248215,2025,"Physical Activity, Sleep, and Quality of Life in Pulmonary Arterial Hypertension: Novel Insights From Wearable Devices",Pulmonary Circulation,1;3;7;13;17,,false,true,FD;HL;OD,FD;HL;OD;TR,1:hypertension|heart failure|BMI|cardiovascular|vascular disease; 3:Researcher Workbench|electronic health record|workbench; 7:Fitbit|wearable|physical activity|sedentary|steps per day|actigraphy|sleep duration|sleep stage; 13:PAH|pulmonary hypertension|pulmonary arterial hypertension|pulmonary; 17:ethics|recruitment
1533,40203832,2025,EndoPRS: Incorporating endophenotype information to improve polygenic risk scores for clinical endpoints-A study in asthma,American Journal of Human Genetics,2;13,,false,true,,,2:PRS|polygenic risk score|genome-wide association|genome-wide|association study|polygenic; 13:asthma
1535,40253313,2025,Ferritin levels in scarring and nonscarring alopecia: a cross-sectional study from the All of Us database,Archives of Dermatological Research,12,,false,true,,,12:alopecia
1538,40211040,2025,Multi-ancestry GWAS identifies 16 novel Alzheimer disease risk loci,Nature Reviews. Neurology,2;11,,false,true,,,2:GWAS|multi-ancestry|ancestry|loci; 11:Alzheimer
1540,40246588,2025,A Cross-Sectional Analysis of Psychosocial Mediators Between Discrimination and Health-Related Quality of Life Among Sexual and Gender Minority Cancer Survivors,Psycho-Oncology,4;5;6,,false,true,,,4:depression|anxiety|loneliness|psychosocial|mental health|psychological|stress; 5:cancer survivors|cancer; 6:gender minority|minority|SGM|discrimination
1548,40250282,2025,Quantifying the independent impact of social determinants of health and posttraumatic stress disorder on resource utilization and health outcomes in civilians,Psychiatry Research,4;6,,false,true,,,4:PTSD|well-being|stress; 6:social determinants of health|discrimination
1549,40255935,2024,Descriptor: Synthetic Genomic Dataset With Diverse Ancestry (SynGen6),IEEE Data Descriptions,2;3;7,,false,true,GM;LM,GM;HG;LM,2:GWAS|genotype|SNP|genomic|genome-wide association|genome-wide|ancestry|association studies; 3:synthetic data|Researcher Workbench|workbench; 7:wearable
1550,40277232,2025,Low Vitamin D Levels & Alopecia: A Cross-sectional Study of the All of Us Research Program,Clinical and Experimental Dermatology,12,,false,true,,,12:alopecia
1551,40278924,2025,"Decreased physical activity in lupus patients, an analysis of biometric data from the all of us database",Archives of Dermatological Research,7;9,,false,true,,,7:physical activity|biometric; 9:lupus
1552,40294562,2025,"'We know what to do for you, but we can't do it:' How actionability is coordinated and contested in genomics research",Social Science & Medicine %281982%29,2,,false,true,,,2:genomics|genomic
1562,40266617,2025,Detection Bias in EHR-Based Research on Clinical Exposures and Dementia,JAMA Network Open,1;3;4;11;17,,false,true,,,1:hypertension|type 2 diabetes|T2D|diabetes; 3:electronic health record|ICD|ICD-10|EHR|SNOMED; 4:depression|stress; 11:Alzheimer|frailty|dementia|cognitive decline|cognitive impairment; 17:informed consent|ethics|recruitment
1564,40297065,2024,"Low Income, Younger Age, Female Sex, and Poor Mental Health Are Risk Factors for Diminished Access to Care Among Patients With Meniscus Tears","Arthroscopy, Sports Medicine, and Rehabilitation",4;6;17,,false,true,,,4:well-being|mental health; 6:health disparities|disparity|access to care|socioeconomic|underrepresented|disparities|income|minority; 17:patient-reported|recruitment
1566,40268942,2025,JointPRS: A data-adaptive framework for multi-population genetic risk prediction incorporating genetic correlation,Nature Communications,1;2;3;5;6;11;17,,false,true,HG,HG;OD,1:type 2 diabetes|T2D|HDL|cholesterol|coronary|blood pressure|LDL|BMI|diabetes|CAD|lipid; 2:PRS|polygenic risk score|GWAS|fine-mapping|GWAS summary|genotype|SNP|genome-wide association|genetic variant|genome-wide|genetic risk|association study|heritability|polygenic; 3:AUC|risk prediction|model performance; 5:breast cancer|lung cancer|cancer; 6:health disparities|disparity|disparities; 11:APOE; 17:informed consent|consent process
1567,40205062,2025,Timing and trajectory of BCR::ABL1-driven chronic myeloid leukaemia,Nature,2;3;5;17,,false,true,,,2:whole-genome sequencing|WGS|genotype|locus|genomic|genome-wide|phasing|loci|gnomAD|exome|structural variant; 3:electronic health record|ICD; 5:neoplasm|ovarian cancer|carcinoma|oncology|malignancy|cancer|CML|tumour|renal cell; 17:library|ethics
1568,40263246,2025,UKB-MDRMF: a multi-disease risk and multimorbidity framework based on UK biobank data,Nature Communications,1;2;3;4;6;15;17,,false,true,,,1:hypertension|obesity|glomerular|endocrine|dyslipidemia|insulin resistance|BMI|carotid|diabetes|hypertensive|kidney disease|cardiovascular disease|cardiovascular; 2:PRS|GWAS|genome-wide association|genome-wide|imputation|association studies|polygenic; 3:ICD|AUC|risk prediction|random forest|ICD-10|missing data|deep learning|data quality|phecode|XGBoost|interpretability|machine learning|model performance|neural network; 4:pain|mental health|smoking; 6:deprivation|underrepresented|poverty; 15:miscarriage|stillbirth; 17:informed consent|ethics
1593,40305039,2025,Cardiomyopathy-Associated Gene Variants in Atrial Fibrillation,JAMA Cardiology,1;2,,false,true,,,1:heart failure|atrial fibrillation|arrhythmia; 2:polygenic score|polygenic
1595,40292753,2025,Recent developments in population biobanks and the genetic architecture of complex disease,Human Molecular Genetics,2,,false,true,VA,,2:Mendelian randomization|whole-genome sequencing|genome-wide association|genome-wide|association studies|structural variant
1598,40305011,2025,Genetic Testing in Early-Onset Atrial Fibrillation,JAMA Cardiology,1,,false,true,,,1:atrial fibrillation
1599,40312552,2025,Uncovering shared genetic features between inflammatory bowel disease and systemic lupus erythematosus,Scientific Reports,1;2;3;5;6;9;12;13;18,,false,true,ES;OD,AG;ES;OD;TR,1:type 2 diabetes|BMI|diabetes; 2:PheWAS|GWAS|genomics|GWAS summary|genotype|SNP|genomic|genome-wide|rare-variant|imputation|genetic risk|association study|association studies|loci|heritability|exome|exome sequencing; 3:Researcher Workbench|electronic health record|workbench|EHR|SNOMED; 5:prostate cancer|cancer; 6:access to care|underrepresented|income; 9:lupus|systemic lupus|vasculitis|IBD|inflammatory bowel disease|autoimmune disease|rheumatoid arthritis|ulcerative colitis|Crohn|SLE|autoimmune; 12:dermatitis|pyoderma gangrenosum; 13:asthma; 18:allergic rhinitis|uveitis|myopia|rhinitis
1600,40313110,2025,Food Insecurity in the United States LGBTQ+ Population: A Cross-Sectional Analysis of All of Us Data,Food and Nutrition Bulletin,6,,false,true,,,6:LGBTQ|gay|transgender|lesbian|food insecurity|bisexual|race and ethnicity
1602,40317750,2025,Association of Dysphonia in Patients With Dysphagia in the United States: A National Database Study,The Laryngoscope,1;5;13;14;18,,false,true,OD,OD,1:stroke; 5:head and neck cancer|cancer; 13:COPD; 14:stroke; 18:dysphonia
1603,40319023,2025,"Rare genetic variation in PTPRB is associated with central serous chorioretinopathy, varicose veins and glaucoma",Nature Communications,1;2;3;15;17;18,,false,true,EY;OD;VA,EY;OD;TR,1:venous thromboembolism|type 2 diabetes|diabetic|thromboembolism|deep vein thrombosis|diabetes|thrombosis|pulmonary embolism; 2:PheWAS|REGENIE|GWAS|fine-mapping|SAIGE|genotype|fine mapping|locus|genomic|genome-wide association|genome-wide|ancestry|imputation|phenome-wide|genetic risk|association study|common variant|loci|gnomAD|exome|exome sequencing; 3:Researcher Workbench|electronic health record|ICD|workbench|ICD-10; 15:pregnancy; 17:trust|informed consent|ethics; 18:glaucoma|macular degeneration|diabetic retinopathy|eye disease|retinal|retinopathy|macular|ophthalmology
1604,40319026,2025,Genetic ancestry and population structure in the All of Us Research Program cohort,Nature Communications,2;3;6;17,,false,true,HG;MD;NS;OD,EY;HG;MD;MH;NR;NS;OD,2:subcontinental|genomics|genomic|genome-wide|ancestry|admixture|genetic ancestry; 3:Researcher Workbench|clustering|workbench|machine learning|harmonization; 6:health disparities|equity|underrepresented|disparities; 17:informed consent|recruitment
1605,40319838,2025,HDL Cholesterol Is Remarkably Cardioprotective Against Coronary Artery Disease in Native Hawaiians and Pacific Islanders,JACC. Advances,1;2;3;6;14,,false,true,,,1:stroke|hypertension|type 2 diabetes|T2D|obesity|HDL|cholesterol|coronary|blood pressure|cardiometabolic|LDL|BMI|diabetes|CAD|atherosclerosis|lipid|CVD|cardiovascular|hyperlipidemia|statin; 2:genome-wide association|genome-wide|ancestry|association studies; 3:data harmonization|Researcher Workbench|electronic health record|risk prediction|workbench|EHR|data quality|harmonization; 6:health disparities|disparities|discrimination; 14:stroke
1606,40325914,2025,"Adverse effects of obesity on overall health, quality of life, and related physical health metrics: A cross-sectional and longitudinal study from the All of Us Research Program",Journal of Internal Medicine,1;4;13,,false,true,,,1:obesity|BMI; 4:well-being|pain|chronic pain; 13:insomnia
1607,40329612,2025,The Impact of Race and Ethnicity on Cataract Surgery in the Nationwide All of Us Cohort,Ophthalmic Epidemiology,6;18,,false,true,,,6:social determinants of health|equity|socioeconomic|disparities|Black participants|race and ethnicity|Hispanic; 18:cataract
1608,40309770,2025,Inborn errors of immunity underlie clonal T cell expansions in large granular lymphocyte leukemia,The Journal of Clinical Investigation,1;2;5;9;10,,false,true,,,1:clonal hematopoiesis|diabetes|type 1 diabetes; 2:genomics|locus|genomic|ClinVar|association study|genetic association|gnomAD|exome|exome sequencing; 5:neoplasm|leukemia|cancer|tumor|MDS|tumor suppressor; 9:inflammatory bowel disease|rheumatoid arthritis|autoimmune; 10:ACMG|VUS|primary immunodeficiency
1613,40327120,2025,Neurofibromatosis type 1 is associated with neurocognitive and psychiatric disorders in a national database,Archives of Dermatological Research,4;10,,false,true,,,4:psychiatric; 10:neurofibromatosis
1614,40340717,2025,Reproducibility of genetic risk factors identified for long COVID using combinatorial analysis across US and UK patient cohorts with diverse ancestries,Journal of Translational Medicine,1;2;3;6;8;17,,false,true,,,1:type 2 diabetes|diabetes; 2:polygenic risk score|GWAS|genotype|locus|SNP|genomic|genome-wide association|genome-wide|ancestry|imputation|genetic risk|association studies|genetic ancestry|loci|polygenic; 3:Researcher Workbench|ICD|workbench|ICD-10|data quality|predictive model|machine learning; 6:access to care|African American|Latino|equity|race and ethnicity|Hispanic; 8:PASC|SARS-CoV-2|COVID-19|long COVID|HLA|infection|immune response; 17:advisory board|informed consent|ethics
1616,40338046,2025,Sexual identity differences in ideal cardiovascular health among cisgender adults in the All of Us Research Program,Annals of Behavioral Medicine : A Publication of the Society of Behavioral Medicine,1;6,,false,true,HL;NR;OD;TR,HG;HL;NR;OD;TR,1:CVD|cardiovascular; 6:gay|lesbian|bisexual|disparities|sexual minority|minority|Hispanic
1632,40342636,2025,Exploring the metabolic signature of intermittent explosive disorder: Preliminary evidence and potential mechanisms for altered bilirubin metabolism,Comprehensive Psychoneuroendocrinology,1;4;6;7;17,,false,true,AA,AA,1:BMI|diabetes; 4:depression|anxiety|alcohol abuse|psychiatric|mental health|smoking|tobacco|stress; 6:social determinants of health|socioeconomic|income; 7:Fitbit|physical activity; 17:informed consent|ethics
1636,40370339,2025,Prevalence and Treatment of Dysphonia in Parkinson's Disease: A Cross-Sectional National Database Study,Laryngoscope Investigative Otolaryngology,3;6;11;14;18,,false,true,,,3:Researcher Workbench|electronic health record|ICD|workbench|ICD-10; 6:social determinants of health|access to care|African American|education level|minorities|racial and ethnic|socioeconomic|disparities|income|race and ethnicity|Hispanic; 11:Parkinson's disease|Parkinson; 14:neurologist|neurological; 18:dysphonia|otolaryngology|laryngeal
1637,40354632,2025,Prevalence of Multiple Chronic Conditions Among Adults in the All of Us Research Program: Exploratory Analysis,JMIR Formative Research,1;3;4;6,,false,true,NR,NR,1:hypertension|cardiometabolic|hyperlipidemia; 3:AoU Researcher Workbench|Researcher Workbench|cohort builder|electronic health record|ICD|workbench|ICD-10|cohort identification|EHR|notebook; 4:depression|anxiety|bipolar disorder|pain|chronic pain|mental health|bipolar|depressive; 6:Medicaid|Latino|socioeconomic|Hispanic
1638,40361456,2025,Fatigue Level Associated with Quality of Life for Prostate Cancer Patients: Results from the All of Us Research Program,Cancers,1;3;4;5;6;8,,false,true,,,1:obesity|BMI; 3:electronic health record|AUC|EHR|data quality; 4:well-being|mental health|smoking|psychological; 5:prostate cancer|PSA testing|PSA|cancer|tumor|survivorship; 6:African American|income; 8:COVID-19
1651,40315464,2025,Comorbidities and Lifestyle Risk Factors Associated With Scabies Infestation,Cutis,12,,false,true,,,12:scabies
1652,40395398,2025,Opportunities amid complexities in returning genetic results to black precision medicine research participants: Interview themes in context with open all of us data,Journal of Clinical and Translational Science,2;4;5;6;8;10;16;17,,false,true,,,2:genomics|genomic|ancestry|ClinVar|genetic risk|genetic ancestry; 4:psychosocial|psychological; 5:BRCA2|ovarian cancer|BRCA1|Lynch syndrome|oncology|Li-Fraumeni|cancer|hereditary breast; 6:African American|Latino|underrepresented|Hispanic; 8:antiretroviral; 10:familial hypercholesterolemia|hereditary; 16:CYP2C19|pharmacogenomic|drug response; 17:ELSI|research participation|community engagement|return of results|informed consent|perspectives about|recruitment
1653,40372213,2025,Food Insecurity and Clinical Biomarkers of Inflammation among Cancer Survivors in the All of Us Research Program,"Cancer Epidemiology, Biomarkers & Prevention : A Publication of the American Association for Cancer Research, Cosponsored by the American Society of Preventive Oncology",5;6,,false,true,,,5:cancer survivors|colorectal cancer|cancer|colorectal; 6:minorities|food insecurity|underrepresented|income|Hispanic
1654,40377722,2025,Congenital ichthyosis is associated with cutaneous malignancies in a case-control study,Archives of Dermatological Research,5;12,,false,true,,,5:melanoma|carcinoma|skin cancer|malignancy|cancer; 12:skin cancer|ichthyosis|basal cell carcinoma|squamous cell carcinoma|cutaneous|actinic keratosis
1655,40379038,2025,Fitbit-measured physical activity is inversely associated with incident atrial fibrillation among All of Us participants,American Heart Journal,1;2;3;7,,false,true,,,1:atrial fibrillation|BMI; 2:genetic risk score|genomic|genetic risk; 3:electronic health record|EHR; 7:Fitbit|physical activity
1656,40383690,2025,Socioeconomic Disparities in Intravitreal Injection Use and Anti-VEGF Agent Selection: Aflibercept/Ranibizumab Versus Bevacizumab,Clinical Therapeutics,6;18,,false,true,,,6:health literacy|low-income|socioeconomic|underrepresented|disparities|income|Hispanic; 18:macular degeneration|diabetic retinopathy|retinal|retinopathy|macular
1657,40397457,2025,Polygenic Prediction of Peripheral Artery Disease and Major Adverse Limb Events,JAMA Cardiology,1;2;3,,false,true,,,1:diabetes|kidney disease; 2:PRS|polygenic score|multiancestry|polygenic; 3:electronic health record|validation cohort
1658,40398747,2025,Pregnancy and Diabetic Retinopathy: A Report From the All of Us Research Program,Ophthalmology. Retina,1;15;18,,false,true,EY,EY,1:diabetic; 15:pregnancy; 18:diabetic retinopathy|retinopathy
1659,40375815,2025,Micronutrients and Chronic Pain: A Cross-Sectional Analysis,Pain Practice : The Official Journal of World Institute of Pain,4,,false,true,,,4:pain|chronic pain
1661,40398830,2025,Impacts of sample weighting on transferability of risk prediction models across EHR-Linked biobanks with different recruitment strategies,Journal of Biomedical Informatics,1;3;4;5;6;17,,false,true,CA,CA,1:hypertension|BMI; 3:electronic health record|AUC|risk prediction|random forest|EHR; 4:depression|smoking; 5:liver cancer|cancer; 6:underrepresented groups|underrepresented; 17:recruitment
1662,40402080,2025,Risk Factors Associated with Gastroenteropancreatic and Lung Neuroendocrine Tumors: A Nested Case-Control Study from The All of Us Research Program,"Cancer Epidemiology, Biomarkers & Prevention : A Publication of the American Association for Cancer Research, Cosponsored by the American Society of Preventive Oncology",1;3;5;6;9;13;14;17,,false,true,,,1:stroke|type 2 diabetes|obesity|endocrine|blood pressure|BMI|diabetes|heart disease|ischemic heart; 3:Researcher Workbench|electronic health record|ICD|workbench|ICD-10|EHR|notebook; 5:cancer|neoplasia|tumor; 6:social determinants of health|deprivation|racial and ethnic|socioeconomic|underrepresented|Hispanic; 9:lupus|systemic lupus|ulcerative colitis|celiac|Graves disease|Crohn|autoimmune; 13:asthma; 14:stroke; 17:data sharing|recruitment
1663,40405064,2025,AoUPRS: A cost-effective and versatile PRS calculator for the All of Us Program,BMC Genomics,1;2;3,,false,true,HG,HG,1:atrial fibrillation|type 2 diabetes|T2D|coronary|diabetes|CAD; 2:PRS|polygenic risk score|WGS|genotype|SNP|genomic|common variant|loci|polygenic; 3:electronic health record|AUC|EHR|model performance
1664,40409746,2025,Unlocking the Potential of Wear Time of a Wearable Device to Enhance Postpartum Depression Screening and Detection: Cross-Sectional Study,JMIR Formative Research,3;4;6;7;15;17,,false,true,,,3:Researcher Workbench|workbench|EHR|machine learning; 4:depression|anxiety|mental health|mood disorder; 6:socioeconomic|disparities|Latinx|income|Hispanic; 7:Fitbit|digital phenotyping|wearable|physical activity|wearable device|smartwatch; 15:perinatal|pregnancy|postpartum|maternal; 17:informed consent|consent process|recruitment
1665,40405426,2025,Vitiligo and associated comorbidities: A case-control study in the All of Us database,Clinical and Experimental Dermatology,1;12,,false,true,,,1:hypertension|endocrine|hyperlipidemia; 12:vitiligo
1666,40408224,2025,Progression trajectories of chronic overlapping pain conditions unveiled across two large clinical data warehouses,Pain,4;15,,false,true,DE,DE,4:pain|mental health; 15:endometriosis
1667,40413420,2025,Veteran participation in the All of Us Research Program: applying an intersectionality lens to evaluate participant diversity,BMC Medical Research Methodology,3;6;17,,false,true,OD,OD,3:Researcher Workbench|workbench; 6:health disparities|gender minority|American Indian|African American|minorities|Latino|equity|UBR|racial and ethnic|underrepresented|disparities|rural|income|minority|marginalized|SGM|discrimination|Hispanic; 17:research participation|trust|outreach|community engagement|recruitment
1668,40417568,2025,EHR Phenotyping Methods for Measuring Treatment Adherence Among People Living With HIV in All of Us: Towards Disparities and Inequalities in HIV Care Continuum,AMIA ... Annual Symposium Proceedings. AMIA Symposium,3;6;8,,false,true,,,3:OMOP|EHR; 6:disparities; 8:HIV
1669,40417537,2025,Deep Learning-based Time-to-event Analysis of Depression and Asthma using the All of Us Research Program,AMIA ... Annual Symposium Proceedings. AMIA Symposium,3;4;13,,false,true,,,3:deep learning|model performance; 4:depression; 13:asthma
1670,40421552,2025,Perceived Discrimination in Medical Care Settings on A1c Data From the All of Us Program,Health Education & Behavior : The Official Publication of the Society for Public Health Education,1;3;4;6,,false,true,,,1:T2DM|type 2 diabetes|glycemic|diabetes; 3:workbench|EHR; 4:mental health|psychological; 6:transgender|minorities|uninsured|racial and ethnic|income|discrimination|Hispanic
1671,40433684,2025,Association of Pathogenic/Likely Pathogenic Genetic Variants for Cardiomyopathies With Clinical Outcomes: A Multiancestry Analysis in the All of Us Research Program,Circulation. Genomic and Precision Medicine,1;2;10,,false,true,,,1:heart failure|arrhythmia; 2:ancestry|ClinVar|multiancestry; 10:pathogenic variant
1672,40437102,2025,Computable phenotypes to identify respiratory viral infections in the All of Us research program,Scientific Reports,2;3;6;8;17,,false,true,,,2:genomic|genetic risk|association studies|genetic association; 3:Researcher Workbench|electronic health record|ICD|workbench|ICD-10|computable phenotype|claims data|EHR|data linkage; 6:health disparities|Latino|underrepresented|disparities|income|Hispanic; 8:SARS-CoV-2|COVID-19|infection|vaccine; 17:community engagement|informed consent|recruitment
1673,40437324,2025,"Racial, ethnic and socioeconomic disparities in healthcare for adult spinal deformity patients",Spine Deformity,6,,false,true,,,6:racial and ethnic|socioeconomic|disparities|Black patients|race and ethnicity|Hispanic
1674,40442974,2025,PTPN2 and Leukopenia in Individuals With Normal TPMT and NUDT15 Metabolizer Status Taking Azathioprine,Clinical and Translational Science,2;3;5;9;16,,false,true,,,2:GWAS|genotype|locus|SNP|genome-wide association|genome-wide|ancestry|imputation|genetic risk|association study|association studies|genetic ancestry; 3:electronic health record|natural language processing|validation cohort|EHR|NLP; 5:leukemia|ALL; 9:lupus|systemic lupus|vasculitis|inflammatory bowel disease|autoimmune disease|Crohn's disease|ulcerative colitis|Crohn|SLE|autoimmune; 16:TPMT|NUDT15|metabolizer|adverse drug reaction|azathioprine
1675,40421744,2025,Sex differences in the confounders influencing the relationships linking socioeconomic factors and cognitive performance with family history of Alzheimer's disease and related dementias,Alzheimer's & Dementia : The Journal of the Alzheimer's Association,1;2;3;6;11;17,,false,true,AG;DA;MH;OD,AG;DA;MH;OD;TR,1:hypertension|cardiometabolic; 2:Mendelian randomization|PRS|polygenic risk score|GWAS|ancestry|imputation|polygenic; 3:electronic health record|ICD|OMOP; 6:deprivation|minorities|socioeconomic|income; 11:Alzheimer|ADRD|dementia|APOE|aging|Alzheimer's; 17:informed consent|ethics|recruitment
1676,40047317,2025,"SLCO1B1 Functional Variants, Bilirubin, Statin-Induced Myotoxicity, and Recent Sub-Saharan African Ancestry: A Precision Medicine Health Equity Study",Clinical Pharmacology and Therapeutics,1;2;6;16,,false,true,HG;HL,HG;HL;OD,1:statin; 2:genomic|ancestry; 6:equity|Black patients|Black participants; 16:pharmacogenetic
1681,40417546,2025,Adaptive Recruitment Resource Allocation to Improve Cohort Representativeness in Participatory Biomedical Datasets,AMIA ... Annual Symposium Proceedings. AMIA Symposium,17,,false,true,,,17:recruitment
1689,40369171,2025,Polygenic Risk Scores in Dilated Cardiomyopathy: Towards the Future,Current Cardiology Reports,1;2;3;6;10,,false,true,,,1:hypertension|heart failure|ejection fraction|valvular|ventricular|arrhythmia|cardiac; 2:PRS|polygenic risk score|GWAS|genetic risk score|GWAS summary|genotype|locus|SNP|genomic|genome-wide association|genetic variant|genome-wide|ancestry|imputation|genetic risk|association study|common variant|haplotype|association studies|genetic ancestry|loci|exome|polygenic; 3:ICD|AUC|risk prediction|model performance; 6:equity|discrimination; 10:incomplete penetrance|pathogenic variant|Mendelian|penetrance
1690,40267362,2025,Standardized Measurement of Type 1 Diabetes Polygenic Risk Across Multiancestry Population Cohorts,Diabetes Care,1;2;10,,false,true,DK;HG,DK;HG;OD,1:diabetes|type 1 diabetes; 2:PRS|polygenic risk score|WGS|ancestry|imputation|haplotype|multiancestry|polygenic; 10:monogenic
1691,40185865,2025,Genomics and multiomics in the age of precision medicine,Pediatric Research,1;2;3;4;5;6;10;13;15;17,,false,true,,,1:obesity|diabetic|cardiometabolic|dialysis|BMI|diabetes|type 1 diabetes; 2:genomics|genotype|SNP|genomic|genome-wide|ancestry|ClinVar|association study|gnomAD|exome|exome sequencing; 3:deep learning model|federated learning|data integration|clustering|FHIR|EHR|deep learning|artificial intelligence|machine learning; 4:psychosocial|cannabis|stress; 5:leukemia|oncology|cancer|tumor|ALL; 6:equity|socioeconomic|underrepresented|income|minority|race and ethnicity|discrimination|Hispanic; 10:ACMG|penetrance|expressivity; 13:asthma; 15:preterm birth|pregnancy|maternal|breastfeeding; 17:trust|data sharing|informed consent|community-based participatory|consent process|recruitment|stakeholder
1705,41019453,2025,Access to oral health care and its social determinants across the lifespan in the United States,Frontiers in Oral Health,3;4;6;17,,false,true,,,3:public health surveillance|electronic health record|clustering|workbench|missing data|EHR; 4:anxious|well-being|psychosocial|mental health; 6:health disparities|social determinants of health|Medicaid|SDOH|equity|uninsured|socioeconomic|disparities|income|race and ethnicity|Hispanic|housing; 17:outreach|ethics|recruitment
1707,40986403,2025,Machine Learning Approaches to Racial/Ethnic Differences in Social Determinants of Mild Cognitive Impairment and Its Progression to Dementia in the All of Us Research Program,"The Journals of Gerontology. Series B, Psychological Sciences and Social Sciences",3;6;11,,false,true,,,3:machine learning; 6:social determinants of health|SDOH|underrepresented|disparities|discrimination|Hispanic; 11:dementia|mild cognitive impairment|cognitive impairment
1708,40980249,2025,"Younger Age, Female Sex, Low Income, and Poor Mental Health Are Patient-Perceived Risk Factors for Poor Access to Care for Rotator Cuff Tears","Arthroscopy, Sports Medicine, and Rehabilitation",4;6;7,,false,true,,,4:pain|mental health; 6:access to care|African American|Latino|low-income|socioeconomic|disparities|income|minority|Hispanic; 7:wearable
1709,40974255,2025,Chronic pain prevalence and severity in females before & after menopause versus males in a large multi-center database,Pain Management,4;15,,false,true,,,4:pain|psychosocial|chronic pain; 15:menopause
1710,40973771,2025,Comparative polygenic predispositions of treatment-resistant depression in East Asian and European populations,Neuropsychopharmacology : Official Publication of the American College of Neuropsychopharmacology,2;4,,false,true,,,2:polygenic liability|GWAS|polygenic score|genomics|genome-wide association|genome-wide|ancestry|association study|heritability|polygenic; 4:depression|bipolar disorder|major depressive disorder|schizophrenia|antidepressant|psychosocial|psychiatric|bipolar|depressive|MDD
1717,40939242,2025,Factors associated with acute unscheduled care visits for asthma in the all of US dataset,The American Journal of Emergency Medicine,1;4;6;13,,false,true,,,1:hypertension; 4:anxiety|pain; 6:African American|socioeconomic|disparities|income|neighborhood; 13:asthma
1718,40937424,2025,Changes in mental health care utilisation before and during the COVID-19 pandemic among people living with HIV in the USA: a retrospective cohort study using the All of Us dataset,BMJ Public Health,1;3;4;5;6;8;11;14,,false,true,,,1:hypertension|heart failure|renal disease|diabetes|renal|myocardial infarction|vascular disease; 3:phenotyping algorithm|ICD|OMOP|ICD-10|EHR; 4:anxiety|loneliness|schizophrenia|substance use|psychiatric|mental health|psychological|stress; 5:malignancy|metastatic; 6:health disparities|Medicaid|health literacy|access to care|African American|socioeconomic|disparities|income|discrimination|housing; 8:HIV|COVID-19|infection; 11:dementia; 14:cerebrovascular
1719,40932135,2025,Validation of the American Heart Association Predicting Risk of Cardiovascular Disease Events Equations in Diverse Socioeconomic Groups: The All of Us Cohort,Journal of the American Heart Association,1;3;6;14,,false,true,,,1:stroke|heart failure|glomerular|cholesterol|blood pressure|diabetes|renal|lipid|kidney disease|cardiovascular disease|eGFR|CVD|cardiovascular|creatinine|statin; 3:AoU Researcher Workbench|Researcher Workbench|electronic health record|ICD|risk prediction|workbench|validation cohort|model performance; 6:American Indian|Latino|uninsured|racial and ethnic|socioeconomic|underrepresented|disparities|income|poverty|discrimination|Hispanic; 14:stroke
1720,40913926,2025,Adults With Congenital Heart Disease Have an Increased Prevalence of Autoimmunity,JACC. Advances,1;3;9;17,,false,true,,,1:obesity|endocrine|heart disease|cardiovascular|cardiac; 3:Researcher Workbench|electronic health record|ICD|workbench|ICD-10|EHR|SNOMED; 9:autoimmune disease|rheumatoid arthritis|autoimmune; 17:informed consent|ethics
1721,40913723,2025,Socioeconomic Factors Impact the Perception of Healthcare Experiences in Patients with Cirrhosis,Digestive Diseases and Sciences,1;6,,false,true,,,1:cirrhosis; 6:socioeconomic|disparities|income|minority
1722,40912238,2025,A semi-empirical Bayes approach for calibrating weak instrumental bias in sex-specific Mendelian randomization studies,American Journal of Human Genetics,1;2;10;13;17,,false,true,,,1:T2DM|heart failure|atrial fibrillation|type 2 diabetes|CKD|BMI|diabetes|CAD|kidney disease|CVD|cardiovascular; 2:Mendelian randomization|whole-genome sequencing|GWAS|genomics|GWAS summary|SNP|genomic|genome-wide association|genetic variant|genome-wide|ancestry|association studies; 10:Mendelian; 13:obstructive sleep apnea|insomnia|sleep apnea|OSA; 17:informed consent|ethics
1723,40912237,2025,All of Us Research Program year in review: 2024,American Journal of Human Genetics,,,true,false,,,
1728,40902600,2025,"Evaluating multi-ancestry genome-wide association methods: Statistical power, population structure, and practical implications",American Journal of Human Genetics,2,,false,true,,,2:multi-ancestry|genome-wide association|genome-wide|ancestry|association studies
1729,40898779,2025,The prevalence of endometriosis in adult female patients with hidradenitis suppurativa: a cross-sectional study using the All of Us Research Program,Clinical and Experimental Dermatology,12;15,,false,true,,,12:hidradenitis suppurativa; 15:endometriosis
1730,40896298,2025,Benchmarking Missing Data Imputation Methods for Time Series Using Real-World Test Cases,Proceedings of Machine Learning Research,2;3,,false,true,,,2:imputation; 3:missing data
1733,40890099,2025,Coagulation factor XII haploinsufficiency is protective against venous thromboembolism in a population-scale multidimensional analysis,Nature Communications,1;2;3;8;17,,false,true,,,1:venous thromboembolism|thromboembolism|thrombosis; 2:PheWAS|PRS|whole-genome sequencing|polygenic risk score|WGS|polygenic score|genomics|genotype|locus|genomic|whole genome sequencing|ancestry|genetic risk|admixture|genetic ancestry|genetic association|gnomAD|exome|exome sequencing|polygenic; 3:Researcher Workbench|variant effect predictor|electronic health record|ICD|workbench|missing data; 8:antibody|infection|sepsis; 17:informed consent|ethics|toolkit
1734,40884223,2025,Cost-related barriers to medication use among diverse participants with obesity-associated asthma,Journal of Managed Care & Specialty Pharmacy,1;6;13,,false,true,,,1:obesity|BMI; 6:health disparities|racial and ethnic|disparities|Latinx|Hispanic; 13:asthma
1735,40883272,2025,"Clustering of lymphoid neoplasms by cell of origin, somatic mutation and drug usage profiles: a multi-trait genome-wide association study",Blood Cancer Journal,2;3;5;16;17,,false,true,,,2:REGENIE|GWAS|fine-mapping|GWAS summary|locus|SNP|genomic|genome-wide association|rare variant|genome-wide|ancestry|genetic risk|association study|eQTL|association studies|genetic association|loci|heritability; 3:variant effect predictor|clustering|workbench|interpretability|machine learning; 5:ovarian cancer|lymphoma|oncology|cancer|Hodgkin|immunotherapy|colorectal|cancer screening|CLL; 16:pharmacogenomic; 17:informed consent|ethics
1736,40858232,2025,Long-term PM2.5 exposure and mental health disparities: A prospective analysis of the All of Us Research Program,Environmental Research,4;6;19,,false,true,,,4:depression|anxiety|mental health|stress; 6:health disparities|racism|socioeconomic|disparities|Black participants|neighborhood; 19:PM2.5|particulate matter|air pollution
1737,40869462,2025,"Defining the Chronic Complexities of hEDS and HSD: A Global Survey of Diagnostic Challenges, Life-Long Comorbidities, and Unmet Needs",Journal of Clinical Medicine,1;3;4;6;8;10;14;15;17,,false,true,,,1:endocrine|cardiovascular; 3:Researcher Workbench|workbench; 4:depression|PTSD|anxiety|post-traumatic stress|pain|chronic pain|mental health|psychological|stress; 6:health literacy|socioeconomic|disparities|marginalized; 8:long COVID; 10:Ehlers-Danlos|rare disease; 14:neurological|neuropathy; 15:pregnancy|pelvic organ prolapse; 17:research participation|outreach|informed consent|consent process|ethics|recruitment
1738,40881554,2025,The United States Preventive Services Task Force (USPSTF) Guidelines vs. Electronic Health Record (EHR)-Based Screening: A Comparative Accuracy Study in Prostate Cancer,Cureus,3;5,,false,true,,,3:Researcher Workbench|electronic health record|workbench|missing data|EHR|predictive model|interpretability|machine learning|SNOMED|notebook; 5:prostate cancer|neoplasm|malignancy|PSA|cancer|cancer screening
1739,40865627,2025,Glucagon-like Peptide-1 Receptor Agonists Are Associated With a Lower Risk of Peptic Ulcer Disease: A Nationwide Cohort Study,Clinical Gastroenterology and Hepatology : The Official Clinical Practice Journal of the American Gastroenterological Association,1,,false,true,,,1:T2DM|type 2 diabetes|glycemic|diabetes|cardiovascular
1740,40845034,2025,Understanding the evolving treatment landscape of hidradenitis suppurativa: An analysis of All of Us,PloS One,3;4;6;9;12,,false,true,,,3:Researcher Workbench|electronic health record|workbench|EHR; 4:depression|anxiety|wellbeing|mental health|psychological; 6:access to care|African American|disparities|income; 9:rheumatoid arthritis|ulcerative colitis|spondyloarthritis|Crohn|autoimmune|psoriasis; 12:skin condition|hidradenitis suppurativa|psoriasis
1741,40844317,2025,The All of Us Research Program's Social Media Outreach to Underrepresented Populations: Mixed Methods Analysis,Journal of Medical Internet Research,1;2;6;8;10;17,,false,true,,,1:obesity|diabetes|heart disease; 2:locus|ancestry|genetic ancestry; 6:structural racism|underrepresented groups|health disparities|Native American|racism|access to care|African American|minorities|Latino|equity|UBR|racial and ethnic|underrepresented|disparities|Latinx|income|marginalized|race and ethnicity|Asian American|Hispanic; 8:COVID-19; 10:sickle cell disease|sickle cell; 17:research participation|trust|outreach|return of results|ethics|recruitment
1742,40837114,2025,Enhancing Health Research with Machine Learning: Practical Case Studies Using the All of Us Researcher Workbench,Data Science in Science,3,,false,true,,,3:Researcher Workbench|workbench|machine learning
1743,40850508,2025,"Associations between long-term metformin use, the risk of vitamin B12 deficiency, and neuropathy: An All of Us research Program study",Diabetes Research and Clinical Practice,1;14;16,,false,true,,,1:T2DM|type 2 diabetes|diabetes; 14:peripheral neuropathy|neuropathy; 16:metformin
1744,40837069,2025,Genome-Wide Association Study and Rare Variant Association Studies of Strabismus in the All of Us Research Program,Ophthalmology Science,1;2;3;4;6;10;14;18,,false,true,,,1:stroke; 2:GWAS|WGS|genotype|locus|SNP|genomic|genome-wide association|rare variant|genome-wide|ancestry|association study|expression quantitative|association studies|genetic ancestry|loci; 3:Researcher Workbench|electronic health record|ICD|workbench|SNOMED; 4:schizophrenia|psychiatric; 6:African American|Latino|racial and ethnic|socioeconomic|underrepresented|minority|Hispanic; 10:Fanconi anemia; 14:stroke|neuromuscular|neurodevelopment|neurological; 18:eye disease|strabismus|olfactory
1747,40827941,2025,Polygenic Resistance to Blood Pressure Treatment and Stroke Risk: Insights from the All of Us Research Program,Annals of Neurology,1;2;14,14.2-stroke-cerebro,false,true,,,1:stroke|hypertension|blood pressure|hypertensive; 2:polygenic risk score|genetic risk|association study|genetic association|polygenic; 14:stroke
1750,40802651,2025,Genetic Associations in Non-Europeans with Pulmonary Fibrosis: Analysis of the All of Us Cohort,American Journal of Respiratory and Critical Care Medicine,13,,false,true,,,13:pulmonary
1753,40794368,2025,Are Aggregated Electronic Health Record Datasets Good for Research?,Journal of General Internal Medicine,1;3;6;7;8;13,,false,true,,,1:obesity|heart disease; 3:EHR data quality|electronic health record|ICD|clustering|natural language processing|missing data|claims data|EHR|data quality|data validation|harmonization|SNOMED|NLP; 6:social determinants of health|Medicaid|social vulnerability|Hispanic|housing; 7:wearable; 8:HIV|COVID-19|infection|sepsis|hepatitis; 13:asthma
1754,40792640,2025,The Intersection of Disability and Cancer: Improving Outcomes in Cancer Patients With Disabilities,Annals of Surgery,4;5;6,,false,true,,,4:pain|mental health; 5:melanoma|cancer|colorectal; 6:socioeconomic|disparities|Hispanic
1758,40779583,2025,Perceived stress and allostatic load: Results from the All of Us Research Program,PloS One,1;3;4;6,,false,true,,,1:HDL|blood pressure; 3:Researcher Workbench|electronic health record|workbench|OMOP|EHR; 4:loneliness|smoking|coping|stress; 6:health disparities|social determinants of health|Medicaid|deprivation|food insecurity|socioeconomic|underrepresented|disparities|Black participants|income|poverty|neighborhood|marginalized|race and ethnicity|discrimination|Hispanic
1761,40776288,2025,Predicting Infection Risk in Rheumatoid Arthritis Patients Treated with Biological and Targeted Synthetic Disease-Modifying Anti-Rheumatic Drugs: An Application of Machine Learning,Studies in Health Technology and Informatics,3;8;9,,false,true,,,3:machine learning; 8:infection; 9:rheumatoid arthritis|RA
1762,40776023,2025,Unveiling Pharmacogenomic Patterns in Breast Cancer Through Big Data,Studies in Health Technology and Informatics,3;5;16,,false,true,,,3:electronic health record|EHR; 5:breast cancer|cancer; 16:CYP2D6|pharmacogenomic|metabolizer|tamoxifen
1763,40776020,2025,Type 2 Diabetes Subtyping via Phenotype and Genotype Co-Learning,Studies in Health Technology and Informatics,1;2,,false,true,,,1:type 2 diabetes|T2D|diabetes; 2:genotype|genetic risk
1764,40774444,2025,Association of activity with the risk of developing musculoskeletal pain in the All of Us research program,The Journal of Pain,1;3;4;7;17,,false,true,,,1:hypertension|BMI|diabetes|cardiovascular disease|cardiovascular; 3:electronic health record|workbench|OMOP|EHR; 4:pain|psychosocial|mental health|stress; 7:step count|Fitbit|wearable|physical activity|sedentary|steps per day; 17:community engagement|informed consent|ethics
1765,40771618,2025,ENABLING A HEALTHIER FUTURE FOR ALL THROUGH PRECISION MEDICINE,Transactions of the American Clinical and Climatological Association,5;7,,false,true,,,5:ALL; 7:wearable|wearable device
1766,40771450,2025,A Case-Control Study of Trichotillomania Patients Using a National Database,Skin Appendage Disorders,3;4;6;12;13;14;15;17,,false,true,,,3:electronic health record|SNOMED; 4:alcohol use disorder|depression|PTSD|anxiety|schizophrenia|post-traumatic stress|obsessive-compulsive|alcohol abuse|OCD|substance use|social anxiety|psychiatric|mental health|smoking|anxiety disorder|stress|drug abuse; 6:African American|housing; 12:dermatitis|seborrheic dermatitis|alopecia; 13:insomnia; 14:migraine; 15:polycystic ovary syndrome|pregnancy|polycystic ovary; 17:informed consent|ethics
1767,40771441,2025,Management and Genetics of Alopecia Areata within the USA: A Cross-Sectional Study of All of Us,Skin Appendage Disorders,2;3;6;9;12,,false,true,,,2:genomic|ancestry|genetic risk; 3:Researcher Workbench|electronic health record|workbench|OMOP|EHR; 6:African American|Latino|underrepresented|income|Hispanic; 9:autoimmune disease|rheumatoid arthritis|RA|SLE|autoimmune|psoriasis; 12:dermatitis|alopecia areata|atopic dermatitis|vitiligo|alopecia|psoriasis
1768,40770708,2025,Whole exome sequencing and polygenic risk assessment for kidney functions and clinical management in both hospital-based cohort and population-based Asian cohorts,Journal of Biomedical Science,1;2;3;9;10;14;18,,false,true,,,1:stroke|SGLT2|hypertension|heart failure|obesity|glycemic|CKD|coronary|blood pressure|dialysis|diabetes|renal|kidney disease|eGFR|cardiovascular|hyperlipidemia|creatinine|vascular disease|cardiac; 2:GWAS|WGS|polygenic score|genomic|rare variant|genome-wide|rare-variant|ancestry|ClinVar|genetic risk|exome|exome sequencing|polygenic; 3:ICD|ICD-10; 9:lupus|systemic lupus|Sjögren|SLE|autoimmune; 10:monogenic|rare disease; 14:stroke; 18:hearing loss
1771,40763922,2025,APOE Genotype and Statin Response: Evidence From the UK Biobank and All of Us Program,Clinical and Translational Science,1;2;3;11,,false,true,,,1:HDL|cholesterol|triglyceride|coronary|LDL|BMI|lipid|heart disease|CVD|cardiovascular|statin|ischemic heart; 2:genotype|genomic|ancestry|imputation|genetic ancestry; 3:ICD|workbench|OMOP|missing data|EHR|harmonization; 11:APOE
1772,40756774,2025,Pyoderma gangrenosum associated with major adverse cardiovascular events,JEADV Clinical Practice,1;9;12,,false,true,,,1:hypertension|diabetes|cardiovascular|hyperlipidemia; 9:lupus|systemic lupus|rheumatoid arthritis; 12:pyoderma gangrenosum
1773,40754711,2025,Genetic variants linked to statin-associated Type 2 diabetes mellitus: Findings from the UK Biobank and the All of Us Research Program,British Journal of Pharmacology,1;2,,false,true,,,1:type 2 diabetes|diabetic|diabetes|cardiovascular disease|cardiovascular|statin; 2:GWAS|genome-wide association|genome-wide|association study
1774,40754259,2025,Investigating the Relationship Between Corneal Dystrophy and Mental Health Conditions Using the All of Us Research Program Database,American Journal of Ophthalmology,3;4,,false,true,,,3:electronic health record|EHR; 4:depression|anxiety|well-being|mental health|psychological
1775,40752773,2025,Mental Health Disorders and the Development of Cardiovascular Disease: Insights from the All of Us Research Program,The American Journal of Cardiology,1;4;14,,false,true,,,1:stroke|hypertension|heart failure|diabetes|cardiovascular disease|CVD|cardiovascular|hyperlipidemia|myocardial infarction; 4:depression|PTSD|anxiety|bipolar disorder|post-traumatic stress|mental health|smoking|bipolar|anxiety disorder|stress; 14:stroke
1777,40751574,2025,Racial/ethnic disparities among individuals with unruptured and ruptured cerebral aneurysms: Insights from the All of Us Research Program,International Journal of Stroke : Official Journal of the International Stroke Society,3;6,,false,true,,,3:electronic health record|ICD|EHR; 6:minorities|disparities|Black patients|income|race and ethnicity|Hispanic
1778,40750633,2025,"PAL-AI reveals genetic determinants that control poly(A)-tail length during oocyte maturation, with relevance to human fertility",Nature Communications,2;3;15;17,,false,true,,,2:whole-genome sequencing|transcriptome-wide|genomic|genome-wide association|HiFi|genome-wide|association studies|gnomAD|exome|exome sequencing; 3:clustering|workbench|AI model|deep learning|predictive model|model performance|neural network; 15:infertility|fertility; 17:library|recruitment
1779,40729094,2025,Increased Risk of Kidney Stones in Transgender Women and Gender-Diverse Adults on Gender-Affirming Hormone Therapy: Insights from a Large Database Study,Journal of Endourology,1;6,,false,true,,,1:kidney stone|nephrolithiasis; 6:transgender|underrepresented
1780,40728037,2025,Statins and Their Effect on Hearing: An All of Us Database Study,"The Annals of Otology, Rhinology, and Laryngology",1;18,,false,true,,,1:hypertension|dyslipidemia|diabetes|hyperlipidemia|statin; 18:tinnitus|hearing loss|sensorineural
1781,40720818,2025,Capturing Real-World Habitual Sleep Patterns With a Novel User-Centric Algorithm to Preprocess Fitbit Data in the All of Us Research Program: Retrospective Observational Longitudinal Study,Journal of Medical Internet Research,3;7;13;17,,false,true,,,3:privacy-preserving|Researcher Workbench|workbench|EHR; 7:Fitbit|wearable|sleep stage; 13:insomnia|circadian; 17:research training
1782,40720732,2025,Associations of sleep-associated variants with wearable-derived sleep stages in the all of us research program,Sleep,2;3;7,,false,true,,,2:whole-genome sequencing|GWAS|genomics|genotype|locus|genomic|genome-wide association|whole genome sequencing|genome-wide|ancestry|association study|association studies|loci; 3:Researcher Workbench|workbench; 7:Fitbit|wearable|sleep duration|sleep stage
1783,40720122,2025,CYP2D6 Phenotypes and Emergency Department Visits Among Patients Receiving Opioid Treatment,JAMA Network Open,1;2;3;4;16,,false,true,,,1:diabetes|heart disease; 2:whole-genome sequencing|WGS|genotype|haplotype; 3:Researcher Workbench|workbench|missing data|EHR; 4:antidepressant|pain|opioid|chronic pain; 16:pharmacogenetic|CYP2D6
1785,40701376,2025,Predicting Early Onset of Age-Related Macular Degeneration: A Machine Learning Approach,American Journal of Ophthalmology,1;3;9;18,,false,true,,,1:hypertension|dyslipidemia|hyperlipidemia; 3:AUC|clustering|machine learning|model performance; 9:rheumatoid arthritis; 18:macular degeneration|macular|eye care
1786,40701146,2025,Implementing a training resource for large-scale genomic data analysis in the All of Us Researcher Workbench,American Journal of Human Genetics,2;3,,false,true,,,2:GWAS|genomics|genomic|genome-wide association|genome-wide|association studies; 3:Researcher Workbench|workbench
1787,40698913,2025,"RAB19, SERPINB9P1, and Pancreatitis in Patients Taking Azathioprine in Routine Clinical Practice: Genome and Transcriptome-Wide Association Studies",Clinical Pharmacology and Therapeutics,2;3;8;9;16,,false,true,,,2:TWAS|GWAS|transcriptome-wide|SNP|genomic|whole genome sequencing|genome-wide|ancestry|imputation|association study|association studies|genetic ancestry|loci; 3:Researcher Workbench|ICD|workbench|natural language processing|validation cohort|EHR|NLP; 8:HLA|immune response; 9:lupus|systemic lupus|IBD|inflammatory bowel disease|Crohn's disease|Crohn|autoimmune; 16:TPMT|NUDT15|azathioprine
1788,40698407,2025,Risk for Heart Failure and Atrial Fibrillation Across the Lifespan for Carriers of the Amyloidogenic p.V142I TTR Variant,Circulation. Genomic and Precision Medicine,1;2,,false,true,,,1:heart failure|atrial fibrillation|cardiovascular|cardiac; 2:genomic|ancestry|genetic ancestry
1789,40697677,2025,"A comparison of family health history of breast cancer, colorectal cancer, and diabetes in self-reported survey and electronic health records data, All of Us Research Program",Genetics in Medicine Open,1;3;5;6;17,,false,true,,,1:type 2 diabetes|diabetes; 3:Researcher Workbench|workbench|OMOP|EHR; 5:breast cancer|colorectal cancer|cancer|colorectal; 6:social determinants of health|gay|Medicaid|health literacy|disparity|lesbian|African American|education level|uninsured|bisexual|underrepresented|disparities|income|race and ethnicity|Hispanic; 17:outreach|informed consent
1790,40691406,2025,Improved multiancestry fine-mapping identifies cis-regulatory variants underlying molecular traits and disease risk,Nature Genetics,2,,false,true,,,2:fine-mapping|ancestry|association studies|loci|multiancestry
1791,40684987,2025,"Longitudinal trends in physical activity and sleep before, during, and after pregnancy using Fitbit and EHR data from the All of Us research program",American Journal of Obstetrics & Gynecology MFM,3;6;7;15,,false,true,,,3:Researcher Workbench|workbench|EHR|data quality; 6:Latino|race and ethnicity|Hispanic; 7:step count|Fitbit|digital phenotyping|wearable|physical activity|sedentary|sleep duration; 15:maternal health|pregnancy|postpartum|maternal|vaginal
1792,40681360,2025,Prevalence and Sociodemographic Correlates of Low Back Pain in a Diverse U.S. Population: Insights From the All of Us Research Program,Pain Management Nursing : Official Journal of the American Society of Pain Management Nurses,4;6,,false,true,,,4:pain; 6:African American|education level|equity|disparities|income|Hispanic
1793,40681351,2025,"Age-, sex-, and ancestry-specific prevalence of hearing loss in UK Biobank and All of Us Research Program",Aging and Disease,2;18,,false,true,,,2:polygenic risk score|ancestry|polygenic; 18:hearing loss|sensorineural
1794,40677957,2025,Obstacles to Obtain Care Among Sexual and Gender Minorities With Chronic Rhinosinusitis,Laryngoscope Investigative Otolaryngology,3;6;18,,false,true,,,3:AoU Researcher Workbench|Researcher Workbench|workbench|case definition; 6:sexual and gender minorities|LGBTQ|health disparities|gender minority|minorities|underrepresented|disparities|income|minority|SGM; 18:chronic rhinosinusitis|CRS|ENT|otolaryngology
1795,40677145,2025,Neurobeachin (NBEA) is a novel gene associated with GLP-1 receptor agonist associated weight loss,"Diabetes, Obesity & Metabolism",1;2;3;5;6,,false,true,,,1:GLP-1|type 2 diabetes|T2D|obesity|endocrine|blood pressure|cardiometabolic|BMI|diabetes|cardiovascular disease|cardiovascular; 2:PheWAS|WGS|genotype|ClinVar|imputation|association study; 3:validation cohort|EHR; 5:liver cancer|cancer; 6:equity|racial and ethnic|Hispanic
1796,40676916,2025,MetaGeno: a chromosome-wise multi-task genomic framework for ischaemic stroke risk prediction,Briefings in Bioinformatics,1;2;3;14,1.4-stroke-cardio,false,true,,,1:stroke|hypertension|atrial fibrillation|T2D|cholesterol|coronary|blood pressure|CAD|atherosclerosis|cardiovascular|cardiac; 2:PRS|GWAS|locus|SNP|genomic|genome-wide association|genome-wide|ancestry|genetic risk|association studies|genetic association|loci|heritability|polygenic; 3:transformer-based|risk prediction|random forest|F1 score|transformer|deep learning|artificial intelligence|interpretability|machine learning|model performance|neural network; 14:stroke
1797,40674722,2025,Detecting Conversation Topics in Recruitment Calls of African American Participants to the All of Us Research Program Using Machine Learning: Model Development and Validation Study,JMIR Formative Research,3;6;8;17,,false,true,,,3:natural language processing|EHR|interpretability|machine learning; 6:underrepresented groups|health disparities|African American|equity|UBR|racial and ethnic|underrepresented|disparities|discrimination|Hispanic; 8:COVID-19; 17:African American community|participant engagement|willingness to participate|trust|outreach|community engagement|return of results|biospecimen|informed consent|consent process|recruitment
1799,40669406,2025,"Experiences of patient-provider concordance in healthcare among All of Us participants, 2017-2023",Patient Education and Counseling,6,,false,true,,,6:Medicaid|Hispanic
1800,40664210,2025,A calcium-sensing receptor allelic series and underdiagnosis of genetically driven hypocalcemia,American Journal of Human Genetics,1;2;3;10;14,,false,true,,,1:stroke|kidney disease|cardiac; 2:PheWAS|GWAS|genomics|genotype|genomic|genome-wide association|genetic variant|genome-wide|ancestry|ClinVar|phenome-wide|association study|exome|exome sequencing; 3:re-identification|ICD|ICD-10|phecode; 10:monogenic|incomplete penetrance|pathogenic variant|hereditary|penetrance|rare disease|expressivity; 14:stroke|epilepsy
1801,40663583,2025,Real-world barriers to health care utilization among people living with migraine: Insights from the All of Us Research Program,Headache,14,,false,true,,,14:migraine
1805,40652978,2025,Body mass index mediates the relationship between depression and triglyceride levels: Evidence from a large national cohort,Journal of Affective Disorders,1;3;4,,false,true,,,1:obesity|HDL|metabolic syndrome|cholesterol|triglyceride|cardiometabolic|dyslipidemia|LDL|insulin resistance|BMI|lipid|cardiovascular; 3:Researcher Workbench|workbench|missing data|EHR|data quality|SNOMED; 4:depression|PTSD|bipolar disorder|major depressive disorder|schizophrenia|SUD|post-traumatic stress|alcohol abuse|substance use|psychiatric|mental health|smoking|bipolar|depressive|stress|mood disorder|MDD|behavioral health
1806,40645528,2025,"Treatment resistant depression: Socio-demographic characteristics, comorbidity and treatment patterns from the All of Us Research Program",Journal of Affective Disorders,4,,false,true,,,4:depression|anxiety|major depressive disorder|post-traumatic stress|antidepressant|substance use|depressive|stress
1807,40639743,2025,Barriers to healthcare utilization among adults engaging in heavy drinking: Results from the All of Us research program,Preventive Medicine,6,,false,true,,,6:disparities|structural barriers|income|Hispanic
1808,40633541,2025,Leveraging local ancestry and cross-ancestry genetic architecture to improve genetic prediction of complex traits in admixed populations,American Journal of Human Genetics,2,,false,true,,,2:PRS|polygenic risk score|genomics|genetic variant|ancestry|genetic ancestry|polygenic|local ancestry
1809,40632872,2025,The human genetic variant rs6190 unveils Foxc1 and Arid5a as novel prometabolic targets of the glucocorticoid receptor in muscle,Science Advances,1;2;8,,false,true,,,1:type 2 diabetes|obesity|diabetic|cholesterol|triglyceride|insulin resistance|BMI|diabetes|hyperglycemia|lipid|cardiovascular; 2:genomics|genotype|locus|SNP|genomic|genetic variant; 8:antibody|viral load
1810,40632022,2025,Potential Association Between Lichen Sclerosus and Breast Cancer: A Cross-sectional Study in All of Us Research Program,Journal of Lower Genital Tract Disease,5;12,,false,true,,,5:breast cancer|cancer; 12:lichen sclerosus
1811,40627823,2025,Assessing the Data Quality Dimensions of Surgical Oncology Cohorts in the All of Us Research Program,JCO Clinical Cancer Informatics,3;5,,false,true,,,3:electronic health record|OMOP|EHR|data quality; 5:melanoma|lung cancer|oncology|cancer
1812,40626445,2025,Educational Attainment and Alzheimer's Disease and Related Dementias (ADRD) Risk Among Black Adults: A Comparative Analysis of U.S.-Born and Non-U.S.-born Populations in the All of Us Research Program,Journal of Applied Gerontology : The Official Journal of the Southern Gerontological Society,3;6;11,,false,true,,,3:electronic health record|ICD; 6:socioeconomic|disparities; 11:Alzheimer|ADRD|aging|Alzheimer's
1813,40625557,2025,Updated cross-sectional prevalence data for lichen sclerosus in the All-of-Us database: implications for current routine genital skin examination practices,International Journal of Women's Dermatology,3;5;6;12,,false,true,,,3:ICD|ICD-10; 5:cervical cancer|melanoma|carcinoma|malignancy|cancer|neoplasia|cancer screening; 6:African American|Latino|underrepresented|Hispanic; 12:dermatologic|vitiligo|dermatology|lichen sclerosus|squamous cell carcinoma
1814,40618288,2025,Use of Angiotensin Receptor Blockers in Celiac Disease Associated with Worse Outcomes,Digestive Diseases and Sciences,9,,false,true,,,9:celiac
1816,40610586,2025,Computational strategic recruitment for representation and coverage studied in the All of Us Research Program,NPJ Digital Medicine,3;6;17,,false,true,,,3:Researcher Workbench|electronic health record|workbench|EHR|data quality|artificial intelligence|machine learning|harmonization; 6:underrepresented groups|American Indian|minorities|Latino|UBR|racial and ethnic|underrepresented|disparities|Black participants|income|minority|race and ethnicity|Hispanic; 17:research training|trust|recruitment
1817,40605186,2025,Fitbit Physical Activity and Sleep Data in the All of Us Research Program: Data Exploration and Processing Considerations for Research,Medicine and Science in Sports and Exercise,7,,false,true,,,7:Fitbit|physical activity
1818,40595462,2025,"Shared genetic architecture of posttraumatic stress disorder with cardiovascular imaging, risk, and diagnoses",Nature Communications,1;2;3;4;6;7;13;14,,false,true,,,1:stroke|venous thromboembolism|hypertension|heart failure|atrial fibrillation|type 2 diabetes|T2D|obesity|thromboembolism|cholesterol|endocrine|coronary|blood pressure|dyslipidemia|aortic|BMI|arrhythmia|carotid|diabetes|atherosclerosis|heart disease|cardiovascular disease|CVD|cardiovascular|cardiac|ischemic heart; 2:Mendelian randomization|PheWAS|TWAS|GWAS|GWAS summary|locus|SNP|genomic|genome-wide association|genome-wide|ancestry|imputation|trans-ethnic|association study|association studies|genetic ancestry|loci|heritability|polygenic; 3:ICD|EHR|phecode|machine learning; 4:depression|PTSD|post-traumatic stress|antidepressant|well-being|pain|psychiatric|mental health|smoking|psychological|tobacco|stress|suicide; 6:deprivation|African American|equity|socioeconomic|disparities; 7:physical activity|sleep duration; 13:insomnia|circadian; 14:stroke|neurodegeneration
1819,40592257,2025,Identifying common disease trajectories of Alzheimer's disease with electronic health records,EBioMedicine,1;3;4;6;11;14;18,,false,true,,,1:hypertension|atrial fibrillation|type 2 diabetes|diabetes|cardiovascular|vascular disease; 3:ICD|clustering|ICD-10|EHR|case definition; 4:depression|anxiety|psychiatric|mental health|depressive|mood disorder; 6:race and ethnicity|Hispanic; 11:Alzheimer|ADRD|dementia|mild cognitive impairment|aging|cognitive decline|older adults|Alzheimer's|cognitive impairment; 14:traumatic brain injury|cerebrovascular|encephalopathy|neurological; 18:hearing loss
1820,40591411,2025,The human glucocorticoid receptor variant rs6190 increases blood cholesterol and promotes atherosclerosis,The Journal of Clinical Investigation,1;2;6;11;15,,false,true,,,1:HDL|diabetic|cholesterol|triglyceride|LDL|aortic|BMI|diabetes|atherosclerosis|lipid|cardiovascular disease|cardiovascular; 2:GWAS|genotype|locus|SNP|genomic|genetic variant|ancestry|ClinVar|genetic ancestry; 6:African American|Latino; 11:APOE; 15:menopause
1821,40590803,2025,Polygenic Risk Prediction for Normal-Tension Glaucoma,Investigative Ophthalmology & Visual Science,1;2;3;4;5;12;17;18,,false,true,,,1:BMI|diabetes; 2:PRS|GWAS|WGS|polygenic score|GWAS summary|genotype|genomic|genome-wide association|whole genome sequencing|genome-wide|ancestry|imputation|genetic risk|association study|polygenic; 3:Researcher Workbench|AUC|risk prediction|workbench|notebook; 4:depression; 5:melanoma|skin cancer|cancer; 12:skin cancer; 17:willingness to participate|trust|recruitment; 18:glaucoma|vision|optic nerve|ophthalmology
1822,40589063,2025,Vaping and cancer metastasis: novel preclinical insights and results from the All of Us Research Program,The Oncologist,4;5,,false,true,,,4:vaping; 5:cancer|metastasis
1823,40588925,2025,Evaluating Misalignment Between Emergency Department and Discharge Diagnoses,Studies in Health Technology and Informatics,,,false,true,,,
1824,40587790,2025,Sleep duration and timing are associated with next-day physical activity: Insights from two large-scale wearable sensor studies,Proceedings of the National Academy of Sciences of the United States of America,3;4;6;7;8;17,,false,true,,,3:Researcher Workbench|workbench; 4:well-being|mental health|smoking; 6:deprivation|underrepresented|income|race and ethnicity|Hispanic; 7:accelerometer|step count|Fitbit|wearable|physical activity|sensor|WHOOP|sedentary|heart rate variability|actigraphy|biometric|sleep duration; 8:COVID-19; 17:advisory board|research training|informed consent|ethics
1828,40580956,2025,Exploring depression treatment response by using polygenic risk scoring across diverse populations,American Journal of Human Genetics,2;4;6,,false,true,,,2:polygenic score|ancestry|polygenic; 4:depression|major depressive disorder|antidepressant|depressive|MDD; 6:African American|Hispanic
1829,40579894,2025,Hearing Loss Is Associated With Depression and Dysthymia in the All of Us Research Program,The Laryngoscope,1;3;4;18,,false,true,,,1:hypertension|diabetes; 3:ICD|ICD-10; 4:depression|major depressive disorder|depressive|psychological; 18:hearing loss|sensorineural
1831,40575363,2025,Comorbidities and systemic steroids drive pneumonia risk in inflammatory bowel disease: Propensity score-matched cohort study,World Journal of Gastrointestinal Pharmacology and Therapeutics,3;4;6;8;9;17,,false,true,,,3:Researcher Workbench|ICD|workbench|EHR|notebook; 4:smoking|tobacco; 6:minorities|socioeconomic|underrepresented|disparities|income; 8:infection|immune response|vaccine; 9:IBD|inflammatory bowel disease; 17:data sharing|biospecimen
1832,40575220,2025,The Effect of Patient-Provider Relationships on Compliance in Uncontrolled Diabetic Patients,Cureus,1;3;6;17,,false,true,,,1:diabetic|diabetes; 3:Researcher Workbench|workbench|SNOMED; 6:underrepresented groups|social determinants of health|disparity|racial and ethnic|socioeconomic|underrepresented|disparities|structural barriers|minority|race and ethnicity|Hispanic; 17:trust|patient-reported|dialogue
1833,40570403,2025,Prevalence and Correlates of Lipoprotein(a) Testing in a Diverse Cohort of U.S. Adults,JACC. Advances,1;3;6;10;14,,false,true,,,1:stroke|hypertension|heart failure|type 2 diabetes|aortic stenosis|obesity|glomerular|HDL|cholesterol|coronary|blood pressure|LDL|aortic|dialysis|diabetes|lipid|heart disease|kidney disease|cardiovascular disease|CVD|cardiovascular|cardiac|statin|ischemic heart; 3:electronic health record|ICD|ICD-10|SNOMED; 6:underrepresented groups|social determinants of health|equity|socioeconomic|underrepresented|disparities|income|race and ethnicity|Hispanic; 10:familial hypercholesterolemia; 14:stroke
1836,40568631,2025,Examining Reasons for Using Non-Primary Care Providers as Usual Source of Health Care: Insights From the All of Us Study,Health Care Science,3;4;6,,false,true,,,3:Researcher Workbench|workbench|claims data; 4:depression|loneliness|anxious|psychosocial; 6:social determinants of health|access to care|equity|racial and ethnic|disparities|rural|income|minority|race and ethnicity|discrimination|Hispanic
1837,40564227,2025,Evaluating Genomic and Clinical Risk Factors for Alzheimer's Disease in Individuals with Hypertension,Biomedicines,1;2;3;4;6;11,,false,true,,,1:hypertension|obesity|blood pressure|BMI|diabetes|hypertensive; 2:whole-genome sequencing|GWAS|WGS|genotype|genomic|genome-wide association|genetic variant|genome-wide|association study|association studies|loci; 3:electronic health record|workbench|EHR; 4:depression|smoking; 6:area deprivation index|social determinants of health|deprivation|socioeconomic|income|poverty|neighborhood|housing|ADI; 11:Alzheimer|dementia|aging|Alzheimer's|cognitive impairment
1838,40560532,2025,"Sociodemographic, health-related, and clinical characteristics and their associations with mortality among all of us participants compared with the United States general population",American Journal of Epidemiology,,,false,true,,,
1839,40557190,2025,National prevalence of melanoma: a cross-sectional analysis using the All of Us database,Proceedings %28Baylor University. Medical Center%29,5,,false,true,,,5:melanoma
1840,40555198,2025,Food Insecurity in Hidradenitis Suppurativa: A Cross-Sectional Analysis from the Population-Based All of Us Research Program,"Dermatology %28Basel, Switzerland%29",6;12,,false,true,,,6:food insecurity|socioeconomic|income|race and ethnicity; 12:hidradenitis suppurativa|cutaneous
1841,40554605,2025,Genetic disease risks of under-represented founder populations in New York City,PLoS Genetics,2;6;9;10,,false,true,,,2:WGS|genomics|genotype|genomic|ancestry|ClinVar|admixture|phasing|haplotype|global ancestry|genetic ancestry|local ancestry; 6:health disparities|Native American|African American|Latino|disparities|marginalized|race and ethnicity|Hispanic; 9:IBD; 10:founder variant|rare disease
1842,40552522,2025,Epidemiology and Comorbidities of Psychodermatologic Conditions,Journal of Cutaneous Medicine and Surgery,3;4;6;7;12,,false,true,,,3:AoU Researcher Workbench|Researcher Workbench|ICD|workbench|OMOP|ICD-10|SNOMED|notebook; 4:depression|anxiety|obsessive-compulsive|pain|OCD|substance use|psychosocial|chronic pain|psychiatric|mental health|bipolar|depressive|psychological|stress; 6:education level|socioeconomic|underrepresented|disparities|Black patients|income|Hispanic; 7:Fitbit; 12:dermatitis|skin disease|dermatologic|atopic dermatitis|hidradenitis suppurativa|psoriasis|cutaneous|acne
1843,40550363,2025,Association between Nucleoside and Nucleotide Reverse Transcriptase Inhibitor Use and Primary Open-Angle Glaucoma Risk in All of Us,Ophthalmology,3;8;17;18,,false,true,,,3:electronic health record|workbench|EHR|SNOMED; 8:antiretroviral|HIV|infection|hepatitis; 17:trust|informed consent; 18:glaucoma|cataract|vision|ophthalmology
1844,40549373,2025,APOE ε4 and Risk of Intracranial Hemorrhage in Patients With Atrial Fibrillation Taking Apixaban,JAMA Neurology,1;11;14,,false,true,,,1:stroke|atrial fibrillation; 11:cerebral amyloid angiopathy|Alzheimer|APOE; 14:subarachnoid hemorrhage|stroke
1845,40548175,2025,"A Model for Rapid Innovation for Engagement, Enrollment, and Data and Sample Collection in a Diverse Cohort Study: Insights from All of Us Participant Labs",Mayo Clinic Proceedings. Digital Health,3;6;17,,false,true,,,3:electronic health record|EHR; 6:health disparities|equity|UBR|underrepresented|disparities; 17:advisory board|research engagement|outreach|biospecimen|ethics|recruitment
1846,40539966,2025,Patterns of Basal Cell Carcinoma Presentation in the NIH All of Us Database,Ophthalmic Plastic and Reconstructive Surgery,5;6;12,,false,true,,,5:carcinoma|tumor; 6:access to care|income; 12:basal cell carcinoma
1847,40539265,2025,Predicting Weight Loss After Vertical Sleeve Gastrectomy Using a Whole-genome Sequencing-derived Polygenic Risk Score in the All of Us Cohort,Annals of Surgery,2;3,,false,true,,,2:PRS|whole-genome sequencing|polygenic risk score|genome-wide|polygenic; 3:electronic health record|random forest|validation cohort|gradient boosting
1848,40537972,2025,Socio-demographic and clinical factors associated with the receipt of anti-obesity medication prescriptions and metabolic and bariatric surgery among eligible all of Us participants,"Diabetes, Obesity & Metabolism",1;3;6;14,,false,true,,,1:stroke|hypertension|heart failure|atrial fibrillation|type 2 diabetes|T2D|obesity|coronary|BMI|diabetes|cardiovascular disease|cardiovascular; 3:ICD|missing data|EHR; 6:social determinants of health|Medicaid|minorities|uninsured|disparities|income|Hispanic|ADI; 14:stroke
1849,40537675,2025,Replicated blood-based biomarkers for myalgic encephalomyelitis not explicable by inactivity,EMBO Molecular Medicine,1;3;4;7;8;9;17,,false,true,,,1:HDL|cholesterol|triglyceride|insulin resistance|creatinine; 3:gradient boosting|XGBoost|SNOMED; 4:pain|mental health; 7:physical activity|sedentary; 8:antibody|infection; 9:autoimmune disease|autoimmune; 17:informed consent|consent process|ethics|recruitment
1850,40534628,2025,Sex and racial differences in prevalence and clinical characteristics of people living with LDLR and PCSK9 familial hypercholesterolemia genetic variants: Data from the All of Us Research program,American Journal of Preventive Cardiology,1;2;3;6;10;14,,false,true,,,1:stroke|hypertension|type 2 diabetes|HDL|cholesterol|coronary|LDL|BMI|diabetes|CAD|lipid|heart disease|cardiovascular disease|CVD|cardiovascular|statin; 2:WGS|genomic|genetic variant|ClinVar; 3:Researcher Workbench|ICD|workbench|EHR|harmonization|SNOMED|notebook; 6:equity|racial and ethnic|underrepresented|disparities|income|minority|Hispanic; 10:familial hypercholesterolemia|ACMG|penetrance; 14:stroke
1851,40528164,2025,Investigating the Relationship Between Social Support and Health Care Barriers Among Sexually and Gender Diverse Young Adults in the United States,LGBT Health,6,,false,true,,,6:income|race and ethnicity|discrimination|housing
1852,40526686,2025,Sociodemographically differential patterns of chronic pain progression revealed by analyzing the all of us research program data,PLOS Digital Health,3;4;6;14,,false,true,,,3:ICD|workbench|ICD-10|EHR; 4:depression|anxiety|schizophrenia|pain|chronic pain|mental health; 6:disparity|African American|underrepresented|disparities|income; 14:migraine
1853,40524801,2025,Incident cytopenia and risk of subsequent myeloid neoplasm in age-related clonal hematopoiesis: a multi-biobank case-control study,EClinicalMedicine,1;2;3;5;17,,false,true,,,1:CHIP|clonal hematopoiesis|cardiovascular disease|cardiovascular; 2:WGS|genomic|exome|exome sequencing; 3:ICD|ICD-10; 5:neoplasm|leukemia|malignancy|cancer|myelodysplastic|AML|MDS|chemotherapy; 17:advisory board|trust|data sharing|informed consent|ethics|toolkit
1854,40522671,2025,Diseases Common in Persons With Cystic Fibrosis Among CFTR Heterozygotes,JAMA Internal Medicine,2;10;13,,false,true,,,2:whole-genome sequencing|ancestry|phenome-wide|association study|association studies|genetic ancestry|genetic association; 10:cystic fibrosis|CFTR; 13:asthma|pulmonary|chronic obstructive
1858,40502263,2025,Integrating a conceptual consent permission model from the informed consent ontology for software application execution,AMIA Joint Summits on Translational Science Proceedings. AMIA Joint Summits on Translational Science,17,,false,true,,,17:informed consent
1859,40501118,2025,Impact of APOE4-related dementia risk in underrepresented groups from the All of Us research program,Alzheimer's & Dementia : The Journal of the Alzheimer's Association,2;3;6;11;14;17,,false,true,,,2:genotype|whole genome sequencing|genetic risk; 3:Researcher Workbench|phenotyping algorithm|cohort builder|electronic health record|ICD|workbench|EHR|case definition; 6:underrepresented groups|deprivation|African American|Latino|racial and ethnic|underrepresented|minority|race and ethnicity|Hispanic; 11:Alzheimer|dementia|APOE|aging|older adults|Alzheimer's|cognitive impairment; 14:cerebrovascular; 17:informed consent|ethics
1860,40500928,2025,Hormone Therapy Usage Is Associated With Adverse Cardiovascular Events in Prostate Cancer Patients of the All of Us Research Program Cohort,The Prostate,1;3;5;6;14;17,,false,true,,,1:stroke|hypertension|heart failure|type 2 diabetes|dyslipidemia|arrhythmia|diabetes|lipid|kidney disease|cardiovascular|myocardial infarction|vascular disease|cardiac|statin; 3:Researcher Workbench|electronic health record|ICD|workbench; 5:cancer survivors|prostate cancer|neoplasm|malignancy|cancer|metastasis|metastatic; 6:Latino|Hispanic; 14:stroke; 17:advisory board|trust|ethics
1861,40500782,2025,Improved breast cancer risk prediction using chromosomal-scale length variation,Human Genomics,2;3;5;6,,false,true,,,2:polygenic risk score|genetic risk score|SNP|genomic|ancestry|genetic risk|polygenic; 3:Researcher Workbench|AUC|risk prediction|workbench|random forest|deep learning|gradient boosting|machine learning; 5:breast cancer|BRCA1|cancer|tumor|cancer susceptibility; 6:African American|underrepresented
1862,40496758,2025,Machine learning applied to wearable fitness tracker data and the risk of hospitalizations and cardiovascular events,American Journal of Preventive Cardiology,1;3;6;7,,false,true,,,1:heart failure|atrial fibrillation|coronary|CAD|CVD|cardiovascular|myocardial infarction; 3:Researcher Workbench|electronic health record|workbench|feature engineering|random forest|F1 score|EHR|gradient boosting|machine learning|model performance|neural network; 6:social determinants of health; 7:step count|Fitbit|wearable|sedentary|wearable device|steps per day
1863,40495997,2025,Sleep and circadian disorders as risk factors for autoimmune disease: A population-based study,Neurobiology of Sleep and Circadian Rhythms,3;4;6;9;13;14;17,,false,true,,,3:electronic health record|missing data|EHR|interpretability|SNOMED; 4:smoking|CBT; 6:African American|Latino|racial and ethnic|socioeconomic|income|Hispanic; 9:multiple sclerosis|lupus|systemic lupus|autoimmune disease|rheumatoid arthritis|autoimmune; 13:obstructive sleep apnea|insomnia|circadian|delayed sleep phase|sleep apnea|OSA|hypersomnia|DSPD; 14:multiple sclerosis; 17:informed consent|ethics
1864,40489750,2025,Social determinants of health influence the risk of cirrhosis: A diverse nationwide cohort study,"Hepatology %28Baltimore, Md.%29",1;6,,false,true,,,1:cirrhosis; 6:social determinants of health|SDOH|food insecurity|disparities|neighborhood|discrimination
1865,40480197,2025,Subcontinental genetic variation in the All of Us Research Program: Implications for biomedical research,American Journal of Human Genetics,2;6,,false,true,,,2:subcontinental|ancestry|admixture|association studies|genetic association; 6:Native American|minorities|Latino|race and ethnicity|Hispanic
1866,40476828,2025,Vaping and Heart Failure: A Narrative Review,Cardiology in Review,1;4,,false,true,,,1:heart failure|ejection fraction|cardiovascular; 4:vaping|nicotine|tobacco|stress|e-cigarette
1868,40472801,2025,Polygenic scores for obstructive sleep apnoea reveal pathways contributing to cardiovascular disease,EBioMedicine,1;2;3;6;13;14;17,,false,true,,,1:GLP-1|stroke|hypertension|heart failure|atrial fibrillation|type 2 diabetes|obesity|coronary|cardiometabolic|BMI|diabetes|kidney disease|cardiovascular disease|CVD|cardiovascular; 2:PRS|REGENIE|GWAS|WGS|genomics|GWAS summary|SNP|genome-wide association|whole genome sequencing|genome-wide|ancestry|imputation|genetic risk|association study|admixture|polygenic; 3:Researcher Workbench|ICD|AUC|workbench|missing data|EHR; 6:Latino|Hispanic; 13:COPD|asthma|insomnia|pulmonary|chronic obstructive|OSA; 14:stroke; 17:advisory board|data sharing|informed consent|ethics
1869,40472296,2025,"Identification of Transgender and Gender-Diverse Individuals in the All of Us Research Program, 2017-2022",American Journal of Public Health,3;6,,false,true,,,3:electronic health record|computable phenotype; 6:health disparities|transgender|equity|bisexual|disparities|income|housing
1871,40461295,2025,Racial and ethnic differences in prescribing antihyperglycemic medications to persons with type 2 diabetes: An all of us cohort study,Primary Care Diabetes,1;6,,false,true,,,1:T2DM|hypertension|type 2 diabetes|obesity|diabetes; 6:minorities|racial and ethnic|disparities|income|Hispanic
1872,40456748,2025,TERT c.3150 G > C (p.K1050N): a founder Ashkenazi Jewish variant associated with telomere biology disorders,NPJ Genomic Medicine,2;3;5;10;12;13;15;17,,false,true,,,2:whole-genome sequencing|WGS|genomics|genomic|ancestry|haplotype|loci|gnomAD|exome|tandem repeat|exome sequencing; 3:Public Data Browser; 5:melanoma|skin cancer|cancer|tumor; 10:ACMG|incomplete penetrance|penetrance|founder variant; 12:skin cancer; 13:interstitial lung disease|pulmonary; 15:maternal|cervix; 17:informed consent|ethics|recruitment
1873,40455378,2025,"Racial/Ethnic Disparities in Health Literacy, Perception of Health Status, and Access to Healthcare Among Heart Transplant Patients of the National Institutes of Health All of Us Research Program",Journal of Racial and Ethnic Health Disparities,3;6,,false,true,,,3:Researcher Workbench|workbench; 6:health literacy|racial and ethnic|socioeconomic|disparities|income|Hispanic
1874,40454200,2025,Significant underascertainment in Huntington's disease,Brain Communications,2;3;10;17,,false,true,,,2:GWAS|genotype|genomic|genome-wide association|whole genome sequencing|genome-wide|ancestry|association studies|genetic ancestry|gnomAD; 3:ICD|ICD-10; 10:Mendelian|Huntington's|Huntington disease|penetrance|rare disease; 17:advisory board
1875,40451243,2025,Analysis-ready VCF at Biobank scale using Zarr,GigaScience,2;3;8;17,,false,true,,,2:GWAS|WGS|SAIGE|genomics|genotype|genomic|ancestry|association study|exome; 3:Researcher Workbench|workbench|missing data|machine learning|notebook; 8:SARS-CoV-2; 17:trust|library
1876,40451134,2025,Phenome-wide association of APOE alleles in the All of Us Research Program,EBioMedicine,1;2;3;6;11;14;15;17,,false,true,,,1:stroke|cirrhosis|endocrine|coronary|fatty liver|hypertensive|atherosclerosis|lipid|heart disease|cardiovascular; 2:PheWAS|genomics|genotype|locus|SNP|genomic|whole genome sequencing|ancestry|phenome-wide|association study|association studies|genetic ancestry|gnomAD; 3:Researcher Workbench|PhecodeX|electronic health record|ICD|workbench|random forest|OMOP|EHR|phecode; 6:social determinants of health|deprivation|African American|education level|SDOH|Latino|income; 11:cerebral amyloid angiopathy|Alzheimer|dementia|APOE|mild cognitive impairment|aging|Alzheimer's|cognitive impairment; 14:stroke|neurological; 15:pregnancy; 17:data sharing|informed consent|toolkit
1877,40449744,2025,Neighborhood experience and hoarding disorder,Journal of Affective Disorders,4;6,,false,true,,,4:loneliness|obsessive-compulsive|OCD|psychiatric|mental health; 6:neighborhood|discrimination
1878,40447985,2025,Racial and Ethnic Disparities in Perceived Healthcare Discrimination and Health Outcomes,Journal of General Internal Medicine,3;6;8;17,,false,true,,,3:Researcher Workbench|workbench|notebook; 6:health disparities|social determinants of health|American Indian|racism|African American|minorities|Latino|equity|racial and ethnic|socioeconomic|underrepresented|disparities|income|minority|marginalized|race and ethnicity|discrimination|Hispanic; 8:COVID-19|infection; 17:biospecimen|informed consent|patient-reported
1879,40240837,2025,Meta-prediction of coronary artery disease risk,Nature Medicine,1;2,,false,true,,,1:coronary|CAD; 2:genetic risk|polygenic
1880,40240721,2025,Discrimination and Mental Health Among Black and Latino People Living with HIV: Understanding the Role of Religion and Spirituality,AIDS and Behavior,4;6;8,,false,true,,,4:mental health; 6:health disparities|Latino|disparities|income|discrimination; 8:HIV
1882,40231587,2025,Population prevalence of the major thyroid cancer-associated syndromes,The Journal of Clinical Endocrinology and Metabolism,5;10,,false,true,,,5:thyroid cancer|cancer|neoplasia; 10:MEN2|hereditary
1883,40230888,2025,The health effects of housing instability and its association with congestive heart failure,American Journal of Preventive Cardiology,1;3;4;6,,false,true,,,1:hypertension|heart failure|obesity|HDL|cholesterol|blood pressure|BMI|diabetes|hypertensive|heart disease|cardiovascular disease|eGFR|cardiovascular|hyperlipidemia|statin; 3:Researcher Workbench|electronic health record|ICD|workbench|OMOP|EHR|SNOMED; 4:anxiety|nicotine|alcohol abuse|smoking; 6:health disparities|social determinants of health|disparity|American Indian|access to care|African American|minorities|SDOH|food insecurity|Latino|homelessness|racial and ethnic|socioeconomic|underrepresented|disparities|rural|income|neighborhood|marginalized|race and ethnicity|Hispanic|housing
1884,40227995,2025,Allergic Rhinitis-Underrepresented Populations and Barriers to Healthcare Access,The Laryngoscope,3;6;7;18,,false,true,,,3:electronic health record|EHR|SNOMED; 6:health literacy|Latino|uninsured|socioeconomic|underrepresented|disparities|Black patients|income|Hispanic; 7:Fitbit; 18:allergic rhinitis|otolaryngology|rhinitis
1885,40222865,2025,Response Regarding: Using Machine Learning to Predict Weight Gain in Adults: An Observational Analysis From the All of Us Research Program,The Journal of Surgical Research,3,,false,true,,,3:machine learning
1886,40214690,2025,Disparities in acne prescription patterns in underrepresented groups: insights from the all of us database,Archives of Dermatological Research,6;12,,false,true,,,6:underrepresented groups|underrepresented|disparities; 12:acne
1887,40213867,2025,Assessing health literacy and diversity within the All of Us Research Program,Journal of the American Medical Informatics Association : JAMIA,6,,false,true,,,6:social determinants of health|health literacy|income
1888,40206559,2025,Experience of healthcare discrimination reported by individuals with a history of gynecologic cancer in the All of Us research program,Gynecologic Oncology Reports,3;5;6;7;15,,false,true,,,3:Researcher Workbench|electronic health record|workbench; 5:cancer survivors|cervical cancer|ovarian cancer|colorectal cancer|endometrial cancer|oncology|malignancy|cancer|uterine cancer|colorectal|cancer screening|survivorship; 6:social determinants of health|gay|American Indian|racism|lesbian|African American|Latino|equity|bisexual|underrepresented|structural barriers|income|minority|race and ethnicity|discrimination|Hispanic; 7:Fitbit; 15:endometrial cancer|gynecologic|vaginal
1889,40200460,2025,Using Big Data to Uncover Drug-Gene Interaction in Patients with Prostate Cancer,Studies in Health Technology and Informatics,5;16,,false,true,,,5:prostate cancer|cancer; 16:CYP2D6|metabolizer|drug-gene
1890,40200434,2025,Predicting Prostate Cancer Diagnosis Using Machine Learning Analysis of Healthcare Utilization Patterns,Studies in Health Technology and Informatics,1;3;5,,false,true,,,1:triglyceride|creatinine; 3:AUC|F1 score|XGBoost|machine learning; 5:prostate cancer|PSA|cancer
1891,40197410,2025,Predicting Risk of Lung Cancer From Medical History,Quality Management in Health Care,3;5;6,,false,true,,,3:electronic health record|AUC|EHR|SNOMED; 5:lung cancer|cancer|metastasis; 6:social determinants of health
1893,40189781,2025,Association of genetic risk score for Alzheimer's disease with late-life body mass index in all of us: Evaluating reverse causation,Alzheimer's & Dementia : The Journal of the Alzheimer's Association,2;3;11,,false,true,,,2:Mendelian randomization|GWAS|genetic risk score|locus|SNP|genomic|whole genome sequencing|ancestry|genetic risk|association study|genetic ancestry|loci; 3:missing data|EHR|data quality; 11:Alzheimer|dementia|APOE|Alzheimer's
1894,40186349,2025,Area Deprivation and Clinical Biomarkers of Inflammation in Cancer Survivors of the National Institutes of Health All of Us Research Program,Cancer Medicine,1;3;4;5;6,,false,true,,,1:obesity|BMI|diabetes; 3:missing data|EHR|SNOMED|notebook; 4:smoking|stress; 5:cancer survivors|colorectal cancer|cancer|colorectal; 6:area deprivation index|social determinants of health|deprivation|education level|minorities|SDOH|underrepresented|income|poverty|neighborhood|minority|discrimination|Hispanic|housing|ADI
1895,40178947,2025,"Variation in PSA Levels by Age, Adiposity, Race and Ethnicity, and Genetic Risk: Implications for Prostate Cancer Screening","Cancer Epidemiology, Biomarkers & Prevention : A Publication of the American Association for Cancer Research, Cosponsored by the American Society of Preventive Oncology",2;5;6,,false,true,,,2:PRS|polygenic risk score|genetic risk|polygenic; 5:prostate cancer|PSA|cancer|cancer screening; 6:race and ethnicity
1896,40169705,2025,Effects of smoking behavior on lung metastasis in the All of Us Research Program,Scientific Reports,3;4;5;6,,false,true,,,3:Researcher Workbench|EHR data quality|cohort builder|electronic health record|workbench|EHR|data quality|SNOMED; 4:nicotine|smoking|e-cigarette; 5:liver cancer|prostate cancer|breast cancer|ovarian cancer|carcinoma|colorectal cancer|lung cancer|pancreatic cancer|cancer|metastasis|tumor|colorectal|metastatic; 6:access to care|income
1897,40167483,2025,Prediction of Breast Cancer Remission,Quality Management in Health Care,3;5;6,,false,true,,,3:random forest|EHR|data quality|machine learning|feature selection|model performance; 5:breast cancer|cancer; 6:social determinants of health|SDOH|socioeconomic|race and ethnicity|Hispanic
1899,40165908,2024,Association between Food Insecurity and Chronic Eye Disease in the National Institutes of Health's All of Us Research Program,Ophthalmology Science,1;3;6;18,,false,true,,,1:hypertension|obesity|diabetic|diabetes|cardiovascular disease|cardiovascular; 3:electronic health record|notebook; 6:social determinants of health|education level|SDOH|food insecurity|income|race and ethnicity; 18:glaucoma|macular degeneration|diabetic retinopathy|eye disease|retinopathy|vision|macular|eye care
1900,40163106,2025,Predicting Liver Cancer Risk Using Comprehensive Medical History,Quality Management in Health Care,5,,false,true,,,5:liver cancer|cancer
1901,40163093,2025,EHR-Based Risk Prediction for Kidney Cancer,Quality Management in Health Care,3;5,,false,true,,,3:risk prediction|EHR|SNOMED; 5:cancer|cancer screening
1902,40156101,2025,Ambient Solar Radiation Predicts Psoriasis Treatment Intensity,"Photodermatology, Photoimmunology & Photomedicine",1;3;6;9;12,,false,true,,,1:obesity|BMI; 3:Researcher Workbench|electronic health record|workbench; 6:deprivation|access to care|poverty|housing; 9:psoriatic arthritis|lupus|systemic lupus|Crohn's disease|rheumatoid arthritis|ulcerative colitis|Crohn|psoriasis; 12:dermatitis|atopic dermatitis|psoriasis
1903,40154961,2025,Germline prediction of immune checkpoint inhibitor discontinuation for immune-related adverse events,Journal for Immunotherapy of Cancer,2;5;9,,false,true,,,2:PRS|polygenic risk score|genomic|genome-wide|imputation|genetic risk|polygenic; 5:melanoma|lung cancer|oncology|cancer|immunotherapy|tumor|checkpoint inhibitor; 9:autoimmune disease|autoimmune
1904,40151467,2025,Sleep disorders as risk factors for calcific aortic stenosis,American Journal of Preventive Cardiology,1;3;13,,false,true,,,1:hypertension|aortic stenosis|obesity|HDL|cholesterol|valvular|dyslipidemia|LDL|aortic|BMI|diabetes|hyperglycemia|lipid|heart disease|kidney disease|cardiovascular disease|cardiovascular|hyperlipidemia; 3:electronic health record|ICD|validation cohort|EHR|machine learning; 13:narcolepsy|circadian|sleep apnea|hypersomnia
1905,40127945,2025,Food Insecurity Is Associated with Vitamin B12 Deficiency: The All of Us Database,Journal of the American Board of Family Medicine : JABFM,6,,false,true,,,6:social determinants of health|food insecurity|Latino|Hispanic
1906,40114383,2025,Bipolar Disorder Associated With Systemic Lupus Erythematosus: A Case-Control Study in the All of Us Research Program,International Journal of Rheumatic Diseases,4;9,,false,true,,,4:bipolar disorder|bipolar; 9:lupus|systemic lupus
1907,40077796,2025,Precision Medicine in Cardiovascular Disease Prevention: Clinical Validation of Multi-Ancestry Polygenic Risk Scores in a U.S. Cohort,Nutrients,1;2;3;6,,false,true,,,1:T2DM|hypertension|atrial fibrillation|type 2 diabetes|HDL|cholesterol|triglyceride|coronary|cardiometabolic|LDL|diabetes|CAD|atherosclerosis|lipid|heart disease|cardiovascular disease|cardiovascular|vascular disease|statin; 2:PRS|whole-genome sequencing|polygenic risk score|GWAS|multi-ancestry|WGS|genomics|SNP|genomic|whole genome sequencing|ancestry|genetic risk|admixture|genetic ancestry|loci|heritability|single nucleotide polymorphism|polygenic; 3:Researcher Workbench|ICD|risk prediction|workbench|EHR|model calibration|model performance; 6:Latino|underrepresented|Hispanic
1910,40041848,2024,"Racial/Ethnic Disparities Exist Among Patients Who Undergo Anterior Cruciate Ligament Reconstruction in Socioeconomic Status, Perception of Health Status and Literacy","Arthroscopy, Sports Medicine, and Rehabilitation",3;4;6,,false,true,,,3:Researcher Workbench|workbench; 4:pain|smoking|psychological|stress; 6:health disparities|social determinants of health|health literacy|African American|education level|Latino|equity|racial and ethnic|socioeconomic|disparities|income|Hispanic
1911,40002672,2025,Analysis and Visualization of Confounders and Treatment Pathways Leading to Amputation and Non-Amputation in Peripheral Artery Disease Patients Using Sankey Diagrams: Enhancing Explainability,Biomedicines,1;3;4;6;14,,false,true,,,1:hypertension|heart failure|obesity|diabetic|coronary|blood pressure|diabetes|CAD|hypertensive|atherosclerosis|lipid|kidney disease|CVD|cardiovascular|hyperlipidemia; 3:natural language processing|explainability|EHR|machine learning|NLP; 4:smoking|stress; 6:disparities|Black patients; 14:cerebrovascular
1913,39950131,2025,Predicting HIV Diagnosis Among Emerging Adults Using Electronic Health Records and Health Survey Data in All of Us Research Program,Proceedings. IEEE International Conference on Bioinformatics and Biomedicine,3;8,,false,true,,,3:AUC|machine learning; 8:HIV
1918,39812115,2025,"Depression and Anxiety Associated With Systemic Lupus Erythematosus: A Nested, Case-Control Study in the All of Us Database",International Journal of Rheumatic Diseases,4;9,,false,true,,,4:depression|anxiety; 9:lupus|systemic lupus
1920,39753770,2025,Blood DNA virome associates with autoimmune diseases and COVID-19,Nature Genetics,2;3;8;9;12;14;17,,false,true,,,2:whole-genome sequencing|GWAS|multi-ancestry|WGS|long-read sequencing|genomics|GWAS summary|genotype|locus|SNP|genomic|genome-wide association|HiFi|genome-wide|ancestry|association study|phasing|haplotype|association studies|long-read; 3:Researcher Workbench|clustering|workbench; 8:COVID-19|EBV|HHV|antibody|infection|viral load|virome; 9:multiple sclerosis|lupus|systemic lupus|autoimmune disease|rheumatoid arthritis|Hashimoto|MS|RA|Sjögren|SLE|autoimmune|scleroderma|psoriasis; 12:psoriasis; 14:multiple sclerosis|myelin; 17:informed consent|library
1923,39633571,2024,Clinical and Genomic Prediction of Coronary Artery Disease Subtypes,"Arteriosclerosis, Thrombosis, and Vascular Biology",1;2,,false,true,,,1:HDL|cholesterol|coronary|LDL|CAD|cardiovascular|myocardial infarction; 2:PRS|genomic|genome-wide|polygenic
1924,39364517,2024,Exploring the Association Between Hidradenitis Suppurativa and Hyperthyroidism,Cureus,1;3;6;12;17,,false,true,,,1:blood pressure|BMI; 3:cohort builder|electronic health record|workbench|EHR|SNOMED; 6:disparity|African American; 12:hidradenitis suppurativa; 17:informed consent|recruitment
1925,39363634,2024,Hip and waist circumference correlations with demographic factors and pain intensity in patients with chronic pain,Pain Management,4,,false,true,,,4:pain|chronic pain
1930,39207561,2024,Association between systemic sclerosis and atopic comorbidities: a case-control study of the All of Us database,Archives of Dermatological Research,,,false,true,,,
1940,38281971,2024,Utility of long-read sequencing for All of Us,Nature Communications,2;3;10;17,,false,true,,,2:whole-genome sequencing|long-read sequencing|genomics|genotype|genomic|HiFi|whole genome sequencing|genome-wide|ClinVar|phasing|haplotype|association studies|loci|heritability|long-read; 3:workbench|F1 score|deep learning|machine learning|RECOVER; 10:ACMG|pathogenic variant; 17:advisory board|informed consent|library
1944,37871800,2023,Association between alopecia areata and atopic dermatitis: A nested case-control study of the All of Us database,Journal of the American Academy of Dermatology,12,,false,true,,,12:dermatitis|alopecia areata|atopic dermatitis|alopecia
1947,37129477,2023,Exploring the All of Us Database: An Invitation to Nurse Scientists and Public Health Researchers,The Journal of the Association of Nurses in AIDS Care : JANAC,,,false,true,,,
1950,36804573,2023,Atopic comorbidities associated with granuloma annulare: A case-control study of the All of Us database,Journal of the American Academy of Dermatology,12,,false,true,,,12:granuloma annulare
1951,36183250,2022,Comorbidities associated with lichen planopilaris: a case-control study using the All of Us database,International Journal of Dermatology,12,,false,true,,,12:lichen planopilaris
1957,34276803,2021,Editorial: Cross-Domain Analysis for 'All of Us' Precision Medicine,Frontiers in Genetics,2;3;5,,false,true,,,2:exome|exome sequencing; 3:deep learning|artificial intelligence|machine learning|feature selection; 5:lung cancer|pancreatic cancer|cancer
1961,29724747,2018,'All of Us' study begins to sequence and follow a million Americans,BMJ %28Clinical Research Ed.%29,,,false,true,,,
1972,38604127,2024,MUSSEL: Enhanced Bayesian polygenic risk prediction leveraging information across multiple ancestry groups,Cell Genomics,1;2;3;4;6;14,,false,true,,,1:HDL|cholesterol|LDL|BMI|lipid|cardiovascular disease|CVD|cardiovascular; 2:PRS|GWAS|multi-ancestry|WGS|genomics|GWAS summary|genotype|SNP|genomic|genome-wide association|genome-wide|ancestry|imputation|association studies|genetic ancestry|heritability|polygenic; 3:AUC|risk prediction|data quality; 4:depression; 6:African American|Latino|equity|Hispanic; 14:migraine
2006,,2025,Time to Use Large-Scale Biobank Databases in Health Policy and Public Health Research,Oxford Academic,,,false,true,,,
2007,40823170,2025,Genome-wide meta-analysis identifies nine loci associated with higher risk of hepatocellular carcinoma development,JHEP Reports : Innovation in Hepatology,1;2;3;5;8;10;11,,false,true,,,1:hepatocellular carcinoma|type 2 diabetes|MASLD|obesity|cirrhosis|cholesterol|BMI|diabetes|lipid; 2:Mendelian randomization|PRS|polygenic risk score|GWAS|locus|SNP|genomic|genome-wide association|genome-wide|ancestry|genetic risk|association study|loci|heritability|single nucleotide polymorphism|polygenic; 3:ICD|ICD-10; 5:liver cancer|ovarian cancer|carcinoma|hepatocellular carcinoma|hepatocellular|cancer|tumor|colorectal|cancer screening; 8:HLA|infection|hepatitis; 10:Mendelian|hemochromatosis; 11:APOE
2014,,2018,Best Practices for Participant and Stakeholder Engagement in the All of Us Research Program,RAND,17,,false,true,,,17:stakeholder
2020,38105918,2021,Robust Estimation of Heterogeneous Treatment Effects: An Algorithm-based Approach,Communications in Statistics: Simulation and Computation,3,,false,true,,,3:random forest|gradient boosting|supervised learning|neural network
2021,36778587,2021,I can drive in Iceland: Enabling international joint analyses,Cell Genomics,2;3;6;17,,false,true,,,2:whole-genome sequencing|GWAS|genomics|genomic|genome-wide association|genome-wide|association studies; 3:re-identification|deep learning; 6:underrepresented groups|underrepresented; 17:trust|data sharing
2026,,2022,Taking Health Information to the Next Level: Strategic Partnerships Between NLM and Public Libraries,Emrald Publishing,,,false,true,,,
2029,,2023,Multidirectional genetic and genomic data sharing in the All of Us research program,Elsevier,2;17,,false,true,,,2:genomic; 17:data sharing
2031,,2023,Social Support And Depression During A Global Crisis,Nature,4;8,,false,true,,,4:depression|depressive|mood disorder; 8:COVID-19
2032,38083775,2023,Predicting Hospital Readmission among Patients with Sepsis Using Clinical and Wearable Data,Annual International Conference of the IEEE Engineering in Medicine and Biology Society. IEEE Engineering in Medicine and Biology Society. Annual International Conference,1;7;8,,false,true,,,1:heart failure|myocardial infarction; 7:Fitbit|wearable|physical activity; 8:infection|sepsis
2034,,2023,Racial differences in perception and experiences of adverse treatment by healthcare providers: A cross-sectional analysis of the All of Us data,Scholars Junction,6,,false,true,,,6:health disparities|social determinants of health|health literacy|racial and ethnic|disparities|discrimination
2035,37897460,2023,Physical Activity Trajectories Preceding Incident Heart Failure: A Proof-of-Concept Study,JACC. Heart Failure,1;7,,false,true,,,1:heart failure; 7:physical activity
2038,38242088,2024,A multi-cohort genome-wide association study in African ancestry individuals reveals risk loci for primary open-angle glaucoma,Cell,2;18,,false,true,,,2:PRS|polygenic risk score|GWAS|fine-mapping|genome-wide association|genome-wide|ancestry|association study|loci|polygenic; 18:glaucoma
2042,38548989,2024,Protein-altering variants at copy number-variable regions influence diverse human phenotypes,Nature Genetics,1;2;3;4;5;9;13;14;15,,false,true,,,1:stroke|hypertension|type 2 diabetes|T2D|blood pressure|diabetes; 2:whole-genome sequencing|REGENIE|WGS|long-read sequencing|locus|SNP|genomic|genome-wide|ancestry|imputation|common variant|haplotype|association studies|genetic ancestry|genetic association|loci|long-read|exome|tandem repeat|exome sequencing; 3:Researcher Workbench|workbench; 4:mental health|smoking|drug abuse; 5:pancreatic cancer|cancer; 9:IBD|autoimmune; 13:COPD|pulmonary|chronic obstructive; 14:stroke|neurological; 15:menopause
2043,38551504,2024,Solid Organ Transplant Recipients Exhibit More TET2-Mutant Clonal Hematopoiesis of Indeterminate Potential Not Driven by Increased Transplantation Risk,Clinical Cancer Research : An Official Journal of the American Association for Cancer Research,1,,false,true,,,1:CHIP|clonal hematopoiesis
2045,38844121,2024,Egypt Genome: Towards an African new genomic era,Journal of Advanced Research,1;2;5;6;10;17,,false,true,,,1:hepatocellular carcinoma|liver transplant|renal; 2:WGS|genomics|genotype|genomic|whole genome sequencing|ancestry|ClinVar|admixture|haplotype|exome|exome sequencing; 5:carcinoma|hepatocellular carcinoma|hepatocellular|cancer|tumour; 6:underrepresented|disparities|rural; 10:ACMG|monogenic|secondary findings|hereditary|incidental findings|rare disease; 17:outreach|library|ethics|recruitment
2047,38991538,2024,De novo variants in the RNU4-2 snRNA cause a frequent neurodevelopmental syndrome,Nature,1;2;3;10;14;15;17;18,,false,true,,,1:stroke|endocrine|ventricular|cardiac; 2:genomics|locus|genomic|ancestry|ClinVar|genetic ancestry|gnomAD|exome|exome sequencing; 3:ICD|ICD-10; 10:Mendelian|rare disease; 14:stroke|epilepsy|neurological; 15:gestational|maternal; 17:advisory board|trust|informed consent|library|recruitment; 18:strabismus|optic nerve
2056,39379762,2024,"Rare variant analyses in 51,256 type 2 diabetes cases and 370,487 controls reveal the pathogenicity spectrum of monogenic diabetes genes",Nature Genetics,1;2;5;6;10;15,,false,true,,,1:type 2 diabetes|T2D|obesity|HDL|cholesterol|coronary|LDL|insulin resistance|BMI|diabetes|prediabetes|hyperglycemia|lipid|creatinine; 2:PRS|whole-genome sequencing|REGENIE|polygenic risk score|GWAS|multi-ancestry|WGS|genotype|locus|genomic|genome-wide association|rare variant|genome-wide|genotype imputation|ancestry|ClinVar|imputation|common variant|association studies|genetic ancestry|burden test|loci|gnomAD|heritability|exome|exome sequencing|polygenic; 5:cancer|cancer susceptibility; 6:health disparities|African American|disparities; 10:monogenic|VUS|penetrance; 15:pregnancy
2058,39422498,2024,Association of Liver Disease and Chronic Pruritus: A Case-Control Study,Liver International : Official Journal of the International Association for the Study of the Liver,1;12,,false,true,,,1:type 2 diabetes|MASLD|obesity|diabetes; 12:eczema|cutaneous
2061,39496879,2024,Pervasive biases in proxy genome-wide association studies based on parental history of Alzheimer's disease,Nature Genetics,2;11,,false,true,,,2:GWAS|genome-wide association|genome-wide|association study|association studies|genetic association; 11:Alzheimer|Alzheimer's
2070,39659164,2024,Ethical considerations for biobanks serving underrepresented populations,Bioethics,1;2;3;4;6;9;17,,false,true,,,1:diabetes|renal|cardiovascular disease|cardiovascular; 2:genomics|locus|genomic|ancestry|genetic risk|loci|exome|exome sequencing; 3:artificial intelligence|machine learning; 4:schizophrenia|stress; 6:underrepresented groups|health disparities|African American|equity|racial and ethnic|underrepresented|disparities|minority|marginalized; 9:IBD|inflammatory bowel disease; 17:ELSI|community advisory|participant engagement|trust|outreach|community engagement|data sharing|biospecimen|informed consent|library|consent process|ethics|recruitment|dialogue
2103,,2025,Associations Between Immune-Related Conditions and Lymphoid Disorders: An Analysis of the Diverse All of Us Research Program,Multidisciplinary Digital Publishing Institute %28MDPI%29,1;5;9;12,,false,true,,,1:diabetes|type 1 diabetes; 5:leukemia|lymphoma; 9:lupus|systemic lupus|rheumatoid arthritis|ulcerative colitis|dermatomyositis|autoimmune|scleroderma|psoriasis; 12:dermatitis|atopic dermatitis|vitiligo|psoriasis
2131,39937857,2025,CASP8 intronic expansion identified by poly-glycine-arginine pathology increases Alzheimer's disease risk,Proceedings of the National Academy of Sciences of the United States of America,1;2;6;10;11;14;17,,false,true,,,1:type 2 diabetes|diabetes; 2:GWAS|long-read sequencing|genotype|locus|SNP|genomic|genetic risk|common variant|association studies|loci|long-read|tandem repeat; 6:African American|Hispanic; 10:monogenic|penetrance; 11:Alzheimer|dementia|APOE|aging|cognitive decline|Alzheimer's; 14:ALS|amyotrophic lateral sclerosis|amyotrophic lateral|neurological; 17:advisory board
2135,39982945,2025,Improving topic modeling performance on social media through semantic relationships within biomedical terminology,PloS One,1;3;4;17,,false,true,,,1:metabolic syndrome|cholesterol|heart disease|cardiovascular disease|cardiovascular|statin; 3:electronic health record|ICD|clustering|natural language processing|ICD-10|EHR|interpretability|machine learning|SNOMED|NLP; 4:depression|anxiety|antidepressant|anxious|pain|mental health; 17:patient-reported|patient perspectives
2140,39676709,2025,Cross-Phenotype Genome-Wide Association Study on the Shared Genetic Susceptibility to Systemic Sclerosis and Primary Biliary Cholangitis,"Arthritis & Rheumatology %28Hoboken, N.J.%29",2,,false,true,,,2:GWAS|fine-mapping|locus|genome-wide association|genome-wide|phenome-wide|association study|expression quantitative|association studies|loci
2144,,2025,The large-scale whole-genome sequencing era expedited medical discovery and clinical translation,Elsevier,2;6;7,,false,true,,,2:whole-genome sequencing|genomics|genomic|ancestry|polygenic; 6:equity|underrepresented; 7:wearable
2154,40056900,2025,Haploinsufficiency of ITSN1 is associated with a substantial increased risk of Parkinson's disease,Cell Reports,1;2;3;4;8;10;11;14;17,,false,true,,,1:CHIP|clonal hematopoiesis; 2:whole-genome sequencing|multi-ancestry|WGS|genotype|locus|genomic|genome-wide association|rare variant|genome-wide|rare-variant|ancestry|ClinVar|association study|haplotype|association studies|genetic ancestry|genetic association|loci|gnomAD|heritability|exome|exome sequencing; 3:variant effect predictor|ICD|random forest|ICD-10; 4:anxiety; 8:antibody|infection; 10:hereditary|penetrance|expressivity; 11:Alzheimer|dementia|Parkinson's disease|mild cognitive impairment|Parkinson|cognitive impairment; 14:neuromuscular|neurodegeneration|neurological; 17:trust|biospecimen|informed consent
2156,40075078,2025,"GWAS identifies genetic loci, lifestyle factors and circulating biomarkers that are risk factors for sarcoidosis",Nature Communications,1;2;3;4;8;9;12;14;17,,false,true,,,1:obesity|cirrhosis|BMI; 2:Mendelian randomization|TWAS|GWAS|multi-ancestry|GWAS summary|genotype|locus|transcriptome-wide|SNP|genomic|genome-wide association|whole genome sequencing|genome-wide|ancestry|genetic risk|association study|expression quantitative|eQTL|association studies|loci|heritability; 3:ICD|ICD-10|phecode|harmonization; 4:smoking|stress; 8:tuberculosis|HLA|antibody|infection|immune response; 9:multiple sclerosis|sarcoidosis|inflammatory bowel disease|autoimmune disease|autoimmune|psoriasis; 12:psoriasis|cutaneous; 14:multiple sclerosis; 17:informed consent|ethics
2157,40150058,2025,Time-Adaptive Machine Learning Models for Predicting the Severity of Heart Failure with Reduced Ejection Fraction,"Diagnostics %28Basel, Switzerland%29",1;3;7,,false,true,,,1:heart failure|obesity|ejection fraction|blood pressure|BMI|diabetes|cardiovascular; 3:AUC|risk prediction|feature engineering|missing data|EHR|deep learning|machine learning|SNOMED; 7:wearable
2169,40169570,2025,A genotype-first approach identifies high incidence of NF1 pathogenic variants with distinct disease associations,Nature Communications,1;2;3;5;10;17,,false,true,,,1:hypertension|clonal hematopoiesis|cardiovascular|hyperlipidemia; 2:PheWAS|genomics|genotype|locus|whole genome sequencing|genetic variant|ancestry|ClinVar|phenome-wide|association study|association studies|genetic ancestry|exome|exome sequencing; 3:Researcher Workbench|variant effect predictor|ICD|workbench|ICD-10|EHR|SNOMED; 5:glioblastoma|breast cancer|ovarian cancer|melanoma|thyroid cancer|colorectal cancer|hereditary cancer|pancreatic cancer|malignancy|cancer|tumor|colorectal|tumor suppressor|chemotherapy|sarcoma; 10:neurofibromatosis|tuberous sclerosis|ACMG|incomplete penetrance|pathogenic variant|hereditary|Mendelian|NF1|VUS|penetrance|expressivity; 17:outreach|informed consent|recruitment
2170,40175777,2025,Metabolic reaction fluxes as amplifiers and buffers of risk alleles for coronary artery disease,Molecular Systems Biology,1;2;3,,false,true,,,1:obesity|HDL|cholesterol|coronary|blood pressure|cardiometabolic|LDL|BMI|CAD|atherosclerosis|lipid|cardiovascular disease|cardiovascular|myocardial infarction; 2:PheWAS|GWAS|genomics|genotype|locus|SNP|genomic|genome-wide association|genome-wide|ancestry|haplotype|expression quantitative|eQTL|association studies|genetic ancestry|loci; 3:variant effect predictor|phecode
2179,,2025,Journal of the European Academy of Dermatology and Venereology: JEADV,Wiley Online Library,12;13,,false,true,,,12:dermatology|psoriasis; 13:insomnia|OSA
2181,40251273,2025,Association between plausible genetic factors and weight loss from GLP1-RA and bariatric surgery,Nature Medicine,1;2;3;6;9;11;16;17,,false,true,,,1:hypertension|type 2 diabetes|T2D|obesity|glycemic|endocrine|blood pressure|BMI|diabetes|renal|cardiovascular|hyperlipidemia; 2:whole-genome sequencing|WGS|polygenic score|genomics|genotype|SNP|genomic|genome-wide association|genetic variant|genome-wide|ancestry|imputation|genetic risk|association study|admixture|association studies|genetic ancestry|gnomAD|multiancestry|polygenic; 3:clustering|EHR|artificial intelligence|model performance; 6:equity|racial and ethnic|socioeconomic|disparities|race and ethnicity; 9:RA; 11:APOE; 16:drug response|metformin; 17:advisory board|biospecimen|informed consent|ethics|recruitment
2182,40519747,2025,Estimation of PEX1-mediated Zellweger spectrum disorder births and population prevalence by population genetics modeling,Genetics in Medicine Open,2;18,,false,true,,,2:genotype|ClinVar|gnomAD; 18:hearing loss|retinopathy|sensorineural
2190,40318638,2025,"Genetic and training adaptations in the Haenyeo divers of Jeju, Korea",Cell Reports,1;2;9;10;13;14;15;17,,false,true,,,1:stroke|hypertension|preeclampsia|blood pressure|hypertensive|cardiovascular disease|cardiovascular|cardiac; 2:GWAS|WGS|genomics|genotype|locus|SNP|genomic|genome-wide association|whole genome sequencing|genetic variant|genome-wide|ancestry|imputation|admixture|haplotype|expression quantitative|eQTL|association studies|genetic ancestry|genetic association|loci|polygenic; 9:IBD; 10:monogenic; 13:obstructive sleep apnea|sleep apnea|OSA; 14:stroke; 15:preeclampsia|pregnancy; 17:outreach|community engagement|informed consent
2198,40388606,2025,X and Y gene dosage effects are primary contributors to human sexual dimorphism: The case of height,Proceedings of the National Academy of Sciences of the United States of America,2;3;10,,false,true,,,2:genomics|genotype|genomic|ancestry|ClinVar|genetic ancestry|exome; 3:missing data|EHR; 10:pathogenic variant
2201,40404285,2025,Interpreting SNP heritability in admixed populations,Genetics,2,,false,true,,,2:GWAS|GWAS summary|genotype|locus|SNP|genomic|genome-wide association|genome-wide|ancestry|admixture|global ancestry|association studies|loci|heritability|multiancestry|polygenic|local ancestry
2204,40421529,2025,Development and Validation of Polygenic Risk Scores for Blood Pressure Traits in Continental African Populations,Circulation. Genomic and Precision Medicine,1;2,,false,true,,,1:hypertension|blood pressure; 2:PRS|multi-ancestry|ancestry|polygenic
2206,40821885,2025,Association Between Ehlers-Danlos Syndrome and Celiac Disease,Gastro Hep Advances,3;9;10,,false,true,,,3:electronic health record|EHR; 9:lupus|systemic lupus|inflammatory bowel disease|rheumatoid arthritis|celiac|Sjogren|autoimmune; 10:Ehlers-Danlos
2234,40579179,2025,Bipolar Syndrome Among Patients with Psoriasis: A Nested Case-Control Propensity-Scored Study,Clinical and Experimental Dermatology,4;9;12,,false,true,,,4:bipolar; 9:psoriasis; 12:psoriasis
2242,40591711,2025,A PKCη missense mutation enhances Golgi-localized signaling and is associated with recessively inherited familial Alzheimer's disease,Science Signaling,2;11,,false,true,,,2:whole-genome sequencing|GWAS|genotype|genomic|genome-wide association|genome-wide|association studies; 11:Alzheimer|Alzheimer's
2243,40736747,2025,A comparative review of short genetic variant databases across humans and animal species,Briefings in Bioinformatics,2;3;10,,false,true,,,2:whole-genome sequencing|long-read sequencing|genomics|SNP|genomic|whole genome sequencing|genetic variant|ancestry|association studies|gnomAD|long-read|exome|structural variant|exome sequencing; 3:data integration|machine learning; 10:ACMG
2244,40741004,2025,Building trust in clinical research: a systems approach to ethical engagement and sustainable outcomes,Frontiers in Pharmacology,6;8;17,,false,true,,,6:health disparities|underrepresented|disparities|marginalized; 8:COVID-19|vaccine; 17:community advisory|participant engagement|trust|CBPR|outreach|informed consent|community-based participatory|ethics|recruitment|dialogue
2245,,2025,A Comparison of Pediatric and Adult Ocular Diseases in the Context of Social Determinants of Health,Elsevier,6;18,,false,true,,,6:underrepresented groups|social determinants of health|food insecurity|low-income|underrepresented|income|neighborhood|housing; 18:glaucoma|cataract|macular degeneration|diabetic retinopathy|retinopathy|strabismus|macular|eye care
2246,,2025,Increased risk of melanoma and basal cell carcinoma in patients with sjogren’s syndrome: a nested case–control study,Springer Nature Link,5;9;12,,false,true,,,5:melanoma|carcinoma; 9:Sjogren; 12:basal cell carcinoma
2247,40719662,2025,Association of Obesity and Obesity Severity With Primary Care Use,Mayo Clinic Proceedings,1,,false,true,,,1:obesity
2259,40638547,2025,Exploring Demographic Associations of Patient-Reported Psychological Barriers to Bell's Palsy Care,Facial Plastic Surgery & Aesthetic Medicine,4;14;17,,false,true,,,4:psychological; 14:Bell's palsy; 17:patient-reported
2260,40633011,2025,"Now, More Than Ever, We Need Institutional Commitments to Transgender Health Research",American Journal of Public Health,6,,false,true,,,6:transgender
2264,40659970,2025,"Prevalence of Ferritin Testing, Iron Deficiency, and Iron Supplementation Among Women with Fatigue in Ambulatory Care",Journal of General Internal Medicine,,,false,true,,,
2269,40670583,2025,Uncovering genetic diversity and admixture of British Africans with HLA alleles inferred from whole genome sequencing,European Journal of Human Genetics : EJHG,2;8;16;17,,false,true,,,2:whole-genome sequencing|WGS|genomics|genotype|locus|genomic|whole genome sequencing|genome-wide|ancestry|imputation|admixture|haplotype|global ancestry|association studies|genetic ancestry|loci|local ancestry; 8:HLA; 16:pharmacogenomic; 17:trust|informed consent|ethics
2278,40796553,2025,Modeling the genomic architecture of adiposity and anthropometrics across the lifespan,Nature Communications,1;2;3;4;9;11;13;14;15;16;17,,false,true,,,1:GLP-1|stroke|hypertension|atrial fibrillation|type 2 diabetes|T2D|obesity|HDL|metabolic syndrome|cholesterol|coronary|blood pressure|cardiometabolic|BMI|diabetes|renal|hyperglycemia|heart disease|cardiovascular disease|cardiovascular|hyperlipidemia; 2:PheWAS|TWAS|GWAS|fine-mapping|GWAS summary|SNP|genomic|genome-wide association|genetic variant|genome-wide|ancestry|imputation|phenome-wide|association study|expression quantitative|eQTL|association studies|genetic association|loci|heritability|polygenic; 3:Researcher Workbench|electronic health record|clustering|workbench|natural language processing|EHR|phecode; 4:anxiety|bipolar disorder|major depressive disorder|schizophrenia|addiction|pain|substance use|chronic pain|psychiatric|mental health|bipolar|depressive; 9:autoimmune disease|autoimmune; 11:Alzheimer|frailty|dementia|APOE; 13:asthma; 14:stroke|neurological; 15:pregnancy; 16:drug-induced|drug-gene; 17:informed consent|ethics|recruitment
2279,40459934,2025,Polygenic modifiers impact penetrance and expressivity in telomere biology disorders,The Journal of Clinical Investigation,2;3;10,,false,true,,,2:whole-genome sequencing|REGENIE|polygenic risk score|GWAS|polygenic score|GWAS summary|genotype|SNP|genomic|genome-wide association|rare variant|whole genome sequencing|genome-wide|ancestry|ClinVar|association study|common variant|haplotype|exome|exome sequencing|polygenic; 3:variant effect predictor|ICD|ICD-10; 10:Fanconi anemia|monogenic|incomplete penetrance|pathogenic variant|penetrance|rare disease|expressivity
2280,,2025,Prevalence of clinical obesity versus BMI-defined obesity among US adults: a cohort study,Elsevier,1,,false,true,,,1:obesity|BMI
2281,40355673,2025,Biological markers and psychosocial factors predict chronic pain conditions,Nature Human Behaviour,1;2;3;4;6;9;14;17,,false,true,,,1:stroke|HDL|cholesterol|blood pressure; 2:PRS|whole-genome sequencing|GWAS|genome-wide association|genome-wide|ancestry|association study; 3:ICD|AUC|ICD-10|validation cohort|EHR|deep learning|machine learning|harmonization|model performance; 4:depression|anxiety|pain|substance use|psychosocial|chronic pain|mental health|smoking|stress; 6:underrepresented groups|socioeconomic|underrepresented|income|discrimination; 9:multiple sclerosis|ankylosing spondylitis|rheumatoid arthritis|ulcerative colitis|ankylosing|Crohn|RA|polymyalgia rheumatica; 14:multiple sclerosis|stroke|peripheral neuropathy|carpal tunnel|neurological|neuropathy; 17:informed consent|patient-reported|ethics|recruitment
2282,40835838,2025,Multi-ancestry meta-analysis of keloids uncovers novel susceptibility loci in diverse populations,Nature Communications,1;2;3;5;6;9;12;13;15;17;18,,false,true,,,1:hypertension|blood pressure|lipid|cardiac; 2:GWAS|multi-ancestry|fine-mapping|genomics|GWAS summary|genotype|locus|SNP|genomic|genome-wide association|genome-wide|ancestry|genetic risk|association study|admixture|haplotype|association studies|loci|gnomAD|heritability|exome; 3:Researcher Workbench|electronic health record|ICD|workbench|ICD-10|EHR|phecode; 5:breast cancer|colorectal cancer|skin cancer|cancer|tumor microenvironment|immunotherapy|tumor|colorectal|tumor suppressor; 6:health disparities|disparity|African American|Latino|disparities|Black patients|Hispanic; 9:sarcoidosis; 12:rosacea|skin cancer|dermatologic|keloid; 13:asthma; 15:uterine fibroids|pregnancy; 17:library|recruitment; 18:glaucoma
2283,40813364,2025,Biobank-scale genetic characterization of Alzheimer's disease and related dementias across diverse ancestries,Nature Communications,1;2;3;6;10;11;14;17,,false,true,,,1:stroke; 2:PRS|whole-genome sequencing|polygenic risk score|multi-ancestry|WGS|genomics|genotype|locus|SNP|genomic|genome-wide association|whole genome sequencing|genome-wide|ancestry|ClinVar|genetic risk|admixture|haplotype|association studies|genetic ancestry|loci|gnomAD|polygenic; 3:AoU Researcher Workbench|data harmonization|Researcher Workbench|ICD|workbench|ICD-10|harmonization; 6:underrepresented groups|equity|underrepresented|Hispanic; 10:ACMG|incomplete penetrance|pathogenic variant|Gaucher|penetrance|rare disease; 11:Alzheimer|ADRD|dementia|APOE|mild cognitive impairment|Parkinson|aging|Alzheimer's|cognitive impairment; 14:stroke|ALS|amyotrophic lateral sclerosis|amyotrophic lateral|neurological; 17:genetic counseling|trust|library|recruitment
2287,40809192,2025,Elevated B(12) serum levels are associated with the presence of clonal hematopoiesis,Blood Neoplasia,1;2;5,,false,true,,,1:clonal hematopoiesis|heart disease; 2:genomic|ancestry|genetic ancestry; 5:breast cancer|leukemia|malignancy|cancer|myelodysplastic|tumor
2291,,2025,Complications of Mohs Surgery and the Influence of Economic Status on Outcomes,Wiley Online Library,6;12,,false,true,,,6:disparities|rural|income|race and ethnicity; 12:dermatology|cutaneous
2293,,2025,Leveraging Machine Learning Algorithms to Predict Self-Rated Physical Health: Insights from the All of Us Dataset,Sage Journals,3;7,,false,true,,,3:AUC|random forest|gradient boosting|machine learning; 7:Fitbit|wearable|physical activity
2299,,2025,Baseline Laboratory Predictors of Deep Vein Thrombosis in Multiple Myeloma: Insights From the All of Us Research Program,Elsevier,1;5,,false,true,,,1:DVT|deep vein thrombosis|thrombosis; 5:myeloma|multiple myeloma
2300,,2025,"Incidence, Timing, and Baseline Predictors of Deep Vein Thrombosis in Multiple Myeloma: A Real-World All of Us Cohort Study",Elsevier,1;5,,false,true,,,1:renal disease|DVT|deep vein thrombosis|renal|thrombosis; 5:myeloma|multiple myeloma
2320,41070372,2025,Disparities in Patient-Reported Healthcare Affordability and Access Among Arthroplasty Patients in the All of Us Database,JB & JS Open Access,1;3;6;17,,false,true,,,1:thromboembolism|BMI; 3:Researcher Workbench|workbench|missing data|notebook; 6:Medicaid|deprivation|access to care|equity|racial and ethnic|socioeconomic|disparities|rural|Black patients|structural barriers|income|neighborhood|race and ethnicity|Hispanic; 17:informed consent|patient-reported
2321,41069995,2025,"Psychosocial burdens in early- versus late-onset dementia: analysis of discrimination, stress, and loneliness in the All of Us Research Program",Innovation in Aging,1;3;4;6;11,,false,true,,,1:type 2 diabetes|obesity|diabetes; 3:AoU Researcher Workbench|Researcher Workbench|electronic health record|ICD|workbench|EHR; 4:loneliness|well-being|psychosocial|coping|psychological|stress; 6:health disparities|deprivation|socioeconomic|disparities|income|neighborhood|minority|discrimination; 11:Alzheimer|dementia|aging|cognitive decline|older adults|cognitive impairment
2322,41068065,2025,Psychosocial Risk Factors and Perceived Well-Being in Survivors of Gastrointestinal Cancer,Psycho-Oncology,4;5;6,,false,true,,,4:loneliness|well-being|psychosocial|mental health|stress; 5:cancer survivors|cancer|survivorship; 6:social determinants of health|Black patients|discrimination
2323,41064579,2025,The Associative Impact of Recreational Cannabis Use on Sinonasal Diseases,Laryngoscope Investigative Otolaryngology,3;4;6;7;13;18,,false,true,,,3:AoU Researcher Workbench|Researcher Workbench|electronic health record|ICD|workbench|EHR; 4:depression|anxiety|pain|psychiatric|cannabis|smoking|tobacco; 6:African American|Latino|underrepresented|Hispanic; 7:wearable|wearable device; 13:asthma|OSA; 18:chronic rhinosinusitis|CRS|ENT|allergic rhinitis|rhinitis
2324,41064239,2025,"American Life in Realtime: Benchmark, publicly available person-generated health data for equity in precision health",PNAS Nexus,1;3;4;6;7;8;11;14;17,,false,true,,,1:stroke|hypertension|obesity; 3:Researcher Workbench|AUC|workbench|supervised learning|model performance; 4:well-being|wellbeing; 6:underrepresented groups|health disparities|Medicaid|health literacy|disparity|American Indian|racism|minorities|Latino|equity|underrepresented|disparities|rural|income|neighborhood|discrimination|Hispanic|housing; 7:Fitbit|wearable|sensor|heart rate variability; 8:COVID-19|infection|vaccine; 11:aging|older adults; 14:stroke; 17:willingness to participate|informed consent|library|recruitment|toolkit
2325,41064073,2025,Racial Disparities in Healthcare Resource Utilization among Patients with Hidradenitis Suppurativa: An All of Us Database Analysis,Skin Appendage Disorders,1;4;6;12,,false,true,,,1:obesity|diabetes; 4:anxiety|smoking; 6:social determinants of health|access to care|African American|socioeconomic|underrepresented|disparities; 12:hidradenitis suppurativa
2326,41061473,2025,Ophthalmic conditions in patients with multiple sclerosis,Multiple Sclerosis and Related Disorders,1;6;9;14;18,,false,true,,,1:hypertension|obesity|diabetes; 6:education level|socioeconomic|income; 9:multiple sclerosis|autoimmune disease|rheumatoid arthritis|MS|autoimmune; 14:multiple sclerosis|neuropathy; 18:retinal|uveitis|vision|ophthalmology
2327,41059983,2025,Comorbidity prevalence and incidence in cancer survivors: a longitudinal All of Us study,JNCI Cancer Spectrum,1;3;4;5;6;12,,false,true,,,1:hypertension|type 2 diabetes|obesity|endocrine|kidney stone|diabetes; 3:workbench|EHR|notebook; 4:depression|stress; 5:cancer survivors|prostate cancer|ovarian cancer|thyroid cancer|cancer survivor|skin cancer|cancer|chemotherapy|survivorship; 6:disparity|Latino|disparities|race and ethnicity|Hispanic; 12:skin cancer
2328,41053791,2025,Genetic underpinnings of the heterogeneous impact of obesity on lipid levels and cardiovascular disease,Genome Medicine,1;2;3;6;10;11;14,,false,true,,,1:stroke|hypertension|atrial fibrillation|type 2 diabetes|T2D|obesity|HDL|cholesterol|endocrine|cardiometabolic|dyslipidemia|LDL|insulin resistance|BMI|diabetes|lipid|heart disease|cardiovascular disease|CVD|cardiovascular|hyperlipidemia|myocardial infarction|ischemic heart; 2:Mendelian randomization|PheWAS|PRS|TWAS|GWAS|WGS|genomics|GWAS summary|genotype|locus|SNP|genomic|genome-wide association|whole genome sequencing|genome-wide|ancestry|phenome-wide|genetic risk|association study|loci|gnomAD|heritability|exome|single nucleotide polymorphism|polygenic; 3:EHR|phecode; 6:social determinants of health|racism|Latino|discrimination|Hispanic; 10:Mendelian|spinal muscular atrophy; 11:Alzheimer|dementia|APOE|Alzheimer's; 14:stroke|cerebrovascular
2329,41044382,2025,The genetics of cannabis lifetime use,Neuropsychopharmacology : Official Publication of the American College of Neuropsychopharmacology,1;2;4;5;13,,false,true,,,1:obesity|cholesterol|BMI|diabetes|cardiovascular; 2:Mendelian randomization|PheWAS|PRS|whole-genome sequencing|TWAS|GWAS|fine-mapping|genotype|locus|transcriptome-wide|SNP|genomic|genome-wide association|genome-wide|genotype imputation|ancestry|imputation|association study|haplotype|association studies|loci|heritability; 4:depression|schizophrenia|opioid use disorder|addiction|nicotine|opioid|substance use|self-harm|psychiatric|cannabis|smoking|tobacco; 5:lung cancer|cancer|metastasis|tumor|metastatic; 13:asthma
2330,41041720,2025,Real-world effects of using gnomAD 4.1.0 and AllofUs population reference datasets on reporting of variants of uncertain significance,Genetics in Medicine : Official Journal of the American College of Medical Genetics,2,,false,true,,,2:genomic|gnomAD
2334,41039588,2025,Cross-ancestry discovery of genetic risk variants for lean metabolic dysfunction-associated steatotic liver disease,Cell & Bioscience,1;2;3;8,,false,true,,,1:hypertension|type 2 diabetes|NAFLD|MASLD|obesity|HDL|diabetic|cholesterol|triglyceride|blood pressure|cardiometabolic|LDL|BMI|fatty liver|diabetes|lipid|hyperlipidemia; 2:GWAS|genotype|SNP|genomic|genome-wide association|genome-wide|ancestry|imputation|trans-ethnic|genetic risk|association studies|genetic association|loci; 3:ICD|ICD-10|case definition; 8:infection|hepatitis
2335,41036474,2025,"Understanding the Comorbidities Among Psychiatric Disorders, Chronic Low Back Pain, and Spinal Degenerative Disease Using Observational and Genetically Informed Analyses",Biological Psychiatry Global Open Science,2;3;4,,false,true,,,2:Mendelian randomization|PRS|polygenic risk score|GWAS|genome-wide association|genome-wide|ancestry|genetic risk|association studies|polygenic; 3:ICD|OMOP|ICD-10|EHR; 4:alcohol use disorder|depression|PTSD|anxiety|bipolar disorder|schizophrenia|opioid use disorder|antidepressant|pain|opioid|AUD|psychiatric|mental health|cannabis|smoking|bipolar|stress
2336,41034836,2025,Associations between pre-pandemic housing insecurity and reports of anxiety and depression in the early months of the COVID-19 pandemic: an analysis of the All of Us Research Program cohort,BMC Public Health,3;4;6;8,,false,true,,,3:Researcher Workbench|workbench; 4:depression|anxiety|post-traumatic stress|wellbeing|mental health|anxiety disorder|psychological|stress; 6:social determinants of health|gay|Medicaid|lesbian|homelessness|bisexual|socioeconomic|underrepresented|disparities|income|Hispanic|housing; 8:COVID-19
2337,41033574,2025,Socioeconomic trends of adult strabismus in the United States: an analysis of the All of Us database,Journal of AAPOS : The Official Publication of the American Association for Pediatric Ophthalmology and Strabismus,6;18,,false,true,,,6:deprivation|education level|socioeconomic|disparities|income|poverty; 18:strabismus|eye care
2338,41033573,2025,Epidemiology of strabismus among adults in the United States: insights from the All of Us database,Journal of AAPOS : The Official Publication of the American Association for Pediatric Ophthalmology and Strabismus,6;18,,false,true,,,6:access to care|Black participants; 18:strabismus
2339,41033385,2025,Associations Between Sexual Orientation and Disorders of Gut-Brain Interaction in Sexual Minority Populations,Clinical Gastroenterology and Hepatology : The Official Clinical Practice Journal of the American Gastroenterological Association,3;6,,false,true,,,3:ICD|ICD-10|missing data; 6:LGBTQ|gay|transgender|gender minority|lesbian|bisexual|socioeconomic|sexual minority|minority|SGM
2340,41027318,2025,Gender differences in non-fatal suicidal behaviors linked to concurrent use of cannabis and opioids,Journal of Psychiatric Research,4,,false,true,,,4:suicidal ideation|opioid|substance use|self-harm|suicidality|psychiatric|mental health|cannabis|psychological|suicide
2341,41026804,2025,Meta-evolutionary exome analysis identifies novel type 2 diabetes mellitus genes in the UK Biobank and all of us,PLoS Genetics,1;2;3,,false,true,,,1:T2DM|type 2 diabetes|diabetic|cholesterol|LDL|insulin resistance|BMI|diabetes|hyperglycemia|type 1 diabetes|statin; 2:GWAS|locus|genomic|rare-variant|ancestry|genetic risk|burden test|loci|heritability|exome|polygenic; 3:ICD|clustering|ICD-10|validation cohort|machine learning
2342,41026796,2025,Evaluation of Disparities in Management of Chronic Rhinosinusitis by Race and Ethnicity: An All of Us Research Program Study,American Journal of Rhinology & Allergy,6;13;18,,false,true,,,6:equity|disparities|structural barriers|race and ethnicity|Hispanic; 13:asthma; 18:chronic rhinosinusitis|CRS
2343,41025551,2025,Geospatial and demographic patterns of dermatomyositis in a diverse US national cohort,Journal of the European Academy of Dermatology and Venereology : JEADV,9,,false,true,,,9:dermatomyositis
2346,41162377,2025,A highly accurate risk factor-based XGBoost multiethnic model for identifying patients with skin cancer,Nature Communications,1;2;3;5;6;7;8;12;14,,false,true,,,1:stroke|diabetic; 2:WGS|genotype|genome-wide association|genome-wide|ancestry|imputation|genetic risk|admixture|genetic ancestry|polygenic; 3:AoU Researcher Workbench|Researcher Workbench|electronic health record|workbench|OMOP|missing data|EHR|gradient boosting|predictive model|XGBoost|machine learning|feature selection|model performance; 5:melanoma|carcinoma|skin cancer|cancer|tumor; 6:social determinants of health|Native American|African American|education level|SDOH|Latino|socioeconomic|disparities|income|neighborhood|minority|race and ethnicity|Hispanic; 7:wearable; 8:COVID-19; 12:skin cancer|basal cell carcinoma|squamous cell carcinoma; 14:stroke
2347,41153414,2025,Chromosome 12 and Environmental Factors in Parkinson's Disease: An All of Us Data Analysis,Genes,2;10;11;19,,false,true,,,2:GWAS|genomics|locus|SNP|genomic|genome-wide association|genome-wide|genetic risk|association study|loci; 10:monogenic|hereditary; 11:Alzheimer|dementia|Parkinson's disease|Parkinson; 19:air pollution|environmental exposure
2348,41145077,2025,Healthcare Access and Utilization: Understanding Racial Disparities in Primary Hyperparathyroidism,The Journal of Surgical Research,6,,false,true,,,6:disparities|Black patients
2349,41142841,2025,Association of psychiatric comorbidities with chronic urticaria: a nested case-control study in the All of Us research program,JEADV Clinical Practice,4;9;12;13,,false,true,,,4:depression|PTSD|anxiety|substance use disorder|substance use|psychiatric|smoking|psychological|stress; 9:lupus|systemic lupus|rheumatoid arthritis; 12:hives|urticaria; 13:insomnia
2350,41137150,2025,Racial disparities in clonal hematopoiesis and their impact on hematologic malignancies,Journal of Hematology & Oncology,1;5;6,,false,true,,,1:CHIP|clonal hematopoiesis; 5:malignancy|cancer; 6:African American|disparities
2351,41134570,2025,Inequities in Neuropsychiatric Outcomes After Brain Trauma in the All of Us Database,JAMA Network Open,2;3;4;6;11;14,,false,true,,,2:PheWAS; 3:Researcher Workbench|electronic health record|workbench|EHR|phecode; 4:PTSD|anxiety|schizophrenia|suicidal ideation|SUD|substance use|psychosocial|anxiety disorder|psychological|stress|suicide; 6:structural racism|health disparities|social determinants of health|transgender|deprivation|racism|African American|Latino|equity|socioeconomic|underrepresented|disparities|Black participants|marginalized|Hispanic; 11:dementia; 14:traumatic brain injury|headache|TBI|seizure
2352,41129721,2025,Association between neutrophil to lymphocyte ratio and Alzheimer's disease in large biobank cohorts,Journal of Alzheimer's Disease : JAD,1;2;3;4;6;8;9;11;14,,false,true,,,1:stroke|hypertension|type 2 diabetes|T2D|cholesterol|blood pressure|diabetes|cardiovascular disease|CVD|cardiovascular; 2:Mendelian randomization|REGENIE|GWAS|GWAS summary|genotype|locus|SNP|genetic variant|ancestry|imputation|association study; 3:electronic health record|ICD|ICD-10|missing data|EHR; 4:depression; 6:deprivation|race and ethnicity; 8:HLA|immune response; 9:rheumatoid arthritis|autoimmune; 11:Alzheimer|dementia|APOE|mild cognitive impairment|Alzheimer's|cognitive impairment; 14:stroke
2353,41111942,2025,Guideline-concordant antibiotic prescribing for community-acquired bacterial pneumonia (CABP) due to drug-resistant pathogens in the I(content=['All of Us']) database,Journal of Clinical and Translational Science,3;4;6,,false,true,,,3:Researcher Workbench|cohort builder|ICD|workbench|ICD-10|SNOMED|notebook; 4:tobacco|e-cigarette; 6:disparity|equity|disparities|race and ethnicity|Hispanic
2354,41104387,2025,Machine learning-derived genetic risk scores identify IL21 as a predictor of response to omalizumab and dupilumab in asthma,Frontiers in Allergy,2;3;13,,false,true,,,2:GWAS|multi-ancestry|SNP|ancestry|genetic risk|genetic ancestry|loci; 3:ICD|machine learning|model performance; 13:COPD|asthma
2355,41103524,2025,Migraine is associated with a higher risk of ischemic and hemorrhagic stroke: an analysis of the I(content=['All of Us']) database,"Frontiers in Pain Research %28Lausanne, Switzerland%29",1;3;4;6;14;17,1.4-stroke-cardio;14.2-stroke-cerebro,false,true,,,1:stroke|hypertension|atrial fibrillation|diabetes|cardiovascular|hyperlipidemia; 3:Researcher Workbench|electronic health record|AUC|workbench|EHR|machine learning|notebook; 4:depression|tobacco; 6:underrepresented groups|African American|underrepresented|disparities|Hispanic; 14:stroke|migraine|headache; 17:patient-reported|library
2356,41091468,2025,Implications of a New Obesity Definition Among the All of Us Cohort,JAMA Network Open,1;3;6;11,,false,true,,,1:obesity|coronary|cardiometabolic|BMI|diabetes|cardiovascular disease|cardiovascular; 3:electronic health record|ICD|risk prediction|ICD-10|EHR; 6:social determinants of health|American Indian|African American|Latinx|income|race and ethnicity|Hispanic; 11:aging|older adults
2357,41083945,2025,Disruptions of healthcare visits and viral suppression for people living with HIV during the COVID-19 pandemic in the US,BMC Infectious Diseases,1;3;6;8;17,,false,true,,,1:diabetes|cardiovascular disease|cardiovascular; 3:AoU Researcher Workbench|Researcher Workbench|ICD|workbench|ICD-10|missing data|EHR|harmonization; 6:gay|Medicaid|African American|minorities|Latino|bisexual|racial and ethnic|underrepresented|disparities|structural barriers|income|Hispanic; 8:antiretroviral|HIV|COVID-19|infection|viral load; 17:informed consent|ethics|recruitment
2358,41073786,2025,Population-scale gene-based analysis of whole-genome sequencing provides insights into metabolic health,Nature Genetics,1;2;3;6;10;17,,false,true,,,1:hypertension|type 2 diabetes|T2D|obesity|glomerular|HDL|diabetic|glycemic|triglyceride|CKD|cardiometabolic|renal disease|insulin resistance|BMI|nephropathy|fatty liver|diabetes|renal|hyperglycemia|kidney disease|eGFR; 2:PheWAS|whole-genome sequencing|GWAS|multi-ancestry|WGS|GWAS summary|genotype|genomic|genome-wide association|rare variant|genome-wide|ancestry|genetic risk|expression quantitative|association studies|genetic association|burden test|loci|gnomAD|exome|exome sequencing|polygenic; 3:variant effect predictor|random forest|data quality; 6:African American|Latino; 10:monogenic; 17:informed consent|ethics
2588,41111945,2025,Building analytical capacity for research at Federally Qualified Health Centers through the I(content=['All of Us']) Research Program,,1;2;3;6;7;17,,false,true,,,1:type 2 diabetes|diabetes; 2:genomics|genomic; 3:Researcher Workbench|workbench|claims data|EHR|data quality; 6:social determinants of health|socioeconomic; 7:wearable|physical activity; 17:FQHC
2592,41024427,2025,Semiparametric efficient estimation of small genetic effects in large-scale population cohorts,"Biostatistics %28Oxford, England%29",1;2;3;6;9;14,,false,true,,,1:obesity|BMI; 2:PheWAS|GWAS|fine-mapping|genomics|genotype|locus|SNP|genomic|genome-wide association|genome-wide|ancestry|phenome-wide|genetic risk|association study|genetic ancestry|loci|polygenic; 3:Researcher Workbench|ICD|workbench|ICD-10|gradient boosting|XGBoost|neural network; 6:deprivation|Latino|Hispanic; 9:multiple sclerosis|sarcoidosis; 14:multiple sclerosis
2593,41006893,2025,Comparative Analysis of White and African American Groups Reveals Unique Lipid and Inflammatory Features of Diabetes,Journal of Racial and Ethnic Health Disparities,1;3;6;11,,false,true,,,1:type 2 diabetes|T2D|obesity|HDL|diabetic|glycemic|cholesterol|cardiometabolic|dyslipidemia|LDL|insulin resistance|BMI|diabetes|lipid|statin; 3:clustering|machine learning|feature selection; 6:health disparities|disparity|African American|racial and ethnic|disparities|poverty|minority|marginalized; 11:Alzheimer|aging|healthy aging
2595,40996158,2025,Using Data from All of Us to Examine Cardiovascular Risk,Nursing Research,1,,false,true,,,1:obesity|cholesterol|blood pressure|cardiovascular disease|cardiovascular
2596,40979548,2025,Alcohol consumption among patients diagnosed with genitourinary cancers,BJUI Compass,1;3;5;6,,false,true,,,1:hypertension|type 2 diabetes|obesity|diabetes; 3:Researcher Workbench|workbench|EHR; 5:cancer survivors|prostate cancer|neoplasm|malignancy|cancer|bladder cancer|survivorship; 6:minorities|underrepresented
2597,40971074,2025,"Exploring Respect, Healthcare Utilization, and Affordability Among Transgender and Gender-Diverse Individuals: An All of Us Analysis",Journal of General Internal Medicine,6,,false,true,,,6:transgender
2598,40961986,2025,The association between glaucoma and dementia in a national cohort of All of Us participants,Ophthalmology,1;2;3;4;11;14;17;18,,false,true,,,1:hypertension|type 2 diabetes|obesity|cholesterol|diabetes; 2:whole-genome sequencing|genotype|ancestry|genetic risk|genetic ancestry; 3:electronic health record|clustering|workbench|EHR; 4:depression|meaning in life|smoking|stress; 11:Alzheimer|dementia|APOE|aging|Alzheimer's|cognitive impairment; 14:traumatic brain injury|neurodegeneration; 17:trust|informed consent|recruitment; 18:glaucoma|hearing loss|retinal|vision|macular|ophthalmology|eye care
2600,40931808,2025,Age-Dependent Contributions of Rare and Common Genetic Variation in Atrial Fibrillation,Circulation. Genomic and Precision Medicine,1;2;10,,false,true,,,1:atrial fibrillation|cardiac; 2:whole-genome sequencing|polygenic risk score|polygenic; 10:monogenic
2601,40926209,2025,Whole genome sequence analysis of low-density lipoprotein cholesterol across 246 K individuals,Genome Biology,1;2;3;5;6;11;14,,false,true,,,1:stroke|hypertension|atrial fibrillation|HDL|cholesterol|coronary|blood pressure|LDL|ventricular|diabetes|cardiology|atherosclerosis|lipid|cardiovascular disease|CVD|cardiovascular|cardiac; 2:whole-genome sequencing|GWAS|WGS|genomics|genotype|locus|SNP|genomic|genome-wide association|rare variant|whole genome sequencing|genome-wide|rare-variant|ancestry|association studies|loci; 3:AoU Researcher Workbench|Researcher Workbench|electronic health record|workbench|EHR|interpretability|harmonization; 5:oncology|cancer|ALL; 6:health disparities|equity|underrepresented|disparities|minority|Hispanic; 11:APOE|aging; 14:stroke|neurological
2602,40922038,2025,Association of Autoimmune Disease with Melanoma and Non-Melanoma Skin Cancers,Clinical and Experimental Dermatology,1;5;9;12,,false,true,,,1:diabetes|type 1 diabetes; 5:melanoma|carcinoma|skin cancer|cancer|checkpoint inhibitor|cancer susceptibility; 9:IBD|inflammatory bowel disease|autoimmune disease|Sjögren|autoimmune; 12:skin cancer|basal cell carcinoma|vitiligo
2608,40621582,2025,Association of Ptosis with Mental Health Conditions in Adults from a Large United States Research Database,Complex Psychiatry,1;2;3;4;6;18,,false,true,,,1:blood pressure|BMI; 2:genotype|imputation; 3:ICD|ICD-10|missing data; 4:depression|anxiety|bipolar disorder|schizophrenia|addiction|substance use|psychosocial|psychiatric|mental health|bipolar; 6:socioeconomic|underrepresented|income; 18:ptosis
2617,40151359,2024,Artificial Intelligence Models to Identify Patients at High Risk for Glaucoma Using Self-reported Health Data in a United States National Cohort,Ophthalmology Science,1;3;6;18,,false,true,,,1:type 2 diabetes|diabetic|endocrine|blood pressure|diabetes|cardiovascular; 3:electronic health record|explainability|F1 score|EHR|deep learning|artificial intelligence|XGBoost|machine learning|SNOMED|model performance|neural network; 6:transgender|underrepresented|Hispanic; 18:glaucoma|cataract|diabetic retinopathy|retinopathy|vision|myopia|optic nerve|eye care
2618,40124313,2024,Artificial Intelligence Models to Identify Patients with High Probability of Glaucoma Using Electronic Health Records,Ophthalmology Science,1;3;6;18,,false,true,,,1:blood pressure|BMI|lipid; 3:deep learning model|explainability|F1 score|EHR|deep learning|artificial intelligence|XGBoost|machine learning|unsupervised learning|model performance|neural network; 6:minority|race and ethnicity|Hispanic; 18:glaucoma|vision|optic nerve|eye care
2620,40039933,2025,The Etiology of Autism Spectrum Disorder and Gender Dysphoria,Annual International Conference of the IEEE Engineering in Medicine and Biology Society. IEEE Engineering in Medicine and Biology Society. Annual International Conference,,,false,true,,,
2621,40019565,2025,Cutaneous T-cell lymphoma epidemiology: perspectives and updated prevalence data,Archives of Dermatological Research,5;12,,false,true,,,5:lymphoma; 12:cutaneous
2622,39976965,2025,Cancer Risk and Estimated Lithium Exposure in Drinking Groundwater in the US,JAMA Network Open,3;4;5;6;11;15;17,,false,true,,,3:Researcher Workbench|electronic health record|workbench|random forest|EHR; 4:depression|bipolar disorder|schizophrenia|psychiatric|mental health|smoking|bipolar|suicide; 5:prostate cancer|breast cancer|leukemia|lymphoma|thyroid cancer|colorectal cancer|non-Hodgkin|cancer|Hodgkin|colorectal|metastatic; 6:deprivation|disparity|American Indian|Latino|socioeconomic|disparities|income|neighborhood|race and ethnicity|Hispanic; 11:dementia; 15:pregnancy; 17:informed consent|recruitment
2815,41190717,2025,Is the Association of Cannabis Use and Stroke Frequency-Dependent: A Cross-Sectional Analysis of the NIH All of Us Research Program,International Journal of Stroke : Official Journal of the International Stroke Society,1;4;14,14.2-stroke-cerebro,false,true,,,1:stroke|type 2 diabetes|obesity|diabetes; 4:cannabis|tobacco; 14:stroke|cerebrovascular
2816,41176738,2025,Intersection of race and ethnicity with perceptions of health status and literacy in adult patients with spinal deformity: insights from the all of us research program,Spine Deformity,6,,false,true,,,6:health literacy|Latino|socioeconomic|disparities|income|race and ethnicity|Hispanic
2817,41130899,2025,Patient-Provider Relationships Influence Reception of Postmastectomy Breast Reconstruction: An Analysis of the All of Us Research Program,Clinical Breast Cancer,5;6,,false,true,,,5:breast cancer|cancer; 6:socioeconomic|disparities
2818,41129161,2025,Biological Sex and Chronic Rhinosinusitis Diagnosis and Biomarkers,JAMA Otolaryngology-- Head & Neck Surgery,18,,false,true,,,18:chronic rhinosinusitis|CRS
2819,41121728,2025,Evaluating the association between upstream perceived individual and neighborhood determinants of health and intensity of breast cancer screening,American Journal of Epidemiology,5;6,,false,true,,,5:breast cancer|cancer|cancer screening; 6:neighborhood|marginalized|race and ethnicity|discrimination
2820,41102055,2025,Advancing methods for multi-ancestry genomics,Trends in Genetics : TIG,2;6,,false,true,,,2:multi-ancestry|genomics|ancestry|polygenic; 6:health disparities|disparities
2821,41078484,2025,An Example Analysis for a Gender-inclusive Approach in Sport and Exercise Science Research using Fitbit Outcomes from the I(content=['All of Us']) Research Program Dataset,International Journal of Exercise Science,4;6;7;17,,false,true,,,4:psychosocial|psychological; 6:LGBTQ|gay|transgender|disparity|lesbian|minorities|equity|bisexual|socioeconomic|disparities|discrimination; 7:accelerometer|step count|Fitbit|wearable|physical activity|sedentary; 17:outreach|informed consent
2822,41077612,2025,"Genome-wide association studies of lifetime and frequency of cannabis use in 131,895 individuals",Molecular Psychiatry,2;4,,false,true,,,2:locus|genomic|genome-wide association|genome-wide|phenome-wide|association study|association studies|loci|polygenic; 4:addiction|substance use|cannabis
2823,41367884,2025,Fast and robust invariant generalized linear models,"Journal of Computational and Graphical Statistics : A Joint Publication of American Statistical Association, Institute of Mathematical Statistics, Interface Foundation of North America",1,,false,true,,,1:renal disease|renal
2824,41362833,2025,A clinical algorithm to identify people with the glucose-6-phosphate dehydrogenase p.Val68Met variant at risk for diabetes undertreatment,Genetics in Medicine Open,1;2;3;10;18,,false,true,,,1:hypertension|type 2 diabetes|diabetic|cholesterol|LDL|diabetes; 2:genotype|genomic|ancestry|genetic ancestry; 3:Researcher Workbench|ICD|workbench|OMOP|training cohort; 10:cystic fibrosis|penetrance|G6PD; 18:diabetic retinopathy|retinopathy
2826,41339890,2025,Residential radon exposure and incident myocardial infarction and stroke risks in the All of Us Research Program,BMC Medicine,1;3;4;5;6;14;19,14.2-stroke-cerebro,false,true,,,1:stroke|hypertension|cardiovascular disease|CVD|cardiovascular|myocardial infarction; 3:Researcher Workbench|electronic health record|workbench|random forest|EHR; 4:smoking|tobacco; 5:lung cancer|cancer; 6:deprivation|income|race and ethnicity|Hispanic; 14:stroke; 19:PM2.5|particulate matter|air pollution
2827,41335837,2025,Exploring the Use of Wearable Data in the Congenital Heart Disease Population Using the All of Us Research Program,Annual International Conference of the IEEE Engineering in Medicine and Biology Society. IEEE Engineering in Medicine and Biology Society. Annual International Conference,1;7,,false,true,,,1:blood pressure|BMI|heart disease|cardiovascular; 7:accelerometer|step count|Fitbit|wearable|physical activity|sedentary
2828,41349513,2025,Improving polygenic risk prediction performance by integrating electronic health records through phenotype embedding,American Journal of Human Genetics,2;3,,false,true,,,2:PRS|polygenic risk score|GWAS|genome-wide association|genome-wide|phenome-wide|association study|association studies|polygenic; 3:clustering|risk prediction|EHR
2829,41333526,2025,Cross-sectional analysis of delays in care and interactions with healthcare providers among transgender and gender diverse individuals,Frontiers in Health Services,3;4;6;8;17,,false,true,,,3:Researcher Workbench|workbench|artificial intelligence; 4:wellbeing|psychological; 6:transgender|disparities|income|poverty|discrimination; 8:COVID-19; 17:research training|outreach|informed consent|ethics
2830,41343506,2025,Characterizing rurality using the All of Us Research Program data,PloS One,2;3;6;7;17,,false,true,,,2:genomics|genomic|whole genome sequencing; 3:Researcher Workbench|electronic health record|workbench|EHR|notebook; 6:health disparities|social determinants of health|access to care|equity|underrepresented|disparities|rural; 7:wearable; 17:biospecimen|informed consent|consent process|recruitment
2831,41341115,2025,Frailty and Physical Activity: A Compositional Isotemporal Substitution Analysis from the All of Us Research Program,"Journal of Frailty, Sarcopenia and Falls",3;7;11,,false,true,,,3:Researcher Workbench|workbench; 7:Fitbit|physical activity|sedentary|sleep duration; 11:frailty index|frailty|aging|older adults
2835,41327893,2025,Long-read sequencing identifies FGF14 repeat expansions in Parkinson's disease,Brain : A Journal of Neurology,1;2;3;4;10;11;14,,false,true,,,1:stroke; 2:whole-genome sequencing|WGS|long-read sequencing|locus|genomic|genetic variant|ancestry|long-read; 3:Researcher Workbench|workbench; 4:depression|anxiety|pain|depressive; 10:monogenic|incomplete penetrance|penetrance|expressivity; 11:Alzheimer|dementia|Parkinson's disease|mild cognitive impairment|Parkinson|aging|Alzheimer's|cognitive impairment; 14:stroke|amyotrophic lateral sclerosis|amyotrophic lateral|neurodegeneration|neurological|dystonia|neuropathy
2836,41327031,2025,Investigation of the transcriptional impact of rare germline JAK/STAT variants found in a Tyrolean alpine community,BMC Genomics,2;5;8;9;10;12;14,,false,true,,,2:whole-genome sequencing|WGS|genotype|genomic|whole genome sequencing|ClinVar|gnomAD|exome; 5:leukemia|lymphoma|cancer|myelodysplastic|neoplasia|gastric cancer; 8:SARS-CoV-2|COVID-19|antibody|infection|immune response; 9:multiple sclerosis|lupus|systemic lupus|rheumatoid arthritis|Hashimoto|MS|Crohn|RA|SLE|autoimmune|psoriasis; 10:cystic fibrosis|hereditary|VUS; 12:psoriasis; 14:multiple sclerosis
2837,41320833,2025,Sex differences in cardiovascular disease and associated factors in people living with HIV: Evidence from All of Us program,HIV Medicine,1;3;4;6;8;14;15,,false,true,,,1:stroke|hypertension|heart failure|type 2 diabetes|HDL|cholesterol|coronary|blood pressure|LDL|BMI|diabetes|heart disease|cardiovascular disease|CVD|cardiovascular|myocardial infarction|statin; 3:ICD|OMOP|missing data|EHR; 4:smoking|stress; 6:disparity|access to care|African American|minorities|racial and ethnic|socioeconomic|underrepresented|disparities|income|minority; 8:antiretroviral|HIV|viral load; 14:stroke; 15:menopause
2838,41311062,2025,S4-Multi: enhancing polygenic score prediction in ancestrally diverse populations,HGG Advances,1;2;5;13;14,,false,true,,,1:stroke|type 2 diabetes|diabetes; 2:PRS|polygenic risk score|GWAS|multi-ancestry|polygenic score|GWAS summary|genotype|locus|SNP|genomic|rare variant|ancestry|loci|heritability|polygenic; 5:prostate cancer|breast cancer|colorectal cancer|cancer|colorectal; 13:asthma; 14:stroke
2839,41309009,2025,Impact of integrase strand transfer inhibitors on cardiovascular disease in people with HIV,Annals of Epidemiology,1;8,,false,true,,,1:cardiovascular disease|CVD|cardiovascular; 8:antiretroviral|HIV
2840,41308620,2025,Racial and Ethnic Disparities in Degenerative Lumbar Disc Disease: A Population-Based Study Using the All of Us Research Program,Global Spine Journal,1;3;4;6;7,,false,true,,,1:hypertension|diabetes|cardiovascular disease|cardiovascular; 3:ICD|ICD-10|EHR; 4:pain|opioid; 6:social determinants of health|Medicaid|health literacy|access to care|education level|minorities|low-income|racial and ethnic|socioeconomic|disparities|Black patients|Black participants|income|minority|race and ethnicity|discrimination|Hispanic; 7:Fitbit
2842,41307908,2025,Epidemiology and risk factors for ovarian cancer incidence in the USA: a multilevel analysis,Journal of Global Health,1;3;4;5;6;15,,false,true,,,1:obesity|BMI|diabetes; 3:ICD|clustering|risk prediction|random forest|ICD-10|missing data|case definition; 4:mental health|smoking; 5:neoplasm|ovarian cancer|malignancy|cancer|uterine cancer|cancer screening; 6:African American|equity|uninsured|low-income|socioeconomic|disparities|income|race and ethnicity|Hispanic|housing; 15:menopause|endometriosis|hormone replacement|HRT
2844,41302684,2025,Association Between Alcohol Use Disorder and Glaucoma: Evidence from the National Institutes of Health All of Us Research Program,International Journal of Environmental Research and Public Health,3;4;7;17;18,,false,true,,,3:AoU Researcher Workbench|Researcher Workbench|cohort builder|AUC|workbench|missing data|EHR; 4:alcohol use disorder|nicotine|alcohol abuse|AUD|marijuana|cannabis|smoking|tobacco|stress; 7:wearable|wearable device; 17:informed consent|patient-reported|recruitment; 18:glaucoma|eye disease|retinal|vision|eye care
2845,41297607,2025,Glaucoma Polygenic Risk Scores Demonstrate Heterogeneous Performance across Two Large Multiethnic Cohorts,Ophthalmology. Glaucoma,2;18,,false,true,,,2:PRS|polygenic score|genotype|ancestry|polygenic; 18:glaucoma
2846,41291354,2025,Educational and Equity Implications of Biomarker Testing and Targeted Therapy Access in NSCLC: Insights from the NIH All of Us Research Program,Journal of Cancer Education : The Official Journal of the American Association for Cancer Education,5;6,,false,true,,,5:lung cancer|oncology|cancer|chemotherapy; 6:social determinants of health|equity|disparities|minority
2847,41297543,2025,Polygenic scores capture genetic modification of the adiposity-cardiometabolic risk factor relationship,Cell Genomics,1;2;3;6,,false,true,,,1:type 2 diabetes|HDL|cirrhosis|glycemic|cholesterol|end-stage renal|coronary|cardiometabolic|renal disease|LDL|BMI|diabetes|renal|heart disease|cardiovascular disease|cardiovascular|statin; 2:whole-genome sequencing|GWAS|multi-ancestry|genotype|locus|genomic|genome-wide association|genome-wide|ancestry|imputation|association study|loci|polygenic; 3:Researcher Workbench|workbench; 6:African American|Latino
2850,41290832,2025,Opportunistic screening of type 2 diabetes with deep metric learning using electronic health records,Scientific Reports,1;2;3;4;6;18,,false,true,,,1:hypertension|type 2 diabetes|T2D|obesity|glycemic|triglyceride|blood pressure|insulin resistance|BMI|diabetes|prediabetes|type 1 diabetes|cardiovascular|hyperlipidemia; 2:PRS|polygenic risk score|GWAS|genome-wide association|genome-wide|ancestry|association study|polygenic; 3:contrastive learning|Researcher Workbench|electronic health record|ICD|AUC|clustering|workbench|EHR|deep learning|machine learning|model performance; 4:depression|anxiety|mental health; 6:underrepresented groups|underrepresented; 18:cataract
2851,41289998,2025,Residual allelic activity likely underlies the low rates of disease expression for predicted loss-of-function variants in population-scale biobanks,American Journal of Human Genetics,10,,false,true,,,10:monogenic|Mendelian|penetrance
2852,41289815,2025,Impact of heat exposure on sleep health and its population vulnerability in the United States,Environment International,1;3;4;6;7;13;15;19,,false,true,,,1:obesity|diabetes|CVD|cardiovascular; 3:ensemble model|workbench|EHR; 4:depression|major depressive disorder|depressive; 6:socioeconomic|income|Hispanic; 7:Fitbit|actigraphy|sleep duration; 13:insomnia|sleep apnea; 15:menopause; 19:climate change|air pollution|heat
2856,41286463,2025,Dissecting the genetic and proteomic risk factors for delirium,Nature Aging,1;2;3;5;6;8;9;11;17,,false,true,,,1:HDL|BMI|atherosclerosis|lipid|cardiovascular disease|cardiovascular|statin; 2:Mendelian randomization|REGENIE|GWAS|multi-ancestry|genomics|GWAS summary|genotype|locus|SNP|genomic|genome-wide association|genetic variant|genome-wide|ancestry|imputation|genetic risk|association study|haplotype|association studies|loci|heritability; 3:ICD|AUC|ICD-10|missing data; 5:cancer|tumor; 6:deprivation|socioeconomic|Hispanic; 8:antibody|infection|immune response|sepsis; 9:lupus|systemic lupus; 11:Alzheimer|dementia|APOE|mild cognitive impairment|aging|cognitive decline|older adults|cognitive impairment; 17:informed consent|library|ethics|recruitment
2857,41285899,2025,Multi-ancestry investigation of the genomics of erectile dysfunction,Nature Communications,1;2;3;4;5;12;13;15,,false,true,,,1:hypertension|heart failure|type 2 diabetes|T2D|obesity|HDL|diabetic|cholesterol|coronary|blood pressure|BMI|diabetes|cardiovascular|vascular disease; 2:Mendelian randomization|PheWAS|PRS|TWAS|GWAS|multi-ancestry|genomics|locus|transcriptome-wide|SNP|genomic|genome-wide association|genome-wide|ancestry|phenome-wide|genetic risk|association study|eQTL|association studies|loci|heritability|polygenic; 3:electronic health record|ICD|ICD-10|EHR; 4:depression|PTSD|anxiety|post-traumatic stress|pain|opioid|substance use|psychiatric|cannabis|smoking|depressive|psychological|stress|MDD; 5:prostate cancer|breast cancer|radiotherapy|cancer|neoplasia; 12:dermatitis|seborrheic dermatitis; 13:pulmonary hypertension|pulmonary|sleep apnea; 15:endometriosis|fertility
2863,41280281,2025,Using metabolic syndrome severity in the 'real world': Associations with diabetes and cardiovascular disease in all of us vs. NHANES,Metabolism Open,1;3;4;6;14,,false,true,,,1:stroke|hypertension|heart failure|type 2 diabetes|T2D|obesity|HDL|metabolic syndrome|cholesterol|triglyceride|coronary|blood pressure|cardiometabolic|BMI|diabetes|lipid|heart disease|cardiovascular disease|CVD|cardiovascular|cardiac; 3:Researcher Workbench|ICD|risk prediction|workbench|ICD-10|missing data|EHR|predictive model; 4:smoking|MDD; 6:underrepresented|Black participants|income|minority|Hispanic; 14:stroke
2864,41277540,2025,"Genotype-First Assessment of Presentation and Penetrance of Neurofibromatosis Type 1, Autosomal Dominant Polycystic Kidney Disease, and Marfan Syndrome Within the All of Us Research Program Cohort",Genetics in Medicine : Official Journal of the American College of Medical Genetics,1;2;10,,false,true,,,1:kidney disease; 2:genotype|genomic; 10:neurofibromatosis|Mendelian|NF1|penetrance|Marfan
2866,41258759,2025,"Exonic Variation in HLA-C, CFB, and TAP2 Associated With Increased Risk for Comorbid Crohn's Disease and Psoriasis",International Journal of Dermatology,2;8;9;12,,false,true,,,2:PheWAS|GWAS|WGS|genomic|ancestry|genetic risk|association study|association studies|genetic ancestry|genetic association|loci|exome|exome sequencing; 8:HLA; 9:autoimmune disease|Crohn's disease|Crohn|autoimmune|psoriasis; 12:dermatology|psoriasis
2868,41249192,2025,Tenofovir alafenamide fumarate use for HIV pre-exposure prophylaxis and weight gain,Scientific Reports,1;3;6;8,,false,true,,,1:hypertension|type 2 diabetes|endocrine|diabetes|myocardial infarction|statin; 3:AoU Researcher Workbench|Researcher Workbench|ICD|workbench|EHR; 6:gay|transgender|Latino|socioeconomic|underrepresented|income|Hispanic; 8:HIV|infection
2870,41241757,2025,Empirical Drug Dosage Validates Pharmacogenomic Associations in All of Us,Clinical and Translational Science,2;3;6;16,,false,true,,,2:genomic|ancestry; 3:EHR|RECOVER; 6:African American|Latino|race and ethnicity|Hispanic; 16:CYP2D6|CYP2C19|pharmacogenomic|drug response|metabolizer|warfarin|drug-gene
2872,41236419,2025,Development and Validation of a Type 1 Diabetes Multi-Ancestry Polygenic Score,Diabetes,1;2;3,,false,true,,,1:diabetes|type 1 diabetes; 2:multi-ancestry|polygenic score|genetic risk score|genome-wide association|genome-wide|ancestry|genetic risk|association studies|genetic ancestry|multiancestry|polygenic; 3:AUC|risk prediction
2877,41217947,2025,Health Literacy and Access to Care among Patients with and Without Traumatic Brain Injury: An All of Us Analysis,NeuroRehabilitation,3;6;14,,false,true,,,3:Researcher Workbench|electronic health record|workbench|missing data|EHR|SNOMED; 6:social determinants of health|health literacy|access to care|education level|socioeconomic|disparities|Black participants|income|minority|race and ethnicity|Hispanic; 14:traumatic brain injury|TBI
2878,41213961,2025,PHKA1-associated phosphorylase kinase deficiency: a monogenic disorder of exercise intolerance and myalgia,NPJ Genomic Medicine,1;2;3;4;7;10;14;17,,false,true,,,1:triglyceride|fatty liver|lipid|cardiac; 2:WGS|genomics|genotype|genomic|whole genome sequencing|ClinVar|gnomAD|exome|exome sequencing; 3:cohort builder|ICD|workbench; 4:pain|chronic pain; 7:wearable|physical activity; 10:ACMG|monogenic|pathogenic variant|VUS|Pompe disease; 14:neuromuscular|neurological; 17:informed consent|patient-reported|ethics
2879,41207643,2025,Utilization of the All of Us Research Program in a study of genetics in Yao syndrome,The Journal of Allergy and Clinical Immunology,2;17,,false,true,,,2:genomic|whole genome sequencing|ancestry|haplotype; 17:genetic counseling
2880,41234003,2025,The broad structure of psychopathology in the All of Us Research Program,Psychological Medicine,3;4;6;17,,false,true,,,3:electronic health record|clustering|natural language processing|OMOP|EHR|interpretability|machine learning; 4:depression|PTSD|anxiety|schizophrenia|obsessive-compulsive|OCD|substance use|psychiatric|mental health|anxiety disorder|depressive|MDD; 6:education level|socioeconomic|income; 17:biospecimen|informed consent|recruitment
2881,41224578,2025,Gender-based Differences in Psychosocial Well-being Among Bladder Cancer Survivors,European Urology Oncology,4;5;6,,false,true,,,4:depression|well-being|psychosocial|depressive|stress; 5:cancer survivors|neoplasm|cancer|bladder cancer|survivorship; 6:socioeconomic|disparities
2882,41221974,2025,Association of Menopause and Hormonal Contraceptive Use With Chronic Rhinosinusitis: An 'All of Us' Analysis,Otolaryngology--Head and Neck Surgery : Official Journal of American Academy of Otolaryngology-Head and Neck Surgery,3;4;6;13;15;18,,false,true,,,3:Researcher Workbench|ICD|workbench|missing data|EHR|SNOMED; 4:pain|smoking; 6:Medicaid|socioeconomic|underrepresented|income|Hispanic; 13:asthma; 15:menopause|menstrual; 18:chronic rhinosinusitis|CRS|nasal polyp
2883,41197982,2025,Complication Burden and Demographic Trends in Autologous Breast Reconstruction Outcomes: Insights from the NIH All of Us Program,Journal of Reconstructive Microsurgery,3;4,,false,true,,,3:clustering|machine learning; 4:pain|chronic pain
2884,41206104,2025,The anticholinergic medication index and dementia risk: evidence from the UK Biobank and All of Us research program,Age and Ageing,1;2;3;4;6;11;14;17,,false,true,,,1:stroke|hypertension|BMI|diabetes; 2:polygenic risk score|ancestry|genetic ancestry|polygenic; 3:electronic health record|ICD|missing data|EHR; 4:depression|smoking; 6:socioeconomic|underrepresented; 11:dementia|APOE|cognitive decline; 14:stroke; 17:trust|recruitment
2886,41204713,2025,"Alcohol Use, Cannabis Use, and Discrimination by Sexual Orientation and Gender Identity Within the I(content=['All of Us']) Research Program",LGBT Health,4;6,,false,true,,,4:substance use|cannabis|stress; 6:gender minority|disparities|sexual minority|minority|SGM|discrimination
2887,41201377,2025,A Multi-Institutional and Nationwide Analysis of the Social Determinants of Persistent Pain After Surgery,Anesthesia and Analgesia,4;6,,false,true,,,4:loneliness|pain|opioid|psychosocial|chronic pain|psychological|stress; 6:social determinants of health|African American|food insecurity|racial and ethnic|socioeconomic|underrepresented|disparities|neighborhood|discrimination|Hispanic|housing
2890,41370653,2025,Associations Between Physical Activity and Glaucoma: Analysis of the National Institutes of Health All of Us Research Program,Journal of Glaucoma,7;18,,false,true,,,7:step count|Fitbit|physical activity; 18:glaucoma
2891,41373394,2025,Investigating Asthma Disparities in Hispanic Communities Using Machine Learning Algorithms on the I(content=['All of Us']) Researcher Workbench,"Healthcare %28Basel, Switzerland%29",2;3;6;7;13;17,,false,true,,,2:genomic|imputation; 3:Researcher Workbench|ICD|workbench|random forest|OMOP|ICD-10|missing data|EHR|interpretability|machine learning|SNOMED; 6:social determinants of health|education level|low-income|socioeconomic|disparities|rural|income|neighborhood|minority|Hispanic; 7:wearable|physical activity|wearable device; 13:asthma; 17:outreach|informed consent
2892,41382090,2025,Physical activity phenotypes in endometriosis using unsupervised learning via functional mixture models,BMC Women's Health,3;4;5;6;7;15;17,,false,true,,,3:Researcher Workbench|electronic health record|clustering|workbench|missing data|EHR|interpretability|unsupervised learning; 4:pain|chronic pain; 5:breast cancer|cancer; 6:sexual and gender minorities|education level|minorities|Latino|underrepresented|minority|Hispanic; 7:step count|Fitbit|physical activity; 15:reproductive age|endometriosis|infertility|menstrual; 17:data sharing|informed consent|patient-reported|library
2893,41390778,2025,Multi-task learning identifies shared genetic risk for late-onset epilepsy and alzheimer's disease,Scientific Reports,1;2;3;11;14,,false,true,,,1:stroke|hypertension|diabetes|lipid|hyperlipidemia; 2:PheWAS|PRS|polygenic risk score|GWAS|genetic risk score|GWAS summary|genotype|locus|SNP|genomic|genome-wide association|genome-wide|genotype imputation|ancestry|imputation|genetic risk|association study|expression quantitative|eQTL|association studies|genetic ancestry|loci|polygenic; 3:Researcher Workbench|variant effect predictor|ICD|workbench|ICD-10|validation cohort|EHR|phecode|interpretability|machine learning|model performance; 11:Alzheimer|dementia|APOE|mild cognitive impairment|aging|cognitive decline|Alzheimer's|cognitive impairment; 14:stroke|epilepsy|neurological|seizure
2894,41396877,2025,Predicting Incident Type 2 Diabetes Using Wearable Activity and Polygenic Risk: A Survival-Modeling Study in All of Us,The Journal of Clinical Endocrinology and Metabolism,1;2;7,,false,true,,,1:type 2 diabetes|T2D|diabetes; 2:PRS|polygenic risk score|genetic risk|polygenic; 7:step count|Fitbit|wearable
2895,41396460,2025,"Socioeconomic disparities in patient-reported outcomes, health literacy, and access to care among patients with primary brain tumors: findings from the All of Us Research Program",Journal of Neuro-Oncology,4;6;17,,false,true,,,4:depression|anxiety|pain; 6:deprivation|health literacy|disparity|access to care|socioeconomic|disparities|income|housing; 17:patient-reported
2897,41394310,2025,Association of Accelerometer Measured Physical Activity with Presence of Diabetic Retinopathy,Journal of Vitreoretinal Diseases,1;7;18,,false,true,,,1:diabetic|diabetes; 7:accelerometer|Fitbit|wearable|physical activity; 18:diabetic retinopathy|retinopathy
2898,41392110,2025,Housing-related stress and substance use in the United States: a cross-sectional analysis of All of Us Research Program data,Journal of Public Health Policy,4;6,,false,true,,,4:substance use|mental health|stress; 6:minorities|racial and ethnic|housing
2899,41391338,2025,Racial and ethnic differences in rates of reduction mammoplasty among women with macromastia: An analysis of the All of Us Research Program,"Journal of Plastic, Reconstructive & Aesthetic Surgery : JPRAS",4;6,,false,true,,,4:depression|pain; 6:racial and ethnic|socioeconomic|income|race and ethnicity|Hispanic
2900,41404363,2025,Sex differences in pain in 2 large and diverse US databases,Pain Reports,1;3;4;6;7;8;15,,false,true,,,1:obesity|coronary|atherosclerosis|cardiovascular disease|cardiovascular|vascular disease; 3:electronic health record|EHR|SNOMED; 4:depression|anxiety|pain|opioid|psychosocial|chronic pain|smoking|coping|psychological|stress; 6:underrepresented groups|social determinants of health|disparity|underrepresented|race and ethnicity; 7:Fitbit|physical activity; 8:COVID-19; 15:menopause|menstrual
2902,41403271,2025,Investigating the polygenic relationship between heavy cannabis use and schizophrenia in the All of Us Research Program,Psychological Medicine,2;3;4,,false,true,,,2:polygenic liability|PRS|whole-genome sequencing|polygenic risk score|GWAS|WGS|genomic|ancestry|genetic risk|polygenic; 3:AoU Researcher Workbench|Researcher Workbench|workbench|EHR|case definition|SNOMED; 4:schizophrenia|cannabis|smoking|tobacco|drug abuse
2903,41402679,2025,National mental health burden in adults with spinal deformity: a propensity-matched analysis using the All of Us Research Program,Spine Deformity,4,,false,true,,,4:depression|PTSD|anxiety|bipolar disorder|substance use disorder|schizophrenia|post-traumatic stress|well-being|substance use|mental health|bipolar|psychological|stress
2904,41402223,2025,Pathogenic CFTR variants as cancer risk modifiers: Findings from the all of us cohort,Journal of Cystic Fibrosis : Official Journal of the European Cystic Fibrosis Society,5;10,,false,true,,,5:cancer; 10:CFTR
2905,41417486,2025,"Gender, Sexual Orientation, and Intersectionality in Oral Health Care",Advances in Dental Research,6,,false,true,,,6:structural racism|health disparities|gay|American Indian|racism|lesbian|access to care|equity|bisexual|socioeconomic|underrepresented|disparities|sexual minority|structural barriers|income|minority|marginalized|discrimination|Hispanic
2907,41420475,2025,"Relationship between social determinants of health, health-related quality of life, health perceptions, and physical activity during pregnancy","Women's Health %28London, England%29",1;4;6;7;15;17;19,,false,true,,,1:hypertension|preeclampsia|cholesterol|cardiac; 4:depression|anxiety|well-being|pain|psychosocial|mental health|stress; 6:social determinants of health|African American|education level|SDOH|uninsured|socioeconomic|underrepresented|rural|income|neighborhood|discrimination|Hispanic|housing; 7:step count|Fitbit|wearable|physical activity; 15:gestational|preeclampsia|pregnancy|postpartum|maternal|gestational hypertension; 17:patient portal|ethics; 19:built environment|walkability
2930,41442977,2025,Comparing random forest and elastic net models to predict substance use disorder transitions in participants with cannabis and stimulant use: Evidence from the All of Us cohort,Drug and Alcohol Dependence,3;4;6;7;13,,false,true,,,3:AUC|natural language processing|random forest|OMOP|EHR|interpretability|machine learning|supervised learning|model performance; 4:substance use disorder|SUD|substance use|cannabis; 6:social determinants of health|African American|food insecurity|Latino|equity|racial and ethnic|socioeconomic|underrepresented|disparities|income|neighborhood|minority|race and ethnicity|discrimination|Hispanic|housing; 7:Fitbit|wearable|physical activity|sedentary; 13:narcolepsy|circadian
2931,41450499,2025,Socioeconomic status and risk of COVID-19 hospitalization in the I(content=['All of Us']) Research Program,Frontiers in Public Health,1;3;6;8;13,,false,true,,,1:hypertension|CKD|BMI|diabetes|kidney disease; 3:Researcher Workbench|workbench|EHR|SNOMED; 6:deprivation|African American|education level|minorities|socioeconomic|underrepresented|disparities|income|poverty|neighborhood|minority|race and ethnicity|Hispanic; 8:COVID-19|infection|vaccine; 13:COPD|pulmonary|chronic obstructive
2992,41424261,2025,Identifying Risk Factors for Sialolithiasis,The Laryngoscope,1;4;9,,false,true,,,1:hypertension|type 2 diabetes|obesity|diabetes|nephrolithiasis; 4:bipolar disorder|alcohol abuse|smoking|bipolar; 9:lupus|systemic lupus|Sjogren
2996,41429566,2025,Association of neurodevelopmental conditions with Alzheimer's disease and related dementias and Parkinson's disease,"The Journals of Gerontology. Series A, Biological Sciences and Medical Sciences",11,,false,true,,,11:Alzheimer|ADRD|Parkinson's disease|Parkinson|older adults|Alzheimer's
2998,41458015,2025,Increased risk of smoking and pain in individuals with intermittent explosive disorder in the All of Us dataset,Frontiers in Psychiatry,4;6,,false,true,,,4:anxiety|major depressive disorder|pain|nicotine|substance use|chronic pain|psychiatric|smoking|anxiety disorder|depressive|psychological|tobacco|stress|MDD; 6:socioeconomic|underrepresented|income
3000,41473009,2025,Erectile dysfunction and cardiovascular-kidney-metabolic syndrome: Insights from the all of us research program,American Journal of Preventive Cardiology,1;3;4;6;14,1.3-CKM,false,true,,,1:T2DM|Cardiovascular-Kidney-Metabolic|CKM syndrome|hypertension|heart failure|atrial fibrillation|type 2 diabetes|obesity|metabolic syndrome|CKD|coronary|blood pressure|cardiometabolic|renal disease|insulin resistance|BMI|carotid|diabetes|renal|atherosclerosis|kidney disease|cardiovascular disease|CVD|cardiovascular|myocardial infarction|vascular disease|statin; 3:electronic health record|workbench|EHR|SNOMED; 4:depression|major depressive disorder|psychosocial|depressive|psychological; 6:education level|income; 14:cerebrovascular
3001,41437550,2025,Association of Everyday Discrimination With Drug Use During the COVID-19 Pandemic in the All of Us Research Program,Psychiatry Investigation,1;3;4;5;6;8,,false,true,,,1:hepatocellular carcinoma|fatty liver; 3:Researcher Workbench|workbench; 4:anxiety|loneliness|marijuana|cannabis|smoking|stress; 5:carcinoma|hepatocellular carcinoma|hepatocellular|immunotherapy|chemotherapy; 6:health disparities|African American|minorities|Latino|uninsured|socioeconomic|disparities|income|poverty|marginalized|race and ethnicity|discrimination|Hispanic; 8:SARS-CoV-2|COVID-19|infection
3002,41475545,2025,Cardiovascular Risk and Eye Health: A Prospective Cohort Study of the Pooled Cohort Equations and Ocular Disease Incidence,Ophthalmology,1;3;18,,false,true,,,1:diabetic|diabetes|hypertensive|kidney disease|cardiovascular disease|cardiovascular; 3:electronic health record|model performance; 18:glaucoma|macular degeneration|diabetic retinopathy|retinal|retinopathy|macular
3004,41435840,2025,Low population penetrance of variants associated with inherited retinal degenerations,American Journal of Human Genetics,2;10;18,,false,true,,,2:genotype|genomic; 10:monogenic|penetrance; 18:retinal|retinopathy
3008,41458993,2025,Racial and ethnic disparities in statin adherence: insights from the All of Us Research Program,Frontiers in Cardiovascular Medicine,1;3;4;6;17,,false,true,,,1:HDL|cholesterol|LDL|diabetes|cardiovascular disease|cardiovascular|myocardial infarction|creatinine|statin; 3:ICD|workbench|ICD-10|missing data|artificial intelligence; 4:anxiety; 6:underrepresented groups|health disparities|social determinants of health|Medicaid|health literacy|minorities|equity|racial and ethnic|socioeconomic|underrepresented|disparities|Black patients|Black participants|structural barriers|income|minority|race and ethnicity|Hispanic; 17:trust|informed consent|library|ethics|patient perspectives|recruitment
3009,40991630,2025,Differential results of genetic risk scoring for multiple sclerosis in European and African American populations,"Multiple Sclerosis %28Houndmills, Basingstoke, England%29",2;3;6;9;14,,false,true,,,2:ancestry|genetic risk; 3:ICD|SNOMED; 6:African American|Latino; 9:multiple sclerosis|MS; 14:multiple sclerosis
3010,40971882,2025,Genetic Variants Related to TGF-β Signaling Pathway Modulate Risk of Meniscus Injury: A Multiancestry Genome-wide Association Study,Clinical Orthopaedics and Related Research,2,,false,true,,,2:Mendelian randomization|PRS|polygenic risk score|GWAS|GWAS summary|SNP|genomic|genome-wide association|genome-wide|genetic risk|association study|expression quantitative|loci|heritability|multiancestry|polygenic
3011,41100108,2025,Pathogenic Germline Variants in Cancer Susceptibility Genes,Jama,5,,false,true,,,5:cancer|cancer susceptibility
3057,41094136,2025,Population-specific polygenic risk scores for people of Han Chinese ancestry,Nature,1;2;3;5;6;8;9;10;11;12;14;15;17;18,,false,true,,,1:hypertension|type 2 diabetes|obesity|cholesterol|endocrine|blood pressure|cardiometabolic|BMI|diabetes|lipid|heart disease|creatinine; 2:PRS|GWAS|multi-ancestry|fine-mapping|SAIGE|genomics|GWAS summary|genotype|fine mapping|locus|SNP|genomic|genome-wide association|genetic variant|transethnic|genome-wide|ancestry|imputation|phenome-wide|genetic risk|admixture|phasing|eQTL|association studies|genetic ancestry|loci|gnomAD|heritability|single nucleotide polymorphism|polygenic; 3:Researcher Workbench|AUC|clustering|risk prediction|workbench|phecode|case definition; 5:prostate cancer|breast cancer|thyroid cancer|cancer; 6:African American|equity; 8:COVID-19|hepatitis; 9:lupus|systemic lupus|autoimmune|psoriasis; 10:neurofibromatosis; 11:Alzheimer|dementia|APOE; 12:psoriasis; 14:migraine; 15:pregnancy; 17:informed consent|ethics|recruitment; 18:glaucoma
3058,41266648,2025,Scalable and accurate rare variant meta-analysis with Meta-SAIGE,Nature Genetics,1;2;3;5;18,,false,true,,,1:hypertension|type 2 diabetes|T2D|HDL|cholesterol|triglyceride|LDL|diabetes|lipid; 2:PheWAS|whole-genome sequencing|multi-ancestry|SAIGE|genomics|genotype|genomic|rare variant|genome-wide|ancestry|phenome-wide|association studies|genetic association|burden test|gnomAD|exome|exome sequencing; 3:electronic health record|ICD|workbench|ICD-10|EHR|phecode; 5:colorectal cancer|cancer|tumor|colorectal|tumor suppressor; 18:glaucoma
3059,41252200,2025,Clonal hematopoiesis activates pro-calcific pathways in macrophages and promotes aortic valve stenosis,The Journal of Clinical Investigation,1;5,,false,true,,,1:CHIP|clonal hematopoiesis|cholesterol|coronary|valvular|aortic|CAD|heart disease|cardiovascular disease|cardiovascular; 5:leukemia|lymphoma
3060,41249843,2025,African-ancestry-specific variant IKKβ p.Glu502Lys confers high lupus risk,Nature Genetics,1;2;3;6;8;9,,false,true,,,1:glomerular|renal; 2:whole-genome sequencing|GWAS|multi-ancestry|WGS|genomics|genotype|locus|genomic|genome-wide association|genome-wide|ancestry|admixture|association studies|genetic ancestry|genetic association|loci|gnomAD; 3:variant effect predictor|ICD|ICD-10|phecode; 6:African American|underrepresented; 8:HLA|infection; 9:lupus|systemic lupus|discoid lupus|autoimmune disease|SLE|autoimmune|cutaneous lupus
3061,41398582,2025,Alcohol consumption and risk of cancer: a Mendelian randomization analysis of four biobanks and consortium data,BMC Medicine,2;3;4;5;10;15,,false,true,,,2:Mendelian randomization|GWAS|genomics|genomic|genome-wide association|genetic variant|genome-wide|ancestry|association study|genetic association; 3:ICD|ICD-10; 4:addiction|nicotine|smoking; 5:liver cancer|prostate cancer|breast cancer|ovarian cancer|melanoma|carcinoma|lymphoma|colorectal cancer|lung cancer|endometrial cancer|myeloma|non-Hodgkin|stomach cancer|cancer|Hodgkin|bladder cancer|colorectal|renal cell; 10:Mendelian; 15:endometrial cancer|cervix
3062,41419685,2025,Multitrait analyses identify genetic variants associated with aortic valve function and aortic stenosis risk,Nature Genetics,1;2;3;4;10;11;17,,false,true,,,1:hypertension|heart failure|aortic stenosis|ejection fraction|diabetic|cholesterol|coronary|blood pressure|valvular|dyslipidemia|LDL|aortic|ventricular|BMI|diabetes|aneurysm|atherosclerosis|lipid|heart disease|cardiovascular disease|cardiovascular|myocardial infarction|cardiac|statin|abdominal aortic; 2:Mendelian randomization|REGENIE|GWAS|polygenic score|GWAS summary|genotype|locus|SNP|genomic|genome-wide association|genome-wide|ancestry|imputation|association study|haplotype|association studies|genetic ancestry|loci|heritability|polygenic; 3:Researcher Workbench|workbench|deep learning|machine learning; 4:smoking|stress; 10:Mendelian|Marfan; 11:APOE; 17:informed consent|ethics|recruitment
3064,41491383,2026,Rates of Diagnosis and Treatment for Alcohol Use Disorder Among All of Us Participants with Unhealthy Alcohol Use,Journal of General Internal Medicine,4;6,,false,true,,,4:alcohol use disorder|AUD|substance use|mental health|psychotherapy; 6:minorities|disparities|income|Hispanic
3065,41501457,2026,"Insights into DNA repeat expansions among 900,000 biobank participants",Nature,2;9;11;14,,false,true,,,2:whole-genome sequencing|GWAS|WGS|long-read sequencing|fine-mapping|locus|SNP|genomic|genome-wide association|genome-wide|ancestry|imputation|phenome-wide|haplotype|association studies|loci|long-read|polygenic; 9:IBD; 11:dementia; 14:amyotrophic lateral sclerosis|amyotrophic lateral|neurodegeneration
3067,41491094,2026,MultiSuSiE improves multi-ancestry fine-mapping in All of Us whole-genome sequencing data,Nature Genetics,2,,false,true,,,2:whole-genome sequencing|multi-ancestry|fine-mapping|ancestry
3068,41490221,2026,"Technology Access, Digital Literacy, and Enrollment Support Preferences in a Federally Qualified Health Center: Cross-Sectional Study",JMIR Formative Research,2;3;6;17,,false,true,,,2:genomic|imputation; 3:missing data|EHR|data quality|artificial intelligence|data linkage; 6:underrepresented groups|health literacy|African American|education level|Latino|equity|low-income|underrepresented|disparities|rural|income|poverty|race and ethnicity|discrimination|Hispanic; 17:FQHC|participant engagement|trust|biospecimen|informed consent|recruitment
3069,41528460,2026,Measuring the accuracy of electronic health record-based phenotyping in the All of Us Research Program to optimize statistical power for genetic association testing,Journal of the American Medical Informatics Association : JAMIA,2;3,,false,true,,,2:genetic association; 3:electronic health record|EHR
3070,41516962,2025,The Moderating Effect of Social Support on the Association Between Healthcare Discrimination and Quality of Life in Persons with Type 2 Diabetes,"Healthcare %28Basel, Switzerland%29",1;3;4;6;17,,false,true,,,1:type 2 diabetes|T2D|BMI|diabetes; 3:Researcher Workbench|workbench|missing data; 4:well-being|mental health|psychological|stress; 6:sexual and gender minorities|minorities|racial and ethnic|underrepresented|income|discrimination|Hispanic; 17:informed consent|ethics|recruitment
3071,41518215,2026,"Genetic Risk Scores, Perceived Neighborhood Disorder, and Sleep Duration",Sleep,2;6;7,,false,true,,,2:genomic|genome-wide|ancestry|genetic risk; 6:neighborhood; 7:actigraphy|sleep duration
3072,41527323,2026,Alcohol use-specific treatment initiation among patients undergoing surgical procedures: A retrospective cohort analysis,"Alcohol, Clinical & Experimental Research",3;4;6,,false,true,,,3:electronic health record|ICD|OMOP; 4:alcohol use disorder|depression|anxiety|opioid use disorder|pain|opioid|AUD|chronic pain|mental health|depressive|psychotherapy; 6:social determinants of health|deprivation|socioeconomic|rural|income
3073,41532026,2025,Association between diabetic retinopathy and neurodegenerative diseases in the All of Us research program,AJO International,1;3;4;9;11;14;18,,false,true,,,1:hypertension|type 2 diabetes|obesity|diabetic|glycemic|dyslipidemia|BMI|nephropathy|diabetes|hyperglycemia|type 1 diabetes|cardiovascular disease|cardiovascular; 3:Researcher Workbench|electronic health record|ICD|workbench|missing data|EHR|SNOMED; 4:depression|smoking; 9:multiple sclerosis|MS; 11:Alzheimer|dementia|APOE|Parkinson's disease|Parkinson|cognitive decline|Alzheimer's; 14:multiple sclerosis|cerebrovascular|diabetic neuropathy|neurodegeneration|neurological|neuropathy; 18:glaucoma|macular degeneration|diabetic retinopathy|retinal|retinopathy|macular|ophthalmology
3074,41543982,2026,"Inflammatory Bowel Disease is Associated with Pericarditis: A Cross-Sectional Study in an NIH-Sponsored, Nationwide Database",Cardiology,1;3;4;9;17,,false,true,,,1:obesity|cardiology|cardiac; 3:Researcher Workbench|electronic health record|ICD|workbench|OMOP|EHR|SNOMED; 4:pain|smoking; 9:sarcoidosis|IBD|inflammatory bowel disease|autoimmune; 17:advisory board|informed consent
3075,41524576,2026,Barrett's esophagus-associated genetic loci in African Americans: a case-control study using the All of Us Research Program,European Journal of Gastroenterology & Hepatology,2;3;5;6;17,,false,true,,,2:PRS|GWAS|genotype|SNP|genomic|genome-wide association|whole genome sequencing|genetic variant|genome-wide|ancestry|genetic risk|association study|global ancestry|association studies|loci|single nucleotide polymorphism; 3:Researcher Workbench|cohort builder|electronic health record|risk prediction|workbench|random forest|EHR|SNOMED|notebook; 5:neoplasm|cancer|esophageal cancer|metastasis|tumor; 6:African American|minorities|racial and ethnic|disparities|Hispanic; 17:informed consent|recruitment
3076,41533225,2026,The association between loneliness and quality of life in cancer survivors: All of Us research program,"Quality of Life Research : An International Journal of Quality of Life Aspects of Treatment, Care and Rehabilitation",4;5,,false,true,,,4:loneliness|pain|mental health; 5:cancer survivors|cancer
3077,41536210,2026,Assessing the generalizability of prevalence estimates from the all of us research program,American Journal of Epidemiology,1;4;11,,false,true,,,1:type 2 diabetes|diabetes; 4:depression; 11:dementia
3078,41545798,2026,"Depression, anxiety, and post-traumatic stress disorder in association with cardiovascular disease among patients with systemic lupus erythematosus and rheumatoid arthritis in the All of Us Research Program",Clinical Rheumatology,1;3;4;6;9;14,,false,true,,,1:stroke|hypertension|obesity|renal disease|dyslipidemia|diabetes|cardiology|renal|cardiovascular disease|CVD|cardiovascular|hyperlipidemia; 3:ICD|workbench|ICD-10|EHR|SNOMED|notebook; 4:depression|PTSD|anxiety|post-traumatic stress|mental health|smoking|stress; 6:deprivation|education level|socioeconomic|income|poverty|neighborhood|race and ethnicity|housing; 9:lupus|systemic lupus|rheumatoid arthritis|RA|SLE|autoimmune; 14:stroke
3079,41547287,2026,"Dysphagia in heart failure: Demographics, nutritional status, and patient-reported outcomes",Heart & Lung : The Journal of Critical Care,1;4;6;14;17,,false,true,,,1:heart failure|obesity|ejection fraction|ventricular|BMI|cardiac; 4:well-being|mental health; 6:Latino|Hispanic; 14:cerebrovascular; 17:patient-reported
3080,41553968,2026,Health Literacy and Awareness of Family Health History in the All of Us Research Program,Public Health Genomics,3;6;7,,false,true,,,3:allofus R package|Researcher Workbench|electronic health record|workbench; 6:health literacy|minorities|socioeconomic|underrepresented|income|Hispanic; 7:wearable
3081,41535454,2026,Association of chronic disease risk and physical activity measured by wearable devices in the All of Us program,Communications Medicine,1;4;7;13,,false,true,,,1:type 2 diabetes|obesity|BMI|diabetes; 4:major depressive disorder|smoking|depressive; 7:Fitbit|wearable|physical activity|sedentary; 13:obstructive sleep apnea|sleep apnea
3083,41555208,2026,Dysphonia Is Associated With Anxiety and Depression in the All of Us Research Program,The Laryngoscope,3;4;18,,false,true,,,3:ICD|ICD-10; 4:depression|anxiety|mental health|smoking; 18:dysphonia
3084,41168175,2025,Discovery of obesity genes through cross-ancestry analysis,Nature Communications,1;2;3;4;6;11;17,,false,true,,,1:hypertension|heart failure|type 2 diabetes|T2D|obesity|cholesterol|endocrine|cardiometabolic|LDL|BMI|diabetes|renal; 2:PheWAS|whole-genome sequencing|REGENIE|GWAS|multi-ancestry|polygenic score|GWAS summary|genotype|locus|SNP|genomic|rare variant|rare-variant|ancestry|phenome-wide|association study|common variant|association studies|genetic ancestry|burden test|gnomAD|exome|exome sequencing|polygenic; 3:AoU Researcher Workbench|Researcher Workbench|variant effect predictor|electronic health record|ICD|workbench|random forest|ICD-10; 4:bipolar disorder|psychiatric|bipolar; 6:Native American|Latino|disparities; 11:aging|healthy aging; 17:informed consent|ethics|recruitment
3085,41629326,2026,A common 19 bp APOE enhancer deletion is protective against Alzheimer's disease in African Americans,Nature Communications,1;2;3;8;11;14;18,,false,true,,,1:cholesterol|coronary|lipid|hyperlipidemia; 2:PheWAS|GWAS|WGS|long-read sequencing|genotype|locus|SNP|genomic|genome-wide association|whole genome sequencing|genome-wide|ancestry|genetic risk|association study|phasing|haplotype|expression quantitative|association studies|genetic ancestry|loci|gnomAD|long-read|single nucleotide polymorphism|local ancestry; 3:electronic health record|ICD|random forest|ICD-10|EHR|phecode; 8:SARS-CoV-2|infection|hepatitis; 11:Alzheimer|dementia|APOE|Parkinson|aging|Alzheimer's; 14:amyotrophic lateral sclerosis|spinal cord|amyotrophic lateral|neurological; 18:glaucoma
3086,41629957,2026,"Returning value to communities from the All of Us Research Program through the lens of social determinants of health and ethical, legal, and social implications",International Journal for Equity in Health,6;7;8;10;17,,false,true,,,6:underrepresented groups|health disparities|social determinants of health|access to care|minorities|equity|racial and ethnic|socioeconomic|underrepresented|disparities|rural|structural barriers|neighborhood|minority|marginalized|discrimination|housing; 7:wearable; 8:COVID-19|infection; 10:neurofibromatosis|NF1; 17:ELSI|community advisory|research participation|trust|outreach|community engagement|data sharing|return of results|informed consent|library|recruitment|dialogue
3087,41629984,2026,Evaluating the impact of family history and polygenic risk scores on cardiometabolic disease risk,BMC Medicine,1;2;3;4;17,,false,true,,,1:hypertension|type 2 diabetes|T2D|obesity|coronary|cardiometabolic|BMI|diabetes|CAD; 2:PRS|whole-genome sequencing|polygenic risk score|multi-ancestry|WGS|genotype|ancestry|genetic risk|genetic ancestry|polygenic; 3:Researcher Workbench|electronic health record|risk prediction|workbench|EHR; 4:depression|schizophrenia; 17:informed consent|recruitment
3088,41621582,2026,"Perceived Discrimination, Communication, and Healthcare Utilization following Gastrointestinal Surgery: A Moderated Mediation Analysis",Journal of Gastrointestinal Surgery : Official Journal of the Society for Surgery of the Alimentary Tract,6,,false,true,,,6:income|discrimination|Hispanic
3089,41605611,2026,"Associations between obesity, metabolic syndrome and glaucoma in the National Institutes of Health 'All of Us' research programme",The British Journal of Ophthalmology,1;18,,false,true,,,1:obesity|metabolic syndrome|cholesterol|blood pressure|BMI; 18:glaucoma
3092,41606327,2026,Population-scale sequencing resolves determinants of persistent EBV DNA,Nature,1;2;3;4;5;8;9;13;14,,false,true,,,1:stroke|cardiovascular; 2:PheWAS|whole-genome sequencing|REGENIE|GWAS|WGS|GWAS summary|genotype|locus|SNP|genomic|genome-wide association|whole genome sequencing|genome-wide|ancestry|imputation|phenome-wide|genetic risk|association study|haplotype|association studies|genetic association|loci|gnomAD|heritability|exome|polygenic; 3:AoU Researcher Workbench|Researcher Workbench|ICD|workbench|ICD-10; 4:smoking|depressive; 5:carcinoma|lymphoma|cancer|Hodgkin|tumour; 8:Epstein-Barr|HIV|EBV|HHV|HLA|infection|immune response|virome; 9:multiple sclerosis|lupus|systemic lupus|autoimmune disease|rheumatoid arthritis|autoimmune; 13:COPD|pulmonary|chronic obstructive; 14:multiple sclerosis|stroke|neurological
3097,41579622,2026,Social determinants of health and health-related quality of life among cancer survivors: Analyses of the all of us and NHANES cohorts,European Journal of Oncology Nursing : The Official Journal of European Oncology Nursing Society,4;5;6,,false,true,,,4:well-being|mental health; 5:cancer survivors|cancer|survivorship; 6:social determinants of health|disparities|income
3098,41577700,2026,Improving polygenic score prediction for underrepresented groups through transfer learning,Nature Communications,1;2;3;6;17,,false,true,,,1:type 2 diabetes|T2D|HDL|metabolic syndrome|cholesterol|blood pressure|LDL|BMI|diabetes|lipid|creatinine; 2:PRS|GWAS|multi-ancestry|polygenic score|GWAS summary|genotype|genomic|genome-wide association|genome-wide|ancestry|association studies|loci|heritability|polygenic; 3:federated learning|clustering|machine learning|model performance; 6:underrepresented groups|African American|underrepresented|Hispanic; 17:data sharing|recruitment
3099,41578927,2026,"The Mediating Role of Frailty in Healthcare Utilization Among Sexual and Gender Minorities: A Comparison of Generalist, Specialist, and Mental Health Visits",Journal of Applied Gerontology : The Official Journal of the Southern Gerontological Society,4;6;11,,false,true,,,4:mental health; 6:sexual and gender minorities|gender minority|minorities|minority|SGM; 11:frailty|older adults
3100,41579292,2026,Social determinants disadvantage score and liver health in the All of Us Research Program,European Journal of Epidemiology,1;3;5;6;8,,false,true,,,1:T2DM|hepatocellular carcinoma|obesity|cirrhosis|coronary|heart disease|MASH; 3:Researcher Workbench|electronic health record|workbench|OMOP|missing data|EHR; 5:carcinoma|hepatocellular carcinoma|hepatocellular|cancer; 6:social determinants of health|deprivation|SDOH|food insecurity|equity|racial and ethnic|underrepresented|neighborhood; 8:infection|hepatitis
3101,41570792,2026,Associations Between Objective Sleep Characteristics From Wearable Physiologic Monitors and Incident Atrial Fibrillation,JACC. Advances,1;3;7;13,,false,true,,,1:hypertension|heart failure|atrial fibrillation|obesity|cardiometabolic|BMI|arrhythmia|diabetes|cardiovascular|cardiac; 3:Researcher Workbench|workbench|SNOMED; 7:Fitbit|wearable|wearable device|sleep duration|sleep stage; 13:COPD|pulmonary|chronic obstructive
3102,41572266,2026,Assessing the comorbidity between asthma and depression through polygenic risk scoring and time-to-event models,BMC Medicine,2;3;4;7;11;13,,false,true,,,2:Mendelian randomization|PRS|whole-genome sequencing|GWAS|WGS|genomic|genome-wide association|genome-wide|ancestry|genetic risk|association studies|loci|polygenic; 3:Researcher Workbench|workbench|OMOP|EHR; 4:depression|mental health|smoking|depressive; 7:wearable; 11:Alzheimer|Alzheimer's; 13:asthma
3103,41572452,2026,Using large biobanks for psychiatric genomic research: Consistency of clinical and genetic aspects of recorded depression across US states in the All of Us Research Program,Psychological Medicine,2;3;4;6;17,,false,true,,,2:PRS|polygenic risk score|genomics|genomic|ancestry|genetic ancestry|multiancestry|polygenic; 3:Researcher Workbench|electronic health record|workbench|random forest|missing data|EHR; 4:depression|bipolar disorder|schizophrenia|well-being|psychiatric|mental health|bipolar; 6:social determinants of health|low-income|underrepresented|income; 17:advisory board|recruitment
3104,41574431,2026,Associations between loneliness severity and depression and suicidal ideation among older adults during the COVID-19 pandemic,Aging & Mental Health,3;4;6;8;11,,false,true,,,3:electronic health record|workbench; 4:depression|loneliness|suicidal ideation|well-being|mental health|coping|depressive|suicide; 6:gender minority|uninsured|underrepresented|rural|income|minority|Hispanic|housing; 8:COVID-19; 11:older adults
3105,41576060,2026,Investigation into EHR data coverage in the All of Us Research Program via linkage to health insurance claims,PloS One,1;3;4;6;8;11;13;17,,false,true,,,1:heart failure; 3:privacy-preserving|AoU Researcher Workbench|Researcher Workbench|EHR data quality|electronic health record|workbench|predictive modeling|FHIR|claims data|EHR|data quality|harmonization|notebook|data linkage; 4:schizophrenia; 6:area deprivation index|social determinants of health|Medicaid|deprivation|socioeconomic|rural|income|neighborhood|Hispanic|ADI; 8:HIV; 11:dementia; 13:COPD; 17:informed consent|recruitment
3106,41565855,2026,Multi-trait and multi-ancestry genetic analysis of comorbid lung diseases and traits improves genetic discovery and polygenic risk prediction,Nature Genetics,2;3;5;13,,false,true,,,2:PRS|polygenic risk score|multi-ancestry|ancestry|loci|polygenic; 3:risk prediction; 5:lung cancer|cancer; 13:COPD|asthma|pulmonary|chronic obstructive
3107,41569831,2026,"Perceived Neighborhood Environment and Objectively Assessed, Habitual Physical Activity Among US Adults: An All of Us Research Program Study",Journal of Physical Activity & Health,6;7,,false,true,,,6:income|neighborhood; 7:step count|Fitbit|physical activity
3108,41564024,2026,Disability and Health Care Interactions in Patients with Celiac Disease in the United States: An Analysis of All of Us Cohort,Journal of Clinical Gastroenterology,2;6;9,,false,true,,,2:polygenic risk score|ancestry|polygenic; 6:social determinants of health; 9:celiac
3109,41564375,2026,Prevalence and Clinical Characteristics of Germline Epidermal Growth Factor Receptor Mutations in the Southeastern Unites States,JCO Precision Oncology,5,,false,true,,,5:lung cancer|malignancy|cancer
3111,41661118,2026,Genomic Insights Into Inflammatory Bowel Disease in United States Hispanic Participants: An Ancestry-Focused Study,Gastroenterology,2;6;9;16,,false,true,,,2:locus|genomic|genome-wide|ancestry|association study|admixture|genetic ancestry|loci; 6:Hispanic; 9:IBD|inflammatory bowel disease|Crohn's disease|ulcerative colitis|Crohn; 16:pharmacogenetic
3113,41433114,2025,Health outcomes after national acute sleep deprivation events among the American public,JCI Insight,1;2;3;4;6;7;13,,false,true,,,1:hypertension|cardiovascular; 2:whole-genome sequencing|GWAS|genomics|genotype|SNP|genomic|ancestry|phenome-wide; 3:Researcher Workbench|electronic health record|workbench|EHR; 4:anxiety|stress; 6:deprivation|African American; 7:Fitbit|sleep duration; 13:pulmonary hypertension|circadian|pulmonary
3114,41650938,2026,Validation and context-dependent effects of a prostate cancer polygenic risk score in the All of Us Research Program,American Journal of Human Genetics,2;5;6,,false,true,,,2:PheWAS|PRS|polygenic risk score|multi-ancestry|ancestry|phenome-wide|association study|genetic ancestry|polygenic; 5:prostate cancer|cancer; 6:socioeconomic|income
3115,41651857,2026,"Whole-genome sequencing analysis of anthropometric traits in 672,976 individuals reveals convergence between rare and common genetic associations",Nature Communications,1;2;3;10;17,,false,true,,,1:obesity|BMI; 2:PheWAS|whole-genome sequencing|REGENIE|GWAS|WGS|long-read sequencing|fine-mapping|genomics|genotype|locus|SNP|genomic|genome-wide association|rare variant|whole genome sequencing|genetic variant|genome-wide|rare-variant|ancestry|imputation|association study|common variant|haplotype|association studies|genetic ancestry|genetic association|loci|gnomAD|heritability|long-read|exome|exome sequencing; 3:variant effect predictor|machine learning; 10:monogenic; 17:informed consent|ethics|recruitment
3127,41649283,2026,Racial/Ethnic Disparities in Perception of Health Status and Literacy in Adult Patients With Chiari Malformation Type I: Insights From the All of Us Research Program,Neurosurgery,4;6,,false,true,,,4:pain|mental health; 6:health literacy|access to care|African American|education level|Latino|socioeconomic|disparities|income|Hispanic
3128,41649396,2026,Moderate to Vigorous Physical Activity and Chronic Rhinosinusitis Risk: A Longitudinal Fitbit Study,International Forum of Allergy & Rhinology,3;7;18,,false,true,,,3:ICD|ICD-10; 7:Fitbit|physical activity; 18:chronic rhinosinusitis|CRS
3129,41637091,2026,Postoperative Sleep Dynamics Across Surgical Risk Using Wearable Device Technology,JAMA Surgery,4;7,,false,true,,,4:pain|opioid; 7:wearable|wearable device|sleep duration
3130,41637774,2026,Unique contributions of heart failure and chronic pain on physical function and quality of life in older adults,"Geriatric Nursing %28New York, N.Y.%29",1;4;11,,false,true,,,1:heart failure; 4:pain|chronic pain; 11:older adults
3131,41681869,2026,Barriers to Care Among LGBT Cancer Survivors: An Analysis of the All of Us Research Program,Cancers,3;4;5;6;12,,false,true,,,3:Researcher Workbench|electronic health record|workbench|interpretability; 4:psychosocial|mental health|stress; 5:cancer survivors|breast cancer|melanoma|colorectal cancer|oncology|skin cancer|cancer|colorectal|survivorship; 6:sexual and gender minorities|LGBTQ|gay|transgender|gender minority|lesbian|access to care|minorities|bisexual|socioeconomic|disparities|sexual minority|structural barriers|income|minority|discrimination; 12:skin cancer
3132,41678708,2026,Associations of unmet dental care needs due to cost with incident cardiovascular disease and dementia: a prospective study in the All of Us cohort,"The Journals of Gerontology. Series A, Biological Sciences and Medical Sciences",1;6;11;14,,false,true,,,1:stroke|heart failure|cardiometabolic|cardiovascular disease|CVD|cardiovascular|myocardial infarction; 6:racial and ethnic|socioeconomic; 11:dementia|aging|older adults; 14:stroke
3133,41675975,2025,Rare Variants in Antisense Long Noncoding RNA-Protein-Coding Gene Overlap Regions Contribute to Obsessive-Compulsive Disorder,Biological Psychiatry Global Open Science,2;3;4,,false,true,,,2:whole-genome sequencing|GWAS|WGS|genotype|locus|genomic|genome-wide association|rare variant|genome-wide|rare-variant|ancestry|genetic risk|eQTL|association studies|genetic ancestry|loci|gnomAD|heritability|exome; 3:variant effect predictor|random forest; 4:obsessive-compulsive|OCD|psychiatric|stress
3135,41689228,2026,Effects of communication disorder status on risk for eleven common health conditions in the All of Us Research Program in the USA: a cross-sectional study,BMJ Open,1;3;4;6;13;14,,false,true,,,1:stroke|hypertension|heart failure|coronary|diabetes|hypertensive|kidney disease|cardiovascular disease|cardiovascular|myocardial infarction; 3:Researcher Workbench|electronic health record|workbench|EHR|SNOMED; 4:depression|anxiety|well-being|substance use|psychosocial|mental health|smoking|tobacco; 6:health disparities|health literacy|African American|Latino|socioeconomic|disparities|income|race and ethnicity|Hispanic; 13:asthma; 14:stroke|cerebrovascular
3136,41673527,2026,Depression Risk in Type 1 Versus Type 2 Diabetes: Cross-Sectional Analysis of Body Mass Index (BMI) in a Nationally Diverse Cohort,"Endocrinology, Diabetes & Metabolism",1;3;4;6;17,,false,true,,,1:type 2 diabetes|diabetic|glycemic|cardiometabolic|BMI|diabetes|type 1 diabetes; 3:Researcher Workbench|electronic health record|workbench|OMOP|missing data|EHR|SNOMED; 4:depression|major depressive disorder|alcohol abuse|psychosocial|psychiatric|depressive|MDD; 6:African American|Latino|socioeconomic|race and ethnicity|Hispanic; 17:informed consent|ethics
3137,41697979,2025,Hypertensive Disorders of Pregnancy and Premature Cardiovascular Disease in a Diverse Cohort of Young US Women,Circulation,1;6;14;15,,false,true,,,1:stroke|hypertension|heart failure|obesity|cardiometabolic|diabetes|hypertensive|heart disease|kidney disease|cardiovascular disease|CVD|cardiovascular|hyperlipidemia|ischemic heart; 6:African American|Latino|socioeconomic|income|Hispanic; 14:stroke; 15:pregnancy|postpartum
3138,41696962,2026,Conductive Hearing Loss Pathologies are Associated With Dementia in the All of Us Research Program,Otolaryngology--Head and Neck Surgery : Official Journal of American Academy of Otolaryngology-Head and Neck Surgery,3;11;18,,false,true,,,3:ICD|ICD-10; 11:dementia; 18:hearing loss|otosclerosis
3139,41707036,2026,A Framework to Quantify Disparities in Pharmacogenomic Treatment Concordance and Drug Response Outcomes,Clinical and Translational Science,1;2;3;4;6;13;14;16,,false,true,,,1:stroke|coronary|myocardial infarction; 2:WGS|genotype|ancestry; 3:AoU Researcher Workbench|Researcher Workbench|electronic health record|ICD|workbench|EHR; 4:depression|antidepressant; 6:disparity|UBR|underrepresented|disparities|marginalized; 13:insomnia; 14:stroke|cerebrovascular; 16:CYP2D6|CYP2C19|pharmacogenomic|drug response|metabolizer
3140,41708630,2026,Mitochondrial heteroplasmy is a risk factor for the development of chronic lymphocytic leukemia,Nature Communications,1;2;3;4;5;10;11;17,,false,true,,,1:CHIP|clonal hematopoiesis|cardiovascular disease|cardiovascular; 2:WGS|whole genome sequencing|ancestry|haplotype|gnomAD|exome|exome sequencing; 3:Researcher Workbench|ICD|workbench|ICD-10|missing data|SNOMED; 4:smoking|tobacco|stress; 5:neoplasm|leukemia|malignancy|cancer|AML|tumor|CLL; 10:pathogenic variant; 11:aging|older adults; 17:biospecimen|informed consent|ethics|toolkit
3141,41708529,2026,Genome-wide association of pica within a cohort of volunteer blood donors potentially implicates the gene encoding neuropeptide VF,Transfusion,2,,false,true,,,2:GWAS|SNP|genome-wide association|genome-wide|association study
3142,41717497,2026,Association Between Self-Reported Smoking Behaviour and Fuchs Endothelial Corneal Dystrophy: A Cross-Sectional Analysis,AJO International,4,,false,true,,,4:nicotine|smoking|tobacco
3148,41726399,2025,Cross Biobank Comparison of Phenomic Profiles,AMIA ... Annual Symposium Proceedings. AMIA Symposium,1;2;6;13,,false,true,,,1:T2D; 2:GWAS|genome-wide association|genome-wide|association study; 6:social determinants of health|SDOH; 13:COPD
3150,41706057,2026,Cardiomyopathy Gene Variants and Polygenic Risk Scores in Atrial Fibrillation: Evidence for an Atrial-First Phenotype,Journal of the American College of Cardiology,1;2,,false,true,,,1:heart failure|atrial fibrillation|ventricular; 2:PRS|rare variant|polygenic
3152,41704839,2026,"National Patterns of Biomarker Testing in Colorectal, Lung, and Prostate Cancers: Insights From the NIH I(content=['All of Us']) Research Program",Clinical Medicine Insights. Oncology,2;3;5;6,,false,true,,,2:genomic|imputation; 3:electronic health record|natural language processing|OMOP|missing data|EHR; 5:prostate cancer|neoplasm|breast cancer|BRCA2|BRCA1|colorectal cancer|lung cancer|oncology|cancer|metastasis|immunotherapy|tumor|colorectal|circulating tumor|metastatic; 6:social determinants of health|Medicaid|education level|equity|socioeconomic|disparities|income|Hispanic
3154,41712304,2026,Multi-trait polygenic scores for COPD and COPD exacerbations implicate druggable proteins,JCI Insight,1;2;3;5;6;13;17,,false,true,,,1:heart failure|coronary|BMI|cardiovascular; 2:Mendelian randomization|PRS|whole-genome sequencing|GWAS|polygenic score|GWAS summary|genotype|locus|genome-wide association|genome-wide|genotype imputation|imputation|genetic risk|association studies|loci|heritability|polygenic; 3:ICD|AUC|risk prediction|ICD-10|deep learning|machine learning; 5:breast cancer|cancer; 6:African American|Hispanic; 13:COPD|interstitial lung disease|asthma|pulmonary|chronic obstructive; 17:advisory board
3155,41714741,2026,Host control of persistent Epstein-Barr virus infection,Nature,1;2;3;5;8;9;10;14;17,,false,true,,,1:diabetes|type 1 diabetes; 2:Mendelian randomization|PheWAS|PRS|REGENIE|GWAS|genetic risk score|genomics|GWAS summary|genotype|locus|SNP|genomic|genome-wide association|genome-wide|ancestry|ClinVar|imputation|phenome-wide|genetic risk|association study|common variant|haplotype|eQTL|genetic ancestry|loci|exome|exome sequencing|polygenic; 3:variant effect predictor|electronic health record|risk prediction|workbench|validation cohort|phecode|SNOMED; 5:lymphoma|oncology|non-Hodgkin|Hodgkin; 8:Epstein-Barr|HIV|SARS-CoV-2|COVID-19|EBV|HLA|antibody|infection|immune response|viral load; 9:multiple sclerosis|lupus|systemic lupus|inflammatory bowel disease|rheumatoid arthritis|ulcerative colitis|Hashimoto|Sjögren|autoimmune; 10:monogenic|Mendelian; 14:multiple sclerosis; 17:advisory board|informed consent|library|ethics|recruitment
3156,41713510,2026,Social Determinants of Health Associated with Orbital and Facial Fractures in the United States using NIH All of Us Research Program,Ophthalmology,3;4;6,,false,true,,,3:AoU Researcher Workbench|Researcher Workbench|workbench; 4:substance use|mental health|smoking; 6:social determinants of health|Medicaid|health literacy|American Indian|SDOH|socioeconomic|poverty
3157,41720101,2026,Health care utilization and self-reported health status among US cancer survivors by rurality and area deprivation,"Med %28New York, N.Y.%29",4;5;6,,false,true,,,4:mental health|smoking; 5:cancer survivors|cancer; 6:deprivation|access to care|rural
3161,41740020,2026,Role of emotional social support in COVID-19 booster uptake among drug use disorder communities,The American Journal of Drug and Alcohol Abuse,8,,false,true,,,8:COVID-19
3162,41745876,2026,Sociodemographic Drivers of Delays in Seeking Medical Care in the All of Us Cohort,"Nursing Reports %28Pavia, Italy%29",3;4;6;7;8;11;17,,false,true,,,3:AoU Researcher Workbench|Researcher Workbench|workbench; 4:anxiety|psychosocial|psychological; 6:Medicaid|access to care|minorities|Latino|uninsured|low-income|racial and ethnic|socioeconomic|underrepresented|rural|Black participants|income|minority|Hispanic; 7:wearable; 8:COVID-19; 11:elderly|older adults; 17:outreach|biospecimen|informed consent|patient-reported|recruitment
3164,41741949,2026,Trends in Use of Obesity Medications and Metabolic and Bariatric Surgery Among All of Us Participants From 2003 to 2023,"Obesity %28Silver Spring, Md.%29",1;6,,false,true,,,1:T2D|obesity|BMI; 6:health disparities|Medicaid|disparities|Hispanic
3165,41758668,2026,Scalable and accurate rare-variant association tests for whole genome sequencing time-to-event analysis in large biobanks,Proceedings of the National Academy of Sciences of the United States of America,2;11,,false,true,,,2:WGS|whole genome sequencing|rare-variant|ancestry; 11:frailty
3166,41618303,2026,A multilevel analysis of LGBT-relevant laws and sexual and gender minority mental health: evidence for the protective role of inclusive policies,BMC Public Health,3;4;6;8,,false,true,,,3:electronic health record|workbench|missing data|EHR|predictive model; 4:depression|anxiety|psychosocial|mental health|anxiety disorder|depressive|psychological|stress; 6:LGBTQ|health disparities|gay|transgender|gender minority|lesbian|education level|equity|bisexual|disparities|income|minority|marginalized|SGM|discrimination|Hispanic; 8:COVID-19
3167,41746260,2026,Inflammatory Bowel Disease-induced Inflammation Augments Clonal Hematopoiesis of Indeterminate Potential through Ref-1,Blood,1;2;5;9,,false,true,,,1:CHIP|clonal hematopoiesis|kidney disease|cardiovascular disease|cardiovascular; 2:Mendelian randomization|genome-wide; 5:oncology|malignancy|cancer; 9:IBD|inflammatory bowel disease|Crohn's disease|ulcerative colitis|Crohn
3170,41758174,2026,"Integrating Polygenic Scores with Clinical, Lifestyle, and Social Risk Factors to Improve Heart Failure Risk Prediction",Pacific Symposium on Biocomputing. Pacific Symposium on Biocomputing,1;2;3;4;5;6;7;10,,false,true,,,1:hypertension|heart failure|atrial fibrillation|aortic stenosis|T2D|obesity|HDL|cholesterol|blood pressure|LDL|aortic|BMI|diabetes|CAD|atherosclerosis|lipid|heart disease|cardiovascular disease|CVD|cardiovascular|hyperlipidemia|ischemic heart; 2:GWAS|WGS|polygenic score|genomics|genotype|SNP|genomic|genome-wide association|whole genome sequencing|genome-wide|ancestry|genetic risk|association study|gnomAD|heritability|polygenic; 3:PhecodeX|electronic health record|ICD|risk prediction|ICD-10|missing data|F1 score|EHR|interpretability|feature selection|model performance; 4:bipolar disorder|schizophrenia|smoking|bipolar; 5:breast cancer|cancer; 6:deprivation|education level|SDOH|food insecurity|income|neighborhood|housing; 7:physical activity|sedentary; 10:hereditary|Mendelian
3171,41755704,2026,Matching heterogeneous cohorts by projected principal components reveals two novel Alzheimer's disease-associated genes in the Hispanic population,Alzheimer's & Dementia : The Journal of the Alzheimer's Association,2;3;4;6;11;14,,false,true,,,2:PRS|REGENIE|GWAS|WGS|genomics|GWAS summary|genotype|locus|SNP|genomic|genome-wide association|rare variant|whole genome sequencing|genetic variant|genome-wide|ancestry|association study|common variant|haplotype|association studies|genetic ancestry|genetic association|loci|single nucleotide polymorphism; 3:ICD|clustering|data quality; 4:pain|stress; 6:African American|Latino|underrepresented|Hispanic; 11:Alzheimer|dementia|APOE|mild cognitive impairment|Parkinson|Alzheimer's|cognitive impairment; 14:amyotrophic lateral sclerosis|amyotrophic lateral|neurological
3173,41761698,2026,Association of genetic risk and physical activity with incident type 2 diabetes,The Journal of Clinical Endocrinology and Metabolism,1;2;7,,false,true,,,1:type 2 diabetes|diabetes; 2:polygenic score|genomic|genetic risk|polygenic; 7:wearable|physical activity|wearable device
3174,41759260,2026,Step counts over time with the burden of 105 non-communicable diseases in older adults from the All of Us Research Program,Archives of Gerontology and Geriatrics,1;7;11,,false,true,,,1:diabetes|cardiovascular disease|cardiovascular; 7:Fitbit|wearable|wearable device; 11:older adults
3175,41767546,2026,"Oropharyngeal Dysphagia in Parkinson's Disease: An Analysis of Prevalence, Swallow Therapy Utilization, and Complication Rates",Laryngoscope Investigative Otolaryngology,1;3;6;11;14,,false,true,,,1:stroke; 3:ICD|ICD-10|EHR; 6:education level|uninsured|income|Hispanic; 11:Parkinson's disease|Parkinson; 14:stroke|neurological
3176,41775977,2026,Post-traumatic stress disorder and social determinants of health among individuals with cancer: association with healthcare utilization and outcomes in the All of Us Research Program,Journal of Cancer Survivorship : Research and Practice,4;5;6,,false,true,,,4:PTSD|post-traumatic stress|well-being|mental health|stress; 5:cancer survivors|cancer|survivorship; 6:social determinants of health|equity
3177,41775701,2026,Higher lithium exposure in groundwater is associated with reduced stroke incidence and mortality,International Journal of Stroke : Official Journal of the International Stroke Society,1;14,14.2-stroke-cerebro,false,true,,,1:stroke; 14:stroke
3178,41779414,2026,Management and Consequences of Genotype-Positive Familial Hypercholesterolemia,JAMA Cardiology,1;2;10;14,,false,true,,,1:stroke|cholesterol|coronary|LDL|lipid|cardiovascular disease|cardiovascular; 2:whole-genome sequencing|genotype; 10:familial hypercholesterolemia; 14:stroke
3179,41779392,2026,"Loneliness, Anxiety Symptoms, Depressive Symptoms, and Suicidal Ideation in the All of Us Dataset",JAMA Network Open,4;6;7;11,,false,true,,,4:depression|anxiety|loneliness|suicidal ideation|cognitive behavioral|substance use|mental health|anxiety disorder|depressive|psychological|ketamine|suicide|mindfulness; 6:transgender|American Indian|African American|Latino|racial and ethnic|race and ethnicity|Hispanic; 7:wearable; 11:dementia|older adults
3180,41795035,2026,Development and validation of a trans-ancestry polygenic risk score for type 1 diabetes,Diabetologia,1;2;3;6;15;17,,false,true,,,1:diabetes|type 1 diabetes; 2:PRS|polygenic risk score|GWAS|multi-ancestry|WGS|genomics|genomic|genome-wide association|whole genome sequencing|genome-wide|ancestry|imputation|genetic risk|association studies|loci|heritability|polygenic; 3:AUC|F1 score; 6:African American|Hispanic; 15:perinatal; 17:advisory board|ethics|toolkit
3181,41794081,2026,Scalable discovery and validation of order-specific electronic health record event trajectories for interpretable adverse-outcome risk estimation,Journal of Biomedical Informatics,3,,false,true,,,3:electronic health record|interpretability|machine learning
3182,41776519,2026,Application of intersectionality framework and area-level indicators in machine learning analysis of depression disparities in all of us research program data,BMC Public Health,3;4;6;8,,false,true,,,3:clustering|EHR|machine learning; 4:depression|bipolar disorder|major depressive disorder|well-being|psychosocial|mental health|bipolar|depressive|stress; 6:health disparities|social determinants of health|deprivation|SDOH|food insecurity|equity|socioeconomic|disparities|income|neighborhood|minority|discrimination|Hispanic|housing; 8:COVID-19
3183,41801273,2026,Electronic Health Record-Linked Biobank Expansion Reveals Global Health Inequities,Annual Review of Biomedical Data Science,3;8,,false,true,,,3:electronic health record|EHR; 8:tuberculosis
3184,41800596,2026,Leveraging pleiotropy to improve genetic risk prediction across diseases,Genetics in Medicine : Official Journal of the American College of Medical Genetics,1;2;3,,false,true,,,1:obesity|CKD|diabetes|kidney disease; 2:GWAS|GWAS summary|genetic risk|polygenic; 3:AUC|clustering|risk prediction
3186,41811315,2026,Precision Diagnosis in APOL1 Kidney Disease With the p.N264K M1 Protective Variant,JAMA Network Open,1;2;3;9;10,,false,true,,,1:hypertension|proteinuria|glomerular|diabetic|CKD|nephropathy|diabetes|kidney disease; 2:genomics|genotype|ancestry|haplotype|genetic ancestry|exome|exome sequencing; 3:phenotyping algorithm|electronic health record|ICD|random forest|ICD-10|EHR|machine learning; 9:lupus|sarcoidosis|systemic lupus|vasculitis; 10:incomplete penetrance|Mendelian|penetrance
3187,41810985,2026,Barriers to Health Care Access and Use among Racial and Ethnic Minorities with Renal Cell Carcinoma,Urology Practice,1;5;6,,false,true,,,1:renal; 5:carcinoma|oncology|renal cell; 6:health literacy|minorities|equity|racial and ethnic|socioeconomic|disparities|Black patients|income|minority|Hispanic
3188,41804899,2026,Defining Spiritual Wellbeing in Survivors of Stroke: A Convergent Parallel Mixed Methods Study,Journal of the American Heart Association,1;3;4;6;14;17,14.2-stroke-cerebro,false,true,,,1:stroke; 3:data integration|cohort builder|ICD; 4:depression|anxiety|wellbeing|psychological|mindfulness; 6:SDOH|Latino|socioeconomic|income|Hispanic; 14:subarachnoid hemorrhage|stroke|intracerebral hemorrhage; 17:trust|focus group|informed consent|recruitment
3189,41810111,2026,Metabolic Risk Factors and Clinical Presentations of Metabolic Dysfunction-associated Steatotic Liver Disease Using Data from the I(content=['All of Us']) Research Program,Journal of Clinical and Translational Hepatology,1;3;5;6;13,,false,true,,,1:T2DM|hypertension|hepatocellular carcinoma|type 2 diabetes|MASLD|obesity|cirrhosis|coronary|BMI|fatty liver|diabetes|CAD|type 1 diabetes|hyperlipidemia|MASH|myocardial infarction|cardiac; 3:AoU Researcher Workbench|Researcher Workbench|electronic health record|ICD|workbench|EHR|SNOMED; 5:carcinoma|hepatocellular carcinoma|hepatocellular; 6:African American|Latino|underrepresented|race and ethnicity|Hispanic; 13:obstructive sleep apnea|sleep apnea|OSA
3190,41822200,2026,Assessing data quality of rheumatoid and psoriatic arthritis patients in the All of Us Research Program,JAMIA Open,3;9,,false,true,,,3:electronic health record|ICD|OMOP|EHR|data quality|SNOMED; 9:psoriatic arthritis|autoimmune disease|RA|autoimmune
3191,41809919,2025,Atopic Comorbidities Associated With Chronic Spontaneous Urticaria: A Case-Control Analysis of the All of Us Research Program,JEADV Clinical Practice,3;6;9;12;13;17;18,,false,true,,,3:electronic health record|SNOMED; 6:underrepresented groups|socioeconomic|underrepresented; 9:lupus|systemic lupus|rheumatoid arthritis|RA|SLE|autoimmune; 12:dermatitis|atopic dermatitis|urticaria; 13:asthma; 17:outreach|ethics; 18:allergic rhinitis|rhinitis
3192,41819535,2026,Ozone and risk of chronic obstructive pulmonary disease in the united states: demographic insights from the all of us research program,The European Respiratory Journal,3;6;13;19,,false,true,,,3:ICD|ICD-10|EHR|SNOMED; 6:African American|income|Hispanic; 13:COPD|pulmonary|chronic obstructive; 19:PM2.5|particulate matter
3193,41807852,2026,Time to Treatment Discontinuation and Cost Effectiveness of Third-Line Therapies in Advanced Colorectal Cancer: Real-World Evidence from the NIH All of Us Research Program,Drugs - Real World Outcomes,2;3;5;6;7,,false,true,,,2:genomics|genomic; 3:OMOP|EHR; 5:colorectal cancer|oncology|cancer|immunotherapy|colorectal|checkpoint inhibitor|metastatic; 6:social determinants of health|underrepresented|minority; 7:wearable
3194,41790796,2026,Social determinants of healthy aging: An investigation using the all of us cohort,PloS One,3;4;6;11,,false,true,,,3:explainability|OMOP|F1 score|EHR|gradient boosting|predictive model|XGBoost|interpretability|machine learning|model performance; 4:well-being|substance use|smoking|stress; 6:underrepresented groups|social determinants of health|disparity|SDOH|racial and ethnic|underrepresented|disparities|neighborhood|minority|Hispanic; 11:aging|healthy aging|geriatric|older adults
3195,41791678,2026,Fuchs' Endothelial Corneal Dystrophy and Cardiometabolic Comorbidities,Ophthalmology,1,,false,true,,,1:cardiometabolic
3196,41791445,2026,Wearable-derived REM sleep as a modifiable risk factor for cardiovascular disease: A multimodal prediction model in the All of Us Research Program,Progress in Cardiovascular Diseases,1;3;7,,false,true,,,1:cardiovascular disease|CVD|cardiovascular; 3:electronic health record|risk prediction|XGBoost|model performance; 7:Fitbit|wearable|sleep duration
3197,41832425,2026,Beyond the bowel: novel comorbidity patterns in inflammatory bowel disease from the all of us research program,BMC Gastroenterology,1;2;3;4;6;9;12;14;15;17,,false,true,,,1:obesity|kidney stone|carotid|aneurysm|renal|cardiovascular|myocardial infarction; 2:Mendelian randomization; 3:Researcher Workbench|clustering|workbench|OMOP|missing data|EHR|case definition; 4:mental health|smoking; 6:health disparities|African American|minorities|equity|socioeconomic|underrepresented|disparities|income; 9:lupus|systemic lupus|IBD|inflammatory bowel disease|Crohn's disease|ulcerative colitis|Crohn|autoimmune|psoriasis; 12:dermatitis|contact dermatitis|dermatologic|psoriasis; 14:epilepsy|neurological; 15:pregnancy|maternal; 17:informed consent|library
3283,41833853,2026,Sociodemographic Patterns and Associations between Perceived Healthcare Discrimination and Pain Severity in the All of Us Research Program,The Journal of Pain,4;6,,false,true,,,4:pain; 6:equity|socioeconomic|disparities|income|marginalized|discrimination
3284,41833577,2026,Shared genetic architecture between sleep traits and cardiometabolic diseases,EBioMedicine,1;2;3;11;13;14;17,,false,true,,,1:stroke|venous thromboembolism|hypertension|heart failure|atrial fibrillation|type 2 diabetes|T2D|obesity|HDL|thromboembolism|coronary|blood pressure|cardiometabolic|ventricular|BMI|diabetes|CAD|lipid|heart disease|cardiovascular|cardiac; 2:GWAS|multi-ancestry|genomics|GWAS summary|locus|SNP|genome-wide association|genome-wide|ancestry|association study|association studies|loci; 3:ICD|OMOP|EHR|SNOMED; 11:APOE; 13:insomnia|OSA; 14:stroke; 17:data sharing|informed consent|ethics
3285,41833242,2026,Multiple sclerosis in the All of Us Research Program: Prevalence and associated demographic and geographic characteristics,Multiple Sclerosis and Related Disorders,9;14,,false,true,,,9:multiple sclerosis|MS; 14:multiple sclerosis
3300,41603044,2026,Genetic Architecture of N-Terminal Pro-B-Type Natriuretic Peptide in a Multiancestry Study Population,Circulation. Genomic and Precision Medicine,1;2;14,,false,true,,,1:stroke|heart failure|blood pressure|cardiometabolic|lipid; 2:transcriptome-wide|rare variant|whole genome sequencing|association studies|loci|heritability|multiancestry; 14:stroke
3301,41595560,2025,Association Between Sleep Apnea and Dry Eye Disease in the All-of-Us Program,Biomedicines,1;3;4;6;13;18,,false,true,,,1:hypertension|obesity|cardiometabolic|diabetes|cardiovascular disease|cardiovascular|hyperlipidemia; 3:EHR|SNOMED; 4:smoking|stress; 6:Latino|underrepresented|race and ethnicity|Hispanic; 13:obstructive sleep apnea|sleep apnea|OSA; 18:eye disease
3302,41592945,2026,"Amblyopia and adult health: a comprehensive analysis of long-term systemic, sensory and mental health comorbidities in a national cohort",The British Journal of Ophthalmology,1;3;4;7,,false,true,,,1:type 2 diabetes|obesity|cardiometabolic|diabetes|cardiovascular disease|cardiovascular; 3:ICD|ICD-10|SNOMED; 4:anxiety|bipolar disorder|substance use disorder|schizophrenia|substance use|mental health|bipolar; 7:Fitbit|physical activity
3303,41589083,2026,Alzheimer's Disease and Related Dementia Among Black Adults Stratified by Nativity,Journal of Applied Gerontology : The Official Journal of the Southern Gerontological Society,11,,false,true,,,11:Alzheimer|ADRD|dementia|Alzheimer's
3304,41592831,2026,Development and validation of a two-stage machine learning model for personalised type 2 diabetes screening in the All of Us Research Program and UK Biobank,BMJ Open,1;2;3;4;6;17,,false,true,,,1:T2DM|hypertension|type 2 diabetes|obesity|fatty liver|diabetes|renal|type 1 diabetes; 2:PRS|GWAS|WGS|genomics|genomic|genome-wide association|whole genome sequencing|genome-wide|ancestry|imputation|genetic risk|association studies|polygenic; 3:synthetic data|ICD|AUC|risk prediction|explainability|random forest|ICD-10|missing data|F1 score|validation cohort|EHR|XGBoost|interpretability|machine learning|model performance; 4:alcohol abuse|tobacco; 6:disparity|minority|discrimination; 17:library|recruitment
3305,41592539,2026,Genome-wide Association Study Identifies I(content=['IL1RL1']) and I(content=['KIAA1217']) Associated With Asthma-Chronic Obstructive Pulmonary Disease Overlap in the All of Us Research Program,"Allergy, Asthma & Immunology Research",1;2;3;6;8;9;13;14,,false,true,,,1:obesity|coronary; 2:GWAS|genotype|SNP|genome-wide association|genome-wide|association study|expression quantitative|eQTL|association studies|genetic association|loci; 3:cohort builder|machine learning|SNOMED; 6:African American|Latino|Hispanic; 8:HLA|antibody; 9:multiple sclerosis|autoimmune; 13:COPD|asthma|pulmonary|chronic obstructive; 14:multiple sclerosis
3306,41610956,2026,Global Prevalence of Hereditary Hemorrhagic Telangiectasia-Associated Variants Estimated by Analysis of Large-Scale Genomic Databases,Journal of Thrombosis and Haemostasis : JTH,2;10,,false,true,,,2:genomics|genomic|gnomAD|exome; 10:hereditary
3307,41695449,2026,Increased Risk of Sensorineural Hearing Loss in Patients with Vitiligo: A Nested Case-Control Study,Archives of Dermatological Research,12;18,,false,true,,,12:vitiligo; 18:hearing loss|sensorineural
3308,41591833,2026,Concomitant COX-1 and COX-2 suppression is not sufficient to induce enteropathy associated with chronic NSAID use,The Journal of Clinical Investigation,4;9;11;16,,false,true,,,4:pain|chronic pain; 9:rheumatoid arthritis|MS; 11:CAA; 16:tamoxifen|pharmacokinetic
3309,41841662,2026,Associations Between Social Determinants of Health and Treatment of Exudative Age-Related Macular Degeneration: A Retrospective Cohort Analysis,Ophthalmic Epidemiology,4;6;18,,false,true,,,4:loneliness|stress; 6:social determinants of health|health literacy|SDOH|disparities|rural|neighborhood|discrimination; 18:macular degeneration|macular
3310,41839809,2026,Heart rate phase is an indicator of chronotype-relevant circadian shifts associated with human disease: an All of Us Research Program analysis,The Journal of Physiology,1;2;3;7;13;15,,false,true,,,1:T2DM|hypertension|type 2 diabetes|diabetes; 2:Mendelian randomization|PheWAS|GWAS|WGS|genomics|genotype|locus|genomic|ancestry|phenome-wide|association study|association studies; 3:Researcher Workbench|electronic health record|workbench|OMOP|EHR; 7:Fitbit|wearable|physical activity|sleep duration; 13:pulmonary hypertension|circadian|pulmonary; 15:pregnancy
3311,41849727,2026,Type 1 Diabetes and Incident Dementia: An Analysis in the All of Us Cohort,Neurology,1;3;6;11,,false,true,,,1:T2DM|diabetes|type 1 diabetes; 3:ICD|ICD-10|EHR; 6:Latino|Hispanic; 11:dementia
3312,41847932,2026,"Association of Clonal Hematopoiesis with Incident, Late-Onset, Seropositive Rheumatoid Arthritis","Arthritis & Rheumatology %28Hoboken, N.J.%29",1;3;9,,false,true,,,1:CHIP|clonal hematopoiesis; 3:phenotyping algorithm; 9:rheumatoid arthritis|RA
3313,41847743,2026,Association of GLP-1 Receptor Agonists With Hepatic Decompensation in the All of Us Research Program,"Diabetes, Obesity & Metabolism",1;3;5;6;11,,false,true,,,1:GLP-1|hypertension|heart failure|hepatocellular carcinoma|type 2 diabetes|MASLD|obesity|glomerular|cirrhosis|cholesterol|CKD|blood pressure|dyslipidemia|insulin resistance|BMI|diabetes|lipid|kidney disease|cardiovascular disease|eGFR|cardiovascular|MASH; 3:Researcher Workbench|electronic health record|workbench|missing data|EHR|SNOMED; 5:carcinoma|hepatocellular carcinoma|hepatocellular; 6:African American|socioeconomic|underrepresented|race and ethnicity; 11:frailty
3314,41846520,2026,Target Trial Emulation to Assess Oral Drug Safety,Journal of Dental Research,,,false,true,,,
3315,41844886,2026,Multi-ancestry genome-wide association study in all of Us for primary open-angle glaucoma,Scientific Reports,1;2;3;4;6;7;14;17;18,,false,true,,,1:hypertension|obesity|CKD|blood pressure|BMI|kidney disease|cardiovascular; 2:PRS|whole-genome sequencing|GWAS|multi-ancestry|fine-mapping|genomics|genotype|locus|SNP|genomic|genome-wide association|rare variant|whole genome sequencing|genome-wide|ancestry|imputation|trans-ethnic|genetic risk|association study|eQTL|loci|gnomAD|polygenic; 3:Researcher Workbench|electronic health record|clustering|risk prediction|workbench|OMOP|EHR|SNOMED; 4:smoking|tobacco; 6:underrepresented groups|disparity|Native American|access to care|African American|minorities|Latino|equity|underrepresented|disparities|neighborhood; 7:wearable; 14:ALS|amyotrophic lateral sclerosis|amyotrophic lateral|neurological; 17:informed consent|recruitment; 18:glaucoma|cataract|macular degeneration|retinal|vision|optic nerve|macular
3316,41844650,2026,Genomic modifiers of malignant and neurodevelopmental phenotypes in individuals with PTEN hamartoma tumor syndrome,NPJ Genomic Medicine,2;3;5;10;14,,false,true,,,2:whole-genome sequencing|WGS|genomics|genotype|genomic|rare variant|whole genome sequencing|genome-wide|rare-variant|ancestry|ClinVar|common variant|haplotype|genetic ancestry|burden test|loci; 3:variant effect predictor; 5:BRCA2|melanoma|carcinoma|thyroid cancer|cancer|neoplasia|tumor|cancer susceptibility|renal cell; 10:ACMG|monogenic|Mendelian|VUS; 14:epilepsy|neurodevelopment
3317,41844562,2026,Self-Perceived Health Status Among Patients With and Without TBI: An All of Us Analysis,The Journal of Head Trauma Rehabilitation,4;6;14,,false,true,,,4:pain|mental health; 6:socioeconomic|income|Hispanic; 14:traumatic brain injury|TBI
3318,41862772,2026,Remote monitoring of heart failure exacerbations using a smartwatch,Nature Medicine,1;3;7;17,,false,true,,,1:heart failure|atrial fibrillation|ejection fraction|ventricular|cardiology|cardiac; 3:re-identification|transformer-based|deep learning model|workbench|explainability|missing data|transformer|validation cohort|EHR|deep learning|artificial intelligence|interpretability|machine learning|supervised learning|model performance|neural network; 7:step count|Fitbit|wearable|physical activity|sensor|heart rate variability|smartwatch; 17:data sharing|informed consent|patient-reported|ethics
3319,41865103,2026,AGEX: a comprehensive database of clinically relevant genetic variants associated with Alagille syndrome across diverse populations,Hepatology International,2;10,,false,true,,,2:genomics|genotype|gnomAD; 10:ACMG
3320,41199076,2025,Influence of genetic polymorphisms on gefitinib pharmacokinetics and adverse drug reactions in non-small cell lung cancer patients,Cancer Metastasis Reviews,1;2;5;12;16,,false,true,,,1:cirrhosis|eGFR; 2:genotype|SNP|genomic|genetic variant|genetic association|polygenic; 5:breast cancer|lung cancer|cancer|chemotherapy; 12:alopecia|cutaneous; 16:pharmacogenetic|CYP2D6|CYP2C19|drug response|metabolizer|drug-induced|pharmacokinetic|ADR
3321,41188338,2025,Calibrating genome wide significance by minor allele frequency across three major populations,Scientific Reports,2;3,,false,true,,,2:whole-genome sequencing|GWAS|WGS|genotype|SNP|genomic|genome-wide association|rare variant|whole genome sequencing|genome-wide|ancestry|imputation|association study|haplotype|association studies|loci; 3:Researcher Workbench|workbench|data quality
3322,41851740,2026,"Discrimination, social support, and mental health in reproductive-aged women: the All of Us research program",BMC Women's Health,4;6;8;15,,false,true,,,4:depression|anxiety|psychosocial|mental health|anxiety disorder; 6:discrimination; 8:COVID-19; 15:reproductive-aged women
3323,41856979,2026,"Leveraging the I(content=['All of Us']) Research Program to Advance Women's Health: Addressing Conditions that Affect Women Differently, Disproportionately, and Uniquely",Journal of Women's Health %282002%29,1;15,,false,true,,,1:preeclampsia|obesity; 15:preeclampsia|postpartum|women's health
3324,41856922,2026,Characterizing Social Determinants of Health in GI Cancer Surgery: Insights From the All of Us Research Program,"Cancer Reports %28Hoboken, N.J.%29",3;4;5;6;17;19,,false,true,,,3:Researcher Workbench|ICD|workbench|missing data|EHR|interpretability|SNOMED; 4:substance use|psychosocial|mental health|smoking|psychological|tobacco|stress; 5:oncology|cancer|metastasis|colorectal|survivorship; 6:social determinants of health|health literacy|food insecurity|equity|racial and ethnic|socioeconomic|underrepresented|disparities|income|neighborhood|minority|discrimination|Hispanic|housing; 17:trust|informed consent|recruitment; 19:built environment|walkability
3328,41936394,2026,Rare Gain-of-Function Variants in IDH1 and IDH2 Confer Increased Risk of Immune-Mediated Rheumatic Diseases,ACR Open Rheumatology,1;2;5;9,,false,true,,,1:CHIP; 2:WGS|genotype|whole genome sequencing|ancestry|genetic ancestry; 5:neoplasm|malignancy|cancer|tumor; 9:lupus|sarcoidosis|systemic lupus|ankylosing spondylitis|rheumatoid arthritis|polymyositis|ankylosing|polymyalgia rheumatica|giant cell arteritis|Sjögren|dermatomyositis|autoimmune|cutaneous lupus
3330,41931135,2026,Disparities in multidimensional psychosocial stressors by sexual identity among cancer survivors from the All of Us Research Program,Cancer Causes & Control : CCC,3;4;5;6,,false,true,,,3:workbench|missing data; 4:well-being|psychosocial|psychological|stress; 5:cancer survivors|cancer survivor|cancer|survivorship; 6:LGBTQ|social determinants of health|gay|transgender|lesbian|access to care|minorities|equity|bisexual|socioeconomic|disparities|sexual minority|structural barriers|income|neighborhood|minority|discrimination|Hispanic|housing
3331,41931843,2026,Disparities in quality of life and health literacy among patients with degenerative cervical myelopathy: the influence of racial and ethnic factors in the All of Us Research Program,Journal of Neurosurgery. Spine,3;6;14,,false,true,,,3:ICD|ICD-10; 6:health literacy|African American|racial and ethnic|socioeconomic|disparities|income|minority|race and ethnicity|Hispanic; 14:myelopathy|neurological
3332,41923961,2026,Dermatological diagnoses among people experiencing homelessness in the USA,Skin Health and Disease,1;3;5;6;12;17,,false,true,,,1:hypertension|cardiovascular disease|cardiovascular; 3:Researcher Workbench|electronic health record|ICD|workbench|ICD-10|EHR|SNOMED; 5:skin cancer|malignancy|cancer; 6:LGBTQ|health literacy|disparity|access to care|African American|homelessness|racial and ethnic|socioeconomic|underrepresented|minority|race and ethnicity|Hispanic|housing; 12:skin disease|skin condition|skin cancer|dermatology|cutaneous|dermatologist; 17:outreach|ethics|recruitment
3333,41925581,2026,Defining disease or delaying care? A conceptual and clinical appraisal of the Lancet obesity framework,The Journal of Clinical Endocrinology and Metabolism,1,,false,true,,,1:obesity|endocrine|cardiometabolic|BMI|diabetes
3334,41926700,2026,Additive and Multiplicative Effects of Socially Stigmatized Identities Using Linear Regression to Model Effects on Self-Reported Overall Health as Reported in the All of Us Research Program: Quantitative Analysis,JMIR Formative Research,3;4;5;6;12;17,,false,true,,,3:Researcher Workbench|workbench|interpretability; 4:depression; 5:prostate cancer|skin cancer|head and neck cancer|cancer; 6:health disparities|disparities|income; 12:skin cancer; 17:informed consent|consent process|recruitment
3335,41916322,2026,Ultra-rare functional variants reveal early-onset breast cancer risk genes and pathways in the UK Biobank and All of Us Research Program,American Journal of Human Genetics,5,,false,true,,,5:breast cancer|cancer
3336,41916508,2026,Early change in daily step counts after antidepressant initiation among adults with depression: A within-person interrupted time series study,Journal of Affective Disorders,4;7,,false,true,,,4:depression|bipolar disorder|major depressive disorder|schizophrenia|antidepressant|bipolar|depressive; 7:Fitbit
3338,41912836,2026,Real-world Physical Activity and Sedentary Time Trends in Patients Undergoing Obesity Treatment: Insights From the All of Us Research Program,Obesity Surgery,1;7,,false,true,,,1:obesity|BMI; 7:step count|Fitbit|wearable|physical activity|sedentary
3339,41913962,2026,How Genomic and Structural Context Could Shape JAK-STAT Variant Pathogenicity,Twin Research and Human Genetics : The Official Journal of the International Society for Twin Studies,2;9,,false,true,,,2:genomics|genomic|HiFi|ClinVar; 9:autoimmune disease|autoimmune
3341,41908500,2026,Novel Systemic Associations of Idiopathic Epiretinal Membrane Identified via Machine Learning,Ophthalmology Science,1;3;5;6;12;17;18,,false,true,,,1:hypertension|type 2 diabetes|obesity|cardiometabolic|diabetes|cardiovascular|hyperlipidemia; 3:Researcher Workbench|cohort builder|electronic health record|AUC|clustering|workbench|EHR|interpretability|machine learning|supervised learning|unsupervised learning|model performance; 5:neoplasm|tumor; 6:access to care|socioeconomic; 12:dermatologic|actinic keratosis; 17:informed consent|ethics|recruitment; 18:hearing loss|retinal|epiretinal|vision|sensorineural|macular
3342,41911529,2026,Biologics Use Disparities in Non-Infectious Uveitis: A National Study of Social Determinants of Health,Ocular Immunology and Inflammation,3;6;18,,false,true,,,3:ICD|ICD-10|missing data|SNOMED; 6:social determinants of health|African American|uninsured|socioeconomic|disparities|income|Hispanic; 18:uveitis
3343,41904129,2026,Determinants of chromosome-specific telomere lengths among 2573 All of Us participants,Nature Communications,1;2;3;4;5;17,,false,true,,,1:hypertension|heart failure|type 2 diabetes|T2D|BMI|diabetes|heart disease|cardiovascular disease|CVD|cardiovascular|ischemic heart; 2:WGS|long-read sequencing|genomics|genomic|whole genome sequencing|ancestry|haplotype|association studies|genetic ancestry|gnomAD|heritability|long-read; 3:electronic health record|ICD|clustering|workbench|random forest|ICD-10|missing data|EHR; 4:smoking|stress; 5:cancer|myelodysplastic|MDS; 17:informed consent|library|recruitment
3344,41896353,2026,"Genomic, phenomic and geographic associations of leukocyte telomere length in the United States",Nature Genetics,1;2;3;4;6;7;11;13,,false,true,,,1:hypertension|heart failure|CHIP|obesity|ejection fraction|coronary|blood pressure|cardiometabolic|BMI|diabetes|CAD|renal|cardiovascular|vascular disease; 2:whole-genome sequencing|REGENIE|GWAS|WGS|long-read sequencing|GWAS summary|genotype|locus|SNP|genomic|genome-wide association|rare variant|genome-wide|ancestry|phenome-wide|association study|association studies|genetic ancestry|loci|gnomAD|heritability|long-read|multiancestry|exome|exome sequencing|polygenic; 3:ICD|workbench|random forest|EHR|phecode|interpretability; 4:smoking|tobacco; 6:deprivation|uninsured|socioeconomic|underrepresented|disparities|rural|income|poverty|neighborhood|housing; 7:Fitbit|wearable|physical activity|wearable device|steps per day|sleep duration; 11:aging|healthy aging; 13:interstitial lung disease|obstructive sleep apnea|sleep apnea
3347,41893039,2026,Leveraging Large and Diverse Biobanks to Evaluate Gene-Disease Associations in Hypertrophic Cardiomyopathy,Journal of Personalized Medicine,1;2;3;10;17,,false,true,,,1:heart failure|ventricular|cardiac; 2:PheWAS|whole-genome sequencing|genotype|ancestry|phenome-wide|association study|exome|exome sequencing; 3:ICD|ICD-10; 10:monogenic; 17:informed consent|ethics|recruitment
3348,41881847,2026,Machine learning predicts hepatocellular carcinoma risk from routine clinical data: a large population-based multicentric study,Cancer Discovery,1;3;5,,false,true,,,1:hepatocellular carcinoma; 3:interpretability|machine learning; 5:carcinoma|hepatocellular carcinoma|hepatocellular|tumor
3349,41882355,2026,The DNA virome varies with human genes and environments,Nature,2;3;4;5;6;8;9;14,,false,true,,,2:Mendelian randomization|whole-genome sequencing|GWAS|WGS|genomics|GWAS summary|genotype|locus|SNP|genomic|genome-wide association|rare variant|genome-wide|ancestry|imputation|admixture|haplotype|expression quantitative|association studies|genetic ancestry|genetic association|burden test|loci|gnomAD|heritability|exome|exome sequencing|polygenic; 3:ICD|OMOP|ICD-10|phecode; 4:nicotine|smoking; 5:liver cancer|Merkel cell|lymphoma|lung cancer|non-Hodgkin|cancer|Hodgkin; 6:Native American|African American|Hispanic; 8:Epstein-Barr|HIV|EBV|HHV|HLA|antibody|infection|viral load|virome|hepatitis; 9:multiple sclerosis|lupus|systemic lupus|rheumatoid arthritis|autoimmune; 14:multiple sclerosis
3350,41885671,2026,Socioeconomic Correlates of Incident Heart Failure and Consequent Mortality: The All of Us Program,JACC. Heart Failure,1;6,,false,true,,,1:heart failure|cardiovascular disease|cardiovascular; 6:area deprivation index|deprivation|socioeconomic|disparities|income|neighborhood|ADI
3352,41875081,2026,Conductive Hearing Loss Pathologies are Associated With Depression in the All of Us Research Program,"Otology & Neurotology : Official Publication of the American Otological Society, American Neurotology Society [And] European Academy of Otology and Neurotology",3;4;18,,false,true,,,3:ICD|ICD-10; 4:depression|major depressive disorder|smoking|depressive|MDD; 18:hearing loss|otosclerosis
3353,41957530,2026,Conductive Hearing Loss is Associated With Dementia in the All of Us Research Program,The Laryngoscope,3;11;18,,false,true,,,3:ICD|ICD-10; 11:dementia|cognitive impairment; 18:hearing loss|sensorineural
3354,41942605,2026,Extensive genetic interactions (epistasis) linked to alcohol use disorder in a high-risk population,Communications Biology,1;2;3;4;5;6;8;11;17,,false,true,,,1:BMI|diabetes; 2:GWAS|genomics|genotype|SNP|genome-wide association|whole genome sequencing|genome-wide|ancestry|association studies|loci|heritability|single nucleotide polymorphism; 3:Researcher Workbench|electronic health record|clustering|workbench|interpretability; 4:alcohol use disorder|addiction|alcohol abuse|AUD|substance use|mental health|drug abuse; 5:cancer|tumor; 6:American Indian|socioeconomic|income; 8:HLA|immune response; 11:Alzheimer; 17:data sharing|informed consent|recruitment
3355,41957010,2026,Unraveling the genetic architecture of non-Huntington chorea: a biobank-scale study of rare variants and repeat expansions,NPJ Genomic Medicine,1;2;4;9;10;11;13;14;17,,false,true,,,1:stroke|endocrine|diabetes|hyperglycemia; 2:whole-genome sequencing|multi-ancestry|WGS|long-read sequencing|genotype|locus|genomic|ancestry|ClinVar|genetic ancestry|loci|gnomAD|long-read|exome|tandem repeat|exome sequencing; 4:major depressive disorder|depressive; 9:lupus|systemic lupus|autoimmune; 10:hereditary|Mendelian|Huntington's|penetrance; 11:Alzheimer|dementia|CAA|Parkinson|cognitive decline|cognitive impairment; 13:insomnia; 14:stroke|neurodegeneration|encephalopathy|neurological|seizure|dystonia; 17:genetic counseling|informed consent|ethics|toolkit
3357,41949880,2026,RBM20 Truncating Variants and Human Cardiomyopathy,JAMA Cardiology,1,,false,true,,,1:heart failure|ventricular|arrhythmia|heart disease|cardiac
3358,41948817,2026,Clonal Hematopoiesis and Risk of Stroke: Evidence From Over 800 000 Individuals Across 3 Cohorts,Stroke,1;14,14.2-stroke-cerebro,false,true,,,1:stroke|CHIP|clonal hematopoiesis|cardiovascular disease|cardiovascular; 14:stroke
3359,41946734,2026,Daily steps offset risks of sedentary behavior in the All of Us research program,Nature Communications,1;3;4;6;7;13;14,,false,true,,,1:stroke|hypertension|heart failure|atrial fibrillation|type 2 diabetes|MASLD|obesity|CKD|coronary|cardiometabolic|diabetes|CAD|kidney disease|cardiovascular disease|cardiovascular; 3:Researcher Workbench|electronic health record|ICD|workbench|EHR; 4:major depressive disorder|psychiatric|smoking|depressive|MDD; 6:underrepresented|Black participants; 7:step count|Fitbit|wearable|physical activity|sedentary|steps per day|actigraphy; 13:COPD|pulmonary|chronic obstructive|sleep apnea; 14:stroke
3364,41883728,2026,Association between GLP-1 receptor agonist use and substance use disorders among individuals with type 2 diabetes or obesity: a nested case-control study in the All of Us research program,Frontiers Media SA,1;3;4;6;17,,false,true,,,1:GLP-1|type 2 diabetes|obesity|diabetic|glycemic|diabetes; 3:AoU Researcher Workbench|Researcher Workbench|electronic health record|ICD|workbench|missing data|artificial intelligence|SNOMED; 4:alcohol use disorder|substance use disorder|opioid use disorder|SUD|addiction|nicotine|opioid|AUD|substance use|psychiatric; 6:racial and ethnic|socioeconomic|Black participants|Hispanic; 17:informed consent|ethics
3380,41963878,2026,Female-specific risk factors for lung cancer: insights from the All of Us Research Program,BMC Public Health,1;3;4;5;6;15,,false,true,,,1:hypertension|type 2 diabetes|metabolic syndrome|endocrine|BMI|diabetes|hyperlipidemia; 3:Researcher Workbench|electronic health record|ICD|workbench|ICD-10|SNOMED|notebook; 4:smoking|tobacco; 5:breast cancer|ovarian cancer|lung cancer|cancer; 6:area deprivation index|deprivation|socioeconomic|neighborhood|race and ethnicity|Hispanic; 15:menopause|infertility|PCOS|polycystic ovarian|hormone replacement
3382,41966483,2026,Malignancy Risk Following Ophthalmic Herpes Infection Within a Diverse U.S. Cohort,Ophthalmology,5;8;9,,false,true,,,5:malignancy|cancer; 8:infection|herpes; 9:autoimmune disease|autoimmune
3383,41965633,2026,Downward bias in the association between APOE and Alzheimer's disease using prevalent and by-proxy disease sampling in the All of Us research program,BMC Medical Genomics,1;2;3;11;17,,false,true,,,1:cardiovascular disease|cardiovascular; 2:whole-genome sequencing|GWAS|WGS|genotype|genomic|genome-wide association|genome-wide|ancestry|genetic risk|association studies|genetic ancestry|genetic association|loci|polygenic; 3:Researcher Workbench|ICD|workbench|random forest|ICD-10|computable phenotype|EHR; 11:Alzheimer|ADRD|dementia|APOE|Alzheimer's; 17:informed consent|ethics
3384,42004635,2026,Beware the Little Foxes that Spoil the Vines: Small Inconsistencies in Clinical Data Can Distort Machine Learning Findings,,3;8;11,,false,true,,,3:EHR data quality|ICD|AUC|natural language processing|predictive modeling|EHR|data quality|gradient boosting|predictive model|XGBoost|machine learning|NLP|model performance; 8:tuberculosis; 11:ADRD|dementia
3385,41990713,2026,"Health literacy, healthcare access, and self-perception of health among intracranial tumor patients: an analysis of the National Institute of Health (NIH) 'All of Us' research program",Journal of Clinical Neuroscience : Official Journal of the Neurosurgical Society of Australasia,5;6,,false,true,,,5:tumor patients|tumor; 6:Medicaid|health literacy|access to care|Latino|equity|socioeconomic|disparities|Hispanic
3386,41988958,2026,"Health care discrimination and self-reported health in transgender, gender nonconforming, and nonbinary individuals with cancer",Cancer,1;3;4;5;6;8,,false,true,,,1:diabetes|kidney disease; 3:Researcher Workbench|workbench|missing data|notebook; 4:substance use|mental health|psychological|stress; 5:cancer survivors|cancer|cancer screening|survivorship; 6:area deprivation index|LGBTQ|social determinants of health|gay|transgender|gender minority|Medicaid|deprivation|lesbian|equity|uninsured|bisexual|socioeconomic|disparities|income|poverty|minority|discrimination|housing|ADI; 8:HIV|infection
3388,41980777,2026,Putting polygenic scores in context: How intersectional factors affect relative and absolute genetic risk,American Journal of Human Genetics,1;2;4;6;13,,false,true,,,1:atrial fibrillation|type 2 diabetes|obesity|coronary|diabetes; 2:ancestry|genetic risk|polygenic; 4:depression|smoking; 6:deprivation|low-income|income; 13:asthma
3391,41979877,2026,Barriers to Health Care and Cancer Screening,JAMA Network Open,3;5;6;17,,false,true,,,3:AoU Researcher Workbench|Researcher Workbench|electronic health record|workbench|missing data|EHR; 5:prostate cancer|breast cancer|cervical cancer|colorectal cancer|lung cancer|cancer|colorectal|cancer screening; 6:health literacy|American Indian|access to care|racial and ethnic|socioeconomic|underrepresented|disparities|rural|income|minority|race and ethnicity|Hispanic; 17:informed consent|patient-reported
3392,41967915,2026,GLP1R expression and parkinson's disease and related disorders in GLP-1RA-treated type 2 diabetes,Brain : A Journal of Neurology,1;2;3;11,,false,true,,,1:type 2 diabetes|diabetes; 2:genetic risk score|locus|genetic risk|expression quantitative|eQTL; 3:electronic health record|EHR; 11:Alzheimer|ADRD|Parkinson's disease|Parkinson|Alzheimer's
3393,41147828,2025,Genetics of Cholesterol and Coronary Disease Risk across Six Global Ancestries,NEJM Evidence,1;2,,false,true,,,1:cholesterol|coronary|LDL|CAD|cardiovascular disease|cardiovascular; 2:GWAS|genome-wide association|genome-wide|ancestry|association study|genetic ancestry|polygenic
3394,42006434,2026,Polygenic risk scores enhance LDL cholesterol-based risk stratification for coronary artery disease,American Journal of Preventive Cardiology,1;2;3;6;14,,false,true,,,1:stroke|type 2 diabetes|cholesterol|coronary|blood pressure|LDL|BMI|diabetes|CAD|lipid|statin; 2:PRS|multi-ancestry|polygenic score|genomic|whole genome sequencing|genome-wide|ancestry|genetic risk|polygenic; 3:ICD|AUC|random forest|ICD-10|SNOMED; 6:equity|underrepresented|discrimination; 14:stroke
3395,42006417,2026,Derivation and validation of a widely accessible cardiovascular risk prediction model and derived heart age for the general UK and US populations,American Journal of Preventive Cardiology,1;3;4;6;7;14,,false,true,,,1:stroke|hypertension|heart failure|cholesterol|blood pressure|diabetes|lipid|heart disease|cardiovascular disease|CVD|cardiovascular|myocardial infarction; 3:ICD|AUC|risk prediction|ICD-10|EHR|artificial intelligence|interpretability|machine learning|notebook|model performance; 4:pain|smoking|depressive; 6:equity|socioeconomic|income|discrimination; 7:wearable|sleep duration; 14:stroke|syncope
3396,42017215,2026,Biobank-Scale Plasma Proteomics Identifies Novel Biomarkers in Hypertrophic Cardiomyopathy,Circulation. Genomic and Precision Medicine,1;2;3;17,,false,true,,,1:heart failure|atrial fibrillation|coronary|ventricular|arrhythmia|cardiovascular disease|cardiovascular|myocardial infarction|cardiac; 2:Mendelian randomization|GWAS|genome-wide association|genome-wide|association studies|loci; 3:risk prediction|machine learning; 17:informed consent|ethics
3397,42019268,2026,Risk factors and exploratory clustering of complications after reconstruction following Mohs surgery: A national NIH All of Us study,"Journal of Plastic, Reconstructive & Aesthetic Surgery : JPRAS",1;3;5;12,,false,true,,,1:hypertension|BMI|diabetes; 3:clustering|OMOP|SNOMED; 5:melanoma|skin cancer|cancer; 12:skin cancer
3398,42028610,2026,Long-Term Efficacy and Safety of GLP-1R Agonist and SGLT2 Inhibitor Therapy in the General Population: A Mendelian Randomization Study,Circulation. Genomic and Precision Medicine,1;2;5;10,,false,true,,,1:SGLT2|heart failure|endocrine|coronary|cardiometabolic|diabetes|kidney disease|cardiovascular; 2:Mendelian randomization|PheWAS|whole genome sequencing|phenome-wide|association study; 5:carcinoma|neoplasia; 10:Mendelian
3400,41166440,2026,The functional landscape of coding variation in the familial hypercholesterolemia gene I(content=['LDLR']) ,"Science %28New York, N.Y.%29",1;10,,false,true,,,1:cholesterol|LDL|atherosclerosis|cardiovascular disease|cardiovascular|hyperlipidemia; 10:familial hypercholesterolemia
3401,41848713,2026,Clonal Hematopoiesis and Risk of Incident Pericarditis and Myocarditis in 2 US Biobank Cohorts,,1;2;3;5,,false,true,,,1:CHIP|clonal hematopoiesis|cardiovascular disease|cardiovascular|myocardial infarction; 2:whole-genome sequencing|ancestry|genetic ancestry; 3:ICD|ICD-10|missing data; 5:leukemia
3402,42031785,2026,Integrating common and rare variants improves polygenic risk prediction across diverse populations,Nature Communications,2;3,,false,true,,,2:PRS|rare variant|ancestry|genetic risk|common variant|heritability|polygenic; 3:risk prediction
3403,42043274,2026,Associations between Physical Activity and Irritable Bowel Syndrome in the All of Us Research Program,The American Journal of Gastroenterology,7,,false,true,,,7:Fitbit|physical activity|sedentary
3404,42051266,2026,Opportunities to improve open All of Us data to convey CYP2D6 pharmacological relevance and interpretation overall and according to ancestry,Frontiers in Pharmacology,2;3;6;16;17,,false,true,,,2:whole-genome sequencing|genotype|SNP|genomic|ancestry|ClinVar|admixture|genetic ancestry|gnomAD; 3:Researcher Workbench|electronic health record|workbench|artificial intelligence; 6:Native American|African American|Latino|race and ethnicity|Hispanic; 16:pharmacogenetic|CYP2D6|pharmacogenomic|drug response; 17:trust|community engagement|informed consent|library|ethics
3405,42038094,2026,Weight Loss and Chronic Rhinosinusitis in the Obese Population: Associations With Disease Risk and Burden,Laryngoscope Investigative Otolaryngology,1;3;7;13;18,,false,true,,,1:T2DM|hypertension|obesity|endocrine|BMI|diabetes|cardiovascular; 3:electronic health record|ICD|EHR|model performance; 7:wearable|wearable device; 13:asthma|OSA; 18:chronic rhinosinusitis|CRS|ENT
3407,42045581,2026,The All of Us Research Program's wearables dataset,Nature Medicine,3;6;7;8;11,,false,true,,,3:Researcher Workbench|workbench|missing data|EHR|SNOMED|data linkage; 6:American Indian|SDOH|socioeconomic|underrepresented|rural|income|neighborhood; 7:step count|Fitbit|wearable|physical activity|sensor|wearable device|steps per day|sleep duration; 8:COVID-19; 11:Parkinson|older adults
3408,42053472,2026,Development and Validation of a Clinical Polygenic Risk Report in U.S.-Based Health Systems for 8 Cardiovascular Conditions,Journal of the American College of Cardiology,1;2,,false,true,,,1:venous thromboembolism|hypertension|atrial fibrillation|type 2 diabetes|thromboembolism|coronary|aortic|diabetes|aneurysm|cardiovascular; 2:PRS|genotype|ancestry|genetic risk|polygenic
3409,42059467,2026,Synergistic effects of metabolic syndrome and hazardous alcohol use on liver injury among Asian Americans,"Alcohol and Alcoholism %28Oxford, Oxfordshire%29",1,,false,true,,,1:metabolic syndrome|blood pressure
3412,42062286,2026,Admixture-informed polygenic risk reporting using the ePRS framework,Nature Communications,2,,false,true,,,2:polygenic risk score|ancestry|genetic risk|admixture|genetic ancestry|polygenic
3413,42061729,2026,"Walkable neighborhoods are associated with lower psychological distress through device-measured physical activity: Evidence from the all of us research program, United States",Preventive Medicine,4;6;7,,false,true,,,4:mental health|psychological; 6:socioeconomic|neighborhood; 7:physical activity
3414,42068725,2026,Incidence of substance use disorders and comorbidities in the All of Us Research Program,Drug and Alcohol Dependence,4,,false,true,,,4:depression|anxiety|SUD|opioid|substance use|mental health|cannabis|behavioral health
3422,42060871,2026,Evaluating Minority Representation in the All of Us Research Program: Progress and Ongoing Challenges,American Journal of Public Health,6,,false,true,,,6:racial and ethnic|underrepresented|disparities|minority|Hispanic
3423,42057909,2026,National Trends in Utilization of Speech-Language Pathology and Otolaryngology Services for Dysphonia,Laryngoscope Investigative Otolaryngology,3;6;18,,false,true,,,3:Researcher Workbench|ICD|workbench|EHR; 6:African American|education level|minorities|racial and ethnic|socioeconomic|underrepresented|rural|income|minority|race and ethnicity|Hispanic; 18:dysphonia|otolaryngology|laryngeal
3424,42056682,2026,Identification of Alzheimer's disease subtypes and biomarkers from human multi‐omics data using subspace merging algorithm,Wiley,1;2;3;5;11,,false,true,,,1:type 2 diabetes|cholesterol|dyslipidemia|LDL|diabetes|lipid|cardiac; 2:PheWAS|GWAS|WGS|genotype|locus|ancestry|genetic risk|association study|expression quantitative|eQTL|association studies|loci; 3:data integration|clustering|validation cohort|EHR|phecode|machine learning|unsupervised learning; 5:leukemia|cancer; 11:Alzheimer|dementia|APOE|Parkinson's disease|Parkinson|cognitive decline|Alzheimer's|cognitive impairment
3435,42083104,2026,Periodontal Disease Among People Living With Diabetes: Examining Social Determinants of Health in an All of Us Study Sample,Journal of Public Health Dentistry,1;6,,false,true,,,1:diabetes; 6:social determinants of health|discrimination
3440,42089531,2026,Association of Perioperative Steps and Heart Rate Variability from Wearable Devices with Surgical Outcomes,Journal of the American College of Surgeons,7,,false,true,,,7:step count|wearable|heart rate variability|HRV
3441,42086912,2026,Multi-scale data improves performance of machine learning model for long COVID identification,Communications Medicine,3;8,,false,true,,,3:electronic health record|risk prediction|EHR|N3C|machine learning|model performance; 8:SARS-CoV-2|long COVID
3442,42086565,2026,Multi-trait polygenic risk scores improve genomic prediction of atrial fibrillation across diverse ancestries,Nature Communications,1;2,,false,true,,,1:atrial fibrillation; 2:SNP|genomic|ancestry|heritability|polygenic
3447,42101253,2026,Barriers to Care Among Elderly Patients Diagnosed With Degenerative Conditions of the Lumbar Spine,Clinical Spine Surgery,6;11,,false,true,,,6:social determinants of health|access to care|racial and ethnic|disparities; 11:elderly|geriatric
3448,42100464,2026,Evidence of variations in genetic prevalence for loss-of-function I(content=['PKP2']) variants between individuals with European and African ancestry,Genetics in Medicine Open,1;2;3;6;10,,false,true,,,1:ventricular|cardiac; 2:genotype|genomic|ancestry|ClinVar|genetic ancestry|gnomAD|exome|exome sequencing; 3:electronic health record|ICD|random forest|ICD-10|EHR; 6:Native American|Latino|disparities; 10:pathogenic variant|penetrance|expressivity
3449,42103273,2026,Onset of Depression Among Gastrointestinal Cancer Survivors: An 'All of Us' Research Program Study,Journal of Gastrointestinal Surgery : Official Journal of the Society for Surgery of the Alimentary Tract,4;5,,false,true,,,4:depression|anxiety|mental health; 5:cancer survivors|colorectal cancer|cancer|colorectal|survivorship
3452,42109864,2026,Unmet health care needs in immune thrombotic thrombocytopenic purpura survivors,Research and Practice in Thrombosis and Haemostasis,1;4;6;9;14;17,,false,true,,,1:stroke|hypertension|cardiovascular disease|cardiovascular|myocardial infarction; 4:depression|anxiety|psychiatric|mental health; 6:Medicaid|access to care|uninsured|socioeconomic|rural|minority; 9:lupus; 14:stroke; 17:advisory board|data sharing|informed consent
3453,42109163,2026,Uncovering Coenzyme Q10-Related Genetic Determinants of Statin-Associated Muscle Symptoms: Evidence from the UK Biobank and the All of Us Research Program,Clinical Pharmacology and Therapeutics,1;2,,false,true,,,1:statin; 2:PRS|polygenic risk score|GWAS|genome-wide association|genome-wide|association studies|polygenic
3454,42117589,2026,GLP-1 receptor agonist use and liver-related outcomes in MASLD and type 2 diabetes in the All of Us Research Program,The American Journal of Gastroenterology,1;5,,false,true,,,1:T2DM|GLP-1|hepatocellular carcinoma|type 2 diabetes|MASLD|cirrhosis|BMI|diabetes; 5:carcinoma|hepatocellular carcinoma|hepatocellular
3455,42114418,2026,"Co-occurring chronic pain and opioid use disorder diagnoses in the All of Us Research Program: associations with social determinants of health, mental health conditions, and polygenic liability",EBioMedicine,1;2;3;4;6;17,,false,true,,,1:cardiovascular disease|cardiovascular; 2:polygenic liability|PRS|GWAS|genomics|genomic|genome-wide association|genome-wide|ancestry|genetic risk|association study|genetic ancestry|polygenic; 3:Researcher Workbench|workbench|EHR|machine learning; 4:depression|PTSD|anxiety|bipolar disorder|opioid use disorder|pain|opioid|substance use|chronic pain|psychiatric|mental health|bipolar|stress; 6:social determinants of health|socioeconomic|income|race and ethnicity|discrimination; 17:data sharing|informed consent
3457,42131369,2026,Health Disparities Between Stress-Related Mental Health Conditions and Chronic Physical Health Conditions Among Hispanic and Latinx Sexual and Gender Minority Individuals: Findings from the All of Us Research Program,,4;6,,false,true,,,4:mental health|stress; 6:sexual and gender minorities|health disparities|gender minority|minorities|disparities|sexual minority|Latinx|minority|Hispanic
3458,42126373,2026,Monogenic ALB Variants as Determinants of Severe Hypercholesterolemia: A Population-Based Cohort Study,Journal of the American College of Cardiology,1;2;10,,false,true,,,1:cholesterol|LDL|diabetes|lipid|kidney disease|myocardial infarction; 2:polygenic score|ancestry|polygenic; 10:familial hypercholesterolemia|monogenic
3459,42127489,2026,Advancing Understanding of Racial and Ethnic Disparities in Folic Acid Supplementation via National Institutes of Health All of Us Data,Sexual & Reproductive Healthcare : Official Journal of the Swedish Association of Midwives,6;15,,false,true,,,6:social determinants of health|SDOH|racial and ethnic|underrepresented|disparities|income|Hispanic; 15:pregnancy
3460,41923156,2026,African ancestry-enriched variants in the GATM gene are associated with elevated serum creatinine levels,Genome Medicine,1;2;3,,false,true,,,1:glomerular|hypertensive|renal|kidney disease|eGFR|creatinine; 2:GWAS|SAIGE|genotype|fine mapping|locus|genomic|genome-wide association|whole genome sequencing|genome-wide|ancestry|admixture|haplotype|eQTL|association studies|genetic ancestry|loci|local ancestry; 3:Researcher Workbench|workbench|EHR
3461,42138659,2026,CD36 Loss-of-Function and Association With Dilated Cardiomyopathy: Insights From the All of Us Research Program,JACC. Heart Failure,,,false,true,,,
3462,42138461,2026,Efficient collaborative learning of the average treatment effect,Biometrics,1;3,,false,true,,,1:heart failure|diabetes; 3:data integration|electronic health record
3466,42141357,2026,Uncovering the Roots of Inequity: Social Determinants and Racial Disparities Among Gastrointestinal Cancer Patients,Journal of Racial and Ethnic Health Disparities,3;5;6,,false,true,,,3:ICD|ICD-10|SNOMED; 5:oncology|cancer; 6:social determinants of health|African American|food insecurity|Latino|equity|disparities|neighborhood|discrimination|Hispanic|housing
3467,42141079,2026,Toward scalable early cancer detection: evaluating EHR-based predictive models against traditional screening criteria,NPJ Precision Oncology,3;5,,false,true,,,3:predictive modeling|EHR; 5:cancer|colorectal|cancer screening
3468,42141052,2026,A dynamic risk prediction framework for Alzheimer's disease and related dementias with interpretability,NPJ Digital Medicine,1;2;3;6;11;17,,false,true,,,1:hypertension|cardiac; 2:genomic|imputation; 3:federated learning|electronic health record|ICD|risk prediction|OMOP|ICD-10|missing data|F1 score|large language model|EHR|deep learning|model calibration|interpretability|machine learning|SNOMED|NLP|model performance; 6:Medicaid|Hispanic; 11:Alzheimer|ADRD|dementia|mild cognitive impairment|Parkinson|geriatric|Alzheimer's|cognitive impairment; 17:informed consent|ethics
3469,42135523,2026,Genetic architecture of postpartum psychosis: from common to rare genetic variation,Molecular Psychiatry,2;4;11;15,,false,true,,,2:whole-genome sequencing|genomic|heritability; 4:depression|bipolar disorder|schizophrenia|psychiatric|bipolar; 11:dementia; 15:postpartum
3476,42153790,2026,Association of Depression in Patients With Chronic Rhinosinusitis Comorbid Asthma and Allergic Rhinitis: A Cross-Sectional Study With the All of Us Research Database,American Journal of Rhinology & Allergy,4;6;13;18,,false,true,,,4:depression; 6:socioeconomic|income; 13:asthma; 18:chronic rhinosinusitis|CRS|allergic rhinitis|rhinitis
3477,42142335,2026,Wearable-derived sleep architecture and chronic musculoskeletal pain: a national cohort study,Pain Management,4;7,,false,true,,,4:pain|chronic pain; 7:wearable|sleep duration
3478,42149669,2026,"Discrimination, Stress, and Substance Use Among Ethnoracial Minority Gay, Bisexual, and Other Men Who Have Sex with Men: Findings from the NIH All of Us Research Program",Substance Use & Misuse,4;6,,false,true,,,4:marijuana|substance use|stress; 6:gay|bisexual|minority|discrimination
3479,42152600,2026,Association Between Lifetime Hallucinogen Use and Valvular Heart Disease: Findings from the All of Us Research Program,Journal of Psychoactive Drugs,1;3;4;6;9;14,,false,true,,,1:hypertension|heart failure|obesity|coronary|valvular|arrhythmia|diabetes|heart disease|cardiovascular|hyperlipidemia|cardiac; 3:electronic health record|workbench|EHR|SNOMED|notebook; 4:opioid|substance use|cannabis|smoking|ketamine; 6:uninsured|underrepresented|rural|income|race and ethnicity|Hispanic; 9:lupus; 14:migraine
3481,42151584,2026,Uncovering apparent incomplete penetrance of TSC1/TSC2 variants: Insights from multiple population cohorts and implications for newborn screening,European Journal of Human Genetics : EJHG,2;10;14,,false,true,,,2:genomic|ClinVar; 10:tuberous sclerosis|ACMG|incomplete penetrance|TSC|penetrance|expressivity; 14:epilepsy
3482,41922473,2026,The association of a common HFE gene variant with stroke disability utilizing predictive machine learning and electronic health records,Scientific Reports,1;2;3;4;10;14,1.4-stroke-cardio;14.2-stroke-cerebro,false,true,,,1:stroke|hypertension|heart failure|type 2 diabetes|obesity|CKD|BMI|diabetes|aneurysm|hypertensive|hyperlipidemia; 2:PheWAS|GWAS|genotype|genomic|genome-wide association|genome-wide|ancestry|imputation|association study|admixture|genetic ancestry|genetic association|loci; 3:ICD|AUC|predictive modeling|random forest|ICD-10|EHR|gradient boosting|interpretability|machine learning|RECOVER|model performance; 4:nicotine|stress; 10:sickle cell disease|sickle cell; 14:subarachnoid hemorrhage|stroke|intracerebral hemorrhage|cerebrovascular|neurological
3484,42068978,2026,Meta-analysis across six global biobanks identifies recessive coding associations with complex traits and diseases,American Journal of Human Genetics,1;2;3;4;9;10;13;17,,false,true,,,1:heart failure|HDL|cholesterol|triglyceride|cardiometabolic|LDL|BMI|lipid; 2:WGS|genomics|genotype|locus|genomic|ancestry|imputation|phenome-wide|phasing|association studies|genetic ancestry|exome|exome sequencing; 3:ICD|EHR; 4:depression; 9:IBD|inflammatory bowel disease|Crohn; 10:hereditary|Mendelian; 13:COPD|asthma|pulmonary|chronic obstructive; 17:advisory board|trust|ethics|recruitment
3485,42159502,2026,Risk Factors and Social Determinants of Health for Retinal Artery Occlusion in the National Institutes of Health All of Us Program,Journal of Neuro-Ophthalmology : The Official Journal of the North American Neuro-Ophthalmology Society,1;6;14;18,,false,true,,,1:stroke|cardiovascular; 6:social determinants of health|Medicaid|SDOH|income; 14:stroke; 18:retinal
3487,42156780,2026,Gene-gene interactions between a LMNA variant and common polymorphisms drive early-onset atrial fibrillation,Nature Communications,1;2,,false,true,,,1:atrial fibrillation|arrhythmia; 2:PRS|polygenic risk score|SNP|loci|polygenic
3490,41917126,2026,Development and evaluation of cardiovascular disease risk prediction models for patients with type 2 diabetes,Scientific Reports,1;3;6;8;14,1.3-CKM,false,true,,,1:Cardiovascular-Kidney-Metabolic|stroke|hypertension|heart failure|type 2 diabetes|T2D|HDL|cholesterol|dyslipidemia|LDL|diabetes|cardiology|renal|kidney disease|cardiovascular disease|CVD|cardiovascular|myocardial infarction|creatinine|cardiac|statin; 3:AUC|risk prediction|workbench|random forest|model calibration; 6:underrepresented groups|social determinants of health|deprivation|disparity|education level|minorities|equity|racial and ethnic|socioeconomic|underrepresented|disparities|income|race and ethnicity|housing; 8:COVID-19; 14:stroke
3491,42170533,2026,Metabolic syndrome severity is related to perceived discrimination and stress in the all of us cohort,Elsevier,1;3;4;6,,false,true,,,1:obesity|HDL|metabolic syndrome|blood pressure|cardiometabolic|diabetes|prediabetes|CVD; 3:Researcher Workbench|workbench; 4:stress|MDD; 6:social determinants of health|racism|racial and ethnic|socioeconomic|underrepresented|income|race and ethnicity|discrimination|Hispanic
3492,42170804,2027,Development of polyphenotypic scores to prioritize detection of G6PD rs1050828 carriers in African and African American populations,Genetics in Medicine : Official Journal of the American College of Medical Genetics,6;10,,false,true,,,6:African American; 10:G6PD
3493,42168119,2026,Clinical Implications of the Duffy-Null Genotype in Patients on Azathioprine or Methotrexate in the All of Us Cohort,The Journal of Applied Laboratory Medicine,2;16,,false,true,,,2:genotype; 16:azathioprine
3494,42183299,2026,Associations between neighborhood disorder and mental health service utilization in the All of Us study,,3;4;6;17,,false,true,,,3:Researcher Workbench|workbench|interpretability; 4:depression|PTSD|anxiety|post-traumatic stress|well-being|panic disorder|mental health|depressive|psychological|stress; 6:health disparities|social determinants of health|deprivation|American Indian|African American|SDOH|Latino|racial and ethnic|underrepresented|disparities|income|poverty|neighborhood|race and ethnicity|Hispanic|housing; 17:informed consent|library
3498,42174909,2026,Designing a Multimodal Data Structure for Cognitive Decline Using All of Us Resources and Gemini Flash Thinking,Studies in Health Technology and Informatics,3;11,,false,true,,,3:artificial intelligence|interpretability; 11:cognitive decline
3499,42173352,2026,Perioperative CA19-9 and CEA Trajectories After Pancreatic Cancer Resection,Journal of Gastrointestinal Surgery : Official Journal of the Society for Surgery of the Alimentary Tract,5,,false,true,,,5:pancreatic cancer|cancer
3505,42194429,2026,Discordance Between Electronic Health Records and Self-Reported Data: Evidence from Traumatic Brain Injury and Colorectal Cancer,Multidisciplinary Digital Publishing Institute  %28MDPI%29,3;5;6;14,,false,true,,,3:AoU Researcher Workbench|Researcher Workbench|cohort builder|AUC|workbench|natural language processing|OMOP|EHR|XGBoost|machine learning|model performance; 5:neoplasm|carcinoma|colorectal cancer|cancer|tumor|colorectal; 6:Medicaid|health literacy|American Indian|access to care|African American|education level|discrimination|Hispanic; 14:traumatic brain injury|concussion|TBI
3507,42185271,2026,Phenome-wide analysis of downstream health outcomes following second-line antidiabetic agent prescriptions in All of Us,Nature Communications,1;2,,false,true,,,1:GLP-1|type 2 diabetes|T2D|diabetes|cardiovascular; 2:phenome-wide|association studies
3508,42202166,2026,Air pollution modifies clonal hematopoiesis-associated non-small cell lung cancer risk in non-smoking individuals,Journal of the National Cancer Institute,1;4;5;19,,false,true,,,1:CHIP|clonal hematopoiesis; 4:smoking; 5:lung cancer|cancer; 19:PM2.5|particulate matter|air pollution
3509,42200287,2026,Association of Common Ancestry-Enriched Variants With Cardiomyopathy and Arrhythmias,Circulation,1;2,,false,true,,,1:heart failure|ventricular|arrhythmia|cardiovascular|cardiac; 2:genomics|ancestry|gnomAD
3510,42202747,2026,Evidence for overlapping genetic architecture between lifestyle factors and severe mental disorders with different patterns across diagnoses,EBioMedicine,1;2;3;4;6;7;17,,false,true,,,1:obesity|HDL|cardiometabolic|dyslipidemia|BMI|lipid|cardiovascular disease|CVD|cardiovascular; 2:PRS|polygenic risk score|GWAS|genomics|GWAS summary|locus|SNP|genomic|genome-wide|ancestry|genetic risk|association study|genetic ancestry|genetic association|loci|heritability|polygenic; 3:Researcher Workbench|risk prediction|workbench; 4:depression|bipolar disorder|major depressive disorder|schizophrenia|psychiatric|mental health|smoking|bipolar|depressive; 6:equity|socioeconomic; 7:accelerometer|Fitbit|physical activity|sedentary; 17:advisory board|data sharing|informed consent|ethics
3513,42196982,2026,"Population Heterogeneity in Iron Biomarkers by Age, Sex, Menopausal Status, and Race in Healthy U.S. Adults: A Cross-Sectional Analysis from the All of Us Research Program",Multidisciplinary Digital Publishing Institute  %28MDPI%29,3;6,,false,true,,,3:ICD|ICD-10|EHR|harmonization|SNOMED; 6:African American|racial and ethnic|underrepresented|Black participants|income
3516,42212376,2026,A Genome-First Study of Familial Hypercholesterolemia Comparing African and European Ancestry Individuals,Circulation,1;2;3;6;10;11,,false,true,,,1:cholesterol|LDL|lipid|cardiovascular disease|cardiovascular|myocardial infarction|statin; 2:genotype|genomic|ancestry|ClinVar|imputation|admixture|haplotype|genetic ancestry|exome|exome sequencing; 3:Researcher Workbench|variant effect predictor|electronic health record|workbench|missing data|EHR|harmonization; 6:health disparities|disparity|underrepresented|disparities|rural|income; 10:familial hypercholesterolemia|monogenic|pathogenic variant|VUS|variant of unknown significance; 11:aging|older adults
3517,42210535,2026,Divergent Hematologic Malignancy Risk in Morphea and Systemic Sclerosis: A Retrospective Cohort Study in the All of Us Database,Experimental Dermatology,5;9;12,,false,true,,,5:malignancy; 9:morphea; 12:morphea
3518,42214979,2026,"Psychosocial factors and patient-provider interactions associated with procedural migraine care: A cohort of 23,163 patients from the NIH All of Us Research Program","Journal of Plastic, Reconstructive & Aesthetic Surgery : JPRAS",4;6;14,,false,true,,,4:well-being|psychosocial|stress; 6:social determinants of health|SDOH; 14:migraine
3519,42220339,2026,Assessing data quality of inflammatory bowel disease patients in the All of Us research program,Oxford University Press,3;9,,false,true,,,3:electronic health record|ICD|OMOP|EHR|data quality|SNOMED; 9:IBD|inflammatory bowel disease|autoimmune disease|ulcerative colitis|Crohn|autoimmune
3520,42216960,2026,Gene burden meta-analysis of 748 879 individuals identifies LGI1-ADAM23 protein complex association with epilepsy,Epilepsia,2;14,,false,true,,,2:genomic|phenome-wide; 14:epilepsy|neurological|seizure
3523,42221534,2026,The Whole Person Health Index: A Self-Reported Tool to Assess Whole Person Health,Global Advances in Integrative Medicine and Health,1;4;7,,false,true,,,1:obesity|blood pressure; 4:depression|anxiety|pain|wellbeing|chronic pain|mental health|smoking|psychological|stress; 7:wearable|physical activity|sedentary
3525,42231823,2026,Adaptive transfer learning for time-to-event modeling with applications in disease risk assessment,"Biostatistics %28Oxford, England%29",1;3,,false,true,,,1:end-stage renal|ESRD|renal disease|renal; 3:electronic health record|model performance
3527,42246337,2026,"Cardiometabolic comorbidities associated with androgenetic alopecia: Findings from a sex-stratified, propensity-matched national cohort",Dermatology Online Journal,1;6;12,,false,true,,,1:hypertension|obesity|cardiometabolic|valvular|heart disease|cardiovascular|hyperlipidemia; 6:socioeconomic|income; 12:alopecia|androgenetic alopecia
3528,42236576,2026,MetaSTAARlite: an all-in-one tool for biobank-scale whole-genome sequencing meta-analysis,Nature Computational Science,2,,false,true,,,2:whole-genome sequencing|rare-variant
3533,42015188,2026,Identification of novel reproducible combinatorial genetic risk factors for myalgic encephalomyelitis in the DecodeME patient cohort and commonalities with long COVID,BMC,1;2;3;4;5;6;8;9;11;12;14;15;17,,false,true,,,1:coronary|CAD|cardiovascular; 2:PRS|polygenic risk score|GWAS|multi-ancestry|genotype|locus|SNP|genomic|genome-wide association|genetic variant|genome-wide|ancestry|imputation|genetic risk|association studies|genetic ancestry|genetic association|loci|polygenic; 3:data quality|case definition|machine learning; 4:pain|chronic pain|stress; 5:oncology|cancer; 6:Latino|socioeconomic|Hispanic; 8:SARS-CoV-2|long COVID|EBV|HLA|infection|immune response; 9:multiple sclerosis|lupus|systemic lupus|IBD|rheumatoid arthritis|MS|psoriasis; 11:Alzheimer|cognitive impairment; 12:psoriasis; 14:multiple sclerosis|neurological; 15:endometriosis; 17:data sharing|ethics|recruitment
3534,42243838,2026,TASC: a time-aware sequence clustering framework with uncertainty quantification for electronic health record trajectories,BioData Mining,3;4,,false,true,,,3:electronic health record|clustering|EHR; 4:pain|opioid
3535,42254990,2026,National Rare Disease Registration Project in the Republic of Korea: Current Status and Policy Directions,Korea Disease Control and Prevention Agency,2;3;6;10;17,,false,true,,,2:genomics|genomic; 3:Researcher Workbench|workbench|claims data|data quality|data validation|data linkage; 6:access to care|disparities; 10:rare disease; 17:willingness to participate|trust|data governance|library
3537,42251052,2026,A multi-ethnic reference map of T cell receptor germline diversity reveals evidence of natural selection on alpha chain genes,Nature Communications,2,,false,true,,,2:long-read sequencing|locus|loci|long-read
3538,42219759,2026,Polygenic risk factors for comorbid diagnoses in individuals with substance use disorders: A phenome-wide survival analysis,Cambridge University Press,1;2;3;4;6;8;14;17,,false,true,,,1:cardiovascular disease|cardiovascular; 2:PheWAS|GWAS|WGS|polygenic score|genomics|GWAS summary|genomic|phenome-wide|genetic risk|association studies|polygenic; 3:electronic health record|ICD|EHR|phecode|harmonization; 4:alcohol use disorder|depression|PTSD|substance use disorder|schizophrenia|SUD|pain|alcohol abuse|AUD|substance use|psychiatric|mental health|cannabis|smoking|tobacco|stress|drug abuse; 6:health disparities|social determinants of health|racism|African American|Latino|equity|uninsured|disparities|income|minority|race and ethnicity|Asian American|discrimination|Hispanic; 8:infection|hepatitis; 14:epilepsy; 17:biospecimen|informed consent|recruitment
3539,42253048,2026,Performance of Polygenic Risk Scores for Atherosclerotic Cardiovascular Disease in the All of Us Program,Circulation. Genomic and Precision Medicine,1;2;14,,false,true,,,1:stroke|coronary|aortic|aneurysm|heart disease|cardiovascular disease|cardiovascular|abdominal aortic; 2:PRS|ancestry|genetic ancestry|multiancestry|polygenic; 14:stroke
3540,42252278,2026,"Limited selection on Neanderthal DNA in 30,780 recently admixed genomes with African-like ancestry",Molecular Biology and Evolution,2,,false,true,,,2:genomic|genome-wide|ancestry|genetic ancestry
3541,42263272,2026,Barriers to Accessing Urogynecologic Care: A Single-Site Survey Study,"Urogynecology %28Philadelphia, Pa.%29",6,,false,true,,,6:area deprivation index|deprivation|equity|socioeconomic|disparities|Black patients|neighborhood|ADI
3543,42274259,2026,Sex differences in cardiovascular disease in people with and without HIV,"AIDS %28London, England%29",1;8,,false,true,,,1:cardiovascular disease|CVD|cardiovascular; 8:HIV|infection
3544,42262692,2026,Healthcare Acceptability and Delayed Care Among Older People Living with HIV in the All of Us Program,AIDS and Behavior,6;8,,false,true,,,6:gay|lesbian|disparities|Black participants; 8:HIV
3545,42273296,2026,Impact of Daylight Saving Time on Physical Activity Patterns,Nature Health,7,,false,true,,,7:Fitbit|physical activity
3546,42262590,2026,Disparities in healthcare access among sexual and gender minority individuals with generalized anxiety disorder in the US,Social Psychiatry and Psychiatric Epidemiology,4;6,,false,true,,,4:anxiety|mental health|anxiety disorder; 6:gay|transgender|gender minority|lesbian|Latino|bisexual|disparities|minority|marginalized|SGM|Hispanic
3548,42272362,2026,Unravelling sex differences in the genetic architecture of anxiety,Psychological Medicine,1;2;3;4,,false,true,,,1:metabolic syndrome|BMI; 2:REGENIE|GWAS|polygenic score|GWAS summary|genotype|locus|SNP|genomic|genome-wide association|genome-wide|ancestry|imputation|eQTL|association studies|loci|heritability|polygenic; 3:EHR|case definition; 4:depression|anxiety|bipolar disorder|panic disorder|substance use|psychiatric|mental health|bipolar|coping|anxiety disorder|stress
3549,42267709,2026,Cardiovascular Disease Subtypes and Alzheimer's Disease: Phenotypic and Genetic Associations in the UK Biobank and All of Us Research Program,Journal of the American Heart Association,1;2;11,,false,true,,,1:hypertension|cardiovascular disease|CVD|cardiovascular|myocardial infarction; 2:genome-wide association|genome-wide|association study|loci; 11:Alzheimer|APOE|cognitive decline|Alzheimer's
3550,42270564,2026,Persistent gaps in management and risk factor control among patients with atherosclerotic cardiovascular disease: All of us research program,Atherosclerosis,1,,false,true,,,1:hypertension|obesity|glycemic|cholesterol|coronary|blood pressure|LDL|CAD|atherosclerosis|lipid|cardiovascular disease|cardiovascular|statin
3551,42265693,2026,Established risk factors for type 2 diabetes in adults with depression: implications for endocrine practice,BMC Endocrine Disorders,1;4;6,,false,true,,,1:T2DM|type 2 diabetes|endocrine|BMI|diabetes; 4:depression|psychiatric|smoking; 6:socioeconomic|income|Hispanic
3552,42269708,2026,Social Determinants of Daily Step Count in Young Adults With and Without Prediabetes and Type 2 Diabetes,Journal of Physical Activity & Health,1;4;6;7,,false,true,,,1:type 2 diabetes|T2D|diabetes|prediabetes; 4:loneliness; 6:social determinants of health|SDOH|income|neighborhood|discrimination; 7:step count|Fitbit|physical activity
3553,42263860,2026,"Racial and Ethnic Disparities in Healthcare Affordability, Access, and Provider Concordance for Low Back Pain: An All of Us Cross-Sectional Analysis",The Spine Journal : Official Journal of the North American Spine Society,4;6,,false,true,,,4:pain; 6:deprivation|access to care|racial and ethnic|socioeconomic|disparities|income|Hispanic
3555,42283704,2026,Study of Metformin and GLP-1 Receptor Agonist Use in Hidradenitis Suppurativa Using the NIH All of Us Research Program,Diabetes Care,1;12;16,,false,true,,,1:GLP-1; 12:hidradenitis suppurativa; 16:metformin
3558,42280838,2026,Preoperative Decline and Postoperative Recovery of Wearable-Derived Physical Activity over a Four-Year Perioperative Period in Total Knee and Hip Arthroplasty,"Sensors %28Basel, Switzerland%29",1;3;4;7;17,,false,true,,,1:BMI|cardiology; 3:Researcher Workbench|ICD|workbench|ICD-10|EHR|artificial intelligence|RECOVER; 4:pain|chronic pain; 7:step count|Fitbit|wearable|physical activity; 17:trust|informed consent|patient-reported|ethics
3562,42293798,2026,Access to care affects electronic health record reliability and AI-driven disease prediction,Nature Health,1;3;6,,false,true,,,1:type 2 diabetes|diabetes; 3:electronic health record|EHR|data quality; 6:access to care|equity|disparities
3563,41580836,2026,A deep ensemble encoder network method for improved polygenic risk score prediction,BioData Mining,1;2;3;11,,false,true,,,1:hypertension|type 2 diabetes|T2D|HDL|cholesterol|cardiometabolic|LDL|BMI|diabetes|cardiovascular disease|cardiovascular; 2:PRS|polygenic risk score|GWAS|genomics|GWAS summary|genotype|SNP|genomic|genome-wide association|genetic variant|genome-wide|ancestry|imputation|genetic risk|association studies|heritability|polygenic; 3:deep learning model|ICD|AUC|risk prediction|natural language processing|predictive modeling|ICD-10|deep learning|data quality|phecode|XGBoost|interpretability|machine learning|feature selection|model performance|neural network; 11:APOE
3564,42292079,2026,Deterministic Overlapping Multimorbidity Phenotypes for Leakage-Safe EHR Modeling of Incident Cognitive Impairment in All of Us,Journal of Interdisciplinary Research Applied to Medicine,1;3;5;8;11;13;14,,false,true,,,1:heart failure|cardiovascular|vascular disease; 3:Researcher Workbench|electronic health record|ICD|clustering|risk prediction|workbench|ICD-10|EHR|interpretability|model performance; 5:cancer|metastatic; 8:SARS-CoV-2|COVID-19|infection; 11:dementia|older adults|cognitive impairment; 13:COPD|pulmonary; 14:cerebrovascular
3565,42291053,2026,Association between cardio-kidney-metabolic syndrome and early or very early onset atrial fibrillation,American Journal of Preventive Cardiology,1;3;6;13;14;17,1.3-CKM,false,true,,,1:T2DM|Cardiovascular-Kidney-Metabolic|CKM syndrome|hypertension|heart failure|atrial fibrillation|type 2 diabetes|obesity|metabolic syndrome|CKD|cardiometabolic|BMI|arrhythmia|diabetes|atherosclerosis|heart disease|kidney disease|cardiovascular disease|CVD|cardiovascular|myocardial infarction|cardiac; 3:electronic health record|workbench|EHR|SNOMED; 6:education level|socioeconomic|income|race and ethnicity|Hispanic; 13:obstructive sleep apnea|sleep apnea|OSA; 14:cerebrovascular; 17:advisory board
3566,41548154,2026,"Health Literacy by Hispanic Ethnicity and its Association with Healthcare Experiences, Self-rated Health, and Quality of Life",Journal of Immigrant and Minority Health,6,,false,true,,,6:health literacy|Latino|equity|income|Hispanic
3567,42289619,2026,"Interpretable Machine Learning in Heavy Metal-Associated Cardiovascular and Metabolic Disease: A Review of Current Methodologies, Toxicological Insights, and Clinical Implications",Cardiovascular Toxicology,1;3;14,,false,true,,,1:stroke|hypertension|heart failure|coronary|cardiometabolic|atherosclerosis|heart disease|cardiovascular disease|CVD|cardiovascular; 3:interpretability|machine learning; 14:stroke
3568,42302012,2026,Long COVID risk by pre-infection symptoms and functional status: A retrospective cohort study of data from the All of Us Research Program,PLOS,1;3;4;8;17,,false,true,,,1:BMI|diabetes|cardiovascular disease|cardiovascular; 3:Researcher Workbench|ICD|workbench|ICD-10|EHR; 4:depression|anxiety|pain|mental health; 8:SARS-CoV-2|COVID-19|long COVID|antibody|infection; 17:patient-reported|ethics|recruitment
3569,42312239,2026,Head and Neck Manifestations in Sarcoidosis: An All of Us Research Program Matched Case‐Control Study,Wiley,3;6;9;18,,false,true,,,3:Researcher Workbench|workbench; 6:Medicaid|uninsured|income|minority; 9:sarcoidosis|autoimmune disease|autoimmune; 18:vocal cord paralysis|chronic rhinosinusitis|dysphonia|ENT|vertigo|otolaryngology|rhinitis|vocal cord|laryngeal
3570,42185625,2026,"Exome-wide association study of blood lipids in 1,158,017 individuals from diverse populations",,1;2;10;17,,false,true,,,1:cholesterol|coronary|dyslipidemia|LDL|CAD|lipid|heart disease|myocardial infarction|ischemic heart; 2:REGENIE|GWAS|WGS|genotype|locus|genomic|genome-wide association|rare variant|genome-wide|ancestry|ClinVar|imputation|association study|common variant|expression quantitative|association studies|loci|heritability|exome|polygenic; 10:familial hypercholesterolemia|monogenic|pathogenic variant|Mendelian|VUS|penetrance|sickle cell|expressivity; 17:ethics|recruitment
3571,42303910,2026,Sociodemographic disparities and reasons for delayed healthcare among U.S. cancer survivors: an All of Us study,,3;5;6;11;12,,false,true,,,3:ICD|ICD-10|EHR|notebook; 5:cancer survivors|breast cancer|melanoma|colorectal cancer|lung cancer|cancer survivor|skin cancer|cancer|colorectal|survivorship; 6:Medicaid|uninsured|socioeconomic|disparities|Latinx|income|Hispanic; 11:elderly|older adults; 12:skin cancer
3572,42317841,2026,Augmenting Missing Individual Social Determinants of Health with Area-Level Social Deprivation Index for Gene-Environment Interaction: Application to Opioid Use Disorder Prediction,AMIA Joint Summits on Translational Science Proceedings. AMIA Joint Summits on Translational Science,4;6,,false,true,,,4:opioid use disorder|opioid; 6:social determinants of health|deprivation|income|poverty
3576,42298300,2026,Privacy-enhancing sequential learning under heterogeneous selection bias in multi-site electronic health records data,Journal of the American Medical Informatics Association : JAMIA,3,,false,true,,,3:electronic health record|EHR
3577,42141198,2026,Population-scale genomic medicine with the Hong Kong Genome Project,,1;2;3;5;6;10;12;16;17,,false,true,,,1:ventricular|arrhythmia|cardiology|cardiovascular|hyperlipidemia|cardiac; 2:long-read sequencing|genomics|genotype|SNP|genomic|ancestry|ClinVar|genetic risk|admixture|haplotype|loci|gnomAD|long-read; 3:risk prediction|notebook; 5:BRCA2|BRCA1|Lynch syndrome|hereditary cancer|cancer|tumor; 6:health disparities|SVI|underrepresented|disparities|minority; 10:familial hypercholesterolemia|ACMG|secondary findings|pathogenic variant|hereditary|CFTR|VUS|penetrance|rare disease|MEN1|G6PD; 12:ichthyosis; 16:TPMT|NUDT15|pharmacogenetic|CYP2D6|CYP2C19|pharmacogenomic|drug response|warfarin; 17:genetic counseling|ethics|recruitment
3579,42308439,2026,Semaglutide and Risk of Adult-Onset Seizure: A Target Trial Emulation,Neurology,1;14,,false,true,,,1:type 2 diabetes|glycemic|BMI|diabetes; 14:epilepsy|seizure
