pubmed_id,year,title,journal,themes,subthemes,publication_types
42344593,2026,Ambient Air Pollution and Hospital Admissions of AECOPD in 10 Regions of China: A Self-Controlled Study Based on a Cohort.,"Environment & health (Washington, D.C.)",13;19,,Journal Article
42340288,2026,Associations Between PM2.5 Components and Cardiovascular Diseases: A Cohort Study of 0.5 Million Chinese Adults.,Journal of the American College of Cardiology,1;14;19,,Journal Article
42292198,2026,"Smoking and mortality risk in COPD patients: a prospective cohort study in Sichuan, China.",Frontiers in medicine,1;4;13,,Journal Article
42280459,2026,Dietary Clusters and Mortality Risk in a Chinese Population: The Role of Type 2 Diabetes and Hypertension.,Nutrients,1,,Journal Article
42269188,2026,"Associations of sleep duration and insomnia with cardiometabolic disease onset, multimorbidity, and mortality: A prospective study in 461,046 Chinese adults.",Sleep medicine,1;7;13,,Journal Article
42253047,2026,Early menopause and cardiovascular disease risk: triangulating the evidence with a combined analysis.,Climacteric : the journal of the International Menopause Society,1;2;15,,Journal Article
42234996,2026,Alcohol Consumption and Age-Specific Risk of Esophageal Cancer: Prospective Cohort Study.,JMIR public health and surveillance,5,,Journal Article
42218728,2026,Liver Aging Index: A Noninvasive Score for Liver Biological Aging and Liver-Related Outcomes in Multicohorts.,Aging cell,1;5;11,,Journal Article
42185315,2026,Life's essential 8 and longevity: the sustained impact of cardiovascular health on mortality from middle age to centenarians.,npj aging,1;11,,Journal Article
42152523,2026,Burden and Correlates of Multiple Chronic Infections and Their Associations With Cancer Incidence in Chinese Adults: A Large Case-Cohort Study.,International journal of cancer,5,,Journal Article
42152146,2026,Genome-wide meta-analysis across East Asian and European populations provides insights into the molecular basis of lung cancer.,Genome medicine,2;5,,Journal Article
42144279,2026,Abdominal adiposity and accelerated biological ageing in relation to general and cardiovascular ageing in Chinese adults.,Heart (British Cardiac Society),1;11,,Journal Article
42144253,2026,Associations of Social Determinants and Lifestyle Factors With Incidence and Dynamic Progression of Type 2 Diabetes in the Chinese Population.,"Diabetes, obesity & metabolism",1,,Journal Article
42115889,2026,"Frequency of fish/seafood consumption and risk of stroke: a prospective cohort study in Zhejiang, China.",Nutrition & metabolism,1;14,14.2-stroke-cerebro,Journal Article
42112160,2026,Trends in 10th Revision of the International Classification of Diseases-Coded CKD Incidence Among Chinese Adults.,Kidney international reports,1,,Journal Article
42069119,2026,"Secondhand and thirdhand smoke exposure and the risk of liver cancer: a prospective cohort study of 315,833 Chinese never smokers.","Environmental pollution (Barking, Essex : 1987)",5,,Journal Article
42020159,2026,[Observational and genetic epidemiological study on the association of alcohol consumption and chronic obstructive pulmonary disease in adults in 10 areas of China].,Zhonghua liu xing bing xue za zhi = Zhonghua liuxingbingxue zazhi,1;8;13;14,,Journal Article;Observational Study;English Abstract
42020158,2026,[Association of non-invasive atherosclerotic indicators with cardiovascular disease risk in adults in 10 areas of China].,Zhonghua liu xing bing xue za zhi = Zhonghua liuxingbingxue zazhi,1;14,,English Abstract;Journal Article
42020157,2026,[Associations of waist-to-hip ratio with mortality in older adults in 10 areas of China].,Zhonghua liu xing bing xue za zhi = Zhonghua liuxingbingxue zazhi,1;6;11,,English Abstract;Journal Article
42014462,2026,Circulating lipid subfractions and the risk of longitudinal adiposity progression: findings from the China Kadoorie Biobank.,International journal of obesity (2005),1,,Journal Article
41946746,2026,Synthetic data Using Population Profiles for cardiOvascular Risk facTors (SUPPORT) in mainland China.,Scientific data,1;3,,"Journal Article;Dataset;Research Support, Non-U.S. Gov't"
41881552,2026,Replacing sedentary behaviour with physical activity and all-cause mortality in older adults: two-cohort study in China and the UK.,Journal of epidemiology and community health,7;11,,Journal Article
41865480,2026,Short-term effects of temperature on physical activity and sedentary behavior in Chinese adults: An accelerometer-based analysis.,Environment international,7,,Journal Article
41861976,2026,Associations of lifestyle factors with survival and health statuses in Chinese older adults: a prospective cohort study.,American journal of preventive medicine,1;11;13;14,,Journal Article
41857632,2026,Multidimensional health poverty among diabetic adults in China: evidence from the China Kadoorie Biobank.,Archives of public health = Archives belges de sante publique,1;6,,Journal Article
41851747,2026,Optimizing colorectal cancer screening through polygenic risk score-based risk stratification: evidence from a population-based cohort and screening trial.,Genome medicine,2;5,,Journal Article
41848860,2026,"Association of physical activity with fracture: a prospective cohort study of 387,307 Chinese participants.",Osteoporosis international : a journal established as result of cooperation between the European Foundation for Osteoporosis and the National Osteoporosis Foundation of the USA,7,,Journal Article
41846685,2026,Long-term cardiovascular risk after severe exacerbation of COPD: a population-based cohort study.,ERJ open research,1;13;14,,Journal Article
41835928,2026,"Diagnostic accuracy, treatment and prognosis of myocardial infarction: an 11-year follow-up of a community-based cohort of 0.5 million Chinese adults.",BMJ public health,1;6;14,,Journal Article
41813511,2026,Young adulthood adiposity in relation to all-cause and cause-specific mortality: a prospective study of 0.5 million Chinese adults.,Science bulletin,1,,Journal Article
41802284,2026,An integrative association analysis for complex diseases in underrepresented groups by leveraging the trans-ethnic genetic similarity.,Briefings in bioinformatics,2;6,,Journal Article
41772493,2026,Association between healthy lifestyle and risk of chronic kidney disease: a prospective cohort study of 0.5 million Chinese adults.,BMC public health,1,,Journal Article
41761476,2026,Impact of sleep habits on life expectancy free of cardiovascular disease in the Chinese population: a prospective cohort study.,"The journals of gerontology. Series A, Biological sciences and medical sciences",1;14,,Journal Article
41755627,2026,"Social determinants of health, life expectancy and future health risks among adults with rheumatoid arthritis: two cohort studies in the China and UK.",American journal of epidemiology,1;6;9,,Journal Article
41724869,2026,Hepatitis B Virus Infection and the Risk of Cardiovascular Disease: Findings From the China Kadoorie Biobank.,Journal of viral hepatitis,1;8;14,,Journal Article
41628730,2026,Dairy Consumption and Risk of Cardiometabolic Diseases: A Prospective Cohort Study of the China Kadoorie Biobank.,The Journal of nutrition,1;14,,Journal Article
41586004,2025,Physical activity in relation to risk of chronic obstructive pulmonary disease among Chinese adults: an 11-year prospective study.,Frontiers in sports and active living,7;13,,Journal Article
41566263,2026,[Factors influencing progression and regression of carotid intima-media thickening and plaques in population in 10 areas of China].,Zhonghua liu xing bing xue za zhi = Zhonghua liuxingbingxue zazhi,1,,English Abstract;Journal Article
41566262,2026,[Epidemiological analysis on tuberculosis incidence in population in 10 areas of China].,Zhonghua liu xing bing xue za zhi = Zhonghua liuxingbingxue zazhi,1;6;8,,English Abstract;Journal Article
41566261,2026,[Comparative analysis on type 2 diabetes incidence based on multisource data from China Kadoorie Biobank].,Zhonghua liu xing bing xue za zhi = Zhonghua liuxingbingxue zazhi,1;6;14,,Journal Article;Comparative Study;English Abstract
41460735,2025,Comprehensive Evaluation of Genotype Imputation Tools for Ultra-low-depth Whole-Genome Sequencing Data.,Journal of visualized experiments : JoVE,2,,"Journal Article;Video-Audio Media;Research Support, Non-U.S. Gov't"
41444232,2025,Proteomic signatures of smoking and their associations with risk of incident diseases and mortality in diverse populations.,Nature communications,1;3;4,,Journal Article
41419872,2025,Sleep quality and incidence of diabetes in 0.5 million Chinese adults.,BMC public health,1;6;7;11,,Journal Article
41388620,2026,"Associations of diabetes status, duration, and onset age with the risk of lung cancer: Results from the China Kadoorie Biobank study.",International journal of cancer,1;5,,Journal Article
41341656,2025,Cardiometabolic health and risk of dementia and brain atrophy: a community-based prospective cohort study of 0.5 million adults in China.,The Lancet regional health. Western Pacific,1;11;14,,Journal Article
41332622,2025,cpiVAE: Robust and Interpretable Cross-Platform Proteomics Imputation.,bioRxiv : the preprint server for biology,2;3,,Journal Article;Preprint
41301747,2025,Bidirectional Mendelian Randomization Analysis of the Causal Relationship Between Uterine Fibroids and Breast Cancer in East Asian Women.,Biomedicines,2;5;10;15,,Journal Article
41275148,2025,Development and validation of a simple prediction risk score for predicting risk of gastric cancer in outpatient department.,BMC cancer,2;3;5,,Journal Article
41272635,2025,The COPD risk associated with adulthood weight change and early adulthood BMI: a prospective cohort study.,BMC public health,1;13,,Journal Article
41219961,2025,"Expanded mosaic chromosomal alterations, frailty, and risks of all-cause and cause-specific mortality among Chinese and the UK adults: evidence from two prospective cohorts.",BMC medicine,11,,Journal Article
41212465,2026,Human Health Ecology: A New Scientific Method.,EcoHealth,,,Journal Article;Review
41204195,2025,Healthy lifestyle reduces frailty-associated overall and site-specific cancer risks: a prospective large cohort study in Chinese adults.,Journal of translational medicine,3;5;11,,Journal Article
41151388,2025,Association between frailty status and the risk of cardiovascular diseases in Chinese adults: A prospective cohort study.,Public health,1;11;14,,Journal Article
41120892,2025,Natural selection exerted by historical coronavirus epidemic(s): comparative genetic analysis in China Kadoorie Biobank and UK Biobank.,BMC genomics,2;8,,Journal Article;Comparative Study
41093635,2026,Long-term prognosis of lean MASLD: evidence from three population-based prospective cohorts.,Gut,1;5,,Journal Article;Multicenter Study
41079004,2025,Contrasting associations of blood lipids with risk of myocardial infarction in Chinese and European adults.,European heart journal open,1,,Journal Article
41071435,2025,"Associations of 2923 Olink proteins with demographic, lifestyle, environmental and health characteristics in middle-aged Chinese adults.",European journal of epidemiology,1;11,,Journal Article
41069018,2025,A phenome-wide spectrum of morbidity and mortality risks related to the number of offspring among 0.5 million Chinese men and women: A prospective cohort study.,Chinese medical journal,2;5,,Journal Article
41046934,2026,Lifestyle-associated metabolite signatures and the risk of late-onset asthma.,The Journal of allergy and clinical immunology,3;13,,Journal Article
40987456,2025,Erythrocyte odd-chain fatty acids and the risk of cardiometabolic diseases: a prospective study and updated meta-analysis.,European journal of preventive cardiology,1;14,,Journal Article
40974041,2025,Negative Life Events and Their Association With Stroke and Total Cerebrovascular Disease Risk: Results From a 10-Year Prospective Cohort Study.,Stress and health : journal of the International Society for the Investigation of Stress,1;14,14.2-stroke-cerebro,Journal Article
40944258,2025,Alcohol and Tea Consumption in Relation to Liver Cancer Risk by Diabetes Status: A Prospective Cohort Study of 0.5 Million Chinese Adults.,Nutrients,1;5,,Journal Article
40889955,2025,"SGLT2 inhibition, acylcarnitines and heart failure: a Mendelian randomization study.",Open heart,1;2;10,,Journal Article;Multicenter Study
40888302,2025,Associations of Stressful Life Events With Diabetes Incidence in China: Insights From the China Kadoorie Biobank.,Journal of diabetes,1,,Journal Article
40878765,2025,The mediating effect of blood pressure between healthy lifestyles and stroke: Results from the China Kadoorie Biobank study.,Journal of biomedical research,1;14,14.2-stroke-cerebro,Journal Article
40854762,2025,[A prospective study of the effect of physical activity on mortality risk in patients with chronic obstructive pulmonary disease in Sichuan Province].,Zhonghua liu xing bing xue za zhi = Zhonghua liuxingbingxue zazhi,1;7;13;14,,English Abstract;Journal Article
40854761,2025,"[Association of age at menarche, age at menopause, and reproductive lifespan with frailty index in Chinese adult women].",Zhonghua liu xing bing xue za zhi = Zhonghua liuxingbingxue zazhi,11;15,,English Abstract;Journal Article
40854760,2025,[Relationship between ambient air pollution and vitamin D in Chinese adults].,Zhonghua liu xing bing xue za zhi = Zhonghua liuxingbingxue zazhi,19,,English Abstract;Journal Article
40854759,2025,[Association between tobacco smoking and the need for respiratory support and mortality in patients hospitalized with pneumonia].,Zhonghua liu xing bing xue za zhi = Zhonghua liuxingbingxue zazhi,4,,English Abstract;Journal Article
40835392,2025,Patterns and correlates of visual impairment and ocular hypertension among older adults in the general Chinese population: results from the CKB Biobank.,The British journal of ophthalmology,1;6;11;18,,Journal Article;Multicenter Study;Observational Study
40817906,2025,Association of Income Inequality and Sleep Duration With Cardiovascular Outcomes in China and the UK.,JACC. Asia,1;6;7,,Journal Article
40784889,2025,Calibrating multiplex serology for Helicobacter pylori.,Diagnostic and prognostic research,3;5;8,,Journal Article
40699163,2025,Associations Between Body Roundness Index and Cardiovascular Outcomes: A China Kadoorie Biobank Prospective Cohort Study.,JACC. Asia,1;14,,Journal Article
40697781,2025,Phenome-wide association of physical activity with morbidity and mortality risk in China: A prospective cohort study.,Innovation (Cambridge (Mass.)),2;3;7,,Journal Article
40696436,2025,Impact of genetic risk and lifestyles on cardiovascular disease-free and total life expectancy: a cohort study.,Genome medicine,1;2;11,,"Journal Article;Research Support, Non-U.S. Gov't"
40677177,2025,[A prospective study of impact of spicy food intake on risk for cardio/cerebrovascular disease in residents aged 30-79 years].,Zhonghua liu xing bing xue za zhi = Zhonghua liuxingbingxue zazhi,1;14,,English Abstract;Journal Article
40674590,2025,Prospective associations of diabetes with 15 cancers in 2.2 million UK and Chinese adults.,Journal of the National Cancer Institute,1;5,,Journal Article
40598486,2025,Risk thresholds for soft versus hard cardiovascular disease outcome models for initiating statin therapy among Chinese adults: a cost-utility analysis.,BMC medicine,1;14,,Journal Article
40577674,2025,Genetic Risk and Prognosis of the First Incident Stroke Survivors: Findings from China Kadoorie Biobank and UK Biobank.,Neurology,1;2;14,14.2-stroke-cerebro,Journal Article
40564116,2025,Association Between Gut Microbiota and Chronic Kidney Disease: A Two-Sample Mendelian Randomization Study in a Chinese Population.,Biomedicines,1;2;10,,Journal Article
40519626,2025,"Hyperuricemia, gout and the associated comorbidities in China: findings from a prospective study of 0.5 million adults.",The Lancet regional health. Western Pacific,1,,Journal Article
40518384,2025,[Prevalence and influencing factors of preserved ratio impaired spirometry in adults aged 40 years and above in 10 areas in China].,Zhonghua liu xing bing xue za zhi = Zhonghua liuxingbingxue zazhi,6,,English Abstract;Journal Article
40509832,2025,[Prospective association between physical activity and mortality in patients with chronic obstructive pulmonary disease].,Beijing da xue xue bao. Yi xue ban = Journal of Peking University. Health sciences,7;13,,English Abstract;Journal Article
40486490,2025,Association of greenness with incidence of cardiovascular disease in China: Evidence from the China Kadoorie Biobank prospective cohort study with 0.5 million adults.,Eco-Environment & Health,1;6;14,,Journal Article
40465188,2025,All-cause and cause-specific mortality in individuals with COPD in China: a 16-year follow-up cohort study.,European journal of epidemiology,13,,Journal Article
40447325,2025,"Lung development genes, adult lung function and cardiovascular comorbidities.",Thorax,1,,Journal Article
40447121,2025,Socioeconomic disparities in the associations of age at last live birth with stroke and its subtypes among Chinese parous postmenopausal women: A prospective cohort study.,Experimental gerontology,1;6;14,14.2-stroke-cerebro,Journal Article
40379147,2025,Associations of Alcohol Consumption and Genetic Predisposition to Hepatic Steatosis With Liver-Related Events: Results From Large Population-Based Cohort Studies.,Gastroenterology,2,,Journal Article
40368811,2025,Association of short-term air pollution with risk of major adverse cardiovascular event mortality and modification effects of lifestyle in Chinese adults.,Environmental health and preventive medicine,1;19,,Journal Article
40334539,2025,Particulate matter and their interaction of physical activity on ovarian cancer survival: A prospective cohort study.,Ecotoxicology and environmental safety,5;7;19,,Journal Article
40304040,2025,Proteome-Wide Genetic Study in East Asians and Europeans Identified Multiple Therapeutic Targets for Ischemic Stroke.,Stroke,1;2;14,1.4-stroke-cardio;14.2-stroke-cerebro,Journal Article
40297899,2025,Causal Relevance of Lp(a) for Coronary Heart Disease and Stroke Types in East Asian and European Ancestry Populations: A Mendelian Randomization Study.,Circulation,1;2;10;14,1.4-stroke-cardio;14.2-stroke-cerebro,Journal Article
40274560,2025,[Associations of plasma metabolites with mortality in Chinese adults: a prospective study].,Zhonghua liu xing bing xue za zhi = Zhonghua liuxingbingxue zazhi,1;3,,English Abstract;Journal Article
40274559,2025,[Prospective association between liver biomarkers and mortality risk in Chinese middle-aged and elderly populations].,Zhonghua liu xing bing xue za zhi = Zhonghua liuxingbingxue zazhi,3;11,,English Abstract;Journal Article
40258204,2025,Prevalence and 10-Year Risk of Intracerebral Hemorrhage in Central China Using Estimates From the 1 Million Cross-Sectional Study.,Neurology,1;14,,Journal Article
40181317,2025,"Natural environmental factors at birth on risk for rheumatoid arthritis: the impact of season, temperature, latitude, and sunlight exposure.",BMC public health,9,,Journal Article
40128564,2025,Lactation duration and ischemic heart disease among parous postmenopausal females from a prospective cohort study.,Communications medicine,1;15,,Journal Article
40113396,2025,"[Association between body mass index and calcaneus bone mineral density in adults in a cross-sectional study in Tongxiang, Zhejiang Province].",Zhonghua liu xing bing xue za zhi = Zhonghua liuxingbingxue zazhi,1,,English Abstract;Journal Article
40077736,2025,Patterns and Correlates of Bone Mineral Density Parameters Measured Using Calcaneus Quantitative Ultrasound in Chinese Adults.,Nutrients,,,Journal Article
40059156,2025,Socioeconomic variations in the proportions of stroke attributable to reproductive profiles among postmenopausal women in China.,BMC medicine,1;6;14;15,14.2-stroke-cerebro,Journal Article
40050560,2025,Construction and validation of a DNN-based biological age and its influencing factors in the China Kadoorie Biobank.,GeroScience,11,,"Journal Article;Validation Study;Research Support, Non-U.S. Gov't"
40019942,2025,Polygenic risk scores for pan-cancer risk prediction in the Chinese population: A population-based cohort study based on the China Kadoorie Biobank.,PLoS medicine,2;3;5,,Journal Article
39968650,2026,"Associations of total, domain-specific, and intensity-specific physical activity with all-cause and cause-specific mortality in China: A population-based cohort study.",Chinese medical journal,1;7,,Journal Article
39947200,2025,Physical Activity and Ischemic Heart Disease Risk: A Prospective Cohort Study Among Chinese Adults.,Journal of physical activity & health,1;7,,Journal Article
39923994,2025,Lactation duration and the risk of type 2 diabetes mellitus in parous women: A perspective on socioeconomic status disparity.,Journal of advanced research,1;6;15,,Journal Article
39910910,2025,"Associations Between Snoring, Body Mass Index and Coronary Artery Diseases: Observational and Mendelian Randomization Study in Asia.","Respirology (Carlton, Vic.)",1;2;10,,"Journal Article;Observational Study;Research Support, Non-U.S. Gov't"
39845984,2025,Spirometric pattern and cardiovascular risk: a prospective study of 0.3 million Chinese never-smokers.,The Lancet regional health. Western Pacific,1;14,,Journal Article
39828548,2025,"[Adiposity-related anthropometric parameters, indoles and atherosclerotic cardiovascular disease in Chinese adults: a prospective cohort study].",Zhonghua liu xing bing xue za zhi = Zhonghua liuxingbingxue zazhi,1,,English Abstract;Journal Article
39762253,2025,A global analysis of dairy consumption and incident cardiovascular disease.,Nature communications,1;14,,Journal Article;Meta-Analysis
39740297,2025,Normal-weight obesity subtypes and 10-year risks of major vascular diseases in 0.3 million adults.,"Clinical nutrition (Edinburgh, Scotland)",1;14,,Journal Article
39737804,2025,Adiposity and risks of gastrointestinal cancers: A 10-year prospective study of 0.5 million Chinese adults.,International journal of cancer,5;12,,Journal Article
39736748,2024,Comparison of models to predict incident chronic liver disease: a systematic review and external validation in Chinese adults.,BMC medicine,1;5,,"Systematic Review;Journal Article;Meta-Analysis;Comparative Study;Validation Study;Research Support, Non-U.S. Gov't"
39674076,2025,"Age at menarche in relation to risk of chronic obstructive pulmonary disease: Results from the China Kadoorie Biobank study of 300,000 Chinese women.",Maturitas,13;15,,Journal Article
39656835,2025,Phenotypic Versus Genetic Mismatch of BMI and Type 2 Diabetes: Evidence From Two Prospective Cohort Studies.,Diabetes,1;2,,Journal Article
39653525,2024,[Associations of plasma acylcarnitine and bile acid levels with incidence of coronary heart disease in Chinese adults].,Zhonghua yi xue za zhi,1;3,,English Abstract;Journal Article
39649266,2024,Income level is associated with differences in primary and secondary stroke prevention in China.,Archives of medical science : AMS,1;6;14,14.2-stroke-cerebro,Journal Article
39643329,2024,Associations of long-term nitrogen dioxide exposure with a wide spectrum of diseases: a prospective cohort study of 0·5 million Chinese adults.,The Lancet. Public health,1;3;6;13;14,,"Journal Article;Research Support, Non-U.S. Gov't"
39643204,2025,Aortic Dissection Incidence and Risk Factor Analysis: Findings from the China Kadoorie Biobank.,European journal of vascular and endovascular surgery : the official journal of the European Society for Vascular Surgery,1,,Journal Article
39578996,2025,Associations of Muscle-Related Metrics With Respiratory Disease in Chinese Adults: A Prospective Cohort Study.,"Journal of cachexia, sarcopenia and muscle",,,Journal Article
39578356,2024,Risk factors for severe COPD exacerbation in Chinese adults.,The international journal of tuberculosis and lung disease : the official journal of the International Union against Tuberculosis and Lung Disease,4;13,,Journal Article
39570587,2024,Physical Activity and All-Cause Mortality by Age in 4 Multinational Megacohorts.,JAMA network open,1;7,,Journal Article
39513287,2024,Preserved vegetable consumption and gastrointestinal tract cancers: A prospective study.,Journal of global health,5,,Journal Article
39465247,2024,Cost-Effectiveness of Salt Substitution and Antihypertensive Drug Treatment in Chinese Prehypertensive Adults.,"Hypertension (Dallas, Tex. : 1979)",1,,Journal Article
39444118,2024,[Association of solid fuel use for heating and smoking with respiratory diseases: a prospective cohort study].,Zhonghua liu xing bing xue za zhi = Zhonghua liuxingbingxue zazhi,4,,English Abstract;Journal Article
39443903,2024,Association between sleep behaviors and stroke in Southwest China: a prospective cohort study.,BMC public health,1;13;14,14.2-stroke-cerebro,"Journal Article;Research Support, Non-U.S. Gov't"
39401857,2024,"Mosaic loss of chromosome Y, tobacco smoking and risk of age-related lung diseases: insights from two prospective cohorts.",The European respiratory journal,4;5;13,,Journal Article
39385593,2024,Conventional and genetic associations of BMI with major vascular and non-vascular disease incidence and mortality in a relatively lean Chinese population: U-shaped relationship revisited.,International journal of epidemiology,1;2;14,,Journal Article
39358758,2024,Pregnancy loss and risk of cardiometabolic multimorbidity in Chinese women: the China Kadoorie Biobank study.,BMC public health,1;14;15,,"Journal Article;Research Support, Non-U.S. Gov't"
39349436,2024,Association of autosomal mosaic chromosomal alterations with risk of bladder cancer in Chinese adults: a prospective cohort study.,Cell death & disease,3;5,,Journal Article
39322770,2024,Measured and genetically predicted protein levels and cardiovascular diseases in UK Biobank and China Kadoorie Biobank.,Nature cardiovascular research,1;2;14,,Journal Article
39308399,2024,DNA Methylation Age Mediates Effect of Metabolic Profile on Cardiovascular and General Aging.,Circulation research,1;11,,Journal Article
39225766,2024,The Role of Active and Passive Smoking in Chronic Obstructive Pulmonary Disease and Systemic Inflammation: A 12-year Prospective Study in China.,Journal of epidemiology and global health,4;13,,Journal Article
39193696,2025,Role of lifestyle factors on the development and long-term prognosis of pneumonia and cardiovascular disease in the Chinese population.,Chinese medical journal,1,,Journal Article
39142240,2024,Height and cancer risk in East Asians: Evidence from a prospective cohort study and Mendelian randomization analyses.,Cancer epidemiology,2;5;10,,Journal Article;Observational Study
39085848,2024,Association between socioeconomic status and risk of chronic obstructive pulmonary disease in China: a prospective cohort study.,BMC public health,6;13,,"Journal Article;Research Support, Non-U.S. Gov't"
39081880,2024,One-size-fits-all versus risk-category-based screening interval strategies for cardiovascular disease prevention in Chinese adults: a prospective cohort study.,The Lancet regional health. Western Pacific,1,,Journal Article
39036669,2023,Interplay between oral health and lifestyle factors for cancer risk in rural and urban China: a population-based cohort study.,Journal of the National Cancer Center,5;6,,Journal Article
39030074,2025,Spicy food consumption and risk of vascular disease: Evidence from a large-scale Chinese prospective cohort of 0.5 million people.,Chinese medical journal,1;14,,Journal Article
39008896,2024,Prospective evaluation of the relevance of Epstein-Barr virus antibodies for early detection of nasopharyngeal carcinoma in Chinese adults.,International journal of epidemiology,5;8,,Journal Article
39004962,2024,[Prospective association study of sleep status and risk of coronary heart disease in adults in Suzhou].,Zhonghua liu xing bing xue za zhi = Zhonghua liuxingbingxue zazhi,1;2;13;14,,English Abstract;Journal Article
39004961,2024,[Associations of body mass index and waist circumference with risk of chronic kidney disease in adults in China].,Zhonghua liu xing bing xue za zhi = Zhonghua liuxingbingxue zazhi,1;14,,English Abstract;Journal Article
39002770,2024,"Incidence and mortality rates of 14 site-specific infectious diseases in 10 diverse areas of China: findings from China Kadoorie Biobank, 2006-2018.",International journal of infectious diseases : IJID : official publication of the International Society for Infectious Diseases,6,,Journal Article
38987358,2024,Joint impact of polygenic risk score and lifestyles on early- and late-onset cardiovascular diseases.,Nature human behaviour,1;2;14,,Journal Article
38977296,2024,Socioeconomic disparity in the natural history of cutaneous melanoma: evidence from two large prospective cohorts.,Journal of epidemiology and community health,5;6;12,,Journal Article
38889989,2024,[Analysis of highly cited papers in Chinese Journal of Epidemiology from 2020 to 2023].,Zhonghua liu xing bing xue za zhi = Zhonghua liuxingbingxue zazhi,1;5;8,,English Abstract;Journal Article
38889975,2024,[An observational and Mendelian randomization study of the associations of body mass index with plasma amino acids and acylcarnitines in Chinese adults].,Zhonghua liu xing bing xue za zhi = Zhonghua liuxingbingxue zazhi,2;10,,English Abstract;Journal Article
38885669,2024,Early adulthood BMI and cardiovascular disease: a prospective cohort study from the China Kadoorie Biobank.,The Lancet. Public health,1;14,,"Journal Article;Research Support, Non-U.S. Gov't"
38876387,2024,Development and evaluation of a risk prediction tool for risk-adapted screening of colorectal cancer in China.,Cancer letters,3;5,,Journal Article
38809553,2024,Helicobacter pylori Treatment and Gastric Cancer Risk Among Individuals With High Genetic Risk for Gastric Cancer.,JAMA network open,2;5,,"Journal Article;Research Support, Non-U.S. Gov't;Research Support, N.I.H., Extramural"
38699413,2024,"Temporal change in multimorbidity prevalence, clustering patterns, and the association with mortality: findings from the China Kadoorie Biobank study in Jiangsu Province.",Frontiers in public health,1;3;8;9;13;14,,"Journal Article;Research Support, Non-U.S. Gov't"
38685601,2024,Association of lifestyle with reduced stroke risk in 41 314 individuals with diabetes: Two prospective cohort studies in China.,"Diabetes, obesity & metabolism",1;7;14,14.2-stroke-cerebro,"Journal Article;Research Support, Non-U.S. Gov't"
38678343,2024,[A prospective study on the relationship between exposure to solid fuels for heating and its duration and the risk of morbidity of respiratory diseases among residents aged 30-79 years].,Zhonghua liu xing bing xue za zhi = Zhonghua liuxingbingxue zazhi,13,,English Abstract;Journal Article
38654428,2024,Dietary factors and patterns in relation to risk of later-onset ulcerative colitis in Chinese: A prospective study of 0.5 million people.,Alimentary pharmacology & therapeutics,9,,"Journal Article;Research Support, Non-U.S. Gov't"
38629743,2024,Predictive value of 8-year blood pressure measures in intracerebral haemorrhage risk over 5 years.,European journal of preventive cardiology,1;3;6,,Journal Article
38623619,2024,Proteomic Analyses in Diverse Populations Improved Risk Prediction and Identified New Drug Targets for Type 2 Diabetes.,Diabetes care,1;2;3,,"Journal Article;Research Support, Non-U.S. Gov't"
38587297,2024,Socioeconomic disparities in the association of age at first live birth with incident stroke among Chinese parous women: A prospective cohort study.,Journal of global health,1;6;14,14.2-stroke-cerebro,Journal Article
38572088,2024,Correlates and consequences of atrial fibrillation in a prospective study of 25 000 participants in the China Kadoorie Biobank.,European heart journal open,1;14,,Journal Article
38532314,2024,"Reproductive factors and risk of lung cancer among 300,000 Chinese female never-smokers: evidence from the China Kadoorie Biobank study.",BMC cancer,5,,Journal Article
38525868,2024,Associations of traditional cardiovascular risk factors with 15-year blood pressure change and trajectories in Chinese adults: a prospective cohort study.,Journal of hypertension,1,,Journal Article
38514308,2024,[A prospective study on association between sleep duration and the risk of chronic obstructive pulmonary disease in adults in Suzhou].,Zhonghua liu xing bing xue za zhi = Zhonghua liuxingbingxue zazhi,1;7;13,,English Abstract;Journal Article
38514307,2024,[A prospective study of association between physical activity and ischemic stroke in adults].,Zhonghua liu xing bing xue za zhi = Zhonghua liuxingbingxue zazhi,1;7;14,14.2-stroke-cerebro,English Abstract;Journal Article
38461358,2024,A genome-wide association study based on the China Kadoorie Biobank identifies genetic associations between snoring and cardiometabolic traits.,Communications biology,1;2,,"Journal Article;Research Support, Non-U.S. Gov't"
38413054,2024,[Association between waist circumference and ischemic stroke: a prospective study in adults from Qingdao].,Zhonghua liu xing bing xue za zhi = Zhonghua liuxingbingxue zazhi,1;14,14.2-stroke-cerebro,English Abstract;Journal Article
38413053,2024,[Physical activity and its influencing factors in patients with diabetes mellitus: a comparative study between China and the United Kingdom].,Zhonghua liu xing bing xue za zhi = Zhonghua liuxingbingxue zazhi,1;7,,English Abstract;Journal Article
38367798,2024,Secondhand smoke exposure can increase the risk of first ischemic stroke: A 10.7-year prospective cohort study in China.,Annals of epidemiology,1;4;14,14.2-stroke-cerebro,"Journal Article;Research Support, Non-U.S. Gov't"
38357394,2024,A wide landscape of morbidity and mortality risk associated with marital status in 0.5 million Chinese men and women: a prospective cohort study.,The Lancet regional health. Western Pacific,1;2;4,,Journal Article
38304719,2024,Causal association between snoring and stroke: a Mendelian randomization study in a Chinese population.,The Lancet regional health. Western Pacific,1;2;10;14,14.2-stroke-cerebro,Journal Article
38267203,2024,Diabetes and chronic kidney disease in Chinese adults: a population-based cohort study.,BMJ open diabetes research & care,1,,"Journal Article;Research Support, Non-U.S. Gov't"
38228525,2024,[Epidemiological distribution of mosaic loss of chromosome Y in adult men in 10 areas in China and its prospective association with lung cancer].,Zhonghua liu xing bing xue za zhi = Zhonghua liuxingbingxue zazhi,5,,English Abstract;Journal Article
38228522,2024,[Progress and practice of objective measurement of physical behaviors in large-scale cohort research].,Zhonghua liu xing bing xue za zhi = Zhonghua liuxingbingxue zazhi,7,,English Abstract;Journal Article
38228521,2024,[A prospective cohort study of factors associated with longevity in older adults in 10 areas of China].,Zhonghua liu xing bing xue za zhi = Zhonghua liuxingbingxue zazhi,1;6;11,,English Abstract;Journal Article
38228520,2024,[Epidemiological characteristics of preserved vegetable intake in adults in 10 areas of China].,Zhonghua liu xing bing xue za zhi = Zhonghua liuxingbingxue zazhi,,,English Abstract;Journal Article
38228519,2024,[Prevalence of urinary incontinence in middle-aged and elderly adults in 10 areas in China].,Zhonghua liu xing bing xue za zhi = Zhonghua liuxingbingxue zazhi,11,,English Abstract;Journal Article
38198221,2024,PCSK9 genetic variants and risk of vascular and non-vascular diseases in Chinese and UK populations.,European journal of preventive cardiology,1;2;13;14,,Journal Article;Multicenter Study
40017861,2023,"Menopausal status, age at menopause and risk of all-cause mortality among Chinese women: findings from a 10-year prospective study.",BMJ public health,15,,Journal Article
38129138,2023,[Comparative study on physical activity and its influencing factors in patients with chronic pulmonary obstructive disease between China and the United Kingdom].,Zhonghua liu xing bing xue za zhi = Zhonghua liuxingbingxue zazhi,7;13,,English Abstract;Journal Article
38108203,2024,"Infectious pathogens and risk of esophageal, gastric and duodenal cancers and ulcers in China: A case-cohort study.",International journal of cancer,5;8,,Journal Article
38001522,2023,"Device-measured movement behaviours in over 20,000 China Kadoorie Biobank participants.",The international journal of behavioral nutrition and physical activity,6;7,,"Journal Article;Research Support, Non-U.S. Gov't"
38001425,2023,Associations between experience of stressful life events and cancer prevalence in China: results from the China Kadoorie Biobank study.,BMC cancer,5,,Journal Article
38000378,2023,Alcohol intake and cause-specific mortality: conventional and genetic evidence in a prospective cohort study of 512 000 adults in China.,The Lancet. Public health,1;2;14,,"Journal Article;Research Support, Non-U.S. Gov't"
37942646,2023,Chronic Hepatitis B Virus Infection and Risk of Stroke Types: A Prospective Cohort Study of 500 000 Chinese Adults.,Stroke,1;8;14,14.2-stroke-cerebro,Journal Article
37940228,2023,Plasma Proteomics to Identify Drug Targets for Ischemic Heart Disease.,Journal of the American College of Cardiology,1;2,,"Journal Article;Research Support, Non-U.S. Gov't"
37898918,2023,MTHFR and risk of stroke and heart disease in a low-folate population: a prospective study of 156 000 Chinese adults.,International journal of epidemiology,1;14,14.2-stroke-cerebro,"Journal Article;Research Support, Non-U.S. Gov't"
37870428,2023,A high-resolution haplotype-resolved Reference panel constructed from the China Kadoorie Biobank Study.,Nucleic acids research,2,,"Journal Article;Research Support, Non-U.S. Gov't"
37869961,2023,Life-course adiposity and severe liver disease: a Mendelian randomization analysis.,"Obesity (Silver Spring, Md.)",1;2;5;10,,"Journal Article;Research Support, Non-U.S. Gov't"
37852733,2024,Lifetime cumulative effect of reproductive factors on ischaemic heart disease in a prospective cohort.,Heart (British Cardiac Society),1;15,,Journal Article
37744541,2023,Association of Resting Heart Rate with the Risk of Stroke in Men.,Iranian journal of public health,1;14,14.2-stroke-cerebro,Journal Article
37710209,2023,Sleep duration and risk of stroke and coronary heart disease: a 9-year community-based prospective study of 0.5 million Chinese adults.,BMC neurology,1;7;13;14,14.2-stroke-cerebro,Journal Article
37682069,2023,Pulse pressure and its association with body composition among Chinese men and women without diagnosed hypertension: the China Kadoorie Biobank.,Journal of hypertension,1,,"Journal Article;Research Support, Non-U.S. Gov't"
37676847,2023,Ethnic differences of genetic risk and smoking in lung cancer: two prospective cohort studies.,International journal of epidemiology,2;4;5,,"Journal Article;Research Support, Non-U.S. Gov't"
37661606,2023,[Study on the associations of meeting intensive systolic blood pressure control goals with risk for incident cardiovascular and cerebrovascular diseases among the adult hypertensive patients in China].,Zhonghua liu xing bing xue za zhi = Zhonghua liuxingbingxue zazhi,1;14,,English Abstract;Journal Article
37661427,2023,"Genome-wide polygenic risk score, cardiometabolic risk factors, and type 2 diabetes mellitus in the Chinese population.","Obesity (Silver Spring, Md.)",1;2,,"Journal Article;Research Support, Non-U.S. Gov't"
37640499,2024,Associations of polygenic risk scores with risks of stroke and its subtypes in Chinese.,Stroke and vascular neurology,1;2;14,14.2-stroke-cerebro,"Journal Article;Research Support, Non-U.S. Gov't"
37601966,2023,Genotyping and population characteristics of the China Kadoorie Biobank.,Cell genomics,2,,Journal Article
37537725,2023,Association between fresh fruit consumption and the risk of chronic obstructive pulmonary disease-related hospitalization and death in Chinese adults: A prospective cohort study.,Chinese medical journal,13,,Journal Article
37532222,2024,Association of physical activity with risk of chronic kidney disease in China: A population-based cohort study.,Journal of sport and health science,1;7,,Journal Article
37518346,2023,Red Meat Consumption and Risk of Cardio-Cerebrovascular Disease in Chinese Older Adults.,International heart journal,1;6;11;14,,Journal Article
37482703,2023,[Tea consumption and cancer: a Mendelian randomization study].,Zhonghua liu xing bing xue za zhi = Zhonghua liuxingbingxue zazhi,2;5;10,,English Abstract;Journal Article
37482702,2023,[Epidemiological distribution characteristics of peripheral blood mosaic chromosomal alteration in adults from 10 regions of China].,Zhonghua liu xing bing xue za zhi = Zhonghua liuxingbingxue zazhi,,,English Abstract;Journal Article
37476847,2023,Genetic and healthy lifestyle factors in relation to the incidence and prognosis of severe liver disease in the Chinese population.,Chinese medical journal,5;8,,Journal Article
37433779,2023,BMI and well-being in people of East Asian and European ancestry: a Mendelian randomisation study.,Translational psychiatry,1;2;4;10,,"Journal Article;Research Support, Non-U.S. Gov't"
37410540,2023,Lung cancer risk score for ever and never smokers in China.,"Cancer communications (London, England)",3;5,,"Journal Article;Research Support, Non-U.S. Gov't"
37403464,2023,Household air pollution and risk of incident lung cancer in urban China: A prospective cohort study.,International journal of cancer,4;5;19,,"Journal Article;Research Support, Non-U.S. Gov't"
37392542,2023,"Associations of alcohol intake with subclinical carotid atherosclerosis in 22,000 Chinese adults.",Atherosclerosis,1;2,,"Journal Article;Research Support, Non-U.S. Gov't"
37380406,2023,[Incidence of chronic obstructive pulmonary disease and risk factors in the Suzhou cohort].,Zhonghua liu xing bing xue za zhi = Zhonghua liuxingbingxue zazhi,13,,English Abstract;Journal Article
37308998,2023,Duration-dependent impact of cardiometabolic diseases and multimorbidity on all-cause and cause-specific mortality: a prospective cohort study of 0.5 million participants.,Cardiovascular diabetology,1;14,,"Journal Article;Research Support, Non-U.S. Gov't"
37291211,2023,Alcohol consumption and risks of more than 200 diseases in Chinese men.,Nature medicine,1;3;14;18,,"Journal Article;Research Support, Non-U.S. Gov't"
37280568,2023,Household air pollution from solid fuel use and depression among adults in rural China: evidence from the China Kadoorie Biobank data.,BMC public health,4;6;19,,"Journal Article;Research Support, Non-U.S. Gov't"
37236043,2023,Potential benefits of spicy food consumption on cardiovascular outcomes in patients with diabetes: A cohort study of the China Kadoorie Biobank.,"Nutrition (Burbank, Los Angeles County, Calif.)",1;14,,"Journal Article;Research Support, Non-U.S. Gov't"
37223569,2023,Differences in primary and secondary stroke prevention strategies for Chinese men and women.,Preventive medicine reports,1;14,14.2-stroke-cerebro,Journal Article
37221059,2023,[Prospective association between physical activity and mortality in patients with chronic kidney disease].,Zhonghua liu xing bing xue za zhi = Zhonghua liuxingbingxue zazhi,1;7,,English Abstract;Journal Article
37200020,2023,Minimal improvement in coronary artery disease risk prediction in Chinese population using polygenic risk scores: evidence from the China Kadoorie Biobank.,Chinese medical journal,1;2;3,,Journal Article
37124162,2023,Pregnancy Loss and Risk of All-Cause Mortality in Chinese Women: Findings From the China Kadoorie Biobank.,International journal of public health,1;15,,Journal Article
37111029,2023,The Prospective Associations of Egg Consumption with the Risk of Total Cerebrovascular Disease Morbidity among Chinese Adults.,Nutrients,14,,Journal Article
37106459,2023,"Development, validation, and evaluation of a risk assessment tool for personalized screening of gastric cancer in Chinese populations.",BMC medicine,3;5,,"Journal Article;Multicenter Study;Research Support, Non-U.S. Gov't"
37099076,2023,Age at smoking initiation and smoking cessation influence the incidence of stroke in China: a 10-year follow-up study.,Journal of thrombosis and thrombolysis,1;4;14,14.2-stroke-cerebro,Journal Article
37059339,2023,Long-Term Exposure to Fine Particulate Matter and Incidence of Esophageal Cancer: A Prospective Study of 0.5 Million Chinese Adults.,Gastroenterology,5;19,,"Journal Article;Research Support, Non-U.S. Gov't"
37037666,2023,"Association of dietary patterns, circulating lipid profile, and risk of obesity.","Obesity (Silver Spring, Md.)",1,,"Journal Article;Research Support, Non-U.S. Gov't"
37027436,2023,Development of a prediction model to identify undiagnosed chronic obstructive pulmonary disease patients in primary care settings in China.,Chinese medical journal,8;13,,Journal Article
37022778,2023,How does obesity affect mortality through blood pressure and blood glucose in Chinese and US citizens? Insights from a causal mediation analysis of two large cohorts.,Journal of global health,1,,Journal Article
37020268,2023,"Preserved vegetable consumption and its association with mortality among 440,415 people in the China Kadoorie Biobank.",BMC medicine,1;5;14,,"Journal Article;Research Support, Non-U.S. Gov't"
37019571,2023,"Long-term exposure to ambient PM2·5, active commuting, and farming activity and cardiovascular disease risk in adults in China: a prospective cohort study.",The Lancet. Planetary health,1;14,,"Journal Article;Research Support, Non-U.S. Gov't"
37011136,2023,Self-Reported Primary Cooking Fuels Use and Risk of Chronic Digestive Diseases: A Prospective Cohort Study of 0.5 Million Chinese Adults.,Environmental health perspectives,1;5,,"Journal Article;Research Support, Non-U.S. Gov't"
37008262,2023,"WHO cardiovascular disease risk prediction model performance in 10 regions, China.",Bulletin of the World Health Organization,1;3,,Journal Article
36978155,2023,"Healthy lifestyle, DNA methylation age acceleration, and incident risk of coronary heart disease.",Clinical epigenetics,1,,"Journal Article;Research Support, Non-U.S. Gov't"
36942332,2023,[Prevalence of chronic kidney disease and its association with lifestyle factors in adults from 10 regions of China].,Zhonghua liu xing bing xue za zhi = Zhonghua liuxingbingxue zazhi,1,,English Abstract;Journal Article
36937945,2023,Association of healthy lifestyle with incident cardiovascular diseases among hypertensive and normotensive Chinese adults.,Frontiers in cardiovascular medicine,1;14,,Journal Article
36916124,2023,Female reproductive and hormonal factors and lung cancer mortality among never-smokers: A prospective cohort study of 287 408 Chinese women.,International journal of cancer,5;15,,"Journal Article;Research Support, Non-U.S. Gov't"
36915869,2023,The Mediating Role of Body Mass Index in the Association Between Age at First Childbirth and Lung Function Among Chinese Postmenopausal Women.,Clinical epidemiology,1,,Journal Article
36824348,2023,Impacts of solid fuel use versus smoking on life expectancy at age 30 years in the rural and urban Chinese population: a prospective cohort study.,The Lancet regional health. Western Pacific,1;4;6;14,,Journal Article
36758480,2023,Modeling biological age using blood biomarkers and physical measurements in Chinese adults.,EBioMedicine,1;11;14,,Journal Article
36739230,2023,"Family history, waist circumference and risk of ischemic stroke: A prospective cohort study among Chinese adults.","Nutrition, metabolism, and cardiovascular diseases : NMCD",1;14,14.2-stroke-cerebro,"Journal Article;Research Support, Non-U.S. Gov't"
36727769,2023,Ideal cardiovascular health and mortality: pooled results of three prospective cohorts in Chinese adults.,Chinese medical journal,1,,Meta-Analysis;Journal Article
36726144,2023,Mendelian randomisation study of body composition and depression in people of East Asian ancestry highlights potential setting-specific causality.,BMC medicine,1;2;4;10,,"Journal Article;Research Support, Non-U.S. Gov't"
36725338,2023,Lifetime Cumulative Effect of Reproductive Factors on Stroke and Its Subtypes in Postmenopausal Chinese Women: A Prospective Cohort Study.,Neurology,1;14;15,14.2-stroke-cerebro,"Journal Article;Research Support, Non-U.S. Gov't"
39036307,2023,Risk factors for early-onset colorectal cancer: A large-scale Chinese cohort study.,Journal of the National Cancer Center,1;5,,Journal Article
36601918,2023,Genetically Predicted Differences in Systolic Blood Pressure and Risk of Cardiovascular and Noncardiovascular Diseases: A Mendelian Randomization Study in Chinese Adults.,"Hypertension (Dallas, Tex. : 1979)",1;2;10;14,,"Journal Article;Research Support, Non-U.S. Gov't"
36572456,2022,[Characteristics of daytime napping and its correlation with chronic diseases in Chinese adults].,Zhonghua liu xing bing xue za zhi = Zhonghua liuxingbingxue zazhi,1;13;14,,English Abstract;Journal Article
36539279,2023,Short-term socioeconomic status shift and long-term cardiovascular outcomes in China: a population-based cohort study.,Journal of epidemiology and community health,1;6;14,,"Journal Article;Research Support, Non-U.S. Gov't"
36510257,2022,Association between physical activity and cancer risk among Chinese adults: a 10-year prospective study.,The international journal of behavioral nutrition and physical activity,5;7,,"Journal Article;Research Support, Non-U.S. Gov't"
36483267,2023,Association between pneumonia hospitalisation and long-term risk of cardiovascular disease in Chinese adults: A prospective cohort study.,EClinicalMedicine,1;11;14,,Journal Article
36462513,2022,Tobacco smoking and risks of more than 470 diseases in China: a prospective cohort study.,The Lancet. Public health,3;4,,"Journal Article;Research Support, Non-U.S. Gov't"
36388344,2022,Association between pregnancy and pregnancy loss with COPD in Chinese women: The China Kadoorie Biobank study.,Frontiers in public health,13;15,,"Journal Article;Research Support, Non-U.S. Gov't"
36362780,2022,Personal Activity Intelligence and Ischemic Heart Disease in a Healthy Population: China Kadoorie Biobank Study.,Journal of clinical medicine,1,,Journal Article
36274151,2022,Temporal associations between leukocytes DNA methylation and blood lipids: a longitudinal study.,Clinical epigenetics,1;2,,"Journal Article;Research Support, Non-U.S. Gov't"
36271961,2023,"Intakes of major food groups in China and UK: results from 100,000 adults in the China Kadoorie biobank and UK biobank.",European journal of nutrition,,,Journal Article
36205613,2023,Association between Fish Consumption and Risk of Chronic Obstructive Pulmonary Disease among Chinese Men and Women: an 11-Year Population-Based Cohort Study.,The Journal of nutrition,13,,"Journal Article;Research Support, Non-U.S. Gov't"
36181771,2022,Educational level differences in the primary and secondary prevention of stroke.,Preventive medicine,1;6;14,14.2-stroke-cerebro,"Journal Article;Research Support, Non-U.S. Gov't"
36180916,2022,"Association between frequency of dairy product consumption and hypertension: a cross-sectional study in Zhejiang Province, China.",Nutrition & metabolism,1,,Journal Article
36117339,2022,[Association between body mass index and coronary heart disease in Qingdao: a prospective study].,Zhonghua liu xing bing xue za zhi = Zhonghua liuxingbingxue zazhi,1,,Journal Article
36117338,2022,[Correlation between sleep status and frailty in adults aged 30-79 years in China].,Zhonghua liu xing bing xue za zhi = Zhonghua liuxingbingxue zazhi,11;13,,Journal Article
36115952,2022,Pregnancy loss and the risk of rheumatoid arthritis in Chinese women: findings from the China Kadoorie biobank.,BMC public health,9;15,,"Journal Article;Research Support, Non-U.S. Gov't"
36083018,2022,Lung Cancer Absolute Risk Models for Mortality in an Asian Population using the China Kadoorie Biobank.,Journal of the National Cancer Institute,5,,"Journal Article;Research Support, Non-U.S. Gov't;Research Support, N.I.H., Extramural"
36071519,2022,External validation of models for predicting risk of colorectal cancer using the China Kadoorie Biobank.,BMC medicine,5,,"Journal Article;Research Support, Non-U.S. Gov't"
36035906,2022,"Liver biomarkers, genetic and lifestyle risk factors in relation to risk of cardiovascular disease in Chinese.",Frontiers in cardiovascular medicine,1;14,,Journal Article
35991535,2022,The role of lifestyle factors on comorbidity of chronic liver disease and cardiometabolic disease in Chinese population: A prospective cohort study.,The Lancet regional health. Western Pacific,1,,Journal Article
35981987,2022,[Association between self-reported gingival bleeding and prevalent hypertension among adults in a cross-sectional study in Zhejiang province].,Zhonghua liu xing bing xue za zhi = Zhonghua liuxingbingxue zazhi,1;14,,Journal Article
35926549,2022,Healthy lifestyle and life expectancy at age 30 years in the Chinese population: an observational study.,The Lancet. Public health,1;13;14,,"Observational Study;Journal Article;Research Support, Non-U.S. Gov't"
35922875,2023,Social inequalities in all-cause mortality among adults with multimorbidity: a 10-year prospective study of 0.5 million Chinese adults.,International health,6,,"Journal Article;Research Support, Non-U.S. Gov't"
35862220,2022,Risks of Stroke and Heart Disease Following Hysterectomy and Oophorectomy in Chinese Premenopausal Women.,Stroke,1;14,14.2-stroke-cerebro,"Journal Article;Research Support, Non-U.S. Gov't"
35856194,2022,[Association of lifestyle and cardiometabolic risk factors with epigenetic age acceleration in adults in China].,Zhonghua liu xing bing xue za zhi = Zhonghua liuxingbingxue zazhi,1;11,,Journal Article
35856193,2022,[A prospective cohort study of premature death and influencing factors in adults aged 56-69 years from 10 regions of China].,Zhonghua liu xing bing xue za zhi = Zhonghua liuxingbingxue zazhi,1;6;14,,Journal Article
35856192,2022,[Associations between sleep status and risk for kidney stones in Chinese adults: a prospective cohort study].,Zhonghua liu xing bing xue za zhi = Zhonghua liuxingbingxue zazhi,1;13,,Journal Article
35838536,2022,"Associations of muscle mass, strength, and quality with all-cause mortality in China: a population-based cohort study.",Chinese medical journal,,,Journal Article
35760551,2022,Association between sleep duration and hypertension in southwest China: a population-based cross-sectional study.,BMJ open,1;7,,"Journal Article;Research Support, Non-U.S. Gov't"
35649571,2022,Resting heart rate and risk of left and right heart failure in 0.5 million Chinese adults.,Open heart,1,,"Journal Article;Research Support, Non-U.S. Gov't"
35616543,2022,"Solid Fuel, Secondhand Smoke, and Lung Cancer Mortality: A Prospective Cohort of 323,794 Chinese Never-Smokers.",American journal of respiratory and critical care medicine,4;5,,"Journal Article;Research Support, Non-U.S. Gov't"
35607895,2022,"Association of egg consumption, metabolic markers, and risk of cardiovascular diseases: A nested case-control study.",eLife,1,,"Journal Article;Research Support, Non-U.S. Gov't"
35602414,2022,"Revisiting the 'physical activity paradox' in a Chinese context: Occupational physical activity and mortality in 142,302 urban working adults from the China Kadoorie Biobank study.",The Lancet regional health. Western Pacific,1;7,,Journal Article
35534062,2022,Sero-prevalence of 19 infectious pathogens and associated factors among middle-aged and elderly Chinese adults: a cross-sectional study.,BMJ open,8;11,,"Journal Article;Research Support, Non-U.S. Gov't"
35527564,2022,Independent and Joint Associations of Tea Consumption and Smoking with Parkinson's Disease Risk in Chinese Adults.,Journal of Parkinson's disease,4;11,,"Journal Article;Research Support, Non-U.S. Gov't"
35513801,2022,Dairy consumption and risks of total and site-specific cancers in Chinese adults: an 11-year prospective study of 0.5 million people.,BMC medicine,5;6,,"Journal Article;Research Support, Non-U.S. Gov't"
35504339,2022,Association between involuntary smoking and risk of cervical cancer in Chinese female never smokers: A prospective cohort study.,Environmental research,4;5,,"Journal Article;Research Support, Non-U.S. Gov't"
35495958,2022,"Association of Red Meat Consumption, Metabolic Markers, and Risk of Cardiovascular Diseases.",Frontiers in nutrition,1,,Journal Article
35460564,2022,Low-risk Lifestyle and Health Factors and Risk of Mortality and Vascular Complications in Chinese Patients With Diabetes.,The Journal of clinical endocrinology and metabolism,1,,"Journal Article;Research Support, Non-U.S. Gov't"
35452448,2022,Genetic associations of adult height with risk of cardioembolic and other subtypes of ischemic stroke: A mendelian randomization study in multiple ancestries.,PLoS medicine,1;2;10;14,1.4-stroke-cardio;14.2-stroke-cerebro,"Journal Article;Research Support, Non-U.S. Gov't"
35445833,2022,Associations of erythrocyte polyunsaturated fatty acids with incidence of stroke and stroke types in adult Chinese: a prospective study of over 8000 individuals.,European journal of nutrition,1;14,14.2-stroke-cerebro,Journal Article
35443297,2022,[Incidence of gastric cancer and risk factors in Suzhou cohort].,Zhonghua liu xing bing xue za zhi = Zhonghua liuxingbingxue zazhi,5,,Journal Article
35443296,2022,[Association between genetic predisposition to childhood obesity and the risk of adult ischemic heart disease in China].,Zhonghua liu xing bing xue za zhi = Zhonghua liuxingbingxue zazhi,1;2;14,,Journal Article
35410902,2022,Development of a Model to Predict 10-Year Risk of Ischemic and Hemorrhagic Stroke and Ischemic Heart Disease Using the China Kadoorie Biobank.,Neurology,1;14,14.2-stroke-cerebro,"Journal Article;Research Support, Non-U.S. Gov't"
35400017,2022,"The hospitalization burden of all-cause pneumonia in China: A population-based study, 2009-2017.",The Lancet regional health. Western Pacific,,,Journal Article
35345298,2022,[Introduction of reduced rank regression and development of a user-written Stata package].,Zhonghua liu xing bing xue za zhi = Zhonghua liuxingbingxue zazhi,,,Journal Article
35292536,2022,"Development, validation and comparison of multivariable risk scores for prediction of total stroke and stroke types in Chinese adults: a prospective study of 0.5 million adults.",Stroke and vascular neurology,1;3;6;14,14.2-stroke-cerebro,"Journal Article;Research Support, Non-U.S. Gov't"
35284848,2022,"Diagnostic accuracy of major stroke types in Chinese adults: A clinical adjudication study involving 40,000 stroke cases.",The Lancet regional health. Western Pacific,1;14,14.2-stroke-cerebro,Journal Article
35274091,2022,Poor oral health and risks of total and site-specific cancers in China: A prospective cohort study of 0.5 million adults.,EClinicalMedicine,5,,Journal Article
35267971,2022,Dietary Patterns and Risk of Chronic Obstructive Pulmonary Disease among Chinese Adults: An 11-Year Prospective Study.,Nutrients,13,,Journal Article
35267955,2022,The Prospective Associations of Lipid Metabolism-Related Dietary Patterns with the Risk of Diabetes in Chinese Adults.,Nutrients,1,,Journal Article
35240390,2022,Association of multimorbidity of non-communicable diseases with mortality: a 10-year prospective study of 0.5 million Chinese adults.,Public health,1,,Journal Article
35234872,2022,Coarse Grain Consumption and Risk of Cardiometabolic Diseases: A Prospective Cohort Study of Chinese Adults.,The Journal of nutrition,1;14,,"Journal Article;Research Support, Non-U.S. Gov't"
35215443,2022,The Relative Validity and Reproducibility of Food Frequency Questionnaires in the China Kadoorie Biobank Study.,Nutrients,,,Journal Article
35212748,2022,Lactation Duration and the Risk of Subtypes of Stroke Among Parous Postmenopausal Women From the China Kadoorie Biobank.,JAMA network open,1;14;15,14.2-stroke-cerebro,"Journal Article;Research Support, Non-U.S. Gov't"
35199334,2022,Tobacco smoking and solid fuels for cooking and risk of liver cancer: A prospective cohort study of 0.5 million Chinese adults.,International journal of cancer,4;5,,"Journal Article;Research Support, Non-U.S. Gov't"
35191418,2022,Multimorbidity patterns and association with mortality in 0.5 million Chinese adults.,Chinese medical journal,1;8;9;13;14,,Journal Article
35184481,2022,"[The correlation of sleep duration and insomnia with low muscle mass, strength and quality in Chinese adults].",Zhonghua liu xing bing xue za zhi = Zhonghua liuxingbingxue zazhi,7;13,,Journal Article
35184480,2022,"[Spicy food consumption and risk of lip, oral cavity and pharynx cancers: a prospective cohort study of Chinese adults].",Zhonghua liu xing bing xue za zhi = Zhonghua liuxingbingxue zazhi,,,Journal Article
35184479,2022,"[The correlation of physical activity and sedentary leisure time with low muscle mass, strength, and quality in Chinese adults].",Zhonghua liu xing bing xue za zhi = Zhonghua liuxingbingxue zazhi,7,,Journal Article
35184478,2022,[Associations of body mass index and waist circumference with hospitalization risk of kidney stones in Chinese adults].,Zhonghua liu xing bing xue za zhi = Zhonghua liuxingbingxue zazhi,1,,Journal Article
35184477,2022,[Association between tea consumption and all-cause mortality in Chinese adults].,Zhonghua liu xing bing xue za zhi = Zhonghua liuxingbingxue zazhi,1;14,,Journal Article
35183210,2022,Association between dairy consumption and ischemic heart disease among Chinese adults: a prospective study in Qingdao.,Nutrition & metabolism,1,,Journal Article
35123520,2022,"Menopausal status, age at natural menopause and risk of diabetes in China: a 10-year prospective study of 300,000 women.",Nutrition & metabolism,1;15,,Journal Article
35064782,2022,Circulating proteins and risk of pancreatic cancer: a case-subcohort study among Chinese adults.,International journal of epidemiology,5,,"Journal Article;Research Support, Non-U.S. Gov't"
35042752,2022,Adiposity and risks of vascular and non-vascular mortality among Chinese adults with type 2 diabetes: a 10-year prospective study.,BMJ open diabetes research & care,1,,"Journal Article;Research Support, Non-U.S. Gov't"
35024647,2022,Place of death and phenomenon of going home to die in Chinese adults: A prospective cohort study.,The Lancet regional health. Western Pacific,,,Journal Article
34999880,2022,Trans-ethnic Mendelian-randomization study reveals causal relationships between cardiometabolic factors and chronic kidney disease.,International journal of epidemiology,1;2;10,,"Journal Article;Research Support, N.I.H., Extramural;Research Support, Non-U.S. Gov't"
34931664,2022,Importance of healthy lifestyle factors and ideal cardiovascular health metrics for risk of heart failure in Chinese adults.,International journal of epidemiology,1,,"Journal Article;Research Support, Non-U.S. Gov't"
34902008,2022,"Adiposity, metabolomic biomarkers, and risk of nonalcoholic fatty liver disease: a case-cohort study.",The American journal of clinical nutrition,1,,"Journal Article;Research Support, Non-U.S. Gov't"
34874895,2022,"Metabolically healthy obesity, transition to unhealthy phenotypes, and type 2 diabetes in 0.5 million Chinese adults: the China Kadoorie Biobank.",European journal of endocrinology,1,,Journal Article
34865822,2022,Association Between Personal Activity Intelligence and Mortality: Population-Based China Kadoorie Biobank Study.,Mayo Clinic proceedings,1;6,,"Journal Article;Research Support, Non-U.S. Gov't"
34853434,2022,Adherence to Healthy Lifestyle and Liver cancer in Chinese: a prospective cohort study of 0.5 million people.,British journal of cancer,5,,"Journal Article;Research Support, Non-U.S. Gov't"
34850013,2022,Conventional and Bidirectional Genetic Evidence on Resting Heart Rate and Cardiometabolic Traits.,The Journal of clinical endocrinology and metabolism,1;2,,"Journal Article;Research Support, Non-U.S. Gov't"
34848488,2022,Circulating Metabolites and the Development of Type 2 Diabetes in Chinese Adults.,Diabetes care,1,,"Journal Article;Research Support, Non-U.S. Gov't"
34838195,2021,The relative and attributable risks of cardia and non-cardia gastric cancer associated with Helicobacter pylori infection in China: a case-cohort study.,The Lancet. Public health,5;8,,"Journal Article;Research Support, Non-U.S. Gov't"
34818839,2021,"[Correlation between chronic diseases and low muscle mass, strength and quality in adults in China].",Zhonghua liu xing bing xue za zhi = Zhonghua liuxingbingxue zazhi,1;13;14,,Journal Article
34814468,2021,[Prevalence of heart failure and its association with smoking behavior in adults from 10 regions of China].,Zhonghua liu xing bing xue za zhi = Zhonghua liuxingbingxue zazhi,1;4;14,,Journal Article
34814467,2021,"[The correlation of dietary patterns with low muscle mass, strength and quality in adults from 10 regions of China].",Zhonghua liu xing bing xue za zhi = Zhonghua liuxingbingxue zazhi,11,,Journal Article
34814466,2021,[Descriptive analysis of fracture hospitalization rate in adults from 10 regions of China].,Zhonghua liu xing bing xue za zhi = Zhonghua liuxingbingxue zazhi,,,Journal Article
34814465,2021,[Self-rated health measures and their relations to all-cause and cardiovascular mortality in adults from 10 regions of China].,Zhonghua liu xing bing xue za zhi = Zhonghua liuxingbingxue zazhi,1,,Journal Article
34814464,2021,"[Prevalence, patterns and long-term changes of multimorbidity in adults from 10 regions of China].",Zhonghua liu xing bing xue za zhi = Zhonghua liuxingbingxue zazhi,1;14,,Journal Article
34814406,2021,[Polygenic risk score in personalized screening of lung cancer: a prospective cohort study in Chinese].,Zhonghua liu xing bing xue za zhi = Zhonghua liuxingbingxue zazhi,2;5,,Journal Article
34785558,2021,Hospital management of major stroke types in Chinese adults: a population-based study of 20 000 hospitalised stroke cases.,BMJ open,1;14,14.2-stroke-cerebro,"Journal Article;Research Support, Non-U.S. Gov't"
34746045,2021,Genomics of Obsessive-Compulsive Disorder-Toward Personalized Medicine in the Era of Big Data.,Frontiers in pediatrics,2;4,,Journal Article;Review
34728472,2021,"Random plasma glucose levels and cause-specific mortality among Chinese adults without known diabetes: an 11-year prospective study of 450,000 people.",BMJ open diabetes research & care,1,,"Journal Article;Research Support, Non-U.S. Gov't;Research Support, U.S. Gov't, P.H.S."
34718577,2022,Bridge Employment and Longevity: Evidence From a 10-Year Follow-Up Cohort Study in 0.16 Million Chinese.,"The journals of gerontology. Series B, Psychological sciences and social sciences",6;11,,"Journal Article;Research Support, Non-U.S. Gov't"
34702709,2021,Construction and application of human genetic resources in the China Kadoorie Biobank.,Yi chuan = Hereditas,,,Journal Article
34698828,2022,Lifestyle factors and fetal and childhood origins of type 2 diabetes: a prospective study of Chinese and European adults.,The American journal of clinical nutrition,1,,"Journal Article;Research Support, Non-U.S. Gov't"
34674714,2021,Modification effect of ideal cardiovascular health metrics on genetic association with incident heart failure in the China Kadoorie Biobank and the UK Biobank.,BMC medicine,1;2,,"Journal Article;Research Support, Non-U.S. Gov't"
34536011,2022,"Solid fuel use, socioeconomic indicators and risk of cardiovascular diseases and all-cause mortality: a prospective cohort study in a rural area of Sichuan, China.",International journal of epidemiology,1;6;14,,Journal Article
34530818,2021,Alcohol drinking and risks of liver cancer and non-neoplastic chronic liver diseases in China: a 10-year prospective study of 0.5 million adults.,BMC medicine,1;5,,"Journal Article;Research Support, Non-U.S. Gov't"
34515027,2021,Epigenome-wide analysis of DNA methylation and coronary heart disease: a nested case-control study.,eLife,1;2,,"Journal Article;Research Support, Non-U.S. Gov't"
34475424,2021,Utility of single versus sequential measurements of risk factors for prediction of stroke in Chinese adults.,Scientific reports,1;14,14.2-stroke-cerebro,"Comparative Study;Journal Article;Research Support, Non-U.S. Gov't"
34422742,2021,Household Air Pollution From Solid Cooking Fuel Combustion and Female Breast Cancer.,Frontiers in public health,5;19,,"Journal Article;Research Support, Non-U.S. Gov't"
34342284,2021,Factors related to age at natural menopause in China: results from the China Kadoorie Biobank.,"Menopause (New York, N.Y.)",1;15,,"Journal Article;Research Support, Non-U.S. Gov't"
34333624,2021,"Lifestyle, cardiometabolic disease, and multimorbidity in a prospective Chinese study.",European heart journal,1;14,,"Journal Article;Research Support, Non-U.S. Gov't"
34329444,2021,Adherence to Healthy Lifestyle and Attenuation of Biological Aging in Middle-Aged and Older Chinese Adults.,"The journals of gerontology. Series A, Biological sciences and medical sciences",11,,"Journal Article;Research Support, Non-U.S. Gov't"
34327415,2021,Blood pressure and cardiovascular diseases in Chinese adults with type 2 diabetes: A prospective cohort study.,The Lancet regional health. Western Pacific,1;14,,Journal Article
34324491,2021,"Long-term solid fuel use and risks of major eye diseases in China: A population-based cohort study of 486,532 adults.",PLoS medicine,4;18,,"Journal Article;Research Support, Non-U.S. Gov't"
34229688,2021,"Association between frequency of spicy food consumption and hypertension: a cross-sectional study in Zhejiang Province, China.",Nutrition & metabolism,1,,Journal Article
34152010,2021,Associations of toothbrushing behaviour with risks of vascular and nonvascular diseases in Chinese adults.,European journal of clinical investigation,1;13;14,,Journal Article
34052074,2021,Association of heart rate and diabetes among 0.5 million adults in the China Kadoorie biobank: Results from observational and Mendelian randomization analyses.,"Nutrition, metabolism, and cardiovascular diseases : NMCD",1;2;10,,"Journal Article;Observational Study;Research Support, Non-U.S. Gov't"
34051827,2021,Development and external validation of a breast cancer absolute risk prediction model in Chinese population.,Breast cancer research : BCR,3;5;15,,"Journal Article;Research Support, N.I.H., Extramural;Research Support, Non-U.S. Gov't"
34045308,2022,Gender differences in use of invasive diagnostic and therapeutic procedures for acute ischaemic heart disease in Chinese adults.,Heart (British Cardiac Society),1,,"Journal Article;Research Support, Non-U.S. Gov't"
34029563,2021,Age-Specific Associations Between Habitual Snoring and Cardiovascular Diseases in China: A 10-Year Cohort Study.,Chest,1;14,,"Journal Article;Research Support, Non-U.S. Gov't"
33990061,2021,Association between household solid fuel use for cooking and sleep disturbance in rural China: findings from the China Kadoorie Biobank data.,Sleep medicine,6,,"Journal Article;Research Support, Non-U.S. Gov't"
33986040,2021,Snoring frequency and risk of type 2 diabetes mellitus: a prospective cohort study.,BMJ open,1,,"Journal Article;Research Support, Non-U.S. Gov't"
33964851,2021,"Metabolic risk factors, genetic predisposition, and risk of severe liver disease in Chinese: a prospective study of 0.5 million people.",The American journal of clinical nutrition,1;2,,"Journal Article;Research Support, Non-U.S. Gov't"
33826715,2021,Pneumonia hospitalizations and the subsequent risk of incident ischaemic cardiovascular disease in Chinese adults.,International journal of epidemiology,1;13;14,,"Journal Article;Research Support, Non-U.S. Gov't"
33805392,2021,"Consumption of Tea, Alcohol, and Fruits and Risk of Kidney Stones: A Prospective Cohort Study in 0.5 Million Chinese Adults.",Nutrients,,,Journal Article
33782052,2021,Educational disparities in ischaemic heart disease among 0.5 million Chinese adults: a cohort study.,Journal of epidemiology and community health,1;6;14,,"Journal Article;Research Support, Non-U.S. Gov't"
33772150,2021,Causal effects of gallstone disease on risk of gastrointestinal cancer in Chinese.,British journal of cancer,5,,"Journal Article;Meta-Analysis;Research Support, Non-U.S. Gov't"
33766948,2021,A large-scale genome-wide association analysis of lung function in the Chinese population identifies novel loci and highlights shared genetic aetiology with obesity.,The European respiratory journal,1;2,,"Journal Article;Research Support, Non-U.S. Gov't"
33726720,2021,The association between daily total physical activity and risk of cardiovascular disease among hypertensive patients: a 10-year prospective cohort study in China.,BMC public health,1;7,,"Journal Article;Research Support, Non-U.S. Gov't"
33709113,2021,Tea consumption and long-term risk of type 2 diabetes and diabetic complications: a cohort study of 0.5 million Chinese adults.,The American journal of clinical nutrition,1,,"Journal Article;Research Support, Non-U.S. Gov't"
33705376,2021,Factors associated with suicide risk among Chinese adults: A prospective cohort study of 0.5 million individuals.,PLoS medicine,3;4;6,,"Journal Article;Research Support, Non-U.S. Gov't"
33634874,2021,Alcohol drinking and risks of total and site-specific cancers in China: A 10-year prospective study of 0.5 million adults.,International journal of cancer,5,,"Journal Article;Research Support, Non-U.S. Gov't"
33618446,2021,[Associations of lifestyles with major chronic diseases in Chinese adults: evidence from the China Kadoorie Biobank].,Zhonghua liu xing bing xue za zhi = Zhonghua liuxingbingxue zazhi,1;13;14,,Journal Article
33596318,2021,Metabolic Signatures of Genetically Elevated Vitamin D Among Chinese: Observational and Mendelian Randomization Study.,The Journal of clinical endocrinology and metabolism,1;2;10,,"Journal Article;Research Support, Non-U.S. Gov't"
33558007,2021,Improved lipidomic profile mediates the effects of adherence to healthy lifestyles on coronary heart disease.,eLife,1,,"Journal Article;Research Support, Non-U.S. Gov't"
33557863,2021,"Association of daytime napping in relation to risk of diabetes: evidence from a prospective study in Zhejiang, China.",Nutrition & metabolism,1,,Journal Article
33521941,2021,Prediction and clinical utility of a liver cancer risk model in Chinese adults: A prospective cohort study of 0.5 million people.,International journal of cancer,5,,"Journal Article;Research Support, Non-U.S. Gov't"
33484129,2021,Spicy food consumption and risk of gastrointestinal-tract cancers: findings from the China Kadoorie Biobank.,International journal of epidemiology,5,,"Journal Article;Research Support, Non-U.S. Gov't"
33322167,2020,Associations of Coarse Grain Intake with Undiagnosed Hypertension among Chinese Adults: Results from the China Kadoorie Biobank.,Nutrients,1,,Journal Article
33300571,2022,Prevalence and associated socioeconomic factors of multimorbidity in 10 regions of China: an analysis of 0.5 million adults.,"Journal of public health (Oxford, England)",6,,Journal Article
33297624,2020,[Regional and demographic differences on passive smoking among non-smokers aged 30-79 years in 10 regions of China].,Zhonghua liu xing bing xue za zhi = Zhonghua liuxingbingxue zazhi,4;6,,Journal Article
33271078,2020,Frailty index and all-cause and cause-specific mortality in Chinese adults: a prospective cohort study.,The Lancet. Public health,11;14,,"Journal Article;Research Support, Non-U.S. Gov't"
33263724,2021,"Associations of Adiposity, Circulating Protein Biomarkers, and Risk of Major Vascular Diseases.",JAMA cardiology,1;2,,"Journal Article;Research Support, Non-U.S. Gov't"
33177548,2020,Association of exhaled carbon monoxide with risk of cardio-cerebral-vascular disease in the China Kadoorie Biobank cohort study.,Scientific reports,1;14,,"Journal Article;Research Support, Non-U.S. Gov't"
33129001,2021,Regional and seasonal variations in household and personal exposures to air pollution in one urban and two rural Chinese communities: A pilot study to collect time-resolved data using static and wearable devices.,Environment international,6;7;19,,"Journal Article;Research Support, Non-U.S. Gov't"
33125374,2020,"Metabolically healthy obesity, transition to unhealthy metabolic status, and vascular disease in Chinese adults: A cohort study.",PLoS medicine,1;14,,"Journal Article;Research Support, Non-U.S. Gov't"
33006619,2020,Observational and Genetic Associations of Body Mass Index and Hepatobiliary Diseases in a Relatively Lean Chinese Population.,JAMA network open,1;2;8,,"Comparative Study;Journal Article;Observational Study;Research Support, Non-U.S. Gov't"
33002439,2020,"Genetic risk, incident gastric cancer, and healthy lifestyle: a meta-analysis of genome-wide association studies and prospective cohort study.",The Lancet. Oncology,2;5,,"Journal Article;Meta-Analysis;Research Support, Non-U.S. Gov't"
32875324,2020,The Association Between Age at Initiation of Alcohol Consumption and Type 2 Diabetes Mellitus: A Cohort Study of 0.5 Million Persons in China.,American journal of epidemiology,1,,"Journal Article;Research Support, Non-U.S. Gov't"
32867859,2020,Body-mass index and long-term risk of sepsis-related mortality: a population-based cohort study of 0.5 million Chinese adults.,"Critical care (London, England)",1;8;13;14,,"Journal Article;Research Support, Non-U.S. Gov't"
32842310,2020,[Association between family history of diabetes and incident diabetes of adults: a prospective study].,Zhonghua yu fang yi xue za zhi [Chinese journal of preventive medicine],1;4;14,,Journal Article
32826226,2021,Association of physical activity with risk of hepatobiliary diseases in China: a prospective cohort study of 0.5 million people.,British journal of sports medicine,1;5;7,,Journal Article
32564541,2020,[Association between height loss and calcaneus bone mineral density in Chinese adults].,Zhonghua liu xing bing xue za zhi = Zhonghua liuxingbingxue zazhi,,,Journal Article
32522178,2020,"Regional economic development, household income, gender and hypertension: evidence from half a million Chinese.",BMC public health,1;6,,Journal Article
32447914,2020,[Association between snoring and hypertension among Zhejiang adults in a cross sectional study].,Zhonghua liu xing bing xue za zhi = Zhonghua liuxingbingxue zazhi,1;14,,Journal Article
32380244,2020,Solid fuel use for heating and risks of breast and cervical cancer mortality in China.,Environmental research,5;15,,"Journal Article;Research Support, Non-U.S. Gov't"
32371798,2020,"The association of outdoor temperature with blood pressure, and its influence on future cardio-cerebrovascular disease risk in cold areas.",Journal of hypertension,1;14,,"Journal Article;Research Support, Non-U.S. Gov't"
32325946,2020,The Paradox Association between Smoking and Blood Pressure among Half Million Chinese People.,International journal of environmental research and public health,1;4,,"Journal Article;Research Support, Non-U.S. Gov't"
32307596,2020,"Weight loss since early adulthood, later life risk of fracture hospitalizations, and bone mineral density: a prospective cohort study of 0.5 million Chinese adults.",Archives of osteoporosis,1;14,,"Journal Article;Research Support, Non-U.S. Gov't"
32221345,2020,Systemic inflammation is associated with incident stroke and heart disease in East Asians.,Scientific reports,1;14,14.2-stroke-cerebro,"Journal Article;Research Support, Non-U.S. Gov't"
32199125,2020,Socioeconomic differences in health-care use and outcomes for stroke and ischaemic heart disease in China during 2009-16: a prospective cohort study of 0·5 million adults.,The Lancet. Global health,1;6;14,14.2-stroke-cerebro,"Journal Article;Research Support, Non-U.S. Gov't"
32199124,2020,Mortality and recurrent vascular events after first incident stroke: a 9-year community-based study of 0·5 million Chinese adults.,The Lancet. Global health,1;6;14;17,14.2-stroke-cerebro,"Journal Article;Research Support, Non-U.S. Gov't"
32157821,2020,Association Between Fetal Exposure to Famine and Anthropometric Measures in Adulthood: A Regression Discontinuity Approach.,"Obesity (Silver Spring, Md.)",,,Journal Article
32111718,2020,"Habitual snoring, adiposity measures and risk of type 2 diabetes in 0.5 million Chinese adults: a 10-year cohort.",BMJ open diabetes research & care,1,,"Journal Article;Research Support, Non-U.S. Gov't"
32062942,2020,[Frequency of bowel movements and risk of Parkinson's disease: a prospective cohort study in adults in China].,Zhonghua liu xing bing xue za zhi = Zhonghua liuxingbingxue zazhi,11,,Journal Article
32062912,2019,[Association of body mass index and waist circumference with major chronic diseases in Chinese adults].,Zhonghua liu xing bing xue za zhi = Zhonghua liuxingbingxue zazhi,1;13;14,,Journal Article
32062911,2019,[The cut-off points of body mass index and waist circumference for predicting metabolic risk factors in Chinese adults].,Zhonghua liu xing bing xue za zhi = Zhonghua liuxingbingxue zazhi,1,,Journal Article
32049295,2020,Association of Depression With All-Cause and Cardiovascular Disease Mortality Among Adults in China.,JAMA network open,1;4,,"Journal Article;Research Support, Non-U.S. Gov't"
31988070,2020,Socioeconomic Status in Relation to Risks of Major Gastrointestinal Cancers in Chinese Adults: A Prospective Study of 0.5 Million People.,"Cancer epidemiology, biomarkers & prevention : a publication of the American Association for Cancer Research, cosponsored by the American Society of Preventive Oncology",5;6,,"Journal Article;Research Support, Non-U.S. Gov't"
31980495,2020,Association between adiposity measures and COPD risk in Chinese adults.,The European respiratory journal,1;13,,"Journal Article;Research Support, Non-U.S. Gov't"
31974579,2020,"Genetic risk, adherence to a healthy lifestyle, and type 2 diabetes risk among 550,000 Chinese adults: results from 2 independent Asian cohorts.",The American journal of clinical nutrition,1;2,,"Journal Article;Research Support, N.I.H., Extramural;Research Support, Non-U.S. Gov't"
31972151,2020,Cooking fuels and risk of all-cause and cardiopulmonary mortality in urban China: a prospective cohort study.,The Lancet. Global health,,,"Journal Article;Research Support, Non-U.S. Gov't"
31970429,2020,"Red meat, poultry and fish consumption and risk of diabetes: a 9 year prospective cohort study of the China Kadoorie Biobank.",Diabetologia,1,,"Journal Article;Research Support, Non-U.S. Gov't"
31924633,2020,Bowel movement frequency and risks of major vascular and non-vascular diseases: a population-based cohort study among Chinese adults.,BMJ open,1;5;11;13;14,,"Journal Article;Multicenter Study;Research Support, Non-U.S. Gov't"
31908799,2019,"Physical activity, sedentary leisure-time and risk of incident type 2 diabetes: a prospective study of 512 000 Chinese adults.",BMJ open diabetes research & care,1;7,,"Journal Article;Observational Study;Research Support, Non-U.S. Gov't"
31876618,2020,Menopause and risk of hip fracture in middle-aged Chinese women: a 10-year follow-up of China Kadoorie Biobank.,"Menopause (New York, N.Y.)",15,,"Journal Article;Research Support, Non-U.S. Gov't"
31783873,2019,Cooking frequency and hypertension with gender as a modifier.,Nutrition journal,1,,Journal Article
31768588,2020,Parenthood and risk of hip fracture: a 10-year follow-up prospective study of middle-aged women and men in China.,Osteoporosis international : a journal established as result of cooperation between the European Foundation for Osteoporosis and the National Osteoporosis Foundation of the USA,,,Journal Article
31754945,2020,"Soy intake and breast cancer risk: a prospective study of 300,000 Chinese women and a dose-response meta-analysis.",European journal of epidemiology,5,,Journal Article;Meta-Analysis
31745826,2020,"Pregnancy, pregnancy loss and the risk of diabetes in Chinese women: findings from the China Kadoorie Biobank.",European journal of epidemiology,1;15,,Journal Article
31711152,2020,Tea consumption and risk of stroke in Chinese adults: a prospective cohort study of 0.5 million men and women.,The American journal of clinical nutrition,1;14,14.2-stroke-cerebro,"Journal Article;Research Support, Non-U.S. Gov't"
31704783,2020,Early famine exposure and adult disease risk based on a 10-year prospective study of Chinese adults.,Heart (British Cardiac Society),1;14,,"Journal Article;Research Support, Non-U.S. Gov't"
31694922,2019,Insomnia symptoms and risk of cardiovascular diseases among 0.5 million adults: A 10-year cohort.,Neurology,1;13;14,,"Journal Article;Research Support, Non-U.S. Gov't"
31692116,2020,"Problem drinking, wellbeing and mortality risk in Chinese men: findings from the China Kadoorie Biobank.","Addiction (Abingdon, England)",4,,"Journal Article;Research Support, Non-U.S. Gov't"
31685026,2019,Adherence to a healthy lifestyle and all-cause and cause-specific mortality in Chinese adults: a 10-year prospective study of 0.5 million people.,The international journal of behavioral nutrition and physical activity,1;14,,"Journal Article;Research Support, Non-U.S. Gov't"
31642603,2020,Association between environmental tobacco smoke exposure and risk of type 2 diabetes mellitus in Chinese female never smokers: A population-based cohort study.,Journal of diabetes,1;4,,Journal Article
31576770,2019,Association Between Active Commuting and Incident Cardiovascular Diseases in Chinese: A Prospective Cohort Study.,Journal of the American Heart Association,1;7;14,,"Journal Article;Multicenter Study;Research Support, N.I.H., Extramural;Research Support, Non-U.S. Gov't"
31484254,2019,[Epidemiological characteristics and correlated factors of habitual snoring among Chinese aged 30 to 79 year-old].,Zhonghua liu xing bing xue za zhi = Zhonghua liuxingbingxue zazhi,,,Journal Article
31466528,2019,"Vitamin D and cause-specific vascular disease and mortality: a Mendelian randomisation study involving 99,012 Chinese and 106,911 European adults.",BMC medicine,1;10;14,,"Journal Article;Observational Study;Research Support, Non-U.S. Gov't"
31461308,2019,"Physical Activity, Sedentary Leisure Time, Circulating Metabolic Markers, and Risk of Major Vascular Diseases.",Circulation. Genomic and precision medicine,1;7;14,,"Journal Article;Research Support, Non-U.S. Gov't"
31399431,2019,"Genetic Predisposition to Type 2 Diabetes and Risk of Subclinical Atherosclerosis and Cardiovascular Diseases Among 160,000 Chinese Adults.",Diabetes,1;2;14,,"Journal Article;Research Support, N.I.H., Extramural;Research Support, Non-U.S. Gov't"
31357794,2019,[Study on correlation between alcohol consumption and obesity in adults in China].,Zhonghua liu xing bing xue za zhi = Zhonghua liuxingbingxue zazhi,1,,Journal Article
31326317,2019,Identification of risk loci and a polygenic risk score for lung cancer: a large-scale prospective cohort study in Chinese populations.,The Lancet. Respiratory medicine,2;5,,"Evaluation Study;Journal Article;Meta-Analysis;Research Support, Non-U.S. Gov't"
31200646,2019,The distribution and correlates of self-rated health in elderly Chinese: the China Kadoorie Biobank study.,BMC geriatrics,6;11,,"Journal Article;Research Support, Non-U.S. Gov't"
31199446,2019,Associations Between Hepatitis B Virus Infection and Risk of All Cancer Types.,JAMA network open,1;5;8,,"Journal Article;Multicenter Study;Observational Study;Research Support, Non-U.S. Gov't"
31177730,2019,[Association between fruit consumption and stroke in adults in Qingdao: a prospective study].,Zhonghua liu xing bing xue za zhi = Zhonghua liuxingbingxue zazhi,1;6;14,14.2-stroke-cerebro,Journal Article
31177729,2019,[Analysis on adulthood weight change in adults in China].,Zhonghua liu xing bing xue za zhi = Zhonghua liuxingbingxue zazhi,1;6;14,,Journal Article
31152367,2019,Association between tea consumption and risk of cancer: a prospective cohort study of 0.5 million Chinese adults.,European journal of epidemiology,5,,Journal Article
31152186,2019,Sex differences in the association between socioeconomic status and diabetes prevalence and incidence in China: cross-sectional and prospective studies of 0.5 million adults.,Diabetologia,1;6,,"Journal Article;Research Support, Non-U.S. Gov't"
31150080,2019,Assessment of the Role of Carotid Atherosclerosis in the Association Between Major Cardiovascular Risk Factors and Ischemic Stroke Subtypes.,JAMA network open,1;14,1.4-stroke-cardio;14.2-stroke-cerebro,"Journal Article;Observational Study;Research Support, Non-U.S. Gov't"
31133121,2019,[Spicy food intake increases the risk of overweight and obesity].,Wei sheng yan jiu = Journal of hygiene research,1,,Journal Article
31115907,2020,Cancer incidence in relation to body fatness among 0.5 million men and women: Findings from the China Kadoorie Biobank.,International journal of cancer,5,,"Journal Article;Research Support, Non-U.S. Gov't"
31095433,2019,Solid Fuel Use and Incident COPD in Chinese Adults: Findings from the China Kadoorie Biobank.,Environmental health perspectives,13,,Journal Article
31019987,2019,"Cardiovascular risk factors and Parkinson's disease in 500,000 Chinese adults.",Annals of clinical and translational neurology,1;11;14,,Journal Article
31006195,2019,[Association between the frequency of bowel movements and the risk of colorectal cancer in Chinese adults].,Zhonghua liu xing bing xue za zhi = Zhonghua liuxingbingxue zazhi,5,,Journal Article
31006194,2019,[Levels of skeletal muscle mass and handgrip strength in adults from 10 regions of China].,Zhonghua liu xing bing xue za zhi = Zhonghua liuxingbingxue zazhi,11,,Journal Article
30967410,2019,Chronic hepatitis B virus infection and total and cause-specific mortality: a prospective cohort study of 0.5 million people.,BMJ open,1;5;8,,"Journal Article;Research Support, Non-U.S. Gov't"
30955975,2019,Conventional and genetic evidence on alcohol and vascular disease aetiology: a prospective study of 500 000 men and women in China.,"Lancet (London, England)",1;14,,Journal Article
30858617,2019,Causal associations of blood lipids with risk of ischemic stroke and intracerebral hemorrhage in Chinese adults.,Nature medicine,1;2;14,14.2-stroke-cerebro,"Journal Article;Research Support, Non-U.S. Gov't"
30786877,2019,Patterns and trends of alcohol consumption in rural and urban areas of China: findings from the China Kadoorie Biobank.,BMC public health,1;6,,Journal Article
30784202,2019,"Associations between stressful life events and diabetes: Findings from the China Kadoorie Biobank study of 500,000 adults.",Journal of diabetes investigation,1,,Journal Article
30744262,2019,[Impact of menarche age on the near-term and long-term obesity of adult females].,Zhonghua liu xing bing xue za zhi = Zhonghua liuxingbingxue zazhi,1;15,,Journal Article
30744261,2019,[Prevalence of 'healthy lifestyle' in Chinese adults].,Zhonghua liu xing bing xue za zhi = Zhonghua liuxingbingxue zazhi,1;14,,Journal Article
30692555,2019,"Adiposity in relation to risks of fatty liver, cirrhosis and liver cancer: a prospective study of 0.5 million Chinese adults.",Scientific reports,1;5,,"Journal Article;Research Support, Non-U.S. Gov't"
30669727,2019,[Relationship between educational level and long-term changes of body weight and waist circumference in adults in China].,Zhonghua liu xing bing xue za zhi = Zhonghua liuxingbingxue zazhi,,,Journal Article
30669726,2019,[Study on genetic structure differences and adjustment strategies in different areas of China].,Zhonghua liu xing bing xue za zhi = Zhonghua liuxingbingxue zazhi,2,,Journal Article
30669722,2019,[Promoting the establishment of group standards in public health areas for China].,Zhonghua liu xing bing xue za zhi = Zhonghua liuxingbingxue zazhi,,,Journal Article
30665257,2019,Central adiposity in relation to risk of liver cancer in Chinese adults: A prospective study of 0.5 million people.,International journal of cancer,1;5,,"Journal Article;Research Support, Non-U.S. Gov't"
30592161,2019,Independent and interactive associations of heart rate and body mass index or blood pressure with type 2 diabetes mellitus incidence: A prospective cohort study.,Journal of diabetes investigation,1,,Journal Article
30580702,2019,Blood Pressure and Risk of Subarachnoid Hemorrhage in China.,Stroke,1;14,,Journal Article
30572374,2018,[Associations between family history of major chronic diseases and healthy lifestyles in Chinese adults].,Zhonghua liu xing bing xue za zhi = Zhonghua liuxingbingxue zazhi,1;14,,Journal Article
30462948,2018,[Epidemiological characteristics of household fuel use in 10 areas of China].,Zhonghua liu xing bing xue za zhi = Zhonghua liuxingbingxue zazhi,6,,Journal Article
30453429,2018,[Effect of famine exposure on the risk of chronic disease in later life among population in Harbin].,Zhonghua liu xing bing xue za zhi = Zhonghua liuxingbingxue zazhi,1;14,,Journal Article
30443748,2019,Tea consumption and bone health in Chinese adults: a population-based study.,Osteoporosis international : a journal established as result of cooperation between the European Foundation for Osteoporosis and the National Osteoporosis Foundation of the USA,,,Journal Article
30400175,2018,Habitual Tea Consumption and Risk of Fracture in 0.5 Million Chinese Adults: A Prospective Cohort Study.,Nutrients,,,Journal Article
30293310,2018,[Association between tea drinking and stroke in adults in Zhejiang province: a prospective study].,Zhonghua liu xing bing xue za zhi = Zhonghua liuxingbingxue zazhi,1;14,14.2-stroke-cerebro,Journal Article
30293305,2018,[Association between central obesity and risk for heart disease in adults in China: a prospective study].,Zhonghua liu xing bing xue za zhi = Zhonghua liuxingbingxue zazhi,1;13;14,,Journal Article
30067849,2018,Metabolic and lifestyle risk factors for acute pancreatitis in Chinese adults: A prospective cohort study of 0.5 million people.,PLoS medicine,1;5,,"Journal Article;Research Support, Non-U.S. Gov't"
29970599,2018,"Diabetes, plasma glucose and incidence of colorectal cancer in Chinese adults: a prospective study of 0.5 million people.",Journal of epidemiology and community health,1;5,,"Journal Article;Research Support, Non-U.S. Gov't"
29936752,2018,[Prospective study on the effect of BMI and waist circumference on diabetes of adults in Zhejiang province].,Zhonghua liu xing bing xue za zhi = Zhonghua liuxingbingxue zazhi,1;14,,Journal Article
29909773,2018,Chronic hepatitis B virus infection and risk of chronic kidney disease: a population-based prospective cohort study of 0.5 million Chinese adults.,BMC medicine,1;8;14,,"Journal Article;Research Support, Non-U.S. Gov't"
29907132,2018,Association between multiple comorbidities and self-rated health status in middle-aged and elderly Chinese: the China Kadoorie Biobank study.,BMC public health,1;4;8;11;13;14,,Journal Article
29886721,2018,Self-Rated Health Status and Risk of Incident Stroke in 0.5 Million Chinese Adults: The China Kadoorie Biobank Study.,Journal of stroke,1;14,14.2-stroke-cerebro,Journal Article
29872150,2018,Adiposity and risks of colorectal and small intestine cancer in Chinese adults: a prospective study of 0.5 million people.,British journal of cancer,5,,"Journal Article;Research Support, Non-U.S. Gov't"
29773119,2018,Adiposity and risk of ischaemic and haemorrhagic stroke in 0·5 million Chinese men and women: a prospective cohort study.,The Lancet. Global health,1;14,14.2-stroke-cerebro,"Journal Article;Research Support, Non-U.S. Gov't"
29734463,2018,"Diabetes, Plasma Glucose, and Incidence of Fatty Liver, Cirrhosis, and Liver Cancer: A Prospective Study of 0.5 Million People.","Hepatology (Baltimore, Md.)",1;5;8,,"Comparative Study;Journal Article;Multicenter Study;Research Support, Non-U.S. Gov't"
29718904,2018,Association of vitamin D with risk of type 2 diabetes: A Mendelian randomisation study in European and Chinese adults.,PLoS medicine,1;10,,"Journal Article;Meta-Analysis;Research Support, Non-U.S. Gov't"
29707772,2018,Association of low-activity ALDH2 and alcohol consumption with risk of esophageal cancer in Chinese adults: A population-based cohort study.,International journal of cancer,5,,Journal Article
29699030,2018,[Levels of calcaneus bone mineral density in adults from 10 regions of China].,Zhonghua liu xing bing xue za zhi = Zhonghua liuxingbingxue zazhi,,,Journal Article
29668705,2018,Age at natural menopause and associated factors in adult women: Findings from the China Kadoorie Biobank study in Zhejiang rural area.,PloS one,6;15,,"Journal Article;Research Support, Non-U.S. Gov't"
29548855,2018,Smoking and smoking cessation in relation to risk of diabetes in Chinese men and women: a 9-year prospective study of 0·5 million people.,The Lancet. Public health,1;4,,"Journal Article;Research Support, Non-U.S. Gov't"
29531747,2018,Patterns and management of chronic obstructive pulmonary disease in urban and rural China: a community-based survey of 25 000 adults across 10 regions.,BMJ open respiratory research,6;13,,Journal Article
29522945,2018,Association between major depressive episode and risk of type 2 diabetes: A large prospective cohort study in Chinese adults.,Journal of affective disorders,1;4;14,,"Journal Article;Research Support, Non-U.S. Gov't"
29495200,2018,[Family history and risk of coronary heart disease].,Zhonghua liu xing bing xue za zhi = Zhonghua liuxingbingxue zazhi,1;14,,Evaluation Study;Journal Article
29420958,2018,"Lipids, Lipoproteins, and Metabolites and Risk of Myocardial Infarction and Stroke.",Journal of the American College of Cardiology,1;14,14.2-stroke-cerebro,"Journal Article;Research Support, Non-U.S. Gov't"
29404576,2018,Hot Tea Consumption and Its Interactions With Alcohol and Tobacco Use on the Risk for Esophageal Cancer: A Population-Based Cohort Study.,Annals of internal medicine,4;5,,"Journal Article;Research Support, Non-U.S. Gov't"
29374887,2018,[Sex-specific associations between tobacco smoking and risk of cardiovascular diseases in Chinese adults].,Zhonghua liu xing bing xue za zhi = Zhonghua liuxingbingxue zazhi,1;4;14,,Journal Article
29306691,2018,Sleep behavior and depression: Findings from the China Kadoorie Biobank of 0.5 million Chinese adults.,Journal of affective disorders,4,,"Journal Article;Research Support, Non-U.S. Gov't"
29304221,2018,Type 2 Diabetes and Risk of Incident Cancer in China: A Prospective Study Among 0.5 Million Chinese Adults.,American journal of epidemiology,1;5,,"Journal Article;Research Support, Non-U.S. Gov't"
29298802,2018,Associations of General and Central Adiposity With Incident Diabetes in Chinese Men and Women.,Diabetes care,1,,"Journal Article;Research Support, Non-U.S. Gov't"
29271112,2018,"Smoking, alcohol, and diet in relation to risk of pancreatic cancer in China: a prospective study of 0.5 million people.",Cancer medicine,4;5,,Journal Article
29161448,2018,"Prenatal famine exposure, adulthood obesity patterns and risk of type 2 diabetes.",International journal of epidemiology,1,,"Journal Article;Research Support, N.I.H., Extramural;Research Support, Non-U.S. Gov't"
29158491,2017,Gallstone Disease and the Risk of Type 2 Diabetes.,Scientific reports,1;14,,Journal Article
29141327,2017,[Gender differences in stressful life events and depression in Chinese adults aged 30-79 years].,Zhonghua liu xing bing xue za zhi = Zhonghua liuxingbingxue zazhi,4,,Journal Article
29136356,2018,Age at natural menopause and risk of diabetes in adult women: Findings from the China Kadoorie Biobank study in the Zhejiang area.,Journal of diabetes investigation,1;15,,Journal Article
29120959,2018,"Effect of total, domain-specific, and intensity-specific physical activity on all-cause and cardiovascular mortality among hypertensive adults in China.",Journal of hypertension,1;7;13;14,,"Journal Article;Research Support, Non-U.S. Gov't"
29117982,2017,"Menopause Characteristics, Total Reproductive Years, and Risk of Cardiovascular Disease Among Chinese Women.",Circulation. Cardiovascular quality and outcomes,1;14;15,,Journal Article;Multicenter Study
28986011,2017,Trans-generational changes and rural-urban inequality in household fuel use and cookstove ventilation in China: A multi-region study of 0.5 million adults.,International journal of hygiene and environmental health,6,,"Journal Article;Research Support, Non-U.S. Gov't"
28939702,2017,Self-Rated Health Status and Risk of Ischemic Heart Disease in the China Kadoorie Biobank Study: A Population-Based Cohort Study.,Journal of the American Heart Association,1,,Journal Article;Multicenter Study
28900029,2017,Young adulthood and adulthood adiposity in relation to incidence of pancreatic cancer: a prospective study of 0.5 million Chinese adults and a meta-analysis.,Journal of epidemiology and community health,5,,Journal Article;Meta-Analysis
28784170,2017,"Pregnancy, pregnancy loss, and the risk of cardiovascular disease in Chinese women: findings from the China Kadoorie Biobank.",BMC medicine,1;14;15,,Journal Article
28738458,2017,[Associations between season of birth and age both at menarche and at menopause].,Zhonghua liu xing bing xue za zhi = Zhonghua liuxingbingxue zazhi,15,,Journal Article
28651394,2017,[Relationship between sleep status and the risk of diabetes in adults].,Zhonghua liu xing bing xue za zhi = Zhonghua liuxingbingxue zazhi,1,,Journal Article
28637778,2017,Breastfeeding and the Risk of Maternal Cardiovascular Disease: A Prospective Study of 300 000 Chinese Women.,Journal of the American Heart Association,1;14;15,,Journal Article;Multicenter Study;Observational Study
28605451,2018,"Age at Menarche and Incidence of Diabetes: A Prospective Study of 300,000 Women in China.",American journal of epidemiology,1;15,,"Journal Article;Research Support, Non-U.S. Gov't"
28593646,2017,"Cancer incidence and mortality: A cohort study in China, 2008-2013.",International journal of cancer,5,,"Comparative Study;Journal Article;Research Support, Non-U.S. Gov't"
28592782,2017,Family History and Stroke Risk in China: Evidence from a Large Cohort Study.,Journal of stroke,1;4;14,14.2-stroke-cerebro,Journal Article
28582543,2017,Adherence to a healthy lifestyle and the risk of type 2 diabetes in Chinese adults.,International journal of epidemiology,1,,"Journal Article;Research Support, U.S. Gov't, Non-P.H.S.;Research Support, N.I.H., Extramural;Research Support, Non-U.S. Gov't"
28468061,2017,"[Distributions and associations between duration of sleep, daytime naps and insomnia symptoms among Chinese adults].",Zhonghua liu xing bing xue za zhi = Zhonghua liuxingbingxue zazhi,1;13;14,,Journal Article
28468060,2017,[Associations between airflow obstruction and the risks of morbidity on major chronic diseases in Chinese adults: a prospective cohort study].,Zhonghua liu xing bing xue za zhi = Zhonghua liuxingbingxue zazhi,1;5;14,,Journal Article
28449053,2017,Fresh fruit consumption and all-cause and cause-specific mortality: findings from the China Kadoorie Biobank.,International journal of epidemiology,1;13,,"Journal Article;Research Support, Non-U.S. Gov't"
28407795,2017,The association between self-rated health and different anthropometric and body composition measures in the Chinese population.,BMC public health,,,Journal Article
28403155,2017,"Fruit consumption and physical activity in relation to all-cause and cardiovascular mortality among 70,000 Chinese adults with pre-existing vascular disease.",PloS one,1;7;14,,Journal Article
28399126,2017,Fresh fruit consumption in relation to incident diabetes and diabetic vascular complications: A 7-y prospective study of 0.5 million Chinese adults.,PLoS medicine,1,,"Journal Article;Research Support, Non-U.S. Gov't"
28335373,2017,Dietary Patterns and Insomnia Symptoms in Chinese Adults: The China Kadoorie Biobank.,Nutrients,13,,Journal Article
28268813,2016,Risk prediction for cardiovascular disease using ECG data in the China kadoorie biobank.,Annual International Conference of the IEEE Engineering in Medicine and Biology Society. IEEE Engineering in Medicine and Biology Society. Annual International Conference,1;3,,Journal Article
28259178,2017,Factors associated with spontaneous abortion: a cross-sectional study of Chinese populations.,Reproductive health,6;15,,Journal Article
28254173,2017,Adherence to Healthy Lifestyle and Cardiovascular Diseases in the Chinese Population.,Journal of the American College of Cardiology,1;14,,Journal Article
28231667,2017,[Association between body mass index and both total and cause-specific mortality in China: findings from data through the China Kadoorie Biobank].,Zhonghua liu xing bing xue za zhi = Zhonghua liuxingbingxue zazhi,1;13;14,,Journal Article
28230295,2017,Associations of domain-specific physical activities with insomnia symptoms among 0.5 million Chinese adults.,Journal of sleep research,13,,Journal Article
28128654,2017,Burden of carotid artery atherosclerosis in Chinese adults: Implications for future risk of cardiovascular diseases.,European journal of preventive cardiology,1,,Comparative Study;Journal Article
28100370,2017,[Associations between airflow obstruction and total and cause-specific mortality in adults in China].,Zhonghua liu xing bing xue za zhi = Zhonghua liuxingbingxue zazhi,1;13;14,,Journal Article
28077466,2017,Tea consumption and risk of ischaemic heart disease.,Heart (British Cardiac Society),1;14,,"Journal Article;Multicenter Study;Research Support, Non-U.S. Gov't"
28064359,2017,Season of birth and the risk of type 2 diabetes in adulthood: a prospective cohort study of 0.5 million Chinese adults.,Diabetologia,1;14,,Journal Article
28063165,2017,"Diabetes, plasma glucose and incidence of pancreatic cancer: A prospective study of 0.5 million Chinese adults and a meta-analysis of 22 cohort studies.",International journal of cancer,1;5,,Journal Article;Meta-Analysis
28057133,2016,[Association between age at menarche and height and leg length in adult women: findings from survey in 10 areas in China].,Zhonghua liu xing bing xue za zhi = Zhonghua liuxingbingxue zazhi,15,,Journal Article
28057132,2016,[Association between famine exposure during early life and BMI in adulthood].,Zhonghua liu xing bing xue za zhi = Zhonghua liuxingbingxue zazhi,1,,Journal Article
28003250,2016,Association of Major Depression With Risk of Ischemic Heart Disease in a Mega-Cohort of Chinese Adults: The China Kadoorie Biobank Study.,Journal of the American Heart Association,1;4,,"Journal Article;Multicenter Study;Research Support, Non-U.S. Gov't"
27836305,2017,"Age at menarche and risk of major cardiovascular diseases: Evidence of birth cohort effects from a prospective study of 300,000 Chinese women.",International journal of cardiology,1;14;15,,Journal Article;Multicenter Study
27765126,2016,[Association and interaction between age at menarche and risk of diabetes in adult women].,Zhonghua liu xing bing xue za zhi = Zhonghua liuxingbingxue zazhi,1;15,,Journal Article
27665439,2017,"The association between sleep duration, snoring and prevalent type 2 diabetes mellitus with regard to gender and menopausal status: the CKB study in Zhejiang rural area, China.",Acta diabetologica,1;6;7;15,,Journal Article
27649806,2017,Parenthood and the risk of cardiovascular diseases among 0.5 million men and women: findings from the China Kadoorie Biobank.,International journal of epidemiology,1;14,,"Journal Article;Research Support, Non-U.S. Gov't"
27539338,2016,"[Prevalence of diabetes and related factors in Pengzhou city, Sichuan province].",Zhonghua liu xing bing xue za zhi = Zhonghua liuxingbingxue zazhi,1;6,,Journal Article
27524817,2017,Adiposity in relation to age at menarche and other reproductive factors among 300 000 Chinese women: findings from China Kadoorie Biobank study.,International journal of epidemiology,1;15,,"Journal Article;Research Support, Non-U.S. Gov't"
27470992,2016,Association of Major Depressive Episodes With Stroke Risk in a Prospective Study of 0.5 Million Chinese Adults.,Stroke,1;4;14,14.2-stroke-cerebro,"Journal Article;Research Support, Non-U.S. Gov't"
27318909,2016,[Major depressive disorder in relation with coronary heart disease and stroke in Chinese adults aged 30-79 years].,Beijing da xue xue bao. Yi xue ban = Journal of Peking University. Health sciences,1;4;14,14.2-stroke-cerebro,"Journal Article;Research Support, Non-U.S. Gov't"
27301456,2016,A phenome-wide association study of a lipoprotein-associated phospholipase A2 loss-of-function variant in 90 000 Chinese adults.,International journal of epidemiology,1;2;3;13;14,,Journal Article
27193915,2016,Parenthood and the risk of diabetes in men and women: a 7 year prospective study of 0.5 million individuals.,Diabetologia,1,,"Journal Article;Research Support, Non-U.S. Gov't"
27087208,2016,"[Status of prevalence, awareness, treatment and controll on hypertension among adults in 10 regions, China].",Zhonghua liu xing bing xue za zhi = Zhonghua liuxingbingxue zazhi,1,,"Journal Article;Research Support, Non-U.S. Gov't"
27053236,2016,"Evaluation of type 2 diabetes genetic risk variants in Chinese adults: findings from 93,000 individuals from the China Kadoorie Biobank.",Diabetologia,1;2,,Journal Article
26975032,2016,The Burden of Hypertension and Associated Risk for Cardiovascular Mortality in China.,JAMA internal medicine,1,,"Journal Article;Research Support, Non-U.S. Gov't"
26850239,2015,[Characteristics of hypertension prevalence and related factors in rural area in Sichuan].,Zhonghua liu xing bing xue za zhi = Zhonghua liuxingbingxue zazhi,1;6,,"Journal Article;Research Support, Non-U.S. Gov't"
26850238,2015,[Association between sleep duration and stroke in adults].,Zhonghua liu xing bing xue za zhi = Zhonghua liuxingbingxue zazhi,1;7;14,14.2-stroke-cerebro,"Journal Article;Research Support, Non-U.S. Gov't"
26850237,2015,[Area specific differences in lung function indices and prevalence of airflow obstruction in adults: findings from people in 10 areas in China].,Zhonghua liu xing bing xue za zhi = Zhonghua liuxingbingxue zazhi,,,"Journal Article;Research Support, Non-U.S. Gov't"
26850236,2015,[Regional differences in adults' smoking pattern: findings from China Kadoorie Biobank study in 10 areas in China].,Zhonghua liu xing bing xue za zhi = Zhonghua liuxingbingxue zazhi,1;4;13;14,,"Journal Article;Research Support, Non-U.S. Gov't"
26850235,2015,[Regional differences in adults' tea drinking pattern: findings from China Kadoorie Biobank study in 10 areas in China].,Zhonghua liu xing bing xue za zhi = Zhonghua liuxingbingxue zazhi,,,"Journal Article;Research Support, Non-U.S. Gov't"
26850234,2015,[Regional specific differences in prevalence of overweight/obesity in China: findings from China Kadoorie Biobank study in 10 areas in China].,Zhonghua liu xing bing xue za zhi = Zhonghua liuxingbingxue zazhi,1,,"Journal Article;Research Support, Non-U.S. Gov't"
26814852,2015,[Differences in diet intake frequency of adults: findings from half a million people in 10 areas in China].,Zhonghua liu xing bing xue za zhi = Zhonghua liuxingbingxue zazhi,,,Journal Article
26714526,2015,"[Regional differences on patterns of physical activity and leisure sedentary time: findings from the China Kadoorie Biobank study, including a million people from 10 regions].",Zhonghua liu xing bing xue za zhi = Zhonghua liuxingbingxue zazhi,1;7;14,,"Journal Article;Research Support, Non-U.S. Gov't"
26272939,2015,Gallstone Disease and the Risk of Ischemic Heart Disease.,"Arteriosclerosis, thrombosis, and vascular biology",1;14,,"Journal Article;Research Support, N.I.H., Extramural;Research Support, U.S. Gov't, Non-P.H.S."
26242395,2015,Consumption of spicy foods and total and cause specific mortality: population based cohort study.,BMJ (Clinical research ed.),1;14,,"Journal Article;Research Support, N.I.H., Extramural;Research Support, Non-U.S. Gov't"
26184308,2015,Major Dietary Patterns in Relation to General and Central Obesity among Chinese Adults.,Nutrients,1;4,,"Journal Article;Research Support, N.I.H., Extramural;Research Support, Non-U.S. Gov't;Research Support, U.S. Gov't, Non-P.H.S."
25897789,2015,Gender-specific association between tobacco smoking and central obesity among 0.5 million Chinese people: the China Kadoorie Biobank Study.,PloS one,1;4,,"Journal Article;Research Support, Non-U.S. Gov't"
25876866,2015,[Epidemiology of major depressive episodes among Chinese adults aged 30-79 years: data from the China Kadoorie Biobank].,Zhonghua liu xing bing xue za zhi = Zhonghua liuxingbingxue zazhi,4,,"Journal Article;Research Support, Non-U.S. Gov't"
25848242,2015,COPD and its association with smoking in the Mainland China: a cross-sectional analysis of 0.5 million men and women from ten diverse areas.,International journal of chronic obstructive pulmonary disease,4;13,,"Journal Article;Multicenter Study;Research Support, Non-U.S. Gov't"
25716579,2015,"The associations of month of birth with body mass index, waist circumference, and leg length: findings from the China Kadoorie Biobank of 0.5 million adults.",Journal of epidemiology,7,,"Journal Article;Research Support, Non-U.S. Gov't"
25690792,2015,"Outdoor temperature, blood pressure, and cardiovascular disease mortality among 23 000 individuals with diagnosed cardiovascular diseases from China.",European heart journal,1,,"Journal Article;Research Support, Non-U.S. Gov't"
25652532,2015,Adiposity and blood pressure among 55 000 relatively lean rural adults in southwest of China.,Journal of human hypertension,1;6,,"Comparative Study;Journal Article;Research Support, Non-U.S. Gov't"
25623450,2014,"[Relationship between anthropometric measures and the prevalence of diabetes in adults of Suzhou city, Jiangsu province].",Zhonghua liu xing bing xue za zhi = Zhonghua liuxingbingxue zazhi,1,,Journal Article
25518843,2014,Spicy food consumption is associated with adiposity measures among half a million Chinese people: the China Kadoorie Biobank study.,BMC public health,1,,"Journal Article;Research Support, Non-U.S. Gov't"
25478177,2014,Regional variations in the prevalence and misdiagnosis of air flow obstruction in China: baseline results from a prospective cohort of the China Kadoorie Biobank (CKB).,BMJ open respiratory research,6,,Journal Article
25376674,2014,[Regional differences in patterns of alcohol consumption: findings from the China Kadoorie Biobank study on half a million people from 10 regions].,Zhonghua liu xing bing xue za zhi = Zhonghua liuxingbingxue zazhi,,,"English Abstract;Journal Article;Research Support, Non-U.S. Gov't"
25135908,2014,Season and outdoor temperature in relation to detection and control of hypertension in a large rural Chinese population.,International journal of epidemiology,1;6,,"Journal Article;Research Support, Non-U.S. Gov't"
25106853,2014,Patterns and socio-demographic correlates of domain-specific physical activities and their associations with adiposity in the China Kadoorie Biobank study.,BMC public health,,,"Journal Article;Research Support, Non-U.S. Gov't"
24639443,2014,Temporal trends of main reproductive characteristics in ten urban and rural regions of China: the China Kadoorie biobank study of 300 000 women.,International journal of epidemiology,6;15,,"Journal Article;Research Support, Non-U.S. Gov't"
24603814,2014,"Prevalence and correlates of airflow obstruction in ∼317,000 never-smokers in China.",The European respiratory journal,6;8;13,,Journal Article
24461961,2014,Use of drug treatment for secondary prevention of cardiovascular disease in urban and rural communities of China: China Kadoorie Biobank Study of 0.5 million people.,International journal of cardiology,1;6;14,,"Journal Article;Research Support, Non-U.S. Gov't"
24344928,2014,Associations of blood glucose and prevalent diabetes with risk of cardiovascular disease in 500 000 adult Chinese: the China Kadoorie Biobank.,Diabetic medicine : a journal of the British Diabetic Association,1;14,,"Journal Article;Research Support, Non-U.S. Gov't"
24290039,2013,"Depression, anxiety, and prevalent diabetes in the Chinese population: findings from the China Kadoorie Biobank of 0.5 million people.",Journal of psychosomatic research,1;4,,"Journal Article;Research Support, N.I.H., Extramural;Research Support, Non-U.S. Gov't"
24057999,2013,"Exhaled carbon monoxide and its associations with smoking, indoor household air pollution and chronic respiratory diseases among 512,000 Chinese adults.",International journal of epidemiology,4;19,,"Journal Article;Research Support, Non-U.S. Gov't"
23937832,2013,"[Seasonal variation of blood pressure and related factors in Chinese adults: a survey of over 50 000 people in Suzhou, China].",Zhonghua liu xing bing xue za zhi = Zhonghua liuxingbingxue zazhi,1,,"English Abstract;Journal Article;Research Support, Non-U.S. Gov't"
23918852,2013,"Alcohol consumption in 0.5 million people from 10 diverse regions of China: prevalence, patterns and socio-demographic and health-related correlates.",International journal of epidemiology,,,"Journal Article;Research Support, Non-U.S. Gov't"
23364014,2013,"Physical activity and sedentary leisure time and their associations with BMI, waist circumference, and percentage body fat in 0.5 million adults: the China Kadoorie Biobank study.",The American journal of clinical nutrition,1;7,,"Journal Article;Research Support, Non-U.S. Gov't"
22688260,2012,Seasonal variation in blood pressure and its relationship with outdoor temperature in 10 diverse regions of China: the China Kadoorie Biobank.,Journal of hypertension,1;6,,"Journal Article;Research Support, Non-U.S. Gov't"
22613372,2012,[The China Kadoorie Biobank: related methodology and baseline characteristics of the participants].,Zhonghua liu xing bing xue za zhi = Zhonghua liuxingbingxue zazhi,1,,"English Abstract;Journal Article;Research Support, Non-U.S. Gov't"
22158673,2011,"China Kadoorie Biobank of 0.5 million people: survey methods, baseline characteristics and long-term follow-up.",International journal of epidemiology,1,,"Journal Article;Research Support, Non-U.S. Gov't"
