pubmed_id,year,title,journal,themes,subthemes,publication_types
42227395,2026,"Proteome-wide Mendelian Randomization and Colocalization Nominate CD58, PARP1, and Immune Co-stimulatory Pathways as Genetically Supported Targets for Multiple Sclerosis.",Current neuropharmacology,2;9;10;14,,Journal Article
42227366,2026,Target Perturbation of Genetically Proxied Antidiabetic Drug Targets and Pneumonia Risk: A Mendelian Randomization Analysis.,Current topics in medicinal chemistry,1;2;10,,Journal Article
42223506,2026,The Association Between Immune Cells and Venous Thromboembolism: A Causal Inference Based on Mendelian Randomization.,Clinical and applied thrombosis/hemostasis : official journal of the International Academy of Clinical and Applied Thrombosis/Hemostasis,1;2;10,,Journal Article
42220297,2026,Decoding the lipid-migraine link: a genetic and lipidomic investigation of migraine subtypes.,Journal of oral & facial pain and headache,1;2;14,,Journal Article
42219961,2026,Integrative multi-omics Mendelian randomization reveals key lipid metabolism genes as therapeutic targets for diabetic nephropathy pathogenesis.,Renal failure,1;2;10,,Journal Article
42218054,2026,"Genetically predicted gut bacteria, circulating bacteria-associated metabolites and liver cancer: A Mendelian randomisation study.",Digestive and liver disease : official journal of the Italian Society of Gastroenterology and the Italian Association for the Study of the Liver,1;5;10,,Journal Article
42216396,2026,Lipid-lowering drugs and essential hemorrhagic thrombocythemia's risk: A drug-target Mendelian randomization study.,Medicine,1;2;10,,Journal Article
42216389,2026,Association between coffee consumption and the risk of thyroid cancer: A Mendelian randomization study.,Medicine,2;5;10,,Journal Article
42216352,2026,Gut microbiota may influence Sjögren's syndrome risk through immune cell mediation: A Mendelian randomization analysis.,Medicine,2;9;10,,Journal Article;Observational Study
42216331,2026,The causal role of plasma metabolites in breast cancer susceptibility mediated by immune cells: A two-sample Mendelian randomization analysis.,Medicine,2;5;10,,Journal Article
42210767,2026,Noninvasive early warning markers for ovarian cancer: a Mendelian randomization study.,Journal of gynecologic oncology,2;5;10,,Journal Article
42210128,2026,"Reduced HSD17B1 expression in preeclampsia: integrated transcriptomic, summary Mendelian randomization, immune deconvolution, and experimental validation.",BMC pregnancy and childbirth,1;2;10;15,,Journal Article
42209495,2026,GWAS of extended prescription analgesic use identifies genetic loci in chronic pain.,Nature communications,2;4,,Journal Article
42209116,2026,Investigating Bidirectional Causal Relationships Between Imaging-Derived Brain Phenotypes and Sedative-Hypnotic Use Disorder: A Mendelian Randomization Study.,Addiction biology,2;10,,Journal Article
42200571,2026,Inflammatory cytokines and metabolic pathways in osteomyelitis: Mendelian randomization insights and experimental validation.,Advances in clinical and experimental medicine : official organ Wroclaw Medical University,2;10,,Journal Article
42200243,2026,[Association of acute kidney injury with gut microbiota: a study integrating Mendelian randomization and real-world clinical cohort].,Zhonghua wei zhong bing ji jiu yi xue,1;2;10,,English Abstract;Journal Article
42199945,2026,Multi-Omics Mendelian Randomization and Colocalization Reveal Key Glycolipid Metabolism-Related Genes in Gestational Diabetes Mellitus.,International journal of women's health,1;2;10;15,,Journal Article
42199875,2026,Genetically Predicted Use of Common Analgesics and Risk of Chronic Obstructive Pulmonary Disease: A Bidirectional Mendelian Randomization Study.,International journal of chronic obstructive pulmonary disease,2;10;13,,Journal Article
42198964,2026,[Myricetin inhibits proliferation and migration of bladder cancer cells by inhibiting HSP90AA1-mediated AKT phosphorylation].,Nan fang yi ke da xue xue bao = Journal of Southern Medical University,5,,English Abstract;Journal Article
42196425,2026,Integration of Brain Proteomes and Genome-Wide Association Data Identifies GLO1 as a Candidate Causal Gene and Therapeutic Target for Restless Legs Syndrome.,International journal of molecular sciences,2,,Journal Article
42192083,2026,Discovering Age- and Sex-Specific Genetic Risk Factors in Sensorineural Hearing Loss: Genome-Wide Evidence from Large-Scale Biobanks.,Journal of the Association for Research in Otolaryngology : JARO,2;18,,Journal Article
42190866,2026,Hirsutism Beyond PCOS: Genome-wide Evidence for Genetic Factors.,The Journal of investigative dermatology,1;2;15,,Journal Article
42185861,2026,DNA demethylation of ANXA4 is associated with atrial fibrillation risk through myeloid immune mechanisms: evidence from Mendelian randomization and multi-omics analyses.,Clinical epigenetics,1;2;3;10,,Journal Article
42180398,2026,Causal relationship between oral diseases and hypertension: a Mendelian randomization study.,"Experimental biology and medicine (Maywood, N.J.)",1;2;10,,Journal Article
42178310,2026,Genome-wide meta-analysis identifies genetic drivers of bile acid metabolism in intrahepatic cholestasis of pregnancy.,Nature communications,1;2;15,,Journal Article
42178167,2026,Potential circadian rhythm-related pathogenic genes in diabetic nephropathy: a multi-omics Mendelian randomization study.,Renal failure,1;2;10;13,,Journal Article
42177912,2026,Epidermal Growth Factor Receptor Pathway Is a Potential Biological Mechanism in Inflammatory Bowel Disease-Induced Psoriasis.,Journal of gastroenterology and hepatology,2;9;12,,Journal Article
42175707,2026,Identifying Novel Biomarkers and Therapeutic Targets for Endometriosis: Integrative Analysis of the Plasma Proteome and Genome.,Mediators of inflammation,2;15,,Journal Article
42175494,2026,Unraveling the causal web of 4 adiposity indices and 92 multi-system outcomes: A body-wide Mendelian randomization study.,Medicine,1;2;10;13,,Journal Article
42175487,2026,The causal role of skin microbiota in rheumatoid arthritis via gut microbiota and immune cell mediation: A Mendelian randomization study.,Medicine,2;9;10,,Journal Article
42175454,2026,Causal effects of plasma protein-protein ratios on lung cancer subtypes: A proteome-wide Mendelian randomization and mediation analysis.,Medicine,2;5;10;12,,Journal Article
42175437,2026,Two-sample Mendelian randomization analysis unveils a potential genetic association between rheumatic diseases and the risk of idiopathic pulmonary fibrosis.,Medicine,2;9;10;13,,Journal Article
42174728,2026,GWAS-by-subtraction reveals new genetic architecture and health implications of type 2 diabetes-independent gestational diabetes mellitus.,Genome medicine,1;2;15,,Journal Article
42174554,2026,Causal effects of oral microbiome traits on female reproductive diseases: a two-sample Mendelian randomization study.,BMC women's health,2;10;15,,Journal Article
42173832,2026,Genetic variants affect diurnal glucose levels throughout the day.,Nature communications,1;2,,Journal Article
42173079,2026,Integrated network pharmacology and Mendelian randomization analysis to elucidate potential mechanisms of curcumin and resveratrol in myocardial infarction treatment.,The Journal of pharmacology and experimental therapeutics,1;2;10,,Journal Article
42171393,2026,Genetic and epidemiological analyses of alcohol consumption patterns and age-related macular degeneration risk among current drinkers: a role for TNFRSF10A.,Journal of global health,2;18,,Journal Article
42170302,2026,Bifidobacterium breve Promotes the Pathogenesis of IBS by Downregulating the Expression of Ferroptosis-Related Molecule ERBB1: A Mendelian Randomization Mediation Analysis.,Human mutation,2;5;10,,Journal Article
42164282,2026,Mendelian Randomization to Examine the Causal Effects of Cystatin on Ovarian Lesions.,International journal of women's health,2;5;10,,Journal Article
42163948,2026,Genetic Identification of Potential Drug Targets for Dental Caries: A Mendelian Randomization Study.,Health science reports,2;10,,Journal Article
42157969,2026,Multi-omics Mendelian randomization identifies mitochondrial genes associated with immune microenvironment signatures in endometriosis.,Frontiers in reproductive health,2;3;10;15,,Journal Article
42152330,2026,Bidirectional Mendelian randomization study reveals no causal association between polycystic ovary syndrome and IgA nephropathy.,Medicine,1;2;10;15,,Journal Article
42152301,2026,"Association between chronic diseases, herpes zoster and postherpetic neuralgia: A two-sample Mendelian randomization study.",Medicine,1;2;8;9;10;14,,Journal Article
42145868,2026,Bidirectional Mendelian Randomization Suggests Causal Effects of 731 Immunophenotypes on Vitiligo Pathogenesis.,"Clinical, cosmetic and investigational dermatology",2;10;12,,Journal Article
42134034,2026,DNA Methylation-Mediated Regulation of TAGLN2 Expression Promotes Pulmonary Arterial Hypertension.,Archives of medical research,1;2;13,,Journal Article
42125268,2026,Identification of Potential Oxidative Stress-Related Causal Genes for Calculus of Kidney and Ureter: A Multi-Omics Mendelian Randomization Analysis.,"Kidney diseases (Basel, Switzerland)",2;4;10,,Journal Article
42118391,2026,Causal effects of life-course obesity on sleep apnoea: a Mendelian randomization study.,Internal and emergency medicine,1;2;10,,Journal Article
42118116,2026,Exploring mitochondrial genetic features in intervertebral disc degeneration through multi-omics integration analyses.,"The journals of gerontology. Series A, Biological sciences and medical sciences",2,,Journal Article
42116383,2026,Mendelian randomization analysis links HLA-DR+ CD14- CD16+ monocytes to CCL19-driven ankylosing spondylitis risk.,Medicine,2;8;9;10,,Journal Article
42116317,2026,"Sedentary behavior, physical activity, psychological well-being, and gynecologic and obstetric disorders: A multivariable Mendelian randomization and mediation analysis.",Medicine,2;4;7;10;15,,Journal Article
42116291,2026,Potential therapeutic targets for multisite chronic pain: A proteome-wide Mendelian randomization study.,Medicine,2;4;10,,Journal Article
42116288,2026,Large-scale searching for causal relationships of milk consumption with multi-omics and disease susceptibility: A phenome-wide Mendelian randomization study.,Medicine,2;5;10,,Journal Article
42114461,2026,Potential extracellular matrix-associated pathogenic genes in skin fibrosis: A multi-omics Mendelian randomization study.,Burns : journal of the International Society for Burn Injuries,2;10,,Journal Article
42112763,2026,Genetic Evidence Linking Inflammatory Cytokines and Blood Metabolites to Heart Failure Risk.,Cardiovascular therapeutics,1;2,,Journal Article
42112340,2026,Identification of new overlapping and disease-specific genetic risk factors for rheumatoid arthritis and radiographic axial spondyloarthritis: a meta-analysis of three large European populations and functional characterization.,Frontiers in immunology,2;9,,Journal Article;Meta-Analysis
42112149,2026,Systematic review and meta-analysis of risk factors for erectile dysfunction after stroke: a Mendelian randomization approach.,Sexual medicine,1;2;10;14,14.2-stroke-cerebro,Journal Article
42110619,2026,Exploring the association between gut microbiota and venous thromboembolism using a Mendelian randomization analysis.,Archives of medical science : AMS,1;2;10,,Journal Article
42106630,2026,Association between Guillain-Barré syndrome and 7 autoimmune diseases: a mendelian randomization study.,BMC neurology,1;2;9;10;12;13,,Journal Article
42104642,2026,Causal Interplay Between Inflammatory Cytokines and Lipid Metabolites in Serous Ovarian Carcinoma: Insights From a Genetic Association Study.,Journal of clinical laboratory analysis,1;2;5,,Journal Article
42098041,2026,Druggable Genome-Wide Mendelian Randomization Identifies Therapeutic Targets and DNA Methylation-Mediated Regulation in Urological Malignancies.,Technology in cancer research & treatment,2;5;10,,Journal Article
42092244,2026,[Study on the causal relationship between serum albumin and carpal tunnel syndrome and the mediating role of leptin].,Zhonghua lao dong wei sheng zhi ye bing za zhi = Zhonghua laodong weisheng zhiyebing zazhi = Chinese journal of industrial hygiene and occupational diseases,2;14,,English Abstract;Journal Article
42087449,2026,Evaluation of Genetics in the Association Between Cardiorespiratory Fitness and Health: Insights from a Genome-Wide Polygenic Score for Cardiorespiratory Fitness in the FinnGen and HUNT cohorts.,Scandinavian journal of medicine & science in sports,1;2;5;13;14,,Journal Article
42086352,2026,Genetic evidence for associations between food intake and prostatic diseases: a Mendelian randomization study.,The Canadian journal of urology,2;5;10,,Journal Article
42085056,2026,Gender-specific Causal Relationship between Sex Hormones and Carpal Tunnel Syndrome: A Mendelian Randomisation Study.,The Nigerian postgraduate medical journal,2;10;14,,Journal Article;Meta-Analysis
42083616,2026,Causal effect of gut Streptococcus abundance on maternal genitourinary infection during pregnancy: a two-sample Mendelian randomization study.,3 Biotech,2;3;8;10;15,,Journal Article
42083122,2026,Machine Learning-Based Prediction of Drug-Induced QTc Changes in a Large Finnish Biobank Cohort.,Clinical and translational science,2;3;16,,Journal Article
42079477,2026,Genetically Predicted t6A (a tRNA-Derived Adenosine Modification) and Risk of Bullous Pemphigoid: A Two-Sample Mendelian Randomization Study.,"Clinical, cosmetic and investigational dermatology",2;9;10;12,,Journal Article
42078410,2026,Shared Risk Genes and Casual Relationships across Sex Hormone Related Traits and Alzheimer's Disease.,medRxiv : the preprint server for health sciences,2;11;15,,Journal Article;Preprint
42074584,2026,Multi-Omics Mendelian Randomization and Clinical Validation Implicate NLRP6 as a Candidate Autophagy-Related Gene in Systemic Lupus Erythematosus.,Genes,2;9;10,,Journal Article
42071857,2026,"Causal relationship between circulating immune cells, cytokines and different types of autoimmune liver diseases: A univariable and multivariable Mendelian randomization study.",Medicine,2;9;10,,Journal Article
42071849,2026,Integrative Mendelian randomization reveals the mediating role of immune cell traits in the causal pathway from gene expression to neonatal bacterial sepsis.,Medicine,2;8;10,,Journal Article
42071838,2026,DNA methylation-regulated ZDHHC5 and PPT1 in the pathogenesis of osteoporosis.,Medicine,2,,Journal Article
42069741,2026,Population-based genome-wide association study of plasma complex lipid species.,Nature communications,1;2,,"Journal Article;Research Support, Non-U.S. Gov't"
42067686,2026,Focus on M2-TAMs and gastric cancer: a Mendelian randomization and bioinformatics analysis.,Molecular genetics and genomics : MGG,2;5;10,,Journal Article
42067089,2026,Identifying THBS3 as a potentially viable therapeutic target for gastric cancer: Intergration of Mendelian randomization and cell experiments validation study.,International journal of biological macromolecules,2;5;10,,Journal Article
42058724,2026,Genetic Evidence Links Gestational Diabetes Mellitus to Increased ER-Negative Breast Cancer Risk Through a Mendelian Randomization Analysis.,International journal of endocrinology,1;2;5;10;15,,Journal Article
42058110,2026,The causal relationship in hypertensive encephalopathy: mechanistic analysis of five specific circulating cytokines.,"Open medicine (Warsaw, Poland)",1;2;5;14,,Journal Article
42054755,2026,Causal associations between plasma metabolites and head and neck cancer: a bidirectional Mendelian randomization study.,Brazilian journal of otorhinolaryngology,2;5;10,,Journal Article
42051519,2026,Identification of key biomarkers for myocardial infarction by multi-omics analysis and machine learning.,Frontiers in immunology,1;2;3,,Journal Article
42051091,2026,Exploring Risk Drugs and Mechanisms in Dystonia: Insights from Pharmacovigilance and Proteogenomics.,Current neuropharmacology,2;11;14,,Journal Article
42050911,2026,Exploring the causal effect of genetically predicted blood and cerebrospinal fluid metabolites and metabolic pathways on intracranial aneurysm.,The Journal of international medical research,1;2;14,,Journal Article;Meta-Analysis
42047863,2026,The effects of micronutrients on the risk of upper gastrointestinal diseases: a two-sample Mendelian randomization study.,European journal of nutrition,2;5;10,,Journal Article
42047173,2026,The causality between gut microbiota and ectopic pregnancy based on genome-wide association: A Mendelian randomization study.,African journal of reproductive health,2;10;15,,Journal Article
42045633,2026,Genome-wide association study identifies protective genetic factors in active blood donors against multiple diseases.,European journal of human genetics : EJHG,2,,Journal Article
42032965,2026,Causal relationships of inflammatory cytokines and serum metabolites with colorectal carcinoma: A Mendelian randomization study.,Zhong nan da xue xue bao. Yi xue ban = Journal of Central South University. Medical sciences,2;5;10,,Journal Article
42026994,2026,Causal association between systemic diseases and periodontitis: a twoway two-sample Mendelian randomization study.,"Quintessence international (Berlin, Germany : 1985)",1;2;10;14;18,,Journal Article
42025820,2026,Exploring the regulatory mechanisms of antidiabetic drugs on osteoporosis and Bone mineral density.,Experimental gerontology,2,,Journal Article
42025426,2026,Systematic elucidation of the cross-omics regulatory network in chronic rhinosinusitis: the LAT-IL23R metabolic axis.,Brazilian journal of otorhinolaryngology,2;18,,Journal Article
42025296,2026,DNA Methylation Regulates CDK5R1 and NRBP1 to Exert Effects on Alcohol Dependence: Insights From Mendelian Randomization.,Addiction biology,2;10,,Journal Article
42024473,2026,Pan-cancer polygenic risk score associates with cancer susceptibility following kidney transplantation.,JCI insight,2;5,,Journal Article
42024114,2026,Identification of LRP8 as a potential therapeutic target for irritable bowel syndrome from the proteomes of plasma and cerebrospinal fluid in a Mendelian randomization study.,Revista espanola de enfermedades digestivas,2;4;10,,Journal Article
42019808,2026,Causal statistical association between remnant cholesterol and coronary heart disease: genetic insights into the PSRC1-CELSR2-SORT1 gene cluster.,Journal of lipid research,1;2,,Journal Article
42015547,2026,Inhibition of adenosine kinase alleviates hypertrophic cardiomyopathy by ameliorating coronary microvascular dysfunction.,ESC heart failure,1;2,,Journal Article
42011270,2026,The Role of Vitamin B6 and Folate-Related Pathways Involved in Gut Microbial Composition in the Development of Preeclampsia: Metabolome-Wide Mendelian Randomization Analysis.,Health science reports,1;2;10;15,,Journal Article
42010892,2026,Higher Body Mass Index Is a Causal Risk Factor for Skin Infections: A Mendelian Randomisation Study Using UK Biobank and FinnGen.,"Diabetes, obesity & metabolism",2;10,,Journal Article
42010886,2026,Genetic risk factors in Finnish patients with Fuchs endothelial corneal dystrophy.,Acta ophthalmologica,2,,Journal Article
42007325,2026,Causal Effects of Common Pregnancy Complications on Neonatal Birth Weight: A Mendelian Randomization Study.,International journal of women's health,1;2;10;15,,Journal Article
42006396,2026,Obstructive Sleep Apnea and Female Reproductive Endocrine Diseases: A Mendelian Randomization and Mediation Analysis.,International journal of endocrinology,1;2;10;13;15,,Journal Article
42005973,2026,Decoding the Causal Effects of Blood-Related Phenotypes in Hypertrophic Scars and Keloids: A Mendelian Randomization Study.,"Clinical, cosmetic and investigational dermatology",2;10;12,,Journal Article
42002509,2026,Causal effects of oxidative stress on hypertension: insights integrating multi-omics and colocalization analyses.,"Nutrition, metabolism, and cardiovascular diseases : NMCD",1;2;4;16,,Journal Article
42001686,2026,Integrated multi-omics and machine learning highlight PTM-related genes as potential biomarkers in endometrial cancer.,Translational oncology,3;5;15,,Journal Article
41995538,2026,Extensive peripheral immune cell phenotypes and nephrotic syndrome: Tracing causality through genetics - a bilateral Mendelian randomization study.,Medicine,1;2;10,,Journal Article
41995537,2026,Causal evidence linking injury-associated DNA methylation to the risk of developing depression or post-traumatic stress disorder.,Medicine,2;4,,Journal Article
41995490,2026,No causal effect between prostatitis and erectile dysfunction: Insights from a 2-sample bidirectional Mendelian randomization study.,Medicine,2;10,,Journal Article
41992590,2026,"Genetic Association of Sexual Behavior, Sildenafil, and Hormonal Contraceptives With Mental Disorders.",CNS neuroscience & therapeutics,2;4,,Journal Article
41991682,2026,Cell-type-specific causal effects of CEBPD in CD8 + S100B + Tcells and ZFP36 in monocytes modulate the protective and risk phenotypes in psoriasis.,Mammalian genome : official journal of the International Mammalian Genome Society,2;3;9;12,,Journal Article
41990104,2026,Systematic prioritization of potential therapeutic targets for glomerulonephritis using multi-omics Mendelian randomization.,PLoS computational biology,1;2;10,,Journal Article
41988141,2026,S100A12 as a Shared Inflammatory Driver of Intervertebral Disc Degeneration and Osteoporosis: A Mendelian Randomization and Experimental Study.,Journal of inflammation research,2;10,,Journal Article
41988095,2026,Causal Effects of Diet on Atopic Dermatitis: A Mendelian Randomization Study Implicating Lipid Pathways and Clinical Implications.,"Clinical, cosmetic and investigational dermatology",1;2;10;12,,Journal Article
41984189,2026,"Multi-omics analysis of perfluorooctanoic acid and glioblastoma: insights from Mendelian randomization, network toxicology, and molecular docking.",Naunyn-Schmiedeberg's archives of pharmacology,2;5;10,,Journal Article
41981742,2026,Investigating the genetic association between synaptic genes and Parkinson's disease risk.,"The journals of gerontology. Series A, Biological sciences and medical sciences",2;11,,Journal Article
41978582,2026,Pulmonary-Intestinal Axis: Shared Genetic Basis and Mediating Factors Identified Through Multi-Omics Analysis.,International journal of chronic obstructive pulmonary disease,1;2;11;13,,Journal Article
41967304,2026,Genetic predisposition to smoking and the risk of Carpal Tunnel Syndrome: a mendelian randomization study.,"Clinics (Sao Paulo, Brazil)",2;4;10;14,,Journal Article
41961712,2026,Causal effects of Epstein-Barr virus antibodies on autoimmune neuroinflammatory diseases: A generalised summary data-based Mendelian randomisation study.,Medicine,2;8;9;10;14,,Journal Article
41961674,2026,Evaluating the causal role of LEPR signaling in 16 cancers: A drug-target Mendelian randomization study.,Medicine,2;5;10;12,,Journal Article
41961647,2026,Celiac disease increases the risk of pulmonary arterial hypertension: A multivariable Mendelian randomization and mediation analysis.,Medicine,1;2;9;10;13,,Journal Article;Meta-Analysis
41956766,2026,[Inflammatory bowel disease increases the risk of hearing loss via autoimmunity: a Mendelian randomization study].,Zhonghua er bi yan hou tou jing wai ke za zhi = Chinese journal of otorhinolaryngology head and neck surgery,2;9;10;18,,English Abstract;Journal Article
41955302,2026,Genetic variation near ROBO1 is associated with craniofacial microsomia and related phenotypes in the Finnish population.,Human molecular genetics,2,,Journal Article
41954593,2026,Opportunistic Screening of High-Risk Breast Cancer Variants in Hospital Biobank Setting.,"Cancer epidemiology, biomarkers & prevention : a publication of the American Association for Cancer Research, cosponsored by the American Society of Preventive Oncology",5,,Journal Article
41954291,2026,Genetic Correlations and Causal Relationships Among Allergic Diseases: A Comprehensive Mendelian Randomization Study With Multiomic Mediation Analysis.,Mediators of inflammation,2;10;12;13;18,,Journal Article
41951048,2026,Antidiabetic drug effects on gastrointestinal health: convergent evidence from a longitudinal cohort and Mendelian randomization study.,Journal of advanced research,1;2;5;10,,Journal Article
41948706,2026,Circulating Plasma Proteins Influence the Risk of Aortic Dissection via Blood Pressure: A Network Mendelian Randomization and Multi-Omics Study.,Journal of inflammation research,1;2;10,,Journal Article
41943070,2026,"Triglyceride-glucose index, plasma metabolome and aortic stenosis: a Mendelian randomization analysis.",Journal of cardiothoracic surgery,1;2;10,,Journal Article
41941971,2026,The effect of SGLT2 inhibition on immune cells and transplant rejection/failure: A drug-targeted mendelian randomization study.,Transplant immunology,1;2;10,,Journal Article
41940328,2026,Genetic evidence for causal roles of circulating proteins on breast cancer susceptibility.,iScience,2;5,,Journal Article
41939841,2026,Genetic pharmacoepidemiology of JAK inhibitors in chronic immune-mediated skin diseases: implications for precision therapy and medication safety.,Frontiers in pharmacology,2;5;8;9;12,,Journal Article
41938706,2026,Interplay between genetically predicted gut microbiota and chronic apical periodontitis: a Mendelian randomization analysis.,Journal of oral microbiology,2;10,,Journal Article
41937214,2026,Integrating single-cell transcriptomics and epigenetics in a multi-omics MR framework identifies PARK7 as a causal gene in streptococcal septicemia.,Epigenetics & chromatin,2,,Journal Article
41931314,2026,Hyperthyroidism drives gout risk: A Mendelian randomization observational study.,Medicine,2;10,,Journal Article;Observational Study
41926501,2026,"Protective Causal Effects of CCL19, CCL23, and IL17A on Achilles Tendinitis: Insights from Bidirectional Mendelian Randomization and Metabolite-Mediated Pathway Analysis.",Orthopedic research and reviews,2;10,,Journal Article
41926080,2026,Metabolic-renal disease genetic architecture revealed by genomic structural equation modeling.,Journal of molecular endocrinology,1;2,,Journal Article
41919146,2026,The gut microbiota and plasma metabolites on functional dyspepsia: a study integrating Mendelian randomization and experimental validation.,Frontiers in medicine,2;10,,Journal Article
41914530,2026,A Risk Factor Atlas for Allergy-Related Airway Diseases: Evidence From Multi-Biobank Genetic Study.,"Allergy, asthma & immunology research",1;2;4;7;9;12;13;18,,Journal Article
41914438,2026,Causal Associations of Cerebrospinal Fluid and Circulating Metabolites With Malignant Brain Neoplasms: A Mendelian Randomization Analysis.,Brain and behavior,2;5;10,,Journal Article
41908943,2026,Computational and Experimental Biology Reveals Dihydroartemisinin's Efficacy Against Steroid-Induced Osteonecrosis of the Femoral Head Adjusting Ferroptosis via CCL17-PRDX6.,"Drug design, development and therapy",2;11,,Journal Article
41898761,2026,Investigating the Inflammatory Link Between Vitamin D and Hidradenitis Suppurativa: A Systematic Review and Causal Inference Analysis.,International journal of molecular sciences,2;12,,Journal Article;Systematic Review;Review
41895592,2026,Causal Effect of Multicohort Circulating Proteome on the Risk of Aortic Aneurysm: A Mendelian Randomization Study.,Annals of vascular surgery,1;2;10,,Journal Article
41891036,2026,Genome-wide association meta-analyses over one million individuals identify 54 loci associated with urinary incontinence and its subtypes.,medRxiv : the preprint server for health sciences,2;4;15,,Journal Article;Preprint
41890708,2026,CCS-mediated mechanistic link between gestational diabetes mellitus and carpal tunnel syndrome: a multi-omics MR framework.,Frontiers in immunology,1;2;14;15,,Journal Article
41888349,2026,Risk assessment of secondary primary malignancies: results from two large prospective European cohorts.,NPJ precision oncology,2;5,,Journal Article
41888180,2026,Blood donor biobank pipeline to collect genome-based samples for research.,Scientific reports,2,,Journal Article
41885234,2026,Mendelian randomization implicates circulating plasma proteins in gout risk and identifies candidate therapeutic targets.,International journal of immunopathology and pharmacology,2;10,,Journal Article
41884603,2026,Proposing an Optimized Prediction Model for Pancreatic Cancer Based on Mendelian Randomization Analysis of Fibrinogen Levels and Urinary Protein Excretion Rate.,Clinical Medicine Insights. Oncology,2;5;10,,Journal Article
41884417,2026,Identification of Potential Therapeutic Targets for Xihuang Pill in Breast Cancer: A Mendelian Randomization and Experimental Study.,Breast cancer (Dove Medical Press),2;5;10,,Journal Article
41884389,2026,Integrative Multi-Omics and Experimental Analyses Identify TAPBP as a Key Mediator Linking Genetic Susceptibility to Melanocyte Dysfunction in Vitiligo.,"Clinical, cosmetic and investigational dermatology",2;12,,Journal Article
41880212,2026,"Causal links between gut microbiota, metabolites, and diffuse large B-cell lymphoma: Evidence from a Mendelian randomization study.",Advances in clinical and experimental medicine : official organ Wroclaw Medical University,2;5;10,,Journal Article
41878282,2026,Integrative genomics reveal genetic links of chronic cough with risk factors and brain regional volumes.,ERJ open research,2;13,,Journal Article
41876152,2026,Cohort profile: the Mendelian randomisation in pregnancy (MR-PREG) collaboration - improving evidence for prevention and treatment of adverse pregnancy and perinatal outcomes.,BMJ open,2;4;10;15,,Journal Article
41874860,2026,Genetic Evidence Supports a Potential Role of WTAP-related m6A Regulation in Vascular Dementia: Insights from Mendelian Randomization and Multi-omics Analyses.,Journal of molecular neuroscience : MN,2;10;11;14,,Journal Article
41873862,2026,Oxidative Stress-Related Genome-Wide Mendelian Randomization Identifies Causal Genes for Coronary Artery Disease.,Cardiovascular therapeutics,1;2;4;10,,Journal Article;Meta-Analysis
41870236,2026,PCSK9 and Breast Cancer Survival: A Mendelian Randomization Study.,"Cancer epidemiology, biomarkers & prevention : a publication of the American Association for Cancer Research, cosponsored by the American Society of Preventive Oncology",1;2;5;10,,Journal Article
41869993,2026,The Causal Role of Circulating Inflammatory Cytokines in Brain Tumors: Insights from Genetic Epidemiology.,Immunological investigations,2;5,,Journal Article
41869075,2026,Identification of potential biomarkers and therapeutic targets for liver cirrhosis based on Mendelian randomization and machine learning.,Biochemistry and biophysics reports,1;2;3;10,,Journal Article
41868050,2026,Evaluating the Role of Lipid Accumulation Product Index in Endometriosis: Findings from NHANES and Mendelian Randomization.,International journal of women's health,1;2;10;15,,Journal Article
41866693,2026,A two-sample Mendelian Randomization study on the causal relationship between obesity and breast cancer.,Clinical nutrition ESPEN,1;2;5;10,,Journal Article
41861673,2026,Quantifying risk modifiers of hereditary hemochromatosis using genomic and electronic health record data.,JHEP reports : innovation in hepatology,2;3;10,,Journal Article
41861211,2026,Association of gestational diabetes mellitus with intrahepatic cholestasis of pregnancy: A 2-sample Mendelian randomization analysis utilizing FinnGen consortium data.,Medicine,1;2;10;15,,Journal Article
41861178,2026,Exploratory Mendelian randomization analysis: The genetic susceptibility of CT examination preference and the risk of hypertrophic cardiomyopathy.,Medicine,1;2;10,,Journal Article
41851812,2026,Aerobic Fitness and Health-Related Phenotypes: A Two-Stage Phenome-Wide Mendelian Randomization Study.,Medicine and science in sports and exercise,1;2;10;13;14,,Journal Article
41850335,2026,Genome-wide meta-analysis in lichen sclerosus identifies 14 genomic risk loci.,The British journal of dermatology,2;12,,Journal Article
41849624,2026,A Genomic Convergence: Mapping Shared Causal Loci between Heart Failure and Arrhythmias.,Cardiology,1;2,,Journal Article
41849060,2026,Genetic causal association between kidney stones and proton pump inhibitors.,International urology and nephrology,1;2,,Journal Article
41844385,2025,The association between immune cells and acute kidney injury: insights from Mendelian randomization.,Renal failure,1;2;10,,Journal Article
41837488,2026,"Biomarker-Based Analysis of the Association Between Obstructive Sleep Apnea Syndrome and Oxidative Stress: A Univariable, Bidirectional, and Multivariable Mendelian Randomization Study.",Current medicinal chemistry,2;4;10;13,,Journal Article
41836453,2026,Bidirectional Mendelian Randomization Analysis of 338 Cerebrospinal-Fluid Metabolites and Cluster-Headache Risk.,Journal of pain research,2;10;14,,Journal Article
41832569,2026,Multi-omics Mendelian randomization prioritizes BMP6 as a candidate therapeutic target in intervertebral disc degeneration.,Journal of orthopaedic surgery and research,2;10,,Journal Article
41824808,2026,Erythropoietin drug targets and cancer risk: A two-sample Mendelian randomization study.,Medicine,2;5;10,,Journal Article
41821648,2026,A Cross-Tissue Transcriptome Association Study Revealed Novel Susceptibility Genes for Chronic Obstructive Pulmonary Disease.,International journal of chronic obstructive pulmonary disease,2;13,,Journal Article
41821112,2026,Mendelian randomization reveals DNA methylation-related pyroptosis genes associated with psoriasis risk.,Clinical epigenetics,2;9;10;12,,Journal Article
41819985,2026,Placental weight may influence preeclampsia or eclampsia risk through modulating lipid metabolism: a mediation Mendelian randomization analysis.,"The journal of maternal-fetal & neonatal medicine : the official journal of the European Association of Perinatal Medicine, the Federation of Asia and Oceania Perinatal Societies, the International Society of Perinatal Obstetricians",1;2;10;15,,Journal Article
41819524,2026,Integrative Mendelian randomization and experimental validation unveil novel druggable targets in primary biliary cholangitis.,European journal of pharmacology,2;10,,Journal Article
41812932,2026,Genetic assessment of the causal relationship between obstructive sleep apnea and pulmonary hypertension: Mendelian randomization and meta-analysis.,Respiratory medicine,1;2;10;13,,"Journal Article;Meta-Analysis;Research Support, Non-U.S. Gov't"
41812606,2026,Role of lipid metabolites in mediating causal effects of gut microbiota on type 2 diabetes mellitus.,Computational biology and chemistry,1;2,,Journal Article
41811388,2026,"Comprehensive Analysis of IgA Nephropathy Causal Factors in Plasma Proteins, Immune Cell Types, and Immune Cell Traits.",Clinical journal of the American Society of Nephrology : CJASN,1;2,,Journal Article
41810366,2026,"Triglyceride-rich lipoproteins, low-density lipoproteins, and risk of abdominal aortic aneurysm.",medRxiv : the preprint server for health sciences,1;2,,Journal Article;Preprint
41810034,2026,Dissecting the Genetic Basis of Low Back Pain Independent of BMI Through Genomic Structural Equation Modeling.,Journal of pain research,1;2;3;4,,Journal Article
41807677,2026,Novel genetic insights: Mendelian randomization implicates Felty Syndrome in atrial fibrillation risk.,Clinical rheumatology,1;2;9;10,,Journal Article
41806534,2026,Atopic dermatitis and chronic sinusitis: a two-sample Mendelian randomized study.,Brazilian journal of otorhinolaryngology,2;10;12,,Journal Article
41801343,2026,Identification of circadian rhythm-related genes in colorectal cancer by integrating bioinformatics and multi-omics mendelian randomization.,Naunyn-Schmiedeberg's archives of pharmacology,2;5;10;13,,Journal Article
41801273,2026,Electronic Health Record-Linked Biobank Expansion Reveals Global Health Inequities.,Annual review of biomedical data science,3;8,,Journal Article;Review
41799426,2026,Evaluation of Potential Therapeutic Targets for Bacterial Infectious Skin Diseases: A Proteome-Wide Mendelian Randomization Study.,"Clinical, cosmetic and investigational dermatology",2;10;19,,Journal Article
41799166,2025,Investigating the causal association between plasma lipids and the risk of squamous cervical cancer: A two-sample mendelian randomization study.,Journal of medical biochemistry,1;2;5;10,,Journal Article
41798317,2026,The impact of combined spinal-epidural analgesia (CSEA) on postpartum depression: A Mendelian randomization study.,Canadian journal of pain = Revue canadienne de la douleur,2;4;10;15,,Journal Article
41797472,2026,"Causal relationship between renin-angiotensin system inhibitors and cancer: a two-sample, two-step Mendelian randomization study.",Chinese clinical oncology,1;2;5;10;15,,Journal Article
41796324,2026,Genetic subtraction reveals divergent pathways and targets in anxiety-related and anxiety-independent TMD.,The journal of headache and pain,2;4,,Journal Article
41793359,2026,Association Between Unsaturated Fatty Acid Levels and Chronic Obstructive Pulmonary Disease: A Bidirectional Mendelian Randomization Study.,The clinical respiratory journal,2;10;13,,Journal Article
41793208,2026,Genomic and proteomic insights into hidradenitis suppurativa.,Journal of the European Academy of Dermatology and Venereology : JEADV,2;12,,Journal Article
41792138,2026,The genetic basis of dermatophytosis skin infection susceptibility.,Nature communications,2;8,,Journal Article;Meta-Analysis
41791885,2026,"Finnish-Enriched SLC26A7 Variant in Congenital Hypothyroidism: Clinical Spectrum, Thyroid Histopathology, and Expression Analysis.",Thyroid : official journal of the American Thyroid Association,2;10,,Journal Article
41790783,2026,Psychological distress and oral lichen planus: A bidirectional Mendelian randomization study.,Community dental health,2;4;10;12,,Journal Article
41790701,2026,From lipid profiles to disease onset: Triglycerides as predictive biomarkers in endometriosis.,Medicine,1;2;15,,Journal Article;Observational Study
41790691,2026,Mendelian randomization study finds no causal link between inflammatory bowel disease and cirrhosis.,Medicine,1;2;9;10,,Journal Article
41790622,2026,Bidirectional Mendelian randomization analysis of the causal association between obesity and hepatocellular carcinoma in a European population.,Medicine,1;2;5;10,,Journal Article
41790153,2026,"A two-sample Mendelian randomization study of the causal relationship between respiratory diseases, gastric cancer risk, and Helicobacter pylori infection.",Gastric cancer : official journal of the International Gastric Cancer Association and the Japanese Gastric Cancer Association,2;5;8;10;13,,Journal Article
41787531,2026,Genetically predicted inflammatory cytokines mediate the associations between the gut microbiota and ovarian cancer: a bidirectional two-sample Mendelian randomization study.,Journal of ovarian research,2;5;10,,Journal Article
41786041,2026,Shared genetic structure between COVID-19 and migraine: insights from large-scale genome-wide cross-trait analysis.,Virus research,2;8;14,,Journal Article
41785432,2026,Direct Oral Anticoagulant Protein Targets and Risk of Cerebral Venous Thrombosis: A Mendelian Randomization Study.,Neurology,1;2;10,,Journal Article
41776626,2026,Unraveling the link between early sexual initiation and endometriosis: evidence from population-based analyses and genetic causal inference.,Reproductive biology and endocrinology : RB&E,2;15,,Journal Article
41767324,2026,Causal relationships between 41 inflammatory cytokines and myopia: a Mendelian randomization study.,International journal of ophthalmology,2;10;18,,Journal Article
41760581,2026,"Causal links between gut microbiota, plasma metabolites, and insomnia: Insights from Mendelian randomization.",Dialogues in clinical neuroscience,2;10;13,,Journal Article
41760004,2026,Immune cells mediated the causal relationship between gut microbiota and carpal tunnel syndrome: A Mendelian randomization study.,Medicine,2;10;14,,Journal Article
41752920,2026,Genetic Susceptibility to Helicobacter pylori Infection and Pancreatic Cancer Risk: A Two-Sample Mendelian Randomisation Study.,"Life (Basel, Switzerland)",2;5;8;10,,Journal Article
41748903,2026,Genome-wide association analyses of autoimmune hypothyroidism reveal autoimmune and thyroid-specific contributions and an inverse relationship with cancer risk.,Nature genetics,2;5;9;12,,Journal Article;Meta-Analysis
41747774,2026,Genetic evidence that FGF21 signaling reduces problematic alcohol use and alcohol-related liver disease.,Journal of hepatology,1;2;4,,Journal Article
41747595,2026,Single-cell transcriptomic mendelian randomization and co-localization reveal immune-mediated regulatory mechanisms and drug targets in atopic dermatitis.,International immunopharmacology,2;9;10;12;13,,Journal Article
41746865,2026,A Phenome-Wide Association and Mendelian Randomization Study of Genetically Predicted Membranous Nephropathy with Multiple Diseases.,Kidney & blood pressure research,1;2;10,,Journal Article
41743793,2026,Circulating Metabolic Factors Mediating the Effect of Obesity-Related Indicators on Meniscal Injuries: A Mendelian Randomization Study.,International journal of genomics,1;2;10,,Journal Article
41740900,2026,Quantifying new threats to health and biomedical literature integrity from rapidly scaled publications and problematic research.,Journal of clinical epidemiology,,,Journal Article
41740536,2026,Exploring the molecular mechanisms and optimizing treatment of hypertrophic scar by integrating genome-wide association studies and multi-omics data.,Burns : journal of the International Society for Burn Injuries,2,,Journal Article
41737652,2026,Sex-Specific Basal Metabolic Rate and NAFLD Risk: The Multi-Population Observational and Mendelian Randomization Study.,"Diabetes, metabolic syndrome and obesity : targets and therapy",1;2;10,,Journal Article
41737303,2026,The Impact of Brain Morphometry on Low Back Pain Risk: A Mendelian Randomization Study.,Journal of pain research,2;4;10,,Journal Article
41736152,2026,Rare variant analyses provide insights into the genetic architecture of endometriosis.,Human genomics,2;15,,Journal Article
41732417,2026,Glycolysis-related genes for bladder cancer: A Mendelian randomization analysis.,Biochemistry and biophysics reports,2;5;10,,Journal Article
41731807,2026,The impact of different intensities of physical activity on the risk of venous thromboembolism: A Mendelian randomization study.,Medicine,1;2;7;10,,Journal Article
41731789,2026,Air pollution and migraine: causal association or epiphenomenon?,Medicine,2;14;19,,Journal Article
41731770,2026,Genetic evidence linking anti-polyomavirus 2 IgG seropositivity to ovarian cancer risk.,Medicine,2;5;8,,Journal Article;Meta-Analysis
41731762,2026,Exploring dietary habits strongly associated with pancreatic cancer from the perspective of Mendelian randomization.,Medicine,2;5;10,,Journal Article
41728547,2026,Causal Effects Between Antibody-Mediated Immune Responses and Parkinson's Disease: Insights from Genetic Studies.,Cureus,2;8;9;11,,Journal Article
41728327,2026,Genome-wide association study of corneal dystrophy uncovers novel risk loci and enables improved polygenic prediction of Fuchs endothelial corneal dystrophy.,medRxiv : the preprint server for health sciences,2;3,,Journal Article;Preprint
41724399,2026,Neuroticism as a protective factor for cardiomyopathy: A mediation Mendelian randomization study.,Journal of affective disorders,2;10,,Journal Article
41722793,2026,Bidirectional causal associations between immune cell phenotypes and age-related macular degeneration subtypes: A mendelian randomization study.,Experimental gerontology,2;10;18,,Journal Article
41716793,2026,"Causal associations between abdominal obesity, dietary patterns, and intervertebral disc degeneration: a bidirectional two-sample Mendelian randomization study with clinical validation.",Frontiers in medicine,1;2;10,,Journal Article
41714395,2026,Relationship between the microbiome and obesity-associated cancer risk using Mendelian randomisation.,International journal of obesity (2005),1;5;10,,Journal Article
41713536,2026,Integration of TWAS with single-cell and spatial transcriptomics identifies TLR1 as a susceptibility gene and therapeutic target in the breast cancer tumor microenvironment.,International journal of biological macromolecules,2;5,,Journal Article
41711838,2026,"Exploring the causal relationship between plasma proteins and obstructive sleep apnea: a study using genome-wide Mendelian randomization, single-cell RNA sequencing analysis, and network pharmacology.",Naunyn-Schmiedeberg's archives of pharmacology,2;10;13,,Journal Article
41710145,2026,Exploring Endoplasmic Reticulum Stress in Gestational Diabetes Mellitus: MultiOmics Insights Through Mendelian Randomization.,International journal of women's health,1;2;4;10;15,,Journal Article
41709289,2026,Genetic validation of ABI3 p.Ser209Phe variant and its effects on early brain pathology in asymptomatic elderly individuals.,Alzheimer's research & therapy,11,,Journal Article
41704728,2026,Causal Association of Dietary Habits With Thyroid Diseases: Univariate and Multivariate Mendelian Randomization Studies.,Food science & nutrition,2;10,,Journal Article
41702668,2026,Mendelian randomization analysis of labor anesthesia and adverse neonatal outcomes.,"The journal of maternal-fetal & neonatal medicine : the official journal of the European Association of Perinatal Medicine, the Federation of Asia and Oceania Perinatal Societies, the International Society of Perinatal Obstetricians",2;10;14,,Journal Article
41702666,2026,Causal relationship between 91 inflammatory factors and fetal growth restriction: a bidirectional Mendelian randomization study.,"The journal of maternal-fetal & neonatal medicine : the official journal of the European Association of Perinatal Medicine, the Federation of Asia and Oceania Perinatal Societies, the International Society of Perinatal Obstetricians",2;10,,Journal Article
41702656,2026,Impact of fetal and maternal genetically predicted birth weight on cardiometabolic risk: a Mendelian randomization study of cytokine mediation in Europeans.,"The journal of maternal-fetal & neonatal medicine : the official journal of the European Association of Perinatal Medicine, the Federation of Asia and Oceania Perinatal Societies, the International Society of Perinatal Obstetricians",1;2;9;10;15,,Journal Article
41702378,2026,ReverseGWAS identifies combined phenotypes associated with a genotype in GWA studies.,"Bioinformatics (Oxford, England)",2,,Journal Article
41701340,2026,Causal association between gut microbiota and osteonecrosis in European populations: a two-sample Mendelian randomization analysis.,Journal of bone and mineral metabolism,2;10,,Journal Article
41699864,2026,Unveiling Shared Genetic Architectures and Causality: Intestinal Diseases and Neurological Diseases.,Brain and behavior,1;2;9;11;14,,Journal Article
41699549,2026,Multi-omics SMR and experimental supportive analyses decipher causal drivers hepatocellular carcinoma.,BMC cancer,1;2;5,,Journal Article
41698610,2026,Prioritization of novel druggable targets for epilepsy via Mendelian randomization and colocalization.,Behavioural brain research,2;10;14,,"Journal Article;Research Support, Non-U.S. Gov't"
41697450,2026,Intra-pancreatic fat deposition links to widespread systemic health risks: UK Biobank prospective cohort study.,Insights into imaging,1;2;18,,Journal Article
41695499,2026,Causality of atrial fibrillation and left atrial traits: Genetic and epigenetic perspectives.,Heart rhythm O2,1;2;14,,Journal Article
41694684,2025,KLF4 orchestrates a Ccl2+ fibroblast-mediated inflammatory network driving preterm birth.,Frontiers in medicine,2;15,,Journal Article
41694368,2026,Immunoproteomic mediators of diabetic peripheral neuropathy: causal insights from Mendelian randomization and single-cell validation.,Frontiers in immunology,1;2;10;14,,Journal Article
41693713,2025,Integrative multi-omics analyses identify PKD1 and SLC2A4 as genetically supported glycolysis-related candidate genes for rheumatoid arthritis.,Frontiers in immunology,2;9,,Journal Article
41686600,2026,Oral health status and esophageal diseases: Univariate and multivariate Mendelian randomization analyses.,Medicine,2;5;10,,Journal Article
41685402,2026,Chronotype and sleep duration in relation to leukaemia subtypes: a two-sample Mendelian randomization analysis.,"Hematology (Amsterdam, Netherlands)",2;7;10,,Journal Article
41680881,2026,Linking cortical structure and delirium in the elderly: insights from cohort study and shared genetic risk analysis.,Journal of translational medicine,2;3;11,,Journal Article
41680136,2026,"Depression and anxiety in interstitial lung disease: a systematic review, meta-analysis and Mendelian randomization.",Translational psychiatry,2;4;10;13,,Journal Article;Systematic Review;Meta-Analysis
41678870,2026,Genetic evidence from proteome-wide analysis identifies plasma proteins driving risk of respiratory tract infections.,Cytokine,2;11,,Journal Article
41678453,2026,Exploration and discovery of treatment targets for primary biliary cholangitis based on plasma and cerebrospinal fluid proteomics: A multicenter mendelian randomization study.,PloS one,2;10,,Journal Article;Multicenter Study
41676037,2026,Shared genetic links between cardiometabolic diseases and aortic valve calcification.,Indian journal of thoracic and cardiovascular surgery,1;2,,Journal Article
41671159,2026,Mapping the Four Adiposity Axes-Inflammatory Cytokine-Venous Thromboembolism Risk Landscape: A Two-Step Mediation Mendelian Randomization Analysis.,Clinical and applied thrombosis/hemostasis : official journal of the International Academy of Clinical and Applied Thrombosis/Hemostasis,1;2;10,,Journal Article
41668912,2026,Circulating sex steroids do not influence risk of thyroid malignancy: insights from a bidirectional Mendelian randomization.,Gland surgery,2;5;10,,Journal Article
41665765,2026,Bidirectional Mendelian randomization identifies differential causal associations between inflammatory cytokines and lung cancer subtypes.,Discover oncology,2;5;10,,Journal Article
41664207,2026,Integrative multi-omics analysis of macrophage polarization-related genes in atherosclerosis development.,Clinical epigenetics,1;2,,Journal Article
41664201,2026,Unraveling the role of lipid metabolism in polycystic ovary syndrome through multi-omics Mendelian randomization.,Journal of ovarian research,1;2;10;15,,Journal Article
41664179,2026,Genetic insights into radiomic and proteomic changes under β1-blockers treatment in hypertensive heart disease and hypertrophic cardiomyopathy.,BMC medicine,1;2;11,,Journal Article
41659099,2026,Causal Associations Between Gut Microbes and Heart Failure Across Multiple Etiologies: A Mendelian Randomization Study.,Reviews in cardiovascular medicine,1;2;10,,Journal Article
41651080,2026,Iatrogenic plasticizer Di(2-ethylhexyl) phthalate (DEHP) exposure increases Sepsis mortality risk: Machine learning implicates monocyte-driven immune dysregulation.,Toxicology and applied pharmacology,2;3;8,,Journal Article
41650064,2026,"Association between 1400 blood metabolites and the risk of ankylosing spondylitis: A 2-stage, 2-sample Mendelian randomization study.",Medicine,2;9;10,,Journal Article
41650037,2026,Plasmacytoid dendritic cell-mediated L-glutamate catabolism links gut microbiota to male infertility.,Medicine,2;15,,Journal Article
41650031,2026,Ferroptosis as a mediator of gut microbiota-driven inflammatory bowel disease: Evidence from genetic analyses.,Medicine,2;9,,Journal Article
41648361,2026,Representation in genetic studies affects inference about genetic architecture.,bioRxiv : the preprint server for biology,1;2,,Journal Article;Preprint
41635152,2026,A Comprehensive Analysis of Type I Interferon Risk Gene Signatures in Systemic Lupus Erythematosus.,Experimental dermatology,9,,Journal Article
41632728,2026,A Genome-Wide Association Study of Hidradenitis Suppurativa from the VA's Million Veteran Program.,"Dermatology (Basel, Switzerland)",2;12,,Journal Article
41630328,2026,Genetically predicted cerebrospinal fluid metabolite levels and risk of sudden sensorineural hearing loss: A Mendelian randomization study.,Medicine,2;10;18,,Journal Article
41630292,2026,Causal relationship between serum metabolites and risk of psoriatic arthritis: A 2-way Mendelian randomization study.,Medicine,2;9;10,,Journal Article
41630277,2026,Causal validation of immune antibody responses and nonalcoholic fatty liver disease: Evidence from Mendelian randomization and meta-analysis.,Medicine,1;2;8;10,,Journal Article;Meta-Analysis
41630266,2026,Causal association between dietary habits and aortic dissection and aortic aneurysm: Mendelian randomization study.,Medicine,1;2;10,,Journal Article
41630247,2026,Multi-omics data reveal causal associations of cellular senescence-related genes in rheumatoid arthritis: A summary-data-based Mendelian randomization and co-localization analysis.,Medicine,2;9;10,,Journal Article
41628713,2026,Impact of metformin use during pregnancy on fetal congenital malformations across 11 organ systems: a meta-analysis and drug-target Mendelian randomization study.,Diabetes research and clinical practice,2;10;15;16,,Journal Article;Meta-Analysis
41626871,2026,"Large-Scaled Proteomics Analysis for Glaucoma: Integrated Genetics, Multi-Omics, UK Biobank and Therapeutic Analysis.",Investigative ophthalmology & visual science,2;18,,Journal Article
41624597,2026,Genetic Association Between Rheumatoid Arthritis and Preeclampsia: A Bidirectional Mendelian Randomization and Bioinformatics Study.,"Maternal-fetal medicine (Wolters Kluwer Health, Inc.)",1;2;9;10;15,,Journal Article
41620758,2026,Protective PLCG2 variants associate with a delayed onset of Alzheimer's disease among heterozygous APOE ε4 carriers.,Alzheimer's research & therapy,1;2;4;11,,Journal Article
41618121,2026,Causal Associations Between Human Blood Metabolites and Cardio-Cerebrovascular Diseases: A Mendelian Randomisation Study.,Clinical and applied thrombosis/hemostasis : official journal of the International Academy of Clinical and Applied Thrombosis/Hemostasis,2;10;14,,Journal Article
41612813,2026,Exploring the Causal Links Between Toxoplasma gondii Infection and Risk of Brain Tumors: A Bidirectional Mendelian Randomization Analysis.,Brain and behavior,2;5;8;10,,Journal Article
41609166,2026,Exploring Causal Effects of Sarcopenia on Chronic Obstructive Pulmonary Disease and Hospitalization Risk: A Bi-Directional Mendelian Randomization Study.,"British journal of hospital medicine (London, England : 2005)",2;10;11;13,,Journal Article
41603368,2026,Clinical and genetic characterization of non-optimal triptan response among migraine patients.,Cephalalgia : an international journal of headache,2;14,,"Journal Article;Research Support, Non-U.S. Gov't"
41603219,2026,"Gut Microbiota, Lipidome, and Metabolites Mediate Immune Dysregulation in Diabetic Microvascular Disease: A Two-sample Mendelian Randomization and Mediation Analysis.","Endocrine, metabolic & immune disorders drug targets",1;2;10,,Journal Article
41601566,2025,Relationship between COVID-19 and hypopituitarism: A two-sample Mendelian randomization study.,IBRO neuroscience reports,2;8;10,,Journal Article
41591677,2026,Large-Scale Disease-Wide Association Study Identified Predisposition Links Between Influenza and Cardiovascular Diseases.,Cardiovascular toxicology,1;2;3;8;11;13;14,,Journal Article
41587130,2026,Association Between Telomere Length and Thyrotoxicosis: Insights from a Two-sample Mendelian Randomization Study.,Journal of visualized experiments : JoVE,2;10,,"Journal Article;Video-Audio Media;Research Support, Non-U.S. Gov't"
41585411,2026,Protective Effects of Bone Mineral Density on Age-Related Macular Degeneration: A Mendelian Randomization Study.,International journal of endocrinology,2;10;18,,Journal Article
41582592,2026,"CXCL5/CXCR2 Axis Related to Neutrophilic Inflammation in Ulcerative Colitis: A Comprehensive Analysis Integrating eQTL, pQTL, and Transcriptome Data.",Current medicinal chemistry,2;9,,Journal Article
41581718,2026,Genomic and AI-driven discovery in chronic prostatitis: Causal role of ITPR3 and therapeutic repurposing of raloxifene.,European journal of pharmacology,2,,Journal Article
41579494,2026,Genetic risk factors for pneumonia differ by patient subgroup.,EBioMedicine,2;4;13,,Journal Article;Meta-Analysis
41578565,2026,Malignant neoplasm of skin with risk of sepsis: A bidirectional Mendelian randomization analysis.,Medicine,2;5;8;10,,Journal Article
41578541,2026,Association between zinc and chronic hepatitis: A 2-sample Mendelian randomization study.,Medicine,2;8;10,,Journal Article
41578456,2026,Autophagic molecular network in IS pathogenesis: A multi-omics Mendelian randomization study.,Medicine,1;2;10;14,,Journal Article
41578317,2026,Deciphering the shared genetic architecture between female reproductive disorders and psychiatric disorders.,Journal of ovarian research,2;4;15,,Journal Article
41573111,2026,Identifying Therapeutic Targets for Bronchial Asthma: Systematic Druggable Genome-Wide Mendelian Randomization.,Health science reports,2;10;13,,Journal Article
41572713,2026,Study Integrating GWAS and pQTL Data Identifies Potential Therapeutic Targets for Hypertension.,Current computer-aided drug design,1;2,,Journal Article
41572584,2026,Effect of autoimmune diseases on aplastic anemia: a bidirectional two-sample Mendelian randomization study.,"Hematology (Amsterdam, Netherlands)",1;2;9;10,,Journal Article
41571951,2026,Integrated multi-omics reveals the ITGB2-IL2RB-NK axis in promoting papillary thyroid carcinoma progression and immune microenvironment crosstalk.,Discover oncology,2;5,,Journal Article
41571946,2026,Large language models improve transferability of electronic health record-based predictions across countries and coding systems.,NPJ digital medicine,3,,Journal Article
41570284,2026,Multi-omics analysis identifies TBCB as a therapeutic target in sepsis-induced liver injury.,"International journal of surgery (London, England)",2;8,,Journal Article
41569577,2026,Metabolic characteristics of aortic aneurysm: a two-sample Mendelian randomization study.,Nutricion hospitalaria,1;2;10,,Journal Article
41568477,2026,Exploring the Causal Relationship of Metabolites in Breast Cancer.,Current medicinal chemistry,2;5,,Journal Article
41567726,2025,"Dietary patterns, physical activity, and risk of urinary tract diseases: a two sample Mendelian randomization analysis.",American journal of clinical and experimental immunology,1;2;7;10,,Journal Article
41567565,2026,"Global, Population and Genetic Evidence on the Relationships Between Immune-Mediated Inflammatory Disease and Cancer Risk.",Cancer innovation,5;9;12,,Journal Article
41560095,2026,"Gut microbiota, lipid metabolism, and PCOS: A Mendelian randomization and mediation analysis.",Medicine,1;2;10;15,,Journal Article
41560067,2026,Bidirectional and mediation Mendelian randomization of dietary intake and risks of gastric ulcer and gastric cancer.,Medicine,2;5;10,,Journal Article
41560044,2026,"Dissecting the relationship between hypertensive disorders of pregnancy and branched-chain amino acids: An integrated investigation combining Mendelian randomization, transcriptomics, and machine learning.",Medicine,1;2;3;10;15,,Journal Article
41560008,2026,Mendelian randomization study of the role of TD CD4+ T cells in the association between Streptococcus thermophilus and esophageal cancer.,Medicine,2;5;10,,Journal Article
41559995,2026,Causal effects of modifiable risk factors on obstructive sleep apnea: A Mendelian randomization study and validation study.,Medicine,1;2;10;13,,Journal Article;Validation Study
41556068,2026,A Cross-Tissue Transcriptome-Wide Association Study Reveals Novel Susceptibility Genes for Inflammatory Bowel Disease.,FASEB journal : official publication of the Federation of American Societies for Experimental Biology,2;9,,Journal Article
41553215,2026,Genetic Association Between Systemic Lupus Erythematosus and Cerebrovascular Disorders.,Turkish neurosurgery,1;2;9;14,,Journal Article
41549014,2026,Causal relationships of lipid metabolism in diabetic nephropathy risk: A two-sample Mendelian randomization study.,"Nutrition, metabolism, and cardiovascular diseases : NMCD",1;2;10,,Journal Article
41548865,2026,Multiomics analyses prioritize disease genes and pathways in hidradenitis suppurativa.,The Journal of investigative dermatology,2;12,,Journal Article
41541724,2025,Clonal hematopoiesis of indeterminate potential as a risk factor for atrial fibrillation: Evidence of a causal relationship by Mendelian randomization study.,Heart rhythm O2,1;2;10,,Journal Article
41541708,2026,Plant-Based Food Preferences Rich in Polyphenols and Their Causal Effects on Inflammatory Bowel Disease.,Food science & nutrition,2;9,,Journal Article
41541644,2026,Genomic Structural Equation Modeling Combined With Post-GWAS Analysis Identifies Two Risk Gene Loci and Functionally Sensitive Genes Associated With Cardiac Conduction Block.,Genetics research,1;2,,Journal Article
41540534,2026,The Association of Allergic Rhinitis with Chronic Adenotonsillar Diseases and Chronic Rhinosinusitis: A Mendelian Randomization Study.,Combinatorial chemistry & high throughput screening,2;10;18,,Journal Article
41540060,2026,Multi-omic insight into the molecular mechanism of cuproptosis-related genes in the pathogenesis of Parkinson's disease.,NPJ Parkinson's disease,2;11,,Journal Article
41540021,2026,Genetic insights and mechanistic parallels in gestational diabetes mellitus and type 2 diabetes.,Nature communications,1;2;15,,Journal Article
41533846,2026,Mitochondria-Related Gene BDH1 Implicated in Myopia Risk via Methylation-Regulated Expression: An Integrative Summary-Data Mendelian Randomization Study.,Translational vision science & technology,2;10;18,,Journal Article
41532257,2026,Assessment of the Genetic Relationship Between Circulating Cytokines and Calcific Aortic Valvular Stenosis Using a Bidirectional Mendelian Randomization Analysis.,FASEB journal : official publication of the Federation of American Societies for Experimental Biology,1;2;10,,Journal Article
41530975,2026,Germline HLA heterozygosity is associated with decreased lung cancer risk.,HGG advances,5;8,,Journal Article
41530724,2026,Assessing the impact of maternal blood pressure during pregnancy on perinatal health: a wide-angled Mendelian randomization study.,BMC medicine,1;2;10;15,,Journal Article
41529867,2026,Assessing the impact of metabolomic markers on gastric cancer risk: a two-sample Mendelian randomization study.,Korean journal of family medicine,2;5;10,,Journal Article
41527091,2026,Serum cystatin C as a biomarker for diabetic retinopathy and its role in diabetic retinopathy-diabetic kidney disease comorbidity.,Journal of translational medicine,1;2;18,,Journal Article
41522467,2026,The proportion of Alzheimer's disease attributable to apolipoprotein E.,NPJ dementia,11,,Journal Article
41521718,2026,Investigating the relationship between taste perception of artificial sweeteners and cancer risk.,Public health nutrition,2;5,,Journal Article
41520276,2026,Association between sweet food consumption and preeclampsia: Insights from an observational study and Mendelian randomization analysis.,"Clinical and experimental hypertension (New York, N.Y. : 1993)",1;2;10;15,,Journal Article;Observational Study
41519815,2026,Genetically predicted susceptibility to dust-induced lung diseases and risk of autoimmune diseases: a two sample Mendelian randomization study.,Journal of neuroinflammation,2;3;9;10,,Journal Article
41518141,2026,Genome-wide meta-analysis identifies genetic risk loci for mono- and polyneuropathies in 983 477 individuals.,Human molecular genetics,2;4;14,,Journal Article;Meta-Analysis
41517772,2026,Unraveling the genetic association between obesity-related anthropometric indices and foot deformities in the European population: A two-sample Mendelian randomization study.,Medicine,1;2;10,,Journal Article
41517706,2026,Circulating metabolites on dental caries risk: A Mendelian randomization study.,Medicine,2;10,,Journal Article
41517677,2026,Personality disorders and cardiometabolic diseases: A Mendelian randomization study.,Medicine,1;2;10;14,,Journal Article
41514346,2026,Distinct genetic profiles of obesity have different effects on breast cancer risk: leveraging Mendelian randomisation to interrogate causal pathways and identify mediating proteins.,Breast cancer research : BCR,1;5;10,,Journal Article
41510583,2026,Genetic evidence for causal associations of thrombohemostasis and anticoagulant drug targets with miscarriage.,International journal of gynaecology and obstetrics: the official organ of the International Federation of Gynaecology and Obstetrics,2;15,,Journal Article
41508967,2026,FKBP5 is a Biomarker for Idiopathic Pulmonary Fibrosis based on a Multi-omic Study Integrating xQTLs.,Current medicinal chemistry,2;13,,Journal Article
41504506,2026,"Genetic correlations among diaphragmatic, femoral, inguinal, ventral, and umbilical hernias and identification of their candidate genes.","International journal of surgery (London, England)",2,,Journal Article
41497137,2026,Identification of immune cells in benign and malignant thymus tumors: a Mendelian randomization study.,Annals of medicine and surgery (2012),2;10,,Journal Article
41496099,2026,Bidirectional causal relationships between antibody-mediated immune responses and autoimmune diseases: Insights from Mendelian randomization analysis.,Medicine,2;8;9;10;14,,Journal Article
41496097,2026,Investigating causal associations between serum metabolites and cataract by Mendelian randomization.,Medicine,2;10;18,,Journal Article
41492523,2025,What comes first: Heart rate variability changes or insomnia? A causal investigation using Mendelian randomization.,International journal of clinical and health psychology : IJCHP,2;7;10;13,,Journal Article
41489638,2026,Cell senescence-related pathogenic genes in sleep disorders: a multi-omics Mendelian randomization study.,European archives of psychiatry and clinical neuroscience,2;10;13,,Journal Article
41489495,2026,Maternal hypertensive disorders of pregnancy and childhood neurodevelopmental disorders: A two-sample Mendelian randomization.,International journal of gynaecology and obstetrics: the official organ of the International Federation of Gynaecology and Obstetrics,1;2;10;15,,Journal Article
41488612,2026,The causal relationship between cathepsins and ankylosing spondylitis: a two-sample Mendelian randomization study.,Therapeutic advances in musculoskeletal disease,2;9;10,,Journal Article
41483426,2026,Helicobacter pylori infection is causally associated with extra-gastric tumors: a Mendelian randomization study.,Discover oncology,2;5;8;10,,Journal Article
41482248,2026,Characterization of genetic loci associated with allergic conjunctivitis.,The Journal of allergy and clinical immunology,2;12;13;18,,Journal Article;Meta-Analysis
41476372,2026,A two-sample Mendelian randomization study and mediation analysis exploring the link between cathepsins and epilepsy.,Epilepsia open,2;10;14,,Journal Article
41472358,2026,Integrating polygenic and methylation risk scores for pleural mesothelioma risk stratification.,International journal of cancer,2,,Journal Article
41467944,2025,Enhancing antioxidant capacity and reducing asthma risk: the impact of zinc and iron on molecular pathways.,Clinical and experimental medicine,2;13,,Journal Article
41467369,2026,Potential Risk Factors and Therapeutic Targets for Dilated Cardiomyopathy Identified Through Mendelian Randomization Analysis.,Journal of the American Heart Association,1;2;10,,Journal Article
41466414,2025,"Genome-wide association for sarcoidosis identifies novel risk loci and genetic heritability in African and European ancestries: a meta-analysis from the Finngen, Million Veteran Program, UK Biobank, and Biobank Japan datasets.",Orphanet journal of rare diseases,2;9,,Journal Article
41465895,2025,Copper-linked metabolic stress as a potential contributor to gastric epithelial transformation and metastasis.,Medicine,2;4;5,,Journal Article
41465162,2025,Causal Association Between Psoriasis and Age-Related Macular Degeneration: A Two-Sample Mendelian Randomization Study.,Genes,2;9;10;12;18,,Journal Article
41463216,2025,Integrative Gene-Centric Analysis Reveals Cellular Pathways Associated with Heritable Breast Cancer Predisposition.,Cancers,2;5,,Journal Article
41462406,2025,Uncovering new MicroRNAs linked to acute pancreatitis: zeroing in on the protective effect.,Hereditas,2,,Journal Article
41461542,2025,Multisystem comorbidities and shared genetic pathways in calcific aortic stenosis: a phenome-wide and Mendelian randomisation analysis.,Heart (British Cardiac Society),1;2;10,,Journal Article
41460465,2025,Association between childhood obesity and polycystic ovary syndrome: a two-sample Mendelian randomization study.,Eating and weight disorders : EWD,1;2;10;15,,Journal Article
41454068,2025,Causal relationships between neuroimaging phenotypes and the risk of early and late-onset alzheimer's disease.,Neurological sciences : official journal of the Italian Neurological Society and of the Italian Society of Clinical Neurophysiology,2;11,,Journal Article
41449919,2026,Genetic Correlation and Mendelian Randomization Analyses Reveal Causal Links Between Metabolic-Associated Diseases or Risk Factors and Major Eye Diseases.,Current eye research,1;2;10;18,,Journal Article
41448284,2026,Exploring the genetic link between obstructive sleep apnea and obesity: A bidirectional Mendelian randomization study.,Respiratory medicine,1;2;10;13,,"Journal Article;Research Support, Non-U.S. Gov't"
41447852,2026,Non-rheumatic calcific aortic valve disease as a global driver of heart failure: Burden and three-decade trends.,Heart & lung : the journal of critical care,1;2;11,,Journal Article
41445618,2025,Multivariate genome-wide association study of suicidal behaviors in >1.7 million individuals of diverse population descents.,medRxiv : the preprint server for health sciences,2;4,,Journal Article;Preprint
41444654,2025,Telomere length promotes colorectal cancer through dual parallel pathways involving growth signaling and protein metabolism.,Tropical medicine and health,2;5;9,,Journal Article
41443202,2025,Unraveling the Gut-Oral Axis: A Mendelian Randomization Analysis of Gut Microbiota Impact on Periodontitis via Circulating Inflammatory Proteins.,"British journal of hospital medicine (London, England : 2005)",2;10,,Journal Article
41442179,2026,Single-Cell Genetic Mapping of Gasdermin Expression Across Immune-Mediated Inflammatory Diseases.,FASEB journal : official publication of the Federation of American Societies for Experimental Biology,2;9;12,,Journal Article
41436110,2025,Associations between temporomandibular disorders/bruxism and head and neck pains: a bidirectional Mendelian randomization study.,Journal of oral & facial pain and headache,2;4;10,,Journal Article
41431023,2025,Causal relationship between circulating micronutrient levels and bipolar disorder: A Mendelian randomization study.,Medicine,2;4;10,,Journal Article
41430998,2025,The causal effect of oxidative stress on the risk of keratoconus: A bidirectional two-sample Mendelian randomization study.,Medicine,2;4;10,,Journal Article
41430986,2025,Protective and pathogenic dietary factors in bronchitis: Insights from Mendelian randomization.,Medicine,2;10,,Journal Article
41430975,2025,Unraveling the genetic association between autoimmune thyroid diseases and idiopathic inflammatory myopathies in the European population.,Medicine,2;9,,Journal Article
41429762,2025,"Circulating inflammatory proteins associated with risks of schizophrenia, bipolar disorder, and major depressive disorder: a mendelian randomization study.",Translational psychiatry,2;4;10,,Journal Article;Meta-Analysis
41424108,2026,Multi-omics profiling uncovers candidate genes for the treatment of graves' disease.,Immunopharmacology and immunotoxicology,2,,Journal Article
41422869,2026,Identifying the causal relationship between gut microbiota and chronic sinusitis and the mediating effects of inflammatory cytokines: Insights from a Mendelian randomization study and mediation analysis.,Microbial pathogenesis,2;10;18,,Journal Article
41420912,2026,From brain imaging phenotypes to vascular dementia subtypes: A comprehensive mendelian randomization study.,Archives of gerontology and geriatrics,2;10;11,,Journal Article
41420535,2025,Proton-Pump Inhibitor Use and Gastrointestinal Disease Risk: A Mendelian Randomization Study of Omics and Pharmacological Pathways.,FASEB journal : official publication of the Federation of American Societies for Experimental Biology,2;5;10;16,,Journal Article;Meta-Analysis
41416118,2025,"Modifiable Dietary Habits, Inflammatory Mediation, and Senile Cataract: Unraveling Causality via Mendelian Randomization.",Food science & nutrition,2;10;18,,Journal Article
41413047,2025,Genetic and dietary determinants of gut microbiome-bile acid interactions in the BXD genetic reference population.,Nature communications,,,Journal Article
41408424,2025,Variants Near NOG and SOX9 Are Associated with Mandibular Retrognathia.,Journal of dental research,2,,Journal Article
41408349,2025,Genetic liability to psoriasis predicts severe disease outcomes.,Genome medicine,2;9;12,,"Journal Article;Research Support, Non-U.S. Gov't"
41405007,2026,Causal Relationship Between Gut Microbiota and Pressure Ulcers: A Two-Sample Bidirectional Mendelian Randomisation Study.,Nursing in critical care,10,,Journal Article
41404655,2026,GWAS and Replication Analysis of Apparent Treatment-Resistant Hypertension.,"Hypertension (Dallas, Tex. : 1979)",1;2,,Journal Article
41403944,2025,Causality of circulating vitamins on infectious diseases: integrating Mendelian randomization and in vivo evidence.,Frontiers in immunology,2;8;10,,Journal Article
41403607,2025,Causal associations of circulating inflammatory proteins with sepsis: a two-sample Mendelian randomization study.,Archives of medical science : AMS,2;8;10,,Journal Article
41403598,2025,Causal relationship between inflammatory bowel disease and cardiovascular disease: a two-sample Mendelian randomized study.,Archives of medical science : AMS,1;2;9;10,,Journal Article
41398882,2025,A two-sample Mendelian randomization analysis of the impact of GABA receptor subtypes on human height.,Medicine,2;10,,Journal Article
41398876,2025,Impact of rheumatoid arthritis on Alzheimer's disease: A two-sample bidirectional Mendelian randomization study.,Medicine,2;9;10;11,,Journal Article
41398864,2025,Causal associations between diet and thromboembolism: A 2-sample Mendelian randomization study.,Medicine,1;2;10,,Journal Article
41398851,2025,The role of inflammatory cytokines and blood metabolites in osteoporosis: A Mendelian randomization study on pathways and therapeutic targets.,Medicine,2;10,,Journal Article
41398848,2025,Causality of blood metabolites and narcolepsy type 1: A Mendelian randomization study.,Medicine,2;10;13,,Journal Article
41398842,2025,Exploring the causal relationship between matrix metalloproteinases and adrenocortical carcinoma: A Mendelian randomization study.,Medicine,2;5;10,,Journal Article
41398839,2025,Identification of therapeutic targets for insomnia through genetic and plasma proteomic approaches.,Medicine,2;13,,Journal Article;Meta-Analysis
41398837,2025,Disentangling the genetic relationship between malignant skin neoplasms and sepsis: Evidence from bidirectional Mendelian randomization.,Medicine,2;8;10,,Journal Article;Meta-Analysis
41398807,2025,Causal effects of glutamine and lipid-related metabolites on alopecia areata: A 2-sample Mendelian randomization study.,Medicine,1;2;10;12,,Journal Article
41398793,2025,The causal links between gut microbiota and both acute and chronic renal failure: A two-sample mendelian randomization study.,Medicine,1;2;10,,Journal Article
41398582,2025,Alcohol consumption and risk of cancer: a Mendelian randomization analysis of four biobanks and consortium data.,BMC medicine,2;5;10;15,,Journal Article
41397692,2025,"Accelerometer-Derived Rest-Activity Rhythm Amplitude, Genetic Predisposition, and the Risk of Ischemic Heart Disease: Observational and Mendelian Randomization Study.",Journal of medical Internet research,1;2;3;7;10,,Journal Article;Observational Study
41391741,2026,Genome-wide association studies in chronic venous disease: A systematic review.,Journal of vascular surgery. Venous and lymphatic disorders,1;2,,Systematic Review;Journal Article;Review
41391118,2026,Causal associations of specific immunoglobulin G N-glycosylation subtypes with osteoporosis: A two-sample Mendelian randomization.,Joint diseases and related surgery,2;10,,Journal Article
41390737,2025,"Cost-effective non-additive GWAS across 2329 diseases in 500,349 individuals.",Nature communications,2,,Journal Article
41386873,2025,Integrative multi-omics analysis identifies genetically supported druggable targets for inflammatory bowel disease.,"Journal, genetic engineering & biotechnology",2;9,,Journal Article
41383833,2025,The association between Sjogren's disease and sex hormones: A case-control and Mendelian randomization study.,SAGE open medicine,2;9;10,,Journal Article
41383373,2024,Liver enzyme and risk of vascular dementia: A univariable and multivariable Mendelian randomization of European descent.,"Neuroprotection (Chichester, England)",2;10;11,,Journal Article
41382250,2025,Genetically predicted the causal relationship between gut-brain axis and chronic pain: a Mendelian randomization study.,Human genomics,2;4;10;14,,Journal Article
41382106,2025,C-reactive protein and prospective cardiometabolic risk: observational and Mendelian randomization study of ischemic stroke and all-cause death.,Cardiovascular diabetology,1;2;10;14,14.2-stroke-cerebro,Journal Article;Observational Study
41382013,2025,"L3MBTL2 as a novel therapeutic target for trigeminal neuralgia: evidence from integrated TWAS, multi-tissue MR, and experimental validation.",The journal of headache and pain,2;15,,Journal Article
41379398,2025,Serum iron levels as a risk factor for Osteoporosis-Related pathological fractures.,Aging clinical and experimental research,2,,Journal Article
41378022,2025,Genetic insights into colorectal cancer pathogenesis: a multi-omics and immunity perspective.,Translational cancer research,2;5,,Journal Article
41378016,2025,Causal relationship between hypertension and cancer: a two‑sample bidirectional Mendelian randomization study.,Translational cancer research,1;2;5;10,,Journal Article
41377556,2025,"The association between magnesium levels and gout: evidence from Mendelian randomization, a Chinese cross-sectional study, and NHANES analysis.",Frontiers in nutrition,2;10,,Journal Article
41377413,2025,Application of Mendelian randomization to explore metabolic pathways in colorectal cancer.,Annals of medicine and surgery (2012),1;2;5;10,,Journal Article
41376171,2026,Leveraging large-scale biobanks for therapeutic target discovery.,HGG advances,2,,Journal Article
41369912,2025,From genetic causality to druggable targets: A multiomics framework identifies ZSCAN16 in gout pathogenesis.,Science progress,2,,Journal Article
41368656,2025,Exploring the Potential Causal Relationship of Galectin Levels and Gynecologic Cancers: A Two-Sample Mendelian Randomization Study.,International journal of women's health,2;5;10;15,,Journal Article
41367025,2025,Cathepsins effect on diffuse large B cell lymphoma risk: A Mendelian randomization study.,Medicine,2;5;10,,Journal Article
41366971,2025,Plasma proteins and osteosarcoma: Mendelian randomization analysis and targeted therapeutic discovery.,Medicine,2;10,,Journal Article
41366924,2025,Unraveling the causal landscape of intervertebral disc degeneration: A Mendelian randomization analysis of 108 traits.,Medicine,2;10,,Journal Article
41364147,2025,"Integrated multi-omics analysis identifies DARS2, MRTO4, and MRPL37 as novel biomarkers and potential therapeutic targets for bladder cancer.",Discover oncology,2;5,,Journal Article
41357784,2025,Exploring the Therapeutic Potential of Antidiabetic Drugs in Cardiac Arrhythmia Management: A Drug Target Mendelian Randomization Study.,Journal of arrhythmia,1;2;10,,Journal Article
41356703,2025,Shared Genetic Architecture of Obstructive Sleep Apnea and Neck Pain: A Large-Scale Genome-Wide Association Study.,Journal of pain research,2;4;13,,Journal Article
41351645,2025,Identification of Mitochondria-Related Genes Associated with Stroke Risk Through Multi-omics Summary Data-Based MR Analysis.,Molecular neurobiology,1;2;14,14.2-stroke-cerebro,Journal Article
41346267,2025,"CD33 drives cutaneous melanoma: mendelian randomization confirms causality, multi-omics and in vitro experiments reveal M2 macrophage polarization-mediated progression.","International journal of surgery (London, England)",2;5;10;12,,Journal Article
41345547,2025,Mapping the brain cell-specific regulatory architecture of migraine: a single-cell causal framework nominating inhibitory-neuronal BTBD16 and astrocytic RIMS1 as therapeutic targets.,The journal of headache and pain,2;14,,Journal Article
41335284,2025,Mendelian randomization analysis of lipidomic profiles and thyroid cancer risk in European populations.,Discover oncology,2;5;10,,Journal Article
41333917,2025,Role of Dendritic Cells in Mediating the Effect of Growth Differentiation Factor 15 on Nonalcoholic Fatty Liver Disease: Insights From Causal Inference and Single-Cell Profiling.,Mediators of inflammation,1;2,,Journal Article
41333040,2025,Sleep Quality and Premature Ovarian Insufficiency: Genetic Evidence and Clinical Benefits of NTZF Combined with HRT.,International journal of women's health,2;13;15,,Journal Article
41331717,2025,Polyunsaturated Fatty Acids and Skin Cancer: Two-Sample Mendelian Randomization Study.,Annals of dermatology,2;5;10;12,,Journal Article
41328755,2026,Mendelian randomization analysis of the causal relationship between micronutrients and childhood asthma.,The Journal of asthma : official journal of the Association for the Care of Asthma,2;10;13,,Journal Article
41327691,2025,Serum urate and pancreatitis: A bidirectional Mendelian randomization study.,Medicine,2;10,,Journal Article
41327652,2025,Exploring the causal relationship between acute respiratory distress syndrome and gut microbiota: Unveiling the gut-lung axis through a large-scale Mendelian randomization study.,Medicine,2;10,,Journal Article;Meta-Analysis
41323472,2025,Mendelian randomization study of the causal relationship between autoimmune diseases and anemia using proteomic and genetic data.,Journal of translational autoimmunity,1;2;9;10;13,,Journal Article
41321402,2025,Novel causal associations between plasma metabolites and prostate cancer risk revealed by mendelian randomization.,Metabolism open,2;5;10,,Journal Article
41318034,2026,High-density lipoprotein cholesterol protects against delayed encephalopathy after acute carbon monoxide poisoning.,Toxicology and applied pharmacology,1;2;14,,Journal Article;Multicenter Study
41314550,2026,Identification of endoplasmic reticulum stress-related genes associated with Alzheimer's disease risk: A multi-omics Mendelian randomization analysis.,Journal of affective disorders,2;4;10;11,,Journal Article
41314048,2026,iNKT cells exacerbate Sepsis-associated acute lung injury through IFN-γ-mediated promotion of macrophage apoptosis.,International immunopharmacology,2;8,,Journal Article
41312363,2025,Multi-omics integration identifies ASPH and PTTG1 as potential causal drivers of lung adenocarcinoma progression and immune evasion.,Frontiers in immunology,2;5,,Journal Article
41311633,2025,Mendelian Randomization Mediation Analysis Reveals the Impact of Dietary Preferences on Preeclampsia and Fetal Growth Restriction via Immune Modulation.,Food science & nutrition,1;2;10;15,,Journal Article
41311537,2025,A genome-wide association study about presbycusis and brain cortical structure: Neuroimaging traits from a Mendelian randomization study.,Journal of otology,2;10,,Journal Article
41311062,2026,S4-multi: Enhancing polygenic score prediction in ancestrally diverse populations.,HGG advances,1;2;5;13;14,,Journal Article
41306693,2025,The Effect of Epigenetic Age Acceleration on Atopic Dermatitis: A Mendelian Randomization Study.,"Clinical, cosmetic and investigational dermatology",2;10;11;12,,Journal Article
41305796,2025,Intertwined and unequal causality of type 1 diabetes and autoimmune thyroid disease: Insights from Mendelian randomization.,Medicine,1;2;9;10,,Journal Article
41305784,2025,Bioavailable testosterone and thyroid cancer: A 2-sample Mendelian randomization study.,Medicine,2;5;10,,Journal Article
41305760,2025,Glutamine and allergic rhinitis: A bidirectional two-sample Mendelian randomization study.,Medicine,2;10;18,,Journal Article
41305730,2025,Causal associations between 1400 circulating metabolites and spontaneous abortion: A bidirectional 2-sample Mendelian randomization study.,Medicine,2;10;15,,Journal Article
41305726,2025,Personal history of irradiation and risk of osteomyelitis: A Mendelian randomization study.,Medicine,2;10,,Journal Article
41305717,2025,Waist-to-hip ratio and female infertility: An observational study and Mendelian randomization analysis.,Medicine,1;2;10;15,,Journal Article;Observational Study
41305687,2025,Causal relations of trace elements and nutrients with insomnia: A Mendelian randomization study.,Medicine,2;10;13,,Journal Article
41301918,2025,Potential Causal Effects of Cystatin C on Age-Related Macular Degeneration: A Two-Sample Mendelian Randomization Study.,Biomedicines,2;10;18,,Journal Article
41301882,2025,An Integrated Multi-Omics Analysis Identifies Oxeiptosis-Related Biomarkers in Diabetic Retinopathy.,Biomedicines,1;2;3;18,,Journal Article
41299773,2025,"Causal effects of ferroptosis-related traits on ovarian dysfunction: insights from integrating genome-wide Mendelian randomization, DNA methylation, gene expression, and proteome.",Journal of ovarian research,2;10,,Journal Article
41299637,2025,Genetic crossroads of cardiovascular disease and its comorbidities: toward holistic therapeutic strategies.,BMC medical genomics,1;2;4;13,,Journal Article
41297835,2026,Association of human plasma and cerebrospinal fluid metabolomes with vascular dementia and its subtypes: A Mendelian randomization study.,Brain research,2;10;11,,Journal Article
41294017,2025,"Statins Regulate Stem Cell Growth Factor-β to Balance Osteogenesis and Adipogenesis in Mesenchymal Stem Cells, Endowing Anti-Osteonecrosis Effects.",Journal of cellular and molecular medicine,1;2,,Journal Article
41292372,2025,"Causal effect of education on low back pain, intervertebral disc degeneration and sciatica: Mendelian randomization study.",Future science OA,2;4;10,,Journal Article
41291527,2025,Global impact of air pollution on cancer: causal evidence and health inequities across regions from 1990 to 2021.,BMC cancer,2;5;19,,Journal Article
41286868,2025,Potential drug targets for chronic obstructive pulmonary disease in the plasma proteome identified through Mendelian randomization.,BMC pulmonary medicine,2;10;13,,Journal Article;Meta-Analysis
41286463,2026,Dissecting the genetic and proteomic risk factors for delirium.,Nature aging,2;11,,Journal Article;Meta-Analysis
41285252,2026,Uncovering novel biomarkers and drug targets for androgenetic alopecia via metabolite regulation and multi-tissue validation.,Free radical biology & medicine,2;12,,Journal Article
41284113,2026,Causal relationships of Janus kinase 2 with chronic kidney diseases: a two-sample Mendelian randomisation study.,Clinical and experimental nephrology,1;2;10,,Journal Article
41283971,2025,CXCL10 promotes non-small cell lung cancer (NSCLC) progression by modulating the phosphate to urate ratio (PUR).,Discover oncology,2;5,,Journal Article
41282674,2025,Integrative Proteome- and Phenome-Wide Assessment Uncovers Causal Protein Drivers and Drug Targets for Heterogeneous Kidney Diseases.,medRxiv : the preprint server for health sciences,1;2;3,,Journal Article;Preprint
41282433,2025,"Causal Effects Between Retinal Characteristics and Cardiovascular Diseases: Insights from Genetic Correlation, Mendelian Randomization, and Cross-Sectional Study.",Global heart,1;2;10;14;18,,"Journal Article;Research Support, Non-U.S. Gov't"
41281950,2025,Causal Effects of Endometriosis Stages on Adverse Pregnancy and Perinatal Outcomes: A Mendelian Randomization Study.,International journal of women's health,1;2;10;15,,Journal Article
41278369,2026,Lipidome's Role in Diabetic Retinopathy Subtypes via Inflammation: Mendelian Randomization and Mediation Analysis.,Ophthalmology science,1;2;10;18,,Journal Article
41277422,2025,Leveraging a Genetic Proxy to Investigate the Effects of Lifelong Cardiac Sodium Channel Blockade.,Circulation,1;2,,Journal Article;Observational Study
41276936,2025,The Role of Metabolites in CSF on NAFLD Development: A Mendelian Randomisation Analysis.,"Endocrinology, diabetes & metabolism",1;2;10,,Journal Article
41274575,2026,Examining the causal link between cheese intake and susceptibility to type 2 diabetes through metabolic traits: Insights from Mendelian randomization.,Journal of dairy science,1;2;10,,Journal Article
41273989,2026,B2M regulates ELANE in pyroptosis to affect pancreatic cancer progression.,Translational oncology,2;5,,Journal Article
41270966,2026,Air pollution exacerbates cardiovascular-kidney-metabolic syndrome and sarcopenia comorbidity via shared genetic-epigenetic mechanisms: A multi-omics and Mendelian Randomization study.,Metabolism: clinical and experimental,1;2;10;11;19,1.3-CKM,Journal Article
41266372,2025,"Genome-wide association study of 398,238 women unveils seven loci associated with high-grade serous ovarian cancer.",NPJ genomic medicine,2;5,,Journal Article
41265617,2025,Anti-diabetic drug target perturbation modulates susceptibility to aortic aneurysm.,European journal of pharmacology,1;2,,Journal Article;Meta-Analysis
41265278,2025,Causal effects of gut microbiome on aortic dissection: A mendelian randomization study.,"Clinics (Sao Paulo, Brazil)",1;2;10,,Journal Article
41264079,2026,Genetic variation in anti-diabetic drug targets and risk of atrial fibrillation: a drug-target mendelian randomization study.,International journal of clinical pharmacy,1;2;10,,Journal Article
41261954,2025,Exploring Contraindicated Medications and Corresponding Targeted Genes for Migraine Through Integrated Genetic Approaches.,Brain and behavior,2;14,,Journal Article
41261720,2025,Causal effects of dietary antioxidants on epigenetic age: A two-sample Mendelian randomization study.,Medicine,2;10;11,,Journal Article;Meta-Analysis
41261714,2025,Genetic evidence of dietary patterns and diet-derived antioxidants on polyp development through gut microbiota modulation.,Medicine,2,,Journal Article
41261695,2025,Phenome-wide Mendelian randomization analysis reveals new risk factors for 4 inflammatory skin diseases.,Medicine,2;9;10;12;13,,Journal Article
41261668,2025,Follistatin levels and endocrine disorders: A two-sample Mendelian randomization study.,Medicine,1;2;10;15,,Journal Article
41261649,2025,Identification of circulating inflammatory proteins as potential drug targets for sepsis through Mendelian randomization and colocalization analyses.,Medicine,2;8;10;11,,Journal Article
41261648,2025,Bidirectional Mendelian randomization and cross-sectional study reveal depression as a causal risk factor for endometriosis.,Medicine,2;4;10;15,,Journal Article;Observational Study
41261637,2025,Identifying potential drug targets for cerebral amyloid angiopathy: A Mendelian randomization study based on the druggable genes.,Medicine,2;10;11,,Journal Article
41261634,2025,"The mediating role of dietary habits in the causal relationships between frailty, depression, and gastroesophageal reflux disease.",Medicine,2;4;11,,Journal Article
41261570,2025,Causal effect between systemic inflammatory cytokines and osteoporotic pathological fractures: A bidirectional Mendelian randomization study.,Medicine,2;10,,Journal Article
41254737,2025,"Plasma proteins and onset of atherosclerosis: integrating human plasma proteogenomics, transcriptomics and in vivo evidence.",Journal of translational medicine,1;2,,Journal Article
41254644,2025,Relationship between childhood obesity and cardiovascular and cerebrovascular diseases: a study based on the combination of multiple databases.,BMC public health,1;2;14,,Journal Article
41251902,2025,Anti-Müllerian hormone plays a bidirectional role in cancer: a multi-database and multi-method study.,Discover oncology,2;5,,Journal Article
41251092,2025,Genome-Wide Meta-Analysis of Parkinson's Disease Associated Genetic Loci and Validation of Therapeutic Targets.,Brain and behavior,2;11,,Journal Article;Meta-Analysis
41250989,2026,Impact of Preeclampsia Duration on Long-Term Cardiovascular Disease Risk.,"Hypertension (Dallas, Tex. : 1979)",1;15,,Journal Article
41250910,2025,Decoding nuclear-encoded mitochondrial genes in major depressive disorder: A multi-omics perspective.,Psychological medicine,2;4,,Journal Article
41248854,2026,Reactive astrocyte-related pathogenic genes in depression: A multi-omics Mendelian randomization study.,Journal of affective disorders,2;4;10,,Journal Article
41243889,2025,Triglyceride-Glucose Index and the Risk of Calcific Aortic Valve Stenosis: A Bidirectional Mendelian Randomization Study.,Anatolian journal of cardiology,1;2;10,,Journal Article
41242720,2025,Plasma caffeine level as a protective factor against age-related eye diseases: a two-sample Mendelian randomisation study.,The British journal of nutrition,2;10;18,,Journal Article
41239930,2025,Causal Relationship Between Plasma Protein-to-Protein Ratios and Rheumatoid Arthritis: A Proteome-wide Mendelian Randomization Study.,Current molecular medicine,2;9;10,,Journal Article
41239720,2025,Rheumatoid arthritis increases risk of atherosclerosis: A Mendelian randomization study.,Medicine,1;2;9;10,,Journal Article
41239680,2025,Causal validation of the relationship between air pollution and ovarian cancer: A bidirectional Mendelian randomization study and meta-analysis.,Medicine,2;5;10;19,,Journal Article;Meta-Analysis
41239641,2025,Exploring the causal relationship between gut microbiota and thromboembolism: A Mendelian randomization study.,Medicine,1;2;10,,Journal Article
41239610,2025,Causal relationship between plasma homocysteine levels and colorectal cancer: A Mendelian randomization study.,Medicine,2;5;10,,Journal Article;Meta-Analysis
41239602,2025,Cross-tissue transcriptome-wide association and Mendelian randomization identify RALB as a susceptibility gene for breast hypertrophy.,Medicine,2;10,,Journal Article
41239593,2025,Causal effects of stimulus-induced blood cell phenotypes on the risk of primary knee osteoarthritis: A two-sample Mendelian randomization study.,Medicine,2;10,,Journal Article
41239582,2025,Multi-omics evidence supports PROC as a potential predictor of VTE risk: A Mendelian randomization study.,Medicine,1;2;10,,Journal Article
41239515,2025,Unraveling the causal association of epigenetic age acceleration with common oral diseases and its underlying mechanisms: findings from Mendelian randomization and integrative genetic analysis.,Clinical epigenetics,2;10;11,,Journal Article
41239333,2025,"Education, socioeconomic status, leisure sedentary behaviors and female infertility: mendelian randomization study.",BMC women's health,2;6;7;10;15,,Journal Article
41239138,2025,Integrative Mendelian randomization and spatial transcriptomics analysis reveals causal links between plasma lipidome and non-small cell lung cancer.,Discover oncology,2;5;10,,Journal Article
41239078,2026,MICA protein as a plasma biomarker for dermatomyositis with malignancy: a proteome-wide Mendelian randomization and ELISA study.,Clinical rheumatology,2;5;9;10,,Journal Article
41236085,2026,Childhood Obesity and Age-Related Diseases: A Systematic Review and Meta-Analysis of Mendelian Randomization Evidence.,Pediatric obesity,1;2;4;5;9;10;11;13;14,,Journal Article;Systematic Review;Meta-Analysis
41235099,2025,"Causal Associations of Smoking, Alcohol, Obesity, Sedentary Behavior, Hypertension, and Hyperglycemia With Retinal Vein Occlusion: A Mendelian Randomization Study.",Current genomics,1;2;4;7;10;18,,Journal Article
41234868,2025,Bioinformatics analysis identifies ULK3 as a novel prognostic and immune-related biomarker in esophageal cancer.,Translational cancer research,2;5;12,,Journal Article
41232325,2026,Dissecting the effect of blood colony-stimulating factors and receptors on Alzheimer's disease: the role of myeloid traits and inflammation.,Cytokine,2;11,,Journal Article
41230735,2026,Genetically predicted KIR2DS4 mediate the association between gut microbe K10 and osteoporosis fractures: A mediation Mendelian randomization study.,"PM & R : the journal of injury, function, and rehabilitation",2;10,,Journal Article
41220142,2025,TLR1-Regulated Ferroptosis Gene Decreases the Occurrence of Restless Legs Syndrome.,Brain and behavior,2,,Journal Article
41219819,2025,The role and prognostic value of mitochondria-related gene PARK7 in breast cancer.,Breast cancer research : BCR,2;5,,Journal Article
41217734,2025,Plasma proteins and osteosarcoma risk: causal evidence from Mendelian randomization.,Discover oncology,2;10,,Journal Article
41213931,2025,131 genetic loci highlight immunological pathways and tissues in nasal polyposis and asthma.,Nature communications,2;13;18,,Journal Article;Meta-Analysis
41213472,2026,Causal Relationship Between Multiple Modifiable Risk Factors and Gestational Diabetes Mellitus: A 2-Sample Mendelian Randomization Study.,Canadian journal of diabetes,1;2;10;15,,Journal Article
41212630,2025,Mitochondrial-related pathogenic genes in varicose veins: A multi-omics Mendelian randomization study.,Phlebology,2;10,,Journal Article
41211168,2025,Causal Influences of Micronutrients on Anxiety: Insights From an Observational and Mendelian Randomization Analysis.,Food science & nutrition,2;4;10,,Journal Article
41206519,2026,Role of Transitional %B Cells in Mediating the Effect of Phosphatidylinositol (16:0_18:1) on Aortic Dissection.,American journal of hypertension,1;2,,Journal Article
41204596,2025,Immune cells and the risk of acne vulgaris: A Mendelian randomization study.,Medicine,2;10;12,,Journal Article
41204553,2025,Mendelian randomization analysis of gut microbiota and chronic kidney disease: Implications for herbal interventions.,Medicine,1;2;10,,Journal Article;Observational Study
41204552,2025,The influence of mitochondrial biological function on sudden sensorineural hearing loss: Exploring potential mechanisms and associations through Mendelian randomization analysis.,Medicine,2;10;18,,Journal Article
41204547,2025,Causal associations between food intakes and autoimmune skin diseases: A 2-sample Mendelian randomization study.,Medicine,2;9;10;12,,Journal Article
41204532,2025,Causal association between sepsis and acute respiratory distress syndrome: Evidence from a 2-sample Mendelian randomization study.,Medicine,2;8;10,,Journal Article
41204530,2025,Association between frailty and gout in middle-aged and older adults: A nationwide cross-sectional and Mendelian randomization study.,Medicine,2;10;11,,Journal Article
41204489,2025,Rotator cuff injury and myocardial infarction: Findings of NHANES 2011 to 2018 and Mendelian randomization study.,Medicine,1;2;6;10,,Journal Article
41204481,2025,Causal association between 3 adiposity indices and 5 infectious diseases: A Mendelian randomization study.,Medicine,2;8;10,,Journal Article
41202422,2026,Causal effects of telomere length on ovarian tumor risk: Insights from genetic evidence.,"Journal of chromatography. B, Analytical technologies in the biomedical and life sciences",2;5,,Journal Article
41200820,2025,Plasma Protein Profile Associated With a Family History of Early-Onset Coronary Heart Disease.,Circulation. Genomic and precision medicine,1;2,,Journal Article
41200769,2026,Genetic risk factors and clinical manifestations of systemic lupus erythematosus: Large-scale analysis of genetic predisposition and disease subtypes.,Journal of internal medicine,2;9;12,,Journal Article
41200167,2025,Identification and validation of plasma protein biomarkers as therapeutic targets in acute myeloid leukemia: an integrative multi-omics study.,Frontiers in immunology,2;5,,Journal Article
41197911,2026,Blood metabolites mediate gut microbiota effects on depression: A Mendelian randomization study.,Journal of affective disorders,2;4;10,,Journal Article
41196451,2025,Proteome-wide Mendelian randomization and colocalization analysis uncovers druggable targets for lung cancer across multiple phenotypes and complications.,Discover oncology,2;5;10;12,,Journal Article
41196107,2025,"Deciphering the Role of VIM, STX8, and MIF in Pneumoconiosis Susceptibility: A Mendelian Randomization Analysis of the Lung-Gut Axis and Multi-Omics Insights from European and East Asian Populations.",Biomedical and environmental sciences : BES,2;10,,Journal Article
41189590,2025,Mendelian Randomization and Bioinformatics Analysis Reveal the Potential Protective Role of Metformin in Primary Liver Cancer.,Food science & nutrition,1;2;5;10;16,,Journal Article
41189267,2025,Causal effects of 731 immune cells on post-traumatic stress disorder: A Mendelian randomization study.,Medicine,2;4;10,,Journal Article
41189249,2025,"Causal relationship between albumin, total protein, and colorectal cancer risk: A 2-sample Mendelian randomization study.",Medicine,2;5;10,,Journal Article
41189233,2025,Causal relationships between modifiable risk factors and heart failure: A comprehensive Mendelian randomization study.,Medicine,1;2;10,,Journal Article
41187262,2025,Dietary intake and periodontal health: Evidence from a Mendelian randomization analysis.,The Journal of international medical research,2;10,,Journal Article
41186856,2025,Inflammation related proteins and PLCG1 may contribute to papillary thyroid carcinoma risk through a potential regulatory axis.,Discover oncology,2;5,,Journal Article
41186485,2025,Mendelian Randomization Analysis Reveals No Causal Genetic Link Between Dentofacial Anomalies and Dental Caries.,Oral health & preventive dentistry,2;10,,Journal Article
41184868,2025,Rheumatoid arthritis and cardiovascular disease associations in the UK Biobank.,BMC medicine,1;9;14,,Journal Article;Observational Study
41184533,2026,Genetic evidence of the causal relationship between genetically predicted nutrients and psoriatic arthritis.,Clinical rheumatology,2;9,,Journal Article;Meta-Analysis
41183960,2025,Genetic evidence linking gastroesophageal reflux disease to chronic kidney disease and kidney failure: a two-step Mendelian randomization study.,Renal failure,1;2;10,,Journal Article
41183465,2025,Combining Mendelian randomization and network toxicology to decipher the causal role and molecular mechanisms of environmental pollutants in breast cancer: A focus on Methyl-4-hydroxybenzoate.,Cancer epidemiology,1;2;5;10,,Journal Article
41182656,2025,FAM3B overexpression correlates with poor prognosis and immune dysregulation in colorectal cancer: insights from bioinformatics and Mendelian randomization analyses.,Discover oncology,2;5;10,,Journal Article
41180196,2025,A proteome-wide association study reveals novel plasma proteins as potential therapeutic targets for metabolic dysfunction-associated steatotic liver disease.,Frontiers in endocrinology,1;2;11,,Journal Article
41177795,2025,Multi-Omics and Mendelian-Randomization Investigation of Mitochondrial Genes in Irritable Bowel Syndrome.,Current medicinal chemistry,2;10,,Journal Article
41175380,2025,Association between Blood Pressure and Digestive Tract Cancers in European and Asian Populations: A Two-Sample Mendelian Randomization Study.,Cardiology,1;2;5;10,,Journal Article
41174675,2025,Investigating the role of homocysteine and B vitamins in gestational diabetes mellitus: Mendelian randomization study.,Nutrition journal,1;2;10;15,,Journal Article
41171338,2026,Metabolomic etiological insights into six diabetic complications: a large scale Mendelian randomization atlas with colocalization validation.,Acta diabetologica,1;2;10;18,,Journal Article
41170748,2025,Exploring the Causal Relationship Between Blood Metabolites and Chronic Periodontitis: Insights From Genetic Causal Analysis.,Journal of cellular and molecular medicine,2,,Journal Article
41170569,2026,Mendelian Randomization Analysis of the Causal Link Between Rheumatoid Arthritis and Interstitial Lung Disease.,"Respirology (Carlton, Vic.)",2;9;10;13,,"Journal Article;Research Support, Non-U.S. Gov't"
41168822,2025,"Genome-wide association, single-cell, and spatial transcriptomics analyses reveal the role of the STK24-expressing positive cells in LUAD progression and the tumor microenvironment, identifying STK24 as a potential therapeutic target.",Journal of translational medicine,2;5,,Journal Article
41165052,2025,Assessing the causal relationship between the plasma proteome and epilepsy: A Mendelian randomization study.,Epilepsia open,2;10;14,,Journal Article
41163284,2025,Identification of Potential Drug Targets for Generalized Anxiety Disorder: A Mendelian Randomization Study Based on Druggable Genes.,Current pharmaceutical biotechnology,2;4;10,,Journal Article
41163282,2025,Circulating Cytokines Mediate the Causal Relationship between Plasma Lipids and Migraine and its Subtypes: A Mediated Mendelian Randomization Study.,Combinatorial chemistry & high throughput screening,2;10;14,,Journal Article
41163278,2026,A Predictive Model for Anemia and Coronary Heart Disease Based on Bidirectional Two-Sample Mendelian Randomization and Machine Learning.,"Endocrine, metabolic & immune disorders drug targets",1;2;3;10,,Journal Article
41162548,2025,Pathogenic genes associated with immune-related genes in graves' disease: a multi-omics Mendelian randomization analysis.,Scientific reports,2;10,,Journal Article
41151919,2025,"No evidence of a causal relationship between negative emotions and glaucoma: evidence triangulation from genetic correlation, Mendelian randomisation and colocalisation.",BMJ open ophthalmology,4;10;18,,Journal Article
41148396,2025,Genetic prediction of the effect of gut microbiota on retinal vein occlusion via blood metabolites.,International ophthalmology,1;2;18,,Journal Article
41148015,2025,Causal relationship between chronic inflammatory diseases and uveal melanoma: A bidirectional Mendelian randomization study.,Indian journal of ophthalmology,2;5;9;10,,Journal Article
41146943,2025,Proteome-wide and network pharmacology integration identifies sunitinib as a potential therapeutic for type 2 diabetes targets.,Therapeutic advances in endocrinology and metabolism,1;2,,Journal Article
41144108,2025,Multi-omics profiling uncovers paradoxical Epstein-Barr virus involvement in autoimmune liver disease pathogenesis.,AMB Express,2;8;9,,Journal Article
41142151,2025,Exploring the causal relationship between plasma proteins and postherpetic neuralgia: a Mendelian randomization study.,Frontiers in neurology,2;10,,Journal Article
41137360,2025,"Role of erythritol in coronary heart disease, ischemic stroke, and venous thromboembolism: A Mendelian randomization analysis.",Medicine,1;2;10;14,14.2-stroke-cerebro,Journal Article
41137358,2025,Genetic variation in targets of granulocyte colony-stimulating factor drugs and 14 cancers risk: A Mendelian randomization study.,Medicine,2;5;10;12,,Journal Article
41137267,2025,Cerebrospinal fluid metabolomic and postpartum depression: A Mendelian randomization study.,Medicine,2;4;10;15,,Journal Article
41137238,2025,Investigating the genetic causal link between iron regulation and lung cancer risk: A 2-sample Mendelian randomization analysis.,Medicine,2;5;10,,Journal Article
41137236,2025,Assessing the relationship between gut microbiota and hyperprolactinemia: A bidirectional two-sample Mendelian randomization study.,Medicine,2;10,,Journal Article
41137215,2025,Unveiling causal links between serum amino acid levels and risk of hepatobiliary neoplasms by Mendelian randomization study.,Medicine,1;2;5;10,,Journal Article;Meta-Analysis
41132577,2025,Causal Associations Between Dietary Factors and Uterine Inflammatory Diseases: A Mendelian Randomization Study.,Food science & nutrition,2;3;10;15,,Journal Article
41132350,2025,"Shared genetic architecture between anxiety, depression and erectile dysfunction: a genome-wide cross-trait analysis.",Translational andrology and urology,2;4,,Journal Article
41127252,2025,Genetic associations of plasma proteomics with dementia subtypes and neuroimaging markers.,"Alzheimer's & dementia (Amsterdam, Netherlands)",2;11,,Journal Article
41126404,2025,Association between a history of hypothyroidism and incident chronic kidney disease and potential mediators: A cohort study with Mendelian randomization analysis.,The Journal of international medical research,1;2;10,,Journal Article
41124083,2025,"COL6A1, LAPTM5, and ZFAND2A as Crucial Biomolecules Driving Immunoregulation in Human Nucleus Pulposus Degeneration.",FASEB journal : official publication of the Federation of American Societies for Experimental Biology,2,,Journal Article
41123770,2025,Exploration of the mechanism of intestinal flora-mediated immune modulation in the pathogenesis of gout.,Clinical rheumatology,2,,Journal Article
41120779,2025,The Causal Relationship Between Palmitoylation Genes and Parkinson's Disease: A Mendelian Randomization Study.,Journal of molecular neuroscience : MN,2;10;11,,Journal Article
41111566,2025,Association between serum copper and COPD: Insights from NHANES 2011-2016 and Mendelian randomization study.,Tobacco induced diseases,2;4;10;13,,Journal Article
41111381,2025,Assessing Causality between Obstructive Sleep Apnea and Erectile Dysfunction: A Bidirectional Mendelian Randomization Study.,Archivos espanoles de urologia,2;10;13,,Journal Article
41107957,2025,Proteomic landscape of multidimensional aging phenotypes.,Genome medicine,2;11,,"Journal Article;Research Support, Non-U.S. Gov't"
41107716,2025,Causal effects and mediation pathways of circulating plasma proteins on osteoporosis: a two-sample and two-step Mendelian randomization study.,Clinical proteomics,2;10,,Journal Article
41106624,2026,Multi-omics causal inference of nuclear-encoded mitochondrial genes in autism spectrum disorder.,Journal of affective disorders,2,,Journal Article
41105381,2025,The effects of genetically determined plasma methyltransferases on digestive system cancers: a comprehensive bidirectional two-sample Mendelian randomization analysis.,Discover oncology,2;5;10,,Journal Article
41105334,2025,Causal plasma metabolites for breast cancer risk: a two-sample Mendelian randomization study with colocalization evidence.,Discover oncology,2;5;10,,Journal Article
41102537,2026,Unlocking the potential of FinnGen to advance cancer research.,Nature reviews. Cancer,5,,Journal Article
41099891,2025,An Investigation of the Causal Link Between Palmoylation Genes and Epilepsy Utilising Multi-omics Mendelian Randomisation Analysis and Validation Through Single-Cell Evidence.,Journal of molecular neuroscience : MN,2;10;14,,Journal Article
41098970,2025,Causal Relationship Between Genetically Determined Free Fatty Acids and Nonalcoholic Fatty Liver Disease: A Mendelian Randomization Study.,International journal of endocrinology,1;2;10,,Journal Article
41097903,2025,Integrated Retrospective and Post-GWAS Analyses Reveal Mechanisms Linking Nightly Short Sleep to Asthma.,Brain and behavior,2;13,,Journal Article
41097816,2025,AQP4-ab-Positive Neuromyelitis Optica Spectrum Disorder Increases the Risk of Hydrocephalus: A Bidirectional Mendelian Randomization Study.,Brain and behavior,2;10,,Journal Article
41094627,2025,Genomic data-driven framework for drug target discovery in atrial fibrillation.,Journal of translational medicine,1;2;14,,Journal Article
41094299,2025,Identification of plasma protein biomarkers for ankylosing spondylitis by integrating proteome with genome.,Clinical rheumatology,2;9,,Journal Article
41090995,2025,Genetically Predicted Immunocyte Phenotypes as Risk and Protective Factors in Glaucoma: An Exploratory Bidirectional Mendelian Randomization Study.,Translational vision science & technology,2;10;18,,Journal Article
41089542,2025,Identification of Potential Therapeutic Targets for Sepsis Using Mendelian Randomization and Integrated eQTL/pQTL Analysis.,International journal of general medicine,2;8;10,,Journal Article
41089402,2025,Genetic Association and Drug Target Exploration Between Inflammation-Related Proteins and the Risk of Primary Ovarian Insufficiency.,Journal of inflammation research,2,,Journal Article
41088678,2025,Causal relationship between asthma and chronic rhinosinusitis: A Mendelian randomization study.,Medicine,2;10;13;18,,Journal Article
41088644,2025,Uncovering potential therapeutic targets for autoimmune hepatitis using proteome-wide Mendelian randomization.,Medicine,2;8;9;10,,Journal Article
41088635,2025,Lack of genetic correlation and causal association between specific gut microbiota and osteoporosis.,Medicine,2,,Journal Article
41088629,2025,Physical activity lowers hypertension risk: A 2-sample Mendelian randomization study.,Medicine,1;2;7;10,,Journal Article
41088607,2025,Accelerated biological aging and homeostatic dysregulation in diabetic kidney disease: Evidence from NHANES and Mendelian randomization.,Medicine,1;2;10;11;14,,Journal Article
41088586,2025,Causal relationship between interleukin-6 levels and the risk of synovitis and tenosynovitis: A two-sample Mendelian randomization study.,Medicine,2;10,,Journal Article
41088580,2025,Diabetes and benign paroxysmal positional vertigo: A 2-sample Mendelian randomization study.,Medicine,1;2;10;14;18,,Journal Article
41088572,2025,Immune cells in diabetic retinopathy: A Mendelian randomization study.,Medicine,1;2;10;18,,Journal Article
41088040,2025,Thyroid disorders and pregnancy loss: a bidirectional mendelian randomization exploration.,BMC pregnancy and childbirth,2;10;15,,Journal Article
41085868,2025,Causal association between mitochondrial genes and colorectal cancer: a multi-omics Mendelian randomization study.,Discover oncology,2;5;10,,Journal Article
41084596,2025,Bidirectional Mendelian Randomization Analysis of Mood Disorders and Risk of Preeclampsia-Eclampsia.,International journal of women's health,1;2;4;10;15,,Journal Article
41084245,2025,Genetically Predicted Gastroesophageal Reflux Disease and Common Thyroid Disorders: A Two-sample Mendelian Randomization Study.,Current medicinal chemistry,2;10,,Journal Article
41083074,2026,"Revisiting the effects of physical activity on anxiety and mediation from plasma proteins: triangulation of evidence from observational study, Mendelian randomization, mediation and meta-analysis.",Journal of affective disorders,2;4;7;10,,Journal Article;Meta-Analysis;Observational Study
41082153,2025,Identifying the causal role and therapeutic potential of immune-related genes in bladder cancer: a Mendelian randomization study.,Discover oncology,2;5;10,,Journal Article
41076319,2026,Insights into causal associations between type 2 diabetes and common human diseases: a phenotype-wide bi-directional Mendelian randomization analysis.,"Nutrition, metabolism, and cardiovascular diseases : NMCD",1;2;10,,Journal Article
41075270,2025,Genetic variants associated with gout identified through a genome-wide study in the UK biobank (N = 150 542).,Human molecular genetics,1;2,,Journal Article
41071420,2025,Glutaryl-CoA dehydrogenase (GCDH) enhances renal malignancy risk via modulating glutarylcarnitine levels.,Discover oncology,1;2;5,,Journal Article
41070538,2025,Causal effects of sleep behaviors on temporomandibular disorders and pain: a bidirectional mendelian randomization study.,Journal of oral & facial pain and headache,2;4;10;13,,Journal Article
41067896,2025,[Integrating genomics and metabolomics to reveal the genetic basis and potential therapeutic targets of diabetic foot].,Zhongguo gu shang = China journal of orthopaedics and traumatology,1;2,,English Abstract;Journal Article
41066853,2025,Causal relationships between monocyte chemoattractant protein-1 levels and neuropsychiatric disorders: Evidence from large-scale genetic data.,Journal of neuroimmunology,2;4;11,,Journal Article;Meta-Analysis
41065954,2025,New evidence for the protective effect of gut microbiota regulation of ferroptosis-related proteins against osteoporosis.,World journal of microbiology & biotechnology,2,,Journal Article
41064534,2025,Genetically Prioritized Plasma Proteins as Candidate Therapeutic Targets for Dry Age-Related Macular Degeneration.,Journal of ophthalmology,2;18,,Journal Article
41063934,2025,Antihypertensive Drugs and Dental Caries Risk: A Drug-Target Mendelian Randomization Analysis.,International journal of genomics,2;10,,Journal Article
41060444,2025,Potential drug targets for intracranial aneurysms identified through Mendelian randomization analysis.,Neurosurgical review,1;2;10;14,,Journal Article
41058202,2025,Causal Relationship Between Brain Functional Networks and Sleep Disorders: A Mendelian Randomization Study.,Brain and behavior,2;4;10;13,,Journal Article
41057938,2025,Identification of genetically-supported new drug targets for osteomyelitis based on druggable genomes.,Human genomics,2;8,,Journal Article;Meta-Analysis
41056187,2025,Genetic variants of glucose-dependent insulinotropic polypeptide (GIP) signalling as proxy for body weight reduction and cardiovascular risk.,European heart journal,1;2,,Journal Article
41050715,2025,Association Between Specific Sleep Traits and Four Inflammatory Skin Diseases: A Mendelian Randomization Study.,"Clinical, cosmetic and investigational dermatology",2;10;12;13,,Journal Article
41049426,2025,Plasma Proteome Profiling Identifies Biomarkers and Potential Drug Targets for Non-Small Cell Lung Cancer.,International journal of medical sciences,2;5;12,,Journal Article;Meta-Analysis
41049388,2025,Integrated multi-omics profiling reveals shared mechanistic pathways in asthma-allergic rhinitis comorbidity: A hybrid machine learning framework leveraging Mendelian randomization for precision diagnostics.,The World Allergy Organization journal,2;3;10;13;18,,Journal Article
41048997,2025,Identification of Plasma Protein Biomarkers and Drug Targets for Hematologic Malignancies by Proteome-wide Mendelian Randomization.,Journal of Cancer,2;10,,Journal Article
41047677,2025,Mediating Effects of Plasma Metabolites in Inflammatory Protein-Lymphoma Causality: A Mendelian Randomization Study.,Current medicinal chemistry,2;5;10,,Journal Article
41045498,2025,Genetic evidence for the correlation between relative nutrient intake and male reproductive health: a Mendelian randomized study.,The aging male : the official journal of the International Society for the Study of the Aging Male,2;10,,Journal Article
41045077,2025,"The relationship between gut microbiota, plasma metabolites, and iron deficiency anemia in European populations: a three-sample Mendelian randomization analysis.","Hematology (Amsterdam, Netherlands)",2;10,,Journal Article
41043791,2025,Triangulation evidence for the causal effect of monocytes on pulmonary artery hypertension: a Mendelian randomization study and results from NHANES.,Respiratory medicine,1;2;10;13,,"Journal Article;Observational Study;Research Support, Non-U.S. Gov't"
41040737,2025,Genetic liability to meniscus degeneration and its comorbidity patterns: a phenome-wide association study in the UK Biobank.,medRxiv : the preprint server for health sciences,2;4,,Journal Article;Preprint
41038678,2025,Circulating vitamin D concentrations and the risk of urticaria: A bidirectional two-sample Mendelian randomization study.,Asia Pacific journal of clinical nutrition,2;10;12,,Journal Article
41032335,2025,Measures of General Intelligence and Risk for Alcohol Use Disorder.,JAMA psychiatry,2;4,,Journal Article
41032333,2025,"Polygenic Susceptibility in Peripartum, Alcohol-Induced, and Cancer Therapy-Related Cardiomyopathies.",JAMA cardiology,2;5;10,,Journal Article
41030199,2025,Decoding the Molecular Landscape of Inflammatory Bowel Disease: A Mendelian Randomization and Machine Learning Analysis.,Journal of gastroenterology and hepatology,2;3;9;10,,Journal Article
41029122,2025,Dietary factors mediated the causal association between educational attainment and chronic periodontitis: A 2-sample Mendelian randomization study.,Medicine,2;10,,Journal Article
41029098,2025,Identification of MMEL1 as a novel therapeutic target for primary sclerosing cholangitis: Integrating Mendelian randomization and transcriptome landscapes.,Medicine,2;9;10,,Journal Article
41029044,2025,Genetic evidence for the effect of prepregnancy maternal metabolic status on the risk of congenital heart disease in offspring: A Mendelian randomization study.,Medicine,1;2;10;15,,Journal Article
41029038,2025,Two-sample Mendelian randomization investigating the causal association between endocarditis and osteomyelitis: A validation analysis using UK Biobank and FinnGen databases.,Medicine,2;10,,Journal Article;Meta-Analysis
41023650,2025,Association between mitochondrial DNA copy number and the risk of Parkinson's disease: a meta-analysis and Mendelian randomization study.,BMC neurology,2;10;11,,Journal Article
41021077,2025,Multiomic Mendelian randomization analysis of metabolic gene methylation expression and protein levels in lung adenocarcinoma.,Discover oncology,2;10,,Journal Article
41020910,2025,Association between brain connectivity and renal pathophysiology: a multi-trait Mendelian randomization analysis.,Brain structure & function,1;2;10,,Journal Article
41019153,2025,Exploring Causal Relationships Between Kidney Function and the Risk of Senile Cataract and Primary Open-Angle Glaucoma: A Mendelian Randomization Study and Bioinformatics Analyses.,Journal of multidisciplinary healthcare,1;2;10;18,,Journal Article
41008513,2025,Selenoprotein S and the Causal Risk of Hypertension in Pregnancy: A Mendelian Randomization Study.,"Healthcare (Basel, Switzerland)",1;2;10;15,,Journal Article
41006052,2025,Association of 206 Brain Structural Connectivity with Different Types of Strokes: A Mendelian Randomization Study.,eNeuro,1;2;10;14,,Journal Article
41005615,2026,"Integrating Multiomic Mendelian Randomization, Microarray, Single-Cell RNA Sequencing, and Spatial RNA Sequencing to Identify Potential Therapeutic Targets for Vitiligo.",The Journal of investigative dermatology,2;10;12,,Journal Article
41005202,2026,Mendelian randomization and FinnGen analysis of the causal relationship between 473 gut microbiota species and chronic sinusitis.,Brazilian journal of otorhinolaryngology,2;10,,Journal Article
40996951,2025,Exploration of potential novel drug targets for rheumatoid arthritis by plasma proteome screening.,PLoS computational biology,2;9,,Journal Article
40996707,2025,MRdb: a comprehensive database of univariate and multivariate Mendelian randomization with large-scale GWAS summary data.,Database : the journal of biological databases and curation,2;10,,"Dataset;Journal Article;Research Support, Non-U.S. Gov't"
40996096,2025,Genetic Insights Into Depression Induced by Tuberculosis via Mediating Roles of Interleukins: Evidence From Mendelian Randomization.,Tropical medicine & international health : TM & IH,2;4;8;10,,Journal Article
40994608,2025,Assessment of causality between circulating inflammatory proteins and subtypes of diabetic retinopathy.,International journal of ophthalmology,1;2;18,,Journal Article
40994391,2025,Investigating Potential Causal Relationships Between Plasma Protein Ratios and Alopecia Areata: A Bidirectional Mendelian Randomization Study.,"British journal of hospital medicine (London, England : 2005)",2;10;12,,Journal Article
40994081,2025,Genetic evidence for repurposing GLP-1 receptor agonists in chronic kidney disease and IgA nephropathy: Metabolic and anti-inflammatory pathways beyond glycaemic control.,"Diabetes, obesity & metabolism",1;2,,Journal Article
40990651,2026,Associations between dietary intake and pancreatic disease: a Mendelian randomization study.,"International journal of surgery (London, England)",2;5;10,,Journal Article
40988222,2025,Inhibition of lactylation by LRP1 expression increases the risk of intervertebral disc degeneration: A multi-omics summary-based Mendelian randomization analysis.,Medicine,2;10,,Journal Article
40988180,2025,"Analyzing the causal relationship between gut microbiota, metabolites, and constipation: A Mendelian randomization study.",Medicine,2;10,,Journal Article
40988171,2025,Exploring the causal effects of epilepsy and its subtypes on anthropometric traits: A 2-sample Mendelian randomization study.,Medicine,1;2;10;14,,Journal Article
40988167,2025,Multifaceted dietary exposures and atrial fibrillation: Bidirectional causal evidence from two-sample Mendelian randomization study.,Medicine,1;2;10,,Journal Article
40986097,2025,The role of phosphatidylinositol (18:1_18:1) in benign prostatic hyperplasia: an integrated study of Mendelian randomization and network pharmacology.,World journal of urology,1;2;10,,Journal Article
40984004,2025,Gut microbiota-mediated targeting of EHMT2 in individuals of European ancestry: A novel therapeutic approach for Alzheimer's disease.,Journal of Alzheimer's disease : JAD,2;5;11,,Journal Article
40980422,2025,Labor Epidural Anesthesia and Postpartum Depression Risk: Prospective Observation Study and Mendelian Randomization Analysis.,"Drug design, development and therapy",2;4;10;15,,Journal Article;Observational Study
40979581,2025,Breakfast Skipping Increases the Risk of Coronary Heart Disease and Myocardial Infarction: Evidence From the Mendelian Randomization Study.,Food science & nutrition,1;2;10,,Journal Article
40979545,2025,Prioritization of potential drug targets for diabetic kidney disease using integrative omics data mining and causal inference.,Journal of pharmaceutical analysis,1,,Journal Article
40976183,2026,Alterations of gut microbiome in chronic rhinosinusitis: insights from a mendelian randomization study.,Brazilian journal of otorhinolaryngology,2;10;18,,Journal Article
40974350,2025,"The Genetic Associations Between Kidney Stones, Obesity, Type 2 Diabetes, and Hypertension.",Mayo Clinic proceedings,1;2,,Journal Article;Meta-Analysis
40974070,2025,Functional Determinants and Evolutionary Consequences of Pleiotropy in Complex and Mendelian Traits.,Molecular biology and evolution,2;10,,Journal Article
40972893,2025,Prospective evidence for the gut-bone axis in osteoporotic fractures: Insights from genetic prediction and metabolite mediators.,Bone,2,,Journal Article
40971882,2026,Genetic Variants Related to TGF-β Signaling Pathway Modulate Risk of Meniscus Injury: A Multiancestry Genome-wide Association Study.,Clinical orthopaedics and related research,2,,Journal Article;Meta-Analysis
40969908,2025,The Causal Relationship Between Multiple Modifiable Risk Factors and Hallux Valgus: A Two-Sample Mendelian Randomization Study.,Food science & nutrition,1;2;10,,Journal Article
40963887,2025,No Causal Relationship Between Helicobacter Pylori Infection and Rosacea: A 2-Sample Mendelian Randomization Study.,"Clinical, cosmetic and investigational dermatology",2;8;10;12,,Journal Article
40961174,2025,Identifying differential brain structures and genetic mechanisms between Alzheimer's disease and idiopathic normal pressure hydrocephalus.,Journal of Alzheimer's disease : JAD,2;11;14,,Journal Article
40958306,2025,The multi-omics insights into mitochondrial dysfunction in the pathogenesis of cholelithiasis.,Medicine,2,,Journal Article
40958296,2025,Uncovering potential drug targets for lactylation-related genes mediated intervertebral disc degeneration: A Mendelian randomization analysis integrating eQTL data.,Medicine,2;10,,Journal Article
40958285,2025,Exploring the causal relationship between sedentary behavior and cardiovascular disease: A two-sample Mendelian randomization analysis.,Medicine,1;2;7;10;14,,Journal Article
40958279,2025,Bidirectional Mendelian randomization and immune cell mediation analysis: A STROBE-MR study unveiling the causal link between non-small cell and small cell lung cancers.,Medicine,2;5;10;12,,Journal Article
40958276,2025,The role of gut microbiota and plasma metabolites in osteoporosis: Insights from Mendelian randomization analysis.,Medicine,2;10,,Journal Article
40953858,2025,Integrative genome-wide analysis unveils the genetic landscape of gallstone disease and highlights novel loci with therapeutic potential.,BMJ open gastroenterology,2,,Journal Article;Meta-Analysis
40950438,2025,The impact of polygenic score and socioeconomic status in predicting risk for 19 complex diseases.,medRxiv : the preprint server for health sciences,2;6,,Journal Article;Preprint
40937292,2025,Genetically proxied tumour necrosis factor inhibition and pregnancy-related maternal and foetal outcomes in the general population: a Mendelian randomization study.,Rheumatology advances in practice,2;5;10;15,,Journal Article
40937195,2025,Causal Links Between Cerebrospinal Fluid Metabolites and Postpartum Depression: A Bidirectional Mendelian Randomization Study.,International journal of women's health,2;4;10;15,,Journal Article
40937009,2025,"Dissecting Causal Relationships Between Gut Microbiota, Plasma Metabolites and Bladder Cancer: A Two-Step Mendelian Randomization Study.",Health science reports,2;5;10,,Journal Article
40934096,2025,Perturbations in lipid metabolism mediate the relationship between cholecystectomy and dementia: A mediation Mendelian randomization study.,Journal of Alzheimer's disease : JAD,1;2;10;11,,Journal Article
40933551,2025,Deciphering the Genetic Association Between the FODMAP Diet and Recurring Oral Aphthae-The Mediating Role of Ferroptosis.,Food science & nutrition,2,,Journal Article
40927812,2025,Genetic Association of Lipids and Lipid-Lowering Drug Target Genes With Atopic Dermatitis: A Drug Target Mendelian Randomization Study.,Health science reports,1;2;10;12,,Journal Article
40927699,2025,"The Role of Plasma Metabolites in Mediating the Effect of Gut Microbiota on Obstructive Sleep Apnea: A Two-Step, Two-Sample Mendelian Randomization Study.",Nature and science of sleep,2;10;13,,Journal Article
40927337,2025,Association between copper exposure and renal fibrosis in patients with chronic kidney disease: evidence from Mendelian randomization and a retrospective study.,Frontiers in public health,1;2;10,,Journal Article
40923143,2025,Potential Causal Relationships Between Circulating Micronutrient Levels and Multiple Neuroimmune Diseases: A Genetic Association Analysis.,Brain and behavior,2;9;14,,Journal Article
40922984,2025,MRI-Based Genetic Studies Reveal Specific Genetic Variants and Disease Risks Associated With Fat Distribution Across Anatomical Sites.,Journal of obesity,1;2,,Journal Article
40922807,2025,A Cross-Tissue Transcriptome-Wide Association Study Identified Susceptibility Genes for Intervertebral Disc Degeneration.,JOR spine,2;4,,Journal Article
40922636,2025,The Relationship Between Human Cerebrospinal Fluid Proteins and the Risk of Delirium: A Study Based on Genetic Data.,Brain and behavior,2;5,,Journal Article
40922374,2025,Vitamin A and vitamin B12 levels and coronary artery atherosclerosis: Univariate and multivariate Mendelian randomization analysis.,Medicine,1;2;10;11,,Journal Article
40922268,2025,Bidirectional Mendelian randomization study reveals causal relationships between polymyalgia rheumatica and serum metabolites.,Medicine,2;9;10,,Journal Article
40920026,2025,Genetic prediction of the relationship between mitochondrial proteins and diabetic polyneuropathy risk: a Mendelian randomization study.,Endocrine research,1;2;10,,Journal Article
40919435,2025,"Multi-omic insights into mitochondrial dysfunction and prostatic disease: evidence from transcriptomics, proteomics, and methylomics.",Frontiers in genetics,2;5,,Journal Article
40917734,2025,The Impact of Age at First Sexual Intercourse on Female Reproductive Disorders: A Mendelian Randomized Study.,International journal of women's health,2;10;15,,Journal Article
40914412,2026,Hidradenitis Suppurativa Is an HLA-Associated Autoimmune Disease.,The Journal of investigative dermatology,8;9;12,,Journal Article
40910637,2025,Association Between Socioeconomic Status and Major Congenital Anomalies: A Two-Sample Mendelian Randomization Study.,Birth defects research,2;6;10,,Journal Article
40910294,2026,Unlocking New Treatment Horizons for Celiac Disease: PRKCD Revealed as a Promising Target through Mendelian Randomization.,"Endocrine, metabolic & immune disorders drug targets",2;9;10,,Journal Article
40909989,2025,Causal Associations Between Oral Microbiota and Gestational Diabetes Mellitus: A Two-Sample Mendelian Randomization Study.,International journal of women's health,1;2;10;15,,Journal Article
40908840,2025,Dietary antioxidants: a challenge or an opportunity for asthma? Genetic insights from a Two-sample mendelian randomization study.,The Journal of asthma : official journal of the Association for the Care of Asthma,2;10;13,,Journal Article
40908541,2026,Childhood Obesity Raises GDM Risk Through Adult Obesity: Evidence From Lifecourse Mendelian Randomization Study.,American journal of hypertension,1;2;10;15,,Journal Article
40904551,2025,Association Between Platelet Indices and Risk of Chronic Obstructive Pulmonary Disease: A Bidirectional Mendelian Randomization Study.,International journal of chronic obstructive pulmonary disease,2;10;13,,Journal Article
40900121,2025,"Preeclampsia, gestational hypertension, and cardiovascular disease risk: a genetic epidemiological study.",European heart journal,1;2;14;15,,Journal Article
40898946,2025,[Causal relationship between five autoimmune diseases and intervertebral disc degeneration:a bidirectional Mendelian analysis].,Zhongguo gu shang = China journal of orthopaedics and traumatology,2;9;10,,English Abstract;Journal Article
40898658,2025,The Causal Relationship Between Circulating Inflammatory Proteins and Tinnitus: A Mendelian Randomization Study Mediated by Blood Metabolites.,Brain and behavior,2;10;18,,Journal Article
40898525,2025,Causal relationship between vitamin D and adult height: A bidirectional Mendelian randomization study.,Medicine,2;10,,Journal Article
40898502,2025,Exploring the causal relationship between 25-hydroxyvitamin D and asthma: A bidirectional Mendelian randomization study.,Medicine,2;10;13,,Journal Article
40898473,2025,Association between diabetes mellitus and adhesive capsulitis of shoulder: A 2-sample Mendelian randomization study.,Medicine,1;2;10,,Journal Article
40897285,2026,Multi-omics analysis of immunologically relevant genes in multiple sclerosis to identify potential drug target.,Journal of affective disorders,2;9;14,,Journal Article
40892678,2026,Identification of ATG4B and NLRP1 as M1 Macrophage-Activating-Related Plasma Proteins in Systemic Lupus Erythematosus via Multi-Omics Approaches.,International archives of allergy and immunology,2;9,,Journal Article
40892529,2025,Metabolome-Wide Mendelian Randomization Identifies Valine as a Potential Mediator of the Effect of Obesity on Pancreatic Cancer Risk.,FASEB journal : official publication of the Federation of American Societies for Experimental Biology,1;2;5;10,,Journal Article
40891298,2025,Association between metabolites and hepatocellular carcinoma: findings from a two-sample Mendelian randomization study.,Journal of liver cancer,1;2;5;10,,Journal Article
40888768,2025,Deciphering diabetic neuropathy: immune cell causality revealed.,Neurological research,1;2;14,,Journal Article
40887362,2026,Obstructive sleep apnea and metabolic-associated fatty liver disease risk: Insights from National Health and Nutrition Examination Survey and Mendelian randomization analysis.,"Nutrition, metabolism, and cardiovascular diseases : NMCD",1;2;10;13,,Journal Article
40886111,2026,Insights into modifiable risk factors of atrial fibrillation: a comprehensive Mendelian randomization study.,Postgraduate medical journal,1;2;10,,Journal Article
40886020,2025,Exploring the causal relationships between spondyloarthritis/ankylosing spondylitis and intervertebral disc degeneration: a bidirectional Mendelian randomization study.,Journal of orthopaedic surgery and research,2;9;10,,Journal Article
40883272,2025,"Clustering of lymphoid neoplasms by cell of origin, somatic mutation and drug usage profiles: a multi-trait genome-wide association study.",Blood cancer journal,2;3;5,,Journal Article
40880763,2025,Potential protective role of Bifidobacteria in myopia prevention: evidence from full-length 16S rRNA sequencing and bidirectional Mendelian randomization analysis.,Frontiers in medicine,2;10;18,,Journal Article
40855105,2025,Identifying potential drug targets for postoperative abdominal wall hernia using Mendelian randomization: a multi-omics study.,Scientific reports,2;10,,Journal Article
40883588,2025,Identification of Therapeutic Targets for Premature Ovarian Failure Through Mendelian Randomization and Colocalization Analysis Using Human Plasma Proteomics.,Journal of molecular neuroscience : MN,2;10;15,,Journal Article
40878475,2025,The role of circadian rhythm-related genes in type 2 diabetes from a multi-omics perspective.,Journal of global health,1;2;13,,Journal Article
40878120,2025,Mendelian Randomization Analysis Reveals Iron as a Potential Contributor to Male Infertility.,The world journal of men's health,2;10;15,,Journal Article
40866628,2025,Cross-biobank generalizability and accuracy of electronic health record-based predictors compared to polygenic scores.,Nature genetics,2;3,,Journal Article
40866154,2025,Proteomic insights into chronic pancreatitis: Proteome-wide mendelian randomization to identify potential therapeutic targets.,Pancreatology : official journal of the International Association of Pancreatology (IAP) ... [et al.],2;10,,Journal Article
40865488,2025,Causal links between programmed cell death and hypertrophic scars: Integrative analysis of multi-omics Mendelian randomization and preliminary experimental validation.,Burns : journal of the International Society for Burn Injuries,2;10,,Journal Article
40859549,2025,Constipation and Parkinson disease: A 2-sample bidirectional Mendelian randomization analysis.,Medicine,2;10;11,,Journal Article
40859544,2025,Gut microbiota and diabetic neuropathy/peripheral artery disease: A two-sample Mendelian randomization study investigating risk factors for diabetic foot ulcers.,Medicine,1;2;10;14,,Journal Article
40859490,2025,Will diabetes mellitus induce aplastic anemia by immune factors?: A two-sample and mediation Mendelian randomization study.,Medicine,1;2;10,,Journal Article
40859480,2025,"A Mendelian randomization study of the associations between depression, anxiety and clinical conditions including thyroid nodules, flatulence, and irregular menstruation.",Medicine,2;4;10;15,,Journal Article
40859268,2025,The causal effects of remnant cholesterol on increased risk of cardiovascular diseases in East Asians.,BMC medicine,1;2,,Journal Article;Observational Study
40860896,2025,Effect of Glucagon-Like Peptide 1 Receptor Agonists on Obstructive Sleep Apnea.,Obesity science & practice,1;2;13,,Journal Article
40858224,2025,Exploration of causal relationship between transplant rejection and immune cells: A two-sample Mendelian randomization study.,Transplant immunology,2;10,,Journal Article
40847468,2025,Mendelian Randomization Analysis Reveal the Role of Circulating Inflammatory Proteins in Mediating Functional Brain Networks and Peripheral Neuropathic Pain Effects.,Brain and behavior,2;4;10,,Journal Article
40847070,2025,Age-specific childhood obesity and adult cholelithiasis: association and shared transcriptomic bases.,International journal of obesity (2005),1;2,,Journal Article
40845637,2025,Elucidating the associations and molecular mechanisms of perfluoroalkyl substances exposure with type 2 diabetes and its complications: A multifaceted approach.,Ecotoxicology and environmental safety,1;2;18,,Journal Article
40840450,2025,"Phenome-wide association study of male and female sex chromosome trisomies in 1.5 million participants of MVP, FinnGen, and UK Biobank.",American journal of human genetics,1;2;18,,"Journal Article;Research Support, N.I.H., Extramural"
40836305,2025,From background diabetic retinopathy to its proliferative stage. What is the role of gut microbiota in the trajectory of DR? a Mendelian randomization study with mediation analysis.,Diabetology & metabolic syndrome,1;2;10;18,,Journal Article
40833086,2026,Potential circadian rhythm-related pathogenic genes in coronary artery disease: a Mendelian randomization study.,Postgraduate medical journal,1;2;10;13,,Journal Article
40830891,2025,Understanding the risk of diabetic retinopathy from glucagon-like peptide-1 receptor agonists: a Mendelian randomization study and systematic review of European populations.,Diabetology & metabolic syndrome,1;2;10;18,,Journal Article
40826771,2025,Gut microbiome and diabetic kidney disease: Insights from Mendelian randomization and genetic correlations.,Medicine,1;2;10,,Journal Article;Meta-Analysis
40826725,2025,Causal association between gut microbiota and neonatal digestive system diseases: A Mendelian randomization study.,Medicine,2;10,,Journal Article
40826382,2025,Unveiling migraine subtype heterogeneity and risk loci: integrated genome-wide association study and single-cell transcriptomics discovery.,The journal of headache and pain,2;14,,Journal Article
40826357,2025,Unveiling biomarkers via plasma metabolome profiling for diabetic macrovascular and microvascular complications.,Cardiovascular diabetology,1;2;14,,Journal Article
40824591,2025,Two-step Mendelian randomization reveals a lipid-driven protective effect of type 2 diabetes on ALS.,Neurological sciences : official journal of the Italian Neurological Society and of the Italian Society of Clinical Neurophysiology,1;2;10;14,,Journal Article
40824435,2025,Dissecting the role of gut microbiota heterogeneity in the onset of chronic lung diseases.,AMB Express,2;13,,Journal Article
40823550,2025,Genetic insights into alcohol-associated liver disease: integrative transcriptome-wide analysis identifies novel susceptibility genes.,Frontiers in medicine,2,,Journal Article
40822850,2025,Immunocytes Mediate the Effects of Gut Microbiome on Inflammatory Bowel Disease: Insights From a Mendelian Randomization Study.,Mediators of inflammation,2;9;10,,Journal Article;Meta-Analysis
40820460,2025,Investigating the Causal Role of Neurotrophic Factors in Low Back Pain and Sciatica: A Mendelian Randomization Study.,Current medicinal chemistry,2;4;10,,Journal Article
40820226,2025,Druggable genome-wide Mendelian randomization integrating GWAS and eQTL/pQTL data identifies targets for lung squamous cell carcinoma.,Scientific reports,2;5;10;12;18,,Journal Article
40819721,2025,sIL-6R impact on aortic aneurysm: Genetic evidence from FinnGen and GWAS.,International journal of cardiology,1;2,,Journal Article
40810964,2025,Genetic Associations of Myopia and Axial Length with Diabetic Retinopathy.,Ophthalmic epidemiology,1;2;18,,Journal Article
40810909,2025,Identification of prospective novel drug targets for immune thrombocytopenia by integrating plasma proteome.,"Hematology (Amsterdam, Netherlands)",2,,Journal Article
40810581,2025,Obesity- and Lipid-Related Traits May Causally Contribute to Sepsis-Associated Acute Kidney Injury.,Critical care medicine,1;2;8,,Journal Article
40809852,2025,"Causal Relationships Between Abdominal Obesity, Type 2 Diabetes, Fasting Insulin, and Cervical Disc Disorders, Osteoporosis, and Rheumatoid Arthritis: A Mendelian Randomization Study.",Journal of multidisciplinary healthcare,1;2;9;10,,Journal Article
40809208,2025,Risk of remnant cholesterol and chronic obstructive pulmonary disease: a mendelian randomization study.,Journal of thoracic disease,1;2;10;13,,Journal Article
40808675,2025,Shikonin as a therapeutic agent in renal cell carcinoma: insights from TEK-related causal association with glaucoma.,Frontiers in pharmacology,1;2;5;18,,Journal Article
40806153,2025,Exploring the Association Between Multidimensional Dietary Patterns and Non-Scarring Hair Loss Using Mendelian Randomization.,Nutrients,2;10;12,,Journal Article
40799774,2025,From Hypothyroidism to Coronary Heart Disease: Unraveling the Lipid Profile Link: A Mendelian Randomization Study.,Journal of the Endocrine Society,1;2;10,,Journal Article
40798972,2025,Exploring the Causal Relationships and Underlying Mechanisms of Genetically Linked Immune Cells with Hemorrhagic Stroke.,Current neurovascular research,1;2;14,14.2-stroke-cerebro,Journal Article
40797476,2025,A Mendelian randomization study of the causal relationship between dietary factors and venous thromboembolism.,Medicine,1;2;10,,Journal Article
40797443,2025,Dissecting causal networks of inflammatory factors and metabolites in heart failure: A mediation Mendelian randomization study.,Medicine,1;2;10,,Journal Article
40797413,2025,Mendelian randomization revealed a one-way causal association between increased Isovalerylcarnitine (C5) levels and the risk of idiopathic pulmonary fibrosis.,Medicine,2;10;13,,Journal Article
40797393,2025,Statins and hemorrhagic stroke: New insight from a Mendelian randomization study.,Medicine,1;2;10;14,14.2-stroke-cerebro,Journal Article
40797068,2025,Genetic insights into causal effects of lipids and lipid-modifying targets on calcific aortic valve stenosis: a Mendelian randomized study.,Scientific reports,1;2;10,,Journal Article
40795375,2025,Cardiorenal Interorgan Assessment via a Novel Clustering Method Using Dynamic Time Warping on Electrocardiogram: Model Development and Validation Study.,JMIR medical informatics,1;3,,Journal Article;Validation Study
40793967,2025,Genetic insights into lipid traits and atherosclerosis risk: a Mendelian randomization and polygenic risk score analysis.,"International journal of surgery (London, England)",1;2;10,,Journal Article
40791713,2025,Genome-wide study of somatic symptom and related disorders identifies novel genomic loci and map genetic architecture.,medRxiv : the preprint server for health sciences,2;4;14,,Journal Article;Preprint
40791276,2025,Unraveling Genetic Causality Between Type 2 Diabetes Mellitus and Hemiplegia Based on Mendelian Randomization.,Journal of multidisciplinary healthcare,1;2;10,,Journal Article
40790903,2025,Association of COVID-19 Susceptibility and Severity with Primary Angle-Closure Glaucoma.,Ophthalmic epidemiology,8;18,,Journal Article
40785145,2025,Mitochondrial DNA copy number as a genetic determinant of renal function: insights from bidirectional Mendelian randomization.,Renal failure,1;2;10,,Journal Article
40784413,2025,"Identification of novel drug targets for mental disorders through genetic, colocalization, and network pharmacology approaches.",Journal of affective disorders,2;4,,Journal Article
40781856,2026,Association between postpartum depression and components of the metabolic syndrome: A bidirectional Mendelian randomization study.,International journal of gynaecology and obstetrics: the official organ of the International Federation of Gynaecology and Obstetrics,1;2;4;10;15,,Journal Article
40779097,2025,Multi-omics insights into Palmitoylation-mediated brain network remodeling and glioblastoma risk.,Discover oncology,2;5,,Journal Article
40774283,2025,Genetic Evidence for Causal Relationships Between Circulating Cathepsin Levels and Chronic Obstructive Pulmonary Disease: A Mendelian Randomization Study.,"Chronic obstructive pulmonary diseases (Miami, Fla.)",2;10;13,,Journal Article
40773112,2025,Genetic evidence for causal effects of inflammatory protein factors on breast cancer.,Discover oncology,2;5,,Journal Article
40772270,2025,Genetic prediction of the casual relationship between micronutrients and ER+ breast cancer: a Mendelian randomized study.,Frontiers in genetics,2;5;10,,Journal Article
40769998,2025,HDL cholesterol as a mediator of the relationship between breastfeeding and coronary atherosclerosis from a two-step Mendelian randomization analysis.,Scientific reports,1;2;10;15,,Journal Article
40768565,2025,Premature ovarian insufficiency as a consequence of immunological abnormalities and dyslipidemia: a Mendelian randomization study.,Gynecological endocrinology : the official journal of the International Society of Gynecological Endocrinology,1;2;10,,Journal Article
40765735,2025,Potential Causal Relationship Between Plasma and Cerebrospinal Fluid Metabolites and Meningioma: Two-Sample Mendelian Randomization Study.,Journal of multidisciplinary healthcare,2;10;11,,Journal Article
40765733,2025,Metabolism-Mediated FGF5 Association with Stroke: Based on Mendelian Randomization and Bioinformatics Analysis.,Journal of multidisciplinary healthcare,1;2;10;14,14.2-stroke-cerebro,Journal Article
40764893,2025,Causal relationships between immune cell traits and HER2 subtypes in breast cancer: a Mendelian randomization study.,Discover oncology,2;5;10,,Journal Article
40764749,2025,Unravelling Osteoporosis: Key Genes and Potential Therapies.,Journal of cellular and molecular medicine,2,,Journal Article
40764432,2025,Large-scale genome-wide analyses with proteomics integration reveal novel loci and biological insights into frailty.,Nature aging,2;11,,Journal Article;Meta-Analysis
40760834,2025,Exploring the Causal Relationship Between Inflammatory Bowel Disease and Bell's Palsy Based on Inflammatory Proteins: A Mendelian Randomization Study.,Brain and behavior,2;9;10;14,,Journal Article
40760641,2025,Integrative analysis reveals novel inflammatory and metabolic pathways in glioblastoma development: A large-scale mediation Mendelian randomization study.,Medicine,2;5;10,,Journal Article
40760618,2025,"Exploring causal pathways between hypertension, lipid levels, and gout: Insights from Mendelian randomization and NHANES observations.",Medicine,1;2;10,,Journal Article;Observational Study
40760551,2025,Causal association between inflammatory cytokines and osteonecrosis: A bidirectional 2-sample Mendelian randomization study.,Medicine,2;10,,Journal Article
40760539,2025,Revealing the causal relationship between cathepsin and inflammatory disease of wrist through Mendelian randomization.,Medicine,2;9;10,,Journal Article
40760090,2025,Exploring the causal relationship between 16 eye diseases and stroke and their subtypes from a genome-wide perspective.,Scientific reports,1;2;14;18,1.4-stroke-cardio;14.2-stroke-cerebro,Journal Article
40758996,2025,Integrated Omics and Multicohort Analyses Identify an Enhancer Variant Linking Ferroptosis to Precision Therapy in Prostate Cancer.,Cancer research,2;5,,Journal Article
40754675,2025,The influence of 179 lipid metabolism on head and neck cancer is mediated by 91 inflammatory factors.,Community dental health,1;2;5,,Journal Article
40753882,2025,Causal relationship between white matter structural connectivity and epilepsy.,Epilepsy & behavior : E&B,2;14,,Journal Article
40751266,2025,Exploring the impact of physical activity and micronutrients on diabetic nephropathy: a subtype-specific genetic correlation and Mendelian randomization study.,Nutrition & metabolism,1;2;7;10,,Journal Article
40747309,2025,The immune-related plasma protein LAT2 as a protective modulator in diabetic retinopathy: a Mendelian randomization study.,Frontiers in endocrinology,1;2;10;18,,Journal Article
40746022,2025,Long-term cardiovascular risk in women with hypertensive disorders of pregnancy: Insights from polygenic risk scores.,Acta obstetricia et gynecologica Scandinavica,1;2;14;15,,Journal Article
40745068,2025,Multi-omics identification of circulating protein biomarkers for intervertebral disc degeneration using Mendelian randomization and scRNA-seq.,Clinical rheumatology,2;3;4;10,,Journal Article
40739745,2025,Exploring potential causal effects of circulating inflammatory proteins on hematologic malignancies and identifying cross-cancer drug targets: a Mendelian randomization study.,"Hematology (Amsterdam, Netherlands)",2;5;10,,Journal Article
40739408,2025,Exploring the liver-brain axes: insights from a bidirectional Mendelian randomization study on brain cortical structure and liver cancers.,Discover oncology,1;2;5;10,,Journal Article
40735990,2025,Genetic Prediction of Causal Association Between Celiac Disease and Thyroid Function: A Two-Sample Mendelian Randomized Study.,"Endocrine, metabolic & immune disorders drug targets",2;9;10,,Journal Article
40735789,2025,Oxidative Stress Links Thyroid Autoimmunity to Cancer: Peroxiredoxin 2 Protection via Genomic and Single-Cell Insights.,Cancer biotherapy & radiopharmaceuticals,2;4;5,,Journal Article
40730952,2025,Unraveling the link between inflammatory bowel disease and perianal abscess: insights from bidirectional and multivariable Mendelian randomization study.,BMC gastroenterology,2;9;10,,Journal Article
40730666,2025,Genome-wide analysis of 3' untranslated region alternative polyadenylation quantitative trait loci identified a potential novel susceptibility locus for lung cancer in cross-ancestry populations.,Journal of human genetics,2;5,,Journal Article
40729915,2025,"Air pollutants and adverse pregnancy outcomes: A multi-method integration of Mendelian randomization, meta-analysis, and animal models.",Ecotoxicology and environmental safety,1;2;10;15;19,,Journal Article;Meta-Analysis
40727246,2025,A Phenome-Wide Mendelian Randomization and Colocalization Study Reveals Genetic Association Between PBC and Other Autoimmune Disorders.,Canadian journal of gastroenterology & hepatology,2;9;10;12;13;14;18,,"Journal Article;Research Support, Non-U.S. Gov't"
40727161,2025,Causal Effects Between Anxiety-Depressive and Subjective Tinnitus in Europe: A Bidirectional Mendelian Randomization Study.,Indian journal of otolaryngology and head and neck surgery : official publication of the Association of Otolaryngologists of India,2;4;10;18,,Journal Article
40727005,2025,Causal Effects of Gut Microbiome on Tinnitus: A Mendelian Randomization Study.,Journal of multidisciplinary healthcare,2;10;18,,Journal Article
40725974,2025,Coronary atherosclerosis has a protective genetic causal effect against lung squamous cell carcinoma: A bidirectional two-sample Mendelian randomization study based on STROBE-MR guidelines.,Medicine,1;2;5;10;12,,Journal Article
40725927,2025,Association between 1400 metabolites and IgA nephropathy: A Mendelian randomization analysis.,Medicine,1;2;10,,Journal Article
40722384,2025,The Casual Associations Between Brain Functional Networks and Fibromyalgia: A Large-Scale Genetic Correlation and Mendelian Randomization Study.,"Bioengineering (Basel, Switzerland)",2;10;13,,Journal Article
40722339,2025,"Causal Relationship Between Epilepsy, Status Epilepticus and Sleep-Related Traits: A Bidirectional Mendelian Randomization Study.",Brain sciences,2;10;13;14,,Journal Article
40722198,2025,Association of GLP1RAs with risk of chronic obstructive pulmonary disease: evidence from drug target Mendelian randomization.,Diabetology & metabolic syndrome,1;2;10;13,,Journal Article
40722147,2025,Oral and gut microbiota in gingivitis subtypes: a causal inference study using Mendelian randomization.,BMC oral health,2;10,,Journal Article
40721144,2025,Unveiling the genetic pleiotropy between anxiety disorders and autoimmune diseases: insights from large-scale genome-wide cross-trait analysis.,Journal of affective disorders,2;4;9;12;14,,Journal Article
40716683,2025,Exploring the genetic effects of exposure to hazardous workplaces on the risk of respiratory disease by two-sample mendelian randomization and bioinformatics analysis.,Respiratory medicine,2;5;8;10;13;18,,"Journal Article;Research Support, Non-U.S. Gov't"
40718635,2025,Mendelian randomization analysis provides insights into the relationship between inflammatory bowel disease and skin cancer.,Molecular and clinical oncology,2;5;9;10;12,,Journal Article
40715462,2025,Lipidomic and transcriptomic profiling reveal alterations in the coexistence of gestational diabetes mellitus and preeclampsia impacting maternal and neonatal outcomes.,Scientific reports,1;4;15,,Journal Article
40714005,2025,Genetic analyses of eight complex diseases using predicted continuous representations of disease.,Cell reports methods,2,,Journal Article
40711530,2026,Sleep traits and physical activity mediate the causal association between depression and age-related diseases.,European archives of psychiatry and clinical neuroscience,1;2;4;7,,Journal Article;Meta-Analysis
40708517,2025,Multi-omic Data Integration Reveals Drug Targets of Skin Fibrosis.,Current medicinal chemistry,2;3;12,,Journal Article
40707728,2025,The use of statins can reduce the risk of osteoarthritis and osteoporosis.,Inflammopharmacology,2,,Journal Article
40704698,2026,Associations between kisspeptin hormone level and its genetic polymorphisms with polycystic ovary syndrome.,International journal of gynaecology and obstetrics: the official organ of the International Federation of Gynaecology and Obstetrics,2;15,,Journal Article;Meta-Analysis
40701953,2025,Genome-wide association study of pulpal and apical diseases.,Nature communications,2,,Journal Article
40699496,2025,Homocysteine and risk of interstitial lung disease: A mendelian randomization approach to causal inference.,"Sarcoidosis, vasculitis, and diffuse lung diseases : official journal of WASOG",2;9;10;13,,Journal Article
40699416,2026,Unraveling the causal link between inflammatory cytokines and hypertensive renal disease: a Mendelian randomization analysis.,International urology and nephrology,1;2;10,,Journal Article
40697619,2025,The Negative Feedback of the Glutamine/Prostatitis Loop Identified Among 1400 Metabolites and Prostatitis via Mendelian Randomization.,Mediators of inflammation,2;10,,Journal Article
40696660,2025,Causal relationship between cardiovascular diseases and vestibular dysfunction: A 2-sample Mendelian randomization study.,Medicine,1;2;10,,Journal Article
40696598,2025,Mendelian randomization analysis of C-reactive protein on septic arthritis risk.,Medicine,2;10,,Journal Article
40696067,2025,Genetically proxied inhibition of Phosphodiesterase-5 and cancer risks: A drug-target Mendelian randomization analysis.,Scientific reports,2;5;10,,Journal Article
40695667,2025,Association between gut microbiota and disorders of lipoprotein metabolism: a two sample Mendelian randomization study.,"Nutrition, metabolism, and cardiovascular diseases : NMCD",1;2;10,,Journal Article
40695397,2026,Proteome-wide Mendelian randomization and colocalization analyses identify novel protein targets for cardiac conduction disorders.,Journal of cardiology,1;2;10,,Journal Article
40694910,2025,Plastic additive bisphenol S induces depression by promoting AZU1/CTSD proteins to mediate plasma-related proteins and metabolites: A comprehensive multi-omics analysis.,Ecotoxicology and environmental safety,2;4,,Journal Article
40694027,2025,CIRCULATING INFLAMMATORY PROTEINS IN DRUG-INDUCED ANAPHYLACTIC SHOCK: EVIDENCE FROM MULTIVARIABLE MENDELIAN RANDOMIZATION AND MULTIOMICS INTEGRATION.,"Shock (Augusta, Ga.)",2;10;16,,Journal Article
40693144,2025,Bifidobacterium depletion promotes goiter via gut-thyroid axis: evidence from Mendelian randomization and experimental validation.,Frontiers in microbiology,2;10,,Journal Article
40688943,2025,Plasma Homocysteine Levels and Intracerebral Hemorrhage: A Mendelian Randomization Analysis.,Cureus,1;2;10;14,,Journal Article
40688334,2025,Bayesian-weighted Mendelian randomization reveals sleep apnea syndrome mediates the BMI-chronic pain link.,Journal of thoracic disease,1;2;3;4;10;13,,Journal Article
40686015,2025,Genetic Insights Into the Link Between Restless Legs Syndrome and Diabetic Nephropathy Risk.,Brain and behavior,1;2;14;18,,Journal Article
40684330,2026,Identification of potential biomarkers and therapeutic targets for cerebral venous thrombosis.,Neurological research,1;2;14,,Journal Article
40682633,2025,Targeted screening and single-cell analysis of genetic variants in melanoma using Mendelian randomization.,Discover oncology,2;5;10,,Journal Article
40682483,2025,Genetic Loci Associated With Periodontitis: The FinnGen Study Based on National Health Registers.,Journal of clinical periodontology,2;11,,"Journal Article;Research Support, Non-U.S. Gov't"
40682148,2025,Causal association between immunoglobulin G N-glycosylation patterns and diabetic complications: two-sample mendelian randomization.,Diabetology & metabolic syndrome,1;2;10;18,,Journal Article
40680229,2025,The association of a polygenic lifespan score with the risk of common age-related diseases and mortality.,"The journals of gerontology. Series A, Biological sciences and medical sciences",1;2;11;14,,"Journal Article;Research Support, Non-U.S. Gov't"
40679760,2025,FLT1 as a Protective Factor in Ischemic Stroke: Insights from Real-World Pharmacovigilance and Genetic Evidence.,Translational stroke research,1;2;14,14.2-stroke-cerebro,Journal Article
40675620,2025,Plasma complement proteins as biomarkers and therapeutic targets in chronic kidney disease: a Mendelian randomization analysis.,Renal failure,1;2;10,,Journal Article
40675462,2025,Decoding ulcerative colitis: Plasma protein-mediated antibody immune responses influence disease risk.,Analytical biochemistry,2;8;9,,Journal Article
40669929,2025,New insights into genetic comorbidity mechanisms: type 2 diabetes and primary open-angle glaucoma.,BMJ open ophthalmology,1;2;18,,Journal Article
40669713,2025,Antidepressants and risk of inflammatory bowel disease: A drug-target Mendelian randomization study.,Journal of affective disorders,2;9;10,,Journal Article
40666678,2025,Causal Relationship Between Sex Hormone Binding Globulin and Obstetrical Disorders: A Two-Sample Bidirectional Mendelian Randomization Study.,International journal of women's health,1;2;10;15,,Journal Article
40666163,2025,Causal Link of Distinct Mental Disorders with Androgenetic Alopecia and Alopecia Areata: A Bidirectional Two-Sample Mendelian Randomization Study.,"Clinical, cosmetic and investigational dermatology",2;4;10;12,,Journal Article
40662427,2025,Helicobacter pylori Infection and Eradication in Relation to Gastroesophageal Reflux Disease.,Journal of gastroenterology and hepatology,2;8,,Journal Article;Systematic Review;Meta-Analysis
40661804,2025,Mendelian Randomization Analysis Reveals Causal Effects of Circulating Metabolites on Hyperaldosteronism.,Food science & nutrition,2;10,,Journal Article
40660567,2025,"Causal links and mediating effects of lipid metabolism, immune cells, and inflammatory proteins in endometriosis: Evidence from Mendelian randomization.",Medicine,1;2;10;15,,Journal Article
40660510,2025,Bidirectional Mendelian randomization analysis reveals the causal effects of nutrients on arthropathies.,Medicine,2;9;10,,Journal Article;Meta-Analysis
40658235,2026,Systematic proteome-wide Mendelian randomization using the human plasma proteome to identify therapeutic targets for osteomyelitis.,Naunyn-Schmiedeberg's archives of pharmacology,2;10,,Journal Article
40657554,2025,Proteome-Wide Mendelian Randomization Identifies Candidate Causal Proteins for Cardiovascular Diseases.,"Advanced genetics (Hoboken, N.J.)",1;2;10;14,,Journal Article
40657364,2025,PARK7 is a Key Regulator of Oxidative Stress - Related Breast Cancer Risk: A Multi-Omics Study.,Journal of Cancer,2;4;5,,Journal Article
40653840,2025,Genetic Association Between Sleep Traits and Vertigo Risk: A Two-Sample Bidirectional Mendelian Randomization Study.,Current molecular medicine,2;10;13;14;18,,Journal Article
40649979,2025,Identification of Potential Therapeutic Targets for Coronary Atherosclerosis from an Inflammatory Perspective Through Integrated Proteomics and Single-Cell Omics.,International journal of molecular sciences,1;2,,Journal Article
40645183,2025,Haplotype analysis reveals pleiotropic disease associations in the HLA region.,American journal of human genetics,2;8,,"Journal Article;Research Support, N.I.H., Extramural"
40644836,2025,Relationship between Tic disorders and 41 inflammatory factors in circulating blood: a two-sample Mendelian randomization study.,"Clinics (Sao Paulo, Brazil)",2;10,,Journal Article
40642874,2025,"Recessive FANCM cancer syndrome with high cancer risks, chemotherapy toxicity, chromosome fragility, and gonadal failure.",Genetics in medicine : official journal of the American College of Medical Genetics,5;10,,Journal Article
40642590,2025,The role of mitochondria-related proteins in inflammation and autoimmune diseases: a causal analysis using Mendelian randomization and colocalization.,Health information science and systems,2;9;10,,Journal Article
40641356,2025,"Dissecting Causal Relationships Between Gut Microbiota, Immunocyte Phenotype, and Migraine: A Mendelian Randomization Study.",Brain and behavior,2;10;14,,Journal Article
40637029,2025,Risk Factors of Periodontitis: Evidence From Two-Sample Mendelian Randomization and Meta-Analysis.,Journal of periodontal research,1;2;8;10;15,,Journal Article;Meta-Analysis
40636979,2025,Unraveling the Causal Links Between Immune Traits and Hepatocellular Carcinoma: Insights From a Bi-Directional Mendelian Randomization Study.,The Turkish journal of gastroenterology : the official journal of Turkish Society of Gastroenterology,1;2;5;10,,"Journal Article;Research Support, Non-U.S. Gov't"
40636509,2025,The Association between Myopia and Anxiety: A Bidirectional 2-Sample Mendelian Randomization Study.,Ophthalmology science,2;4;10;18,,Journal Article
40635764,2025,Multi-Omics Analysis and Validation of Cell Senescence-Related Genes Associated with Non-Alcoholic Fatty Liver Disease.,Journal of inflammation research,1;2,,Journal Article
40634061,2025,The Causal Relationship Between Atrial Fibrillation and Work and Sleep.,International heart journal,1;2,,Journal Article
40631492,2025,Differential association of platelet indices in NAFLD/NASH: a Mendelian randomized study.,European journal of gastroenterology & hepatology,1;2;10,,Journal Article;Observational Study
40631427,2025,Self-Report Alzheimer's Disease Statuses in UK Biobank Distort Downstream Analyses.,Journal of neurochemistry,2;11,,Journal Article
40629613,2025,Migraine and cochlear disease: A 2-sample bidirectional Mendelian randomized study.,Medicine,2;10;14;18,,Journal Article
40629249,2025,EP300 Regulates CD8br AC (TBNK Panel) to Facilitate Insomnia.,Molecular neurobiology,2;13,,Journal Article
40625359,2025,Barrier genes are associated with preterm birth.,Frontiers in medicine,2;15,,Journal Article
40622612,2025,Causal Effects of the Plasma Proteome on Vascular Dementia Risk: A Mendelian Randomization Study with Experimental Validation.,Cellular and molecular neurobiology,2;10;11;14,,Journal Article
40622200,2025,Systematic Druggable-Proteome-Wide Mendelian Randomization Identifies Potential Therapeutic Targets for Allergic Conjunctivitis.,Translational vision science & technology,2;10,,Journal Article
40619960,2025,A Causal Inference Study of Circulating Metabolites Mediating the Effect of Obesity-Related Indicators on the Incidence of Anxiety Disorders.,Brain and behavior,1;2;4,,Journal Article
40615557,2025,Causal association between cathepsins and asthma: a Mendelian randomization study.,Scientific reports,2;10;13,,Journal Article
40615097,2025,Mendelian randomization analysis reveals causal associations between autoimmune diseases and female infertility risk.,"Reproductive toxicology (Elmsford, N.Y.)",1;2;9;10;12;15,,"Journal Article;Research Support, Non-U.S. Gov't"
40611294,2025,Identification of key genes as diagnostic biomarkers for IBD using bioinformatics and machine learning.,Journal of translational medicine,2;3;9,,Journal Article
40609175,2025,"Linking obstructive sleep apnea with pulmonary hypertension via pooled prevalence and causal association: A systematic review, meta-analysis and Mendelian randomization.",Heart & lung : the journal of critical care,1;2;10;13,,Journal Article;Systematic Review;Meta-Analysis
40606285,2025,Causal associations between 17 common autoimmune diseases and aortic diseases: a Mendelian randomization study.,International journal of cardiology. Cardiovascular risk and prevention,1;2;9;10,,Journal Article
40603007,2025,Exploring the Causal Relationship Between Antidepressant Use and Lung Cancer Risk: A Mendelian Randomization Analysis.,The clinical respiratory journal,2;4;5;10;12,,Journal Article
40602538,2025,"The causal and mediated relationships between major depressive disorder (MDD), post-traumatic stress disorder (PTSD), anxiety disorders and premature mortality: Evidence from genome-wide association study.",Journal of affective disorders,1;2;4,,Journal Article
40602047,2025,Exploring the role of immune cell traits and circulating inflammatory cytokines in the development of diabetic neuropathy.,Cytokine,1;2;14,,Journal Article
40595807,2025,Detecting a potential causal relationship between plasma metabolites and myocardial infarction using bidirectional and two-step Mendelian randomization.,Scientific reports,1;2;10,,Journal Article
40594700,2025,Causal effects of brain subregion gene expression on inflammatory bowel diseases revealed by Mendelian randomization and single cell analysis.,Scientific reports,2;9;10,,Journal Article
40594694,2025,The role of immune cells in cirrhosis: evidence from a two-sample Mendelian randomization study.,Scientific reports,1;2;10,,Journal Article
40593839,2025,Loss of CFHR5 function reduces the risk for age-related macular degeneration.,Nature communications,18,,Journal Article
40592928,2025,Investigating the potential of oxidative stress-related gene as predictive markers in idiopathic pulmonary fibrosis.,Scientific reports,2;4;13,,Journal Article
40592148,2025,Investigation of potential toxicity associated with long-term amitriptyline exposure: Evidence from genomics.,Ecotoxicology and environmental safety,2;5;9;12,,Journal Article
40591044,2025,Pan-cancer analysis of the impact of fatty acids: a two-sample and multivariable Mendelian randomization study.,Discover oncology,2;5;10,,Journal Article
40588408,2025,[Multi-omics Mendelian randomization study on the causality between non-ionizing radiation and facial aging].,Zhonghua shao shang yu chuang mian xiu fu za zhi,2;10;11,,English Abstract;Journal Article
40585072,2025,"Brain-heart-eye axis revealed by multi-organ imaging, genetics and proteomics.",medRxiv : the preprint server for health sciences,1;2;11;18,,Journal Article;Preprint
40584772,2025,Assessing the Causal Effect of Pulse Pressure on Migraine Risk: A Mendelian Randomization Study.,Journal of pain research,1;2;10;14,,Journal Article
40584697,2025,Causal relationship between varicose veins and hydrocele: A bidirectional two-sample Mendelian randomization study.,SAGE open medicine,2;10,,Journal Article
40579010,2025,Glatiramer Acetate Reduces Risk of Cardiovascular Disease and Myocardial Infarction.,"In vivo (Athens, Greece)",1;9;14,,Journal Article
40576426,2025,Inflammatory Proteins Mediate the Effect of Gut Microbiota on Graves' Ophthalmopathy: A Mendelian Randomization Study.,Translational vision science & technology,2;10,,Journal Article
40575950,2026,Uncovering Putative Causal Non-coding RNAs in Acute and Chronic Myeloid Leukemia: A Genome-Wide Mendelian Randomization Study.,Cancer research and treatment,2;5;10,,Journal Article
40571323,2025,Genetic associations between serotonin receptor 1F (HTR1F) regulatory variation and sleep apnoea in non-obese individuals: insights from GWAS and eQTL analyses.,The European respiratory journal,2;3,,Journal Article
40571265,2025,Mendelian randomization analyses support causal relationship between brain imaging-derived phenotypes and risk of low back pain.,Brain research bulletin,2;4;10,,Journal Article
40569446,2025,Deciphering causality between social/physical activity and suicide attempt: evidence from Mendelian randomization.,European archives of psychiatry and clinical neuroscience,2;4;7;10,,Journal Article
40564200,2025,Immune System Alterations in the Development of Three Urological Cancers: Insights from Large-Sample Mendelian Randomization.,Biomedicines,2;5;10,,Journal Article
40564099,2025,Integrative Analysis of Plasma Proteomics and Transcriptomics Reveals Potential Therapeutic Targets for Psoriasis.,Biomedicines,2;9;12,,Journal Article
40560110,2025,"Causal Associations Between Socioeconomic Status, Intelligence, Cognition and Atrial Fibrillation: Evidence From Mendelian Randomization.",JACC. Asia,1;2;6;10,,Journal Article
40556628,2026,The microbiota in axial spondyloarthritis: what have we learned from Mendelian randomisation studies?,Clinical and experimental rheumatology,2;9;10,,Journal Article;Systematic Review
40556359,2025,Causal Associations Between 141 Gut Microbiota Taxa and 14 Rheumatic Diseases: A Mendelian Randomization Study.,International journal of rheumatic diseases,2;9;10,,Journal Article
40554434,2025,"Exploration of the GM-IC-DLBCL Axis: A Mendelian Randomization Analysis of the Gut Microbiota, Immune Cells, and Diffuse Large B-Cell Lymphoma.","British journal of hospital medicine (London, England : 2005)",2;5;10,,Journal Article
40550089,2025,"Systematic regulation of circulating lipids, amino acids, and blood glucose to enhance the prevention of hyperthyroidism: A Mendelian randomization analysis.",Medicine,2;10,,Journal Article
40550047,2025,Evidence from Mendelian randomization analysis combined with meta-analysis for the causal validation of the relationship between 35 blood and urine metabolites and lumbar disc herniation.,Medicine,2;10,,Journal Article;Meta-Analysis
40548311,2025,A Mendelian Randomization Study of the Association Between Polycystic Ovary Syndrome and Serum Urea Levels.,International journal of women's health,1;2;10;15,,Journal Article
40547287,2025,The Impact of Gut Microbiota on Chronic Obstructive Pulmonary Disease: A Dual-Sample Mendelian Randomization Study.,International journal of chronic obstructive pulmonary disease,2;10;13,,"Journal Article;Research Support, Non-U.S. Gov't"
40544884,2025,Identifying potential pathogenic oxidative stress-related genes in depression through multi-omics summary-data-based Mendelian randomization analysis.,Journal of affective disorders,2;4;10,,Journal Article
40542847,2025,Decoding coffee's chlorogenic acid: genetic-network pharmacology insights on kidney stones.,Urolithiasis,2,,Journal Article
40537683,2025,Druggable Targets for Postpartum Depression: A Mendelian Randomization and Colocalization Study.,Cellular and molecular neurobiology,2;4;10;15,,Journal Article
40537337,2025,A Mendelian randomization study investigating the causal effect of simvastatin consumption on pancreatitis risk.,Pancreatology : official journal of the International Association of Pancreatology (IAP) ... [et al.],2;10,,Journal Article
40536885,2025,DNA methylation and bronchiectasis: a Mendelian randomization analysis to investigate causal link and therapeutic target.,Epigenetics,2;10,,Journal Article
40534257,2025,Eosinophils and other blood cell traits in the risk of infertility population: A Mendelian randomization analysis.,The journal of obstetrics and gynaecology research,2;10;15,,Journal Article
40533517,2025,Incorporating genetic data improves target trial emulations and informs the use of polygenic scores in randomized controlled trial design.,Nature genetics,2,,Journal Article
40532682,2026,Investigating the Impact of the Gut Microbiota on Nasal Polyp Development: Insights from Mendelian Randomization.,International archives of allergy and immunology,2;10;18,,Journal Article
40531294,2025,Association of Emotional Stress and Adaptive Behavior with Stroke Risk: A Mendelian Randomization Study.,Cellular and molecular neurobiology,1;2;4;10;14,14.2-stroke-cerebro,Journal Article
40529500,2025,Blood metabolites as mediators in erectile dysfunction: insights from a multi-center proteomics and genetic study.,Frontiers in pharmacology,2,,Journal Article
40527779,2025,Predicting the ferroptosis-associated gene targets in atherosclerosis by integrating GWAS and eQTL studies summary data.,Medicine,1;2,,Journal Article
40526188,2025,Exploring genetic causal relationships between spinal cord injury and glioma: a Mendelian randomization study.,Discover oncology,2;5;10;14,,Journal Article
40525585,2025,"Exploring the causal association between pre-pregnancy obesity and pregnancy-related complications, and mediating pathways of obesity on adverse pregnancy outcomes: Insights from Mendelian randomization analysis.",International journal of gynaecology and obstetrics: the official organ of the International Federation of Gynaecology and Obstetrics,1;2;4;10;15,,Journal Article
40524203,2025,Genetically predicted the causal association between serum mineral elements with immune thrombocytopenia and Henoch-Schonlein purpura: a bidirectional two-sample Mendelian randomization analysis.,Thrombosis journal,2;10,,Journal Article
40523815,2025,[A two-sample Mendelian randomization study on the association between temporomandibular disorder and insomnia].,Hua xi kou qiang yi xue za zhi = Huaxi kouqiang yixue zazhi = West China journal of stomatology,2;10;13,,English Abstract;Journal Article
40521080,2025,Genetic Correlation and Mendelian Randomization Analyses Support Causal Relationships Between Instant Coffee and Age-Related Macular Degeneration.,Food science & nutrition,2;10;18,,Journal Article
40520855,2025,Causal impact of genetically determined metabolites on kidney cancer and its subtypes: an integrated mendelian randomization and metabolomic study.,American journal of cancer research,2;5;10,,Journal Article
40513936,2025,Decoding aortic dissection from potential drug targets to genetic risk factors: A Mendelian randomization study.,European journal of pharmacology,1;2;10,,Journal Article
40512471,2025,Exploring the causal relationship between long-term exposure to particulate matter 2.5 and risk of thyroid disorders: a Mendelian randomization analysis.,International journal of environmental health research,2;10;19,,Journal Article
40511653,2026,Mendelian Randomization Uncovers Potential Repurposable Medications for Neuropsychiatric Disorders.,Current neuropharmacology,1;2;4;9;10;11;14,,Journal Article
40511586,2025,Aortic stenosis intricacies beyond the valve: A bidirectional Mendelian randomization study.,ESC heart failure,1;2;10;14,,Journal Article;Meta-Analysis
40501500,2025,Genetic Susceptibility to Causal Relationship Between Iron Metabolism Disorder Involving Immunocytes and Risk of Pneumonia and Sepsis.,Food science & nutrition,2;8,,Journal Article
40495196,2025,Noninvasive markers for warning premature ovarian insufficiency: a Mendelian randomisation study.,Journal of ovarian research,2;10,,Journal Article
40489886,2025,Uncovering the gut microbiota's role in temporomandibular joint disorders: A bidirectional Mendelian randomization study.,Medicine,2;10,,Journal Article
40489885,2025,The effect of circulating micronutrients on nasopharyngeal carcinoma: A Mendelian randomization study.,Medicine,2;5;10,,Journal Article
40489873,2025,Causal effects of childhood obesity on venous thromboembolism in adulthood: A bidirectional Mendelian randomization study.,Medicine,1;2;10,,Journal Article
40489840,2025,Causal validation between 179 lipids and hyperparathyroidism: A bidirectional Mendelian randomization combined meta-analysis with mediation factors.,Medicine,1;2;10,,Journal Article;Meta-Analysis
40487248,2025,"Causal relationship between physical activity, sleep duration, sedentary behavior, and hypertension: A Mendelian randomisation study.",American journal of preventive cardiology,1;2;7;10,,Journal Article
40482012,2025,Lipid metabolism and inflammation as key drivers in preterm birth: A comprehensive analysis.,International journal of gynaecology and obstetrics: the official organ of the International Federation of Gynaecology and Obstetrics,1;2;15,,Journal Article
40481092,2025,Proteome-wide Mendelian randomization reveals causal associations between plasma proteins and autoimmune thyroid disease.,Scientific reports,2;5;9;10,,Journal Article
40480391,2025,Mood instability and 22 gastrointestinal disorders: investigating the causal relationships and the mediating factors by Mendelian randomization analysis.,Journal of affective disorders,2;4;10,,Journal Article
40480287,2025,Integrating Expression Quantitative Trait Loci and Genome-Wide Association Study Identifies Druggable Genes for Tinnitus.,"Otology & neurotology : official publication of the American Otological Society, American Neurotology Society [and] European Academy of Otology and Neurotology",2;18,,Journal Article
40478403,2025,Causal associations between air pollution and breast cancer risk and survival: a Mendelian randomization study.,Discover oncology,2;5;10;19,,Journal Article
40472801,2025,Polygenic scores for obstructive sleep apnoea reveal pathways contributing to cardiovascular disease.,EBioMedicine,1;2;14,,Journal Article
40464192,2025,Novel High-Resolution Lipidomes Could Serve as New Biomarkers for Diabetic Retinopathy: A Bidirectional and Mediated Mendelian Randomization Study.,Journal of cellular and molecular medicine,1;2;10;18,,Journal Article
40463816,2025,NFKB1-targeted metabolites as novel therapeutic approaches for erectile dysfunction: evidence from gut microbiota network pharmacology and machine learning.,Sexual medicine,2;3,,Journal Article
40459852,2025,Therapeutic Targets for Sepsis: Multicenter Proteome-Wide Analyses and Experimental Validation.,Journal of proteome research,2;8,,Journal Article;Multicenter Study
40459497,2025,Cross-Tissue Transcriptome-Wide Association Study Identifies Novel Genes Associated With POAG.,Investigative ophthalmology & visual science,2,,Journal Article
40458666,2025,Corneal Biomechanics as a Causal Factor in Myopia and Astigmatism: Evidence from Mendelian Randomization.,Ophthalmology science,2;10;18,,Journal Article
40453734,2025,Unveiling the Intricate Causal Nexus Between 91 Circulating Inflammatory Proteins and Perianal Abscess Through a Comprehensive Bidirectional Two-Sample Mendelian Randomization Analysis.,Health science reports,2;10,,Journal Article
40452205,2025,Genetic analysis of the correlation between GLP1 action and metabolic liver disease: Insights from Mendelian randomization analysis.,Journal of diabetes investigation,1;2;10,,Journal Article
40451550,2025,Identification of novel therapeutic targets for atrial fibrillation through Mendelian randomization analysis of druggable genes.,Experimental gerontology,1;2;10,,Journal Article
40450304,2025,Identification of EPHB4 as a potential causal gene and therapeutic target for endometriosis using Mendelian randomization.,Hereditas,2;4;10;15,,Journal Article
40448142,2025,Causal relationship between immune cells and post-viral fatigue syndrome: a Mendelian randomization study.,Virology journal,2;10,,"Journal Article;Research Support, Non-U.S. Gov't"
40447747,2025,Identifying causal genes for prostatitis through drug-targeted Mendelian randomization.,Scientific reports,2;10,,Journal Article
40447325,2025,"Lung development genes, adult lung function and cardiovascular comorbidities.",Thorax,1,,Journal Article
40447157,2025,Association of glucagon-like peptide-1 receptor agonists and seven common mental disorders: A drug target and mediation Mendelian randomization.,Journal of affective disorders,1;2;4;10,,Journal Article;Systematic Review
40444654,2025,"Effects of Oxidative Stress Gene Protein, Expression, and DNA Methylation on Multiple Sclerosis: A Multi-Omics Mendelian Randomized Study.",Brain and behavior,2;4;9;10;14,,Journal Article
40442727,2025,Exploring the pathways linking fasting insulin to coronary artery disease: a proteome-wide Mendelian randomization study.,BMC medicine,1;2;10,,Journal Article
40441263,2025,"Causal assessment of the relationship between diet, lifestyle, and stroke: A two-sample Mendelian randomization study.",Medicine,1;2;10;14,14.2-stroke-cerebro,Journal Article
40441249,2025,Dietary factors and postmenopausal bleeding: A Mendelian randomization investigation.,Medicine,2;10,,Journal Article
40441243,2025,Causal association between uterine fibroids and cardiovascular disease: A Mendelian randomization study.,Medicine,1;2;10;14;15,,Journal Article
40441232,2025,Analysis of the correlation between inflammatory cytokines and glioblastoma: A Mendelian randomization study.,Medicine,2;5;10,,Journal Article;Meta-Analysis
40438617,2025,NMRAL1 as a Causal Factor in Postherpetic Neuralgia: A Proteome-Wide Mendelian Randomization Study.,Journal of pain research,2;4;8;10,,Journal Article
40427057,2025,A Cross-Tissue Transcriptome-Wide Association Study Reveals Novel Susceptibility Genes for Diabetic Kidney Disease in the FinnGen Cohort.,Biomedicines,1;2,,Journal Article
40424652,2025,Metabolomics insights into the causal associations between antihypertensive drugs and myocarditis.,International immunopharmacology,2,,Journal Article
40423389,2025,Frailty and the Risk of Delirium: A Mendelian Randomization Study.,Critical care nursing quarterly,2;10;11,,Journal Article
40420090,2025,Therapeutic targets for venous thromboemblism: proteome-wide mendelian randomization and colocalization analyses.,Thrombosis journal,1;2;10,,Journal Article
40419887,2025,Immunological mediators in the causal relationship between latent autoimmune diabetes in adults and breast cancer: A Mendelian randomization analysis.,Medicine,1;2;5;9;10,,Journal Article
40419871,2025,Endothelial selective adhesion molecule and interleukin-16 play an intermediary role in psoriasis complicated with acute myocardial infarction: A Mendelian randomization study.,Medicine,1;2;9;10;12,,Journal Article
40419866,2025,Causal validation of the relationship between air pollution and lung cancer: A bidirectional Mendelian randomization study and meta-analysis.,Medicine,2;5;10;19,,Journal Article;Meta-Analysis
40419210,2025,Susceptibility genes for allergic conjunctivitis revealed by cross-tissue transcriptome-wide association study.,Experimental eye research,2,,Journal Article
40419157,2025,Causal relationships between white matter connectome and mental disorders: a large-scale genetic correlation study.,Journal of affective disorders,2;4,,Journal Article
40416952,2025,A cross-tissue transcriptome-wide association study identifies novel susceptibility genes for atrial fibrillation.,Journal of arrhythmia,1;2,,Journal Article
40416681,2025,Association between micronutrient supplementation during pregnancy and preterm birth: evidence from a large-scale children survey and Mendelian randomization study.,Frontiers in public health,2;10;15,,Journal Article
40414823,2025,Causal relationship between citrate and gestational diabetes mellitus: a two-sample Mendelian randomization analysis.,"The journal of maternal-fetal & neonatal medicine : the official journal of the European Association of Perinatal Medicine, the Federation of Asia and Oceania Perinatal Societies, the International Society of Perinatal Obstetricians",1;2;10;15,,Journal Article
40410146,2025,The health impacts and genetic architecture of food liking in cardio-metabolic diseases.,Nature communications,1;2,,Journal Article
40409638,2025,"Integrative genome-wide association studies, proteome-wide Mendelian randomization, and single-cell RNA sequencing identify interleukin-6 receptor protein as a therapeutic target in aortic aneurysm.",International journal of biological macromolecules,1;2;10,,Journal Article
40408117,2025,Unraveling the Link Between Obesity and Keratoconus Risk Based on Genetic Evidence.,Translational vision science & technology,1;2,,Journal Article
40408003,2025,Circulating metabolic biomarkers mediated causal relationship between gut microbiota and bladder cancer: a two-step mendelian randomization study.,Discover oncology,1;2;5;10,,Journal Article
40403523,2025,Causal association of hypertension in family members with preeclampsia-eclampsia in pregnant women: A two-sample Mendelian randomization study.,Pregnancy hypertension,1;2;10;15,,Journal Article
40401008,2025,Bioinformatics analysis of FCER1A as a key immune marker in dilated cardiomyopathy and systemic lupus erythematosus.,American journal of clinical and experimental immunology,2;3;9,,Journal Article
40400971,2025,Causal relationship between serum metalloproteinase 12 levels and aortic dissection and aortic aneurysm: a bidirectional Mendelian randomization study.,Journal of thoracic disease,1;2;10,,Journal Article
40399540,2025,Association between metabolic syndrome and low back pain: a two-sample Mendelian randomization study.,Scientific reports,1;2;4;10,,Journal Article
40397292,2025,"Role of the ""inflammation-immunity-metabolism"" network in non-small cell lung cancer: a multi-omics analysis.",Discover oncology,2;5,,Journal Article
40392315,2025,Integration of transcriptome-wide association study and gene-based association analysis identifies candidate genes for Hodgkin lymphoma.,Journal of cancer research and clinical oncology,2;5,,Journal Article
40391094,2025,Immune Cells Phenotypes and Causal Relationship with Acne Vulgaris: Insights from Mendelian Randomization.,"Clinical, cosmetic and investigational dermatology",2;10;12,,Journal Article
40389789,2025,The causal association between psoriasis and 32 types of cancer: a mendelian randomization study.,Discover oncology,2;5;9;10;12,,Journal Article
40388735,2025,"Post-traumatic stress disorder, attention deficit and hyperactivity disorder, and 24 gastrointestinal diseases: Evidence from Mendelian randomization analysis.",Medicine,2;4;5;10,,Journal Article
40376529,2025,Causal role of immune cells in male infertility: a Mendelian randomization study.,Translational andrology and urology,2;10;15,,Journal Article
40372048,2025,Chronic hepatitis B infection and pre-eclampsia/eclampsia: a Mendelian randomisation study.,Journal of obstetrics and gynaecology : the journal of the Institute of Obstetrics and Gynaecology,2;8;10;15,,Journal Article
40369498,2025,Exploring glucagon-like peptide-1 receptor agonists as potential disease-modifying agent in psychiatric and neurodevelopmental conditions: evidence from a drug target Mendelian randomization.,BMC psychiatry,1;2;4;10,,Journal Article
40369022,2025,Dissecting immune-mediated pathways in rheumatoid arthritis: A multivariate mediation analysis of antibodies and circulating proteins.,Scientific reports,2;8;9,,Journal Article
40368142,2025,Genetic study of von Willebrand factor antigen levels ≤ 50 IU/dL identifies variants associated with increased risk of von Willebrand disease and bleeding.,Journal of thrombosis and haemostasis : JTH,1;2;10;15,,Journal Article
40364530,2025,Causal Inference of Different Smoke Exposure Statuses and Influenza Risk: Insights From a Mendelian Randomization Study.,The clinical respiratory journal,2;4;10,,Journal Article
40361162,2025,Targeted multi-layer analysis of PANoptosis-associated genes in the etiology of chronic kidney disease.,Human genomics,1;2,,Journal Article
40360801,2025,"Causal relationships between depression, anxiety, and myopia: a two-sample Mendelian randomization study.","Eye (London, England)",2;4;10;18,,Journal Article
40359939,2025,Role of X chromosome and dosage-compensation mechanisms in complex trait genetics.,American journal of human genetics,2,,"Journal Article;Research Support, Non-U.S. Gov't"
40355763,2025,Causal links between plasma lipidome and ovarian cancer risk: evidence from Mendelian randomization.,Discover oncology,1;2;5;10,,Journal Article
40355193,2025,Plasma proteins and different onset subtype of COPD: Proteome-wide Mendelian randomization study and co-localization analyses.,Medicine,2;10;13,,Journal Article
40355178,2025,Insights from bidirectional Mendelian randomization: Evaluating the influence of circulating inflammatory cytokines on prostatitis.,Medicine,2;10,,Journal Article
40354008,2025,"Multi-omics identify ribosome related causal genes methylation, splicing, and expression in prostate cancer.",Discover oncology,2;5,,Journal Article
40352360,2025,Assessing the Causal Relationship between Chronic Obstructive Pulmonary Disease and Tuberculosis: A Mendelian Randomization Study.,International journal of chronic obstructive pulmonary disease,2;8;10;13,,"Journal Article;Research Support, Non-U.S. Gov't"
40351677,2025,Metformin and Risks of Aortic Aneurysm and Aortic Dissection: A Mendelian Randomization Study.,Reviews in cardiovascular medicine,1;2;10;16,,Journal Article
40351332,2025,The Relationship Between Serum Uric Acid and Gynecologic Cancer Risk: A Mendelian Randomization Study.,International journal of women's health,2;5;10;15,,Journal Article
40350422,2025,Micronutrients and skin cancer risk: a Mendelian randomization study.,World journal of surgical oncology,2;5;10;12,,Journal Article
40349828,2025,Mendelian randomization analysis identifies ERAP1 and IL23R as potential drug targets for ankylosing spondylitis.,Life sciences,2;9;10,,Journal Article
40348923,2025,"Blood metabolites, protein regulatory networks and their roles in pan-cancer: a mendelian randomisation study.",Discover oncology,2;5;10,,Journal Article
40348582,2025,GEO combined with quantitative protein trait loci identify causative proteins in hypertrophic cardiomyopathy.,ESC heart failure,1;2,,Journal Article
40348210,2025,Association between the gut microbiota and cystitis: A two-sample mendelian randomization study combined with the GEO database.,Microbial pathogenesis,2;10,,Journal Article
40346920,2025,Multiomic Underpinnings of Drug Targets for Intracranial Aneurysm: Evidence From Diversified Mendelian Randomization.,CNS neuroscience & therapeutics,1;2;10,,Journal Article
40346281,2025,"A phenome-wide Mendelian randomization analysis reveals the genetical associations of myocardial infarction, angina pectoris and Alzheimer's disease with lung cancer.",Scientific reports,1;2;5;10;11;13,,Journal Article
40345928,2025,Causal relationship and mediating role between depression and cognitive performance.,The journal of prevention of Alzheimer's disease,2;4;11,,Journal Article
40339110,2025,"Genomic Correlations, Shared Loci, and Drug Targets Between Polycystic Ovary Syndrome and Asthma: Insights From Genome-wide Association Analysis.",The Journal of clinical endocrinology and metabolism,2;13;15,,Journal Article
40338389,2025,The relationship between cathepsins and nasopharyngeal carcinoma: a Mendelian randomization analysis.,Discover oncology,2;5;10,,Journal Article
40335896,2025,Associations between psoriasis and risk of 33 cancers: a Mendelian randomization study.,BMC cancer,2;5;9;10;12,,Journal Article;Meta-Analysis
40333164,2025,Investigating Correlation Between Gut Microbiota and Rheumatoid Arthritis Subtypes by Mendelian Randomization.,"Pathogens (Basel, Switzerland)",2;9;10,,Journal Article
40324614,2025,Decoding the Lipid-POI connection: The mediating role of inflammatory factors.,Chemistry and physics of lipids,1;2,,Journal Article
40324257,2025,Exploring the causal association between fatty acid-binding proteins and anaphylactic shock due to adverse reactions to medications: A two-sample Mendelian randomization study.,Medicine,2;10,,Journal Article
40324243,2025,"Mendelian randomization analysis of smoking, BMI, and nonalcoholic fatty liver disease in European descent populations.",Medicine,1;2;4;10,,Journal Article
40324241,2025,Insights into modifiable risk factors of retinal vascular occlusion: A Mendelian randomization study.,Medicine,1;2;10;18,,Journal Article
40322556,2025,Exploring the Potential Link Between Autoimmune Diseases and Pan-Cancer: A Multidatabase Mendelian Randomization Analysis.,Journal of immunology research,1;2;5;9;10;14,,Journal Article;Meta-Analysis
40321604,2025,Uncovering Causal Links Between Dietary Habits and Cardiovascular Diseases.,Food science & nutrition,1;2;14,,Journal Article
40321089,2025,Causal Associations of Obstructive Sleep Apnea With Cancer Risk: A Mendelian Randomization Study.,Brain and behavior,2;5;10;13;15,,Journal Article
40319023,2025,"Rare genetic variation in PTPRB is associated with central serous chorioretinopathy, varicose veins and glaucoma.",Nature communications,18,,Journal Article;Meta-Analysis
40317917,2025,The Causal Effect of Iron Traits on Risk of Hypertrophic Scarring: A Two-Sample Mendelian Randomization Study.,Journal of cosmetic dermatology,2;10,,Journal Article
40316856,2025,Integrating analysis of multi-omics summary data identifies novel plasma protein biomarkers and drug targets for bladder cancer.,Discover oncology,2;5,,Journal Article
40316594,2025,The causal relationships between body composition and heart failure: A two-sample mendelian randomization study.,Scientific reports,1;2;10,,Journal Article
40314641,2025,Genetic Evidence Supporting a Causal Association Between mTORC1-Dependent Circulating Protein Levels and Diabetic Retinopathy.,Translational vision science & technology,1;2;18,,Journal Article
40313291,2025,Genome-Wide Assessment of Pleiotropy Across >1000 Traits from Global Biobanks.,medRxiv : the preprint server for health sciences,2,,Journal Article;Preprint
40312834,2025,"Causal Associations Between Lipids, NPC1L1, and Liver Cancer Risk: Insights From Mendelian Randomization and Bioinformatics.",Journal of gastroenterology and hepatology,1;2;5;10,,Journal Article
40311803,2025,Association of Ischemic Stroke with Zoster Risk: A Mendelian Randomized Study.,World neurosurgery,1;2;10;14,14.2-stroke-cerebro,Journal Article
40306283,2025,"Widespread recessive effects on common diseases in a cohort of 44,000 British Pakistanis and Bangladeshis with high autozygosity.",American journal of human genetics,1;2,,Journal Article
40305610,2025,Clonal hematopoiesis is associated with distinct rheumatoid arthritis phenotypes.,Science advances,1;2;9,,Journal Article
40303911,2025,No Bidirectional Causal Relationship Between Traumatic Brain Injury and Parkinson's Disease: A Two-Sample Mendelian Randomization Study.,Health science reports,2;10;11;14,,Journal Article
40301889,2025,Monoallelic TYROBP deletion is a novel risk factor for Alzheimer's disease.,Molecular neurodegeneration,11,,"Journal Article;Research Support, N.I.H., Extramural"
40300556,2025,Glucosamine supplementation contributes to reducing the risk of type 2 diabetes: Evidence from Mendelian randomization combined with a meta-analysis.,The Journal of international medical research,1;2;10,,Journal Article;Meta-Analysis
40298034,2025,Role of oxysterol 4β-hydroxycholesterol and liver X receptor alleles in pre-eclampsia.,Annals of medicine,1;15,,Journal Article
40295474,2025,Dissecting cross-population polygenic heterogeneity across respiratory and cardiometabolic diseases.,Nature communications,1;2;9;13,,Journal Article
40295238,2025,Bidirectional Mendelian randomization and potential mechanistic insights into the causal relationship between gut microbiota and malignant mesothelioma.,Medicine,2;4;5;10,,Journal Article
40295233,2025,Causal relationships between brain functional networks and tinnitus: A bidirectional 2-sample Mendelian randomization study.,Medicine,2;10;18,,Journal Article
40294825,2025,Exploring the potential causal association of gut microbiota on panic and conduct disorder: A two-sample Mendelian randomization approach.,Journal of affective disorders,2;4;10,,Journal Article
40291381,2025,"A genome-wide association study identifies novel genetic variants associated with neck or shoulder pain in the UK biobank (N = 430,193).",Pain reports,2;4,,Journal Article
40289841,2025,Metformin and risk factors for chronic kidney disease in a European population based on Mendelian randomization.,Renal failure,1;2;10;16,,Journal Article
40289092,2025,Circulating linoleic acid and its interplay with gut microbiota during pregnancy for gestational diabetes mellitus.,BMC medicine,1;2;15,,Journal Article
40289090,2025,Association between lipid-lowering drug targets and the risk of cystic kidney disease: a drug-target Mendelian randomization analysis.,Renal failure,1;2;10,,Journal Article
40288303,2025,Serum metabolites and risk of sudden sensorineural hearing loss: A Mendelian randomization study.,Brazilian journal of otorhinolaryngology,2;10;18,,Journal Article
40287509,2025,Tracing the pathways: how inflammatory cytokines and blood metabolites drive intervertebral disc degeneration.,"European spine journal : official publication of the European Spine Society, the European Spinal Deformity Society, and the European Section of the Cervical Spine Research Society",2,,Journal Article
40286918,2025,"Multi-omics reveal the role of nociception-related genes TNXB, CTNND1 and CBL in depression.",Journal of affective disorders,2;4,,Journal Article
40286789,2025,Effects of parental autoimmune diseases on type 1 diabetes in offspring can be partially explained by HLA and non-HLA polymorphisms.,Cell genomics,1;2;8;9,,Journal Article
40285955,2025,Sex Hormone-Related Pathogenic Genes in Multiple Sclerosis: A Multi-omics Mendelian Randomization Study.,Journal of molecular neuroscience : MN,2;9;10;14,,Journal Article
40285728,2025,Investigating the causal relationship between immune cells and colorectal cancer risk using bidirectional and multivariable Mendelian randomization analysis.,Journal of receptor and signal transduction research,2;5;10,,Journal Article
40280189,2025,Integrated multi-omics insight into the molecular networks of oxidative stress in triggering multiple sclerosis.,Neurobiology of disease,2;4;9;14,,"Journal Article;Research Support, Non-U.S. Gov't"
40278994,2025,Novel Genetic Risk Variants Associated with Oral Tongue Squamous Cell Carcinoma.,Head and neck pathology,2;5;12,,Journal Article
40275698,2025,Association between sarcopenia and intervertebral disc degeneration: A bidirectional two-sample Mendelian randomization.,Journal of back and musculoskeletal rehabilitation,2;10;11,,Journal Article
40274636,2025,"Nonsteroidal anti-inflammatory drugs, blood metabolites, and kidney stones: a comprehensive Mendelian randomization study.",Urolithiasis,2;10,,Journal Article
40274126,2025,Identification of mitochondrial-related causal genes for major depression disorder via integrating multi-omics.,Journal of affective disorders,2;4,,Journal Article
40272711,2025,Causal Association Between Sleep Deprivation and Glioblastoma Risk: Insights from Multi-Omics Analysis.,Journal of molecular neuroscience : MN,2;5;6,,Journal Article
40269921,2025,Bidirectional Mendelian randomization reveals associations between telomere length and autoimmune diseases.,Trials,1;2;9;10;12,,Journal Article
40269770,2025,Uncovering therapeutic targets for Pre-eclampsia and pregnancy hypertension via multi-tissue data integration.,BMC pregnancy and childbirth,1;2;3;15,,Journal Article
40269514,2025,Elucidating Cellular Senescence-related Genes in Benign Prostatic Hyperplasia Through Mendelian Randomization and Single-cell RNA Sequencing.,"The journals of gerontology. Series A, Biological sciences and medical sciences",2;10,,"Journal Article;Research Support, Non-U.S. Gov't"
40269081,2025,Multiomic insight into the involvement of cell aging related genes in the pathogenesis of endometriosis.,Scientific reports,2;11;15,,Journal Article
40263428,2025,Exploring the effect of SGLT2 inhibitors on the risk of primary open-angle glaucoma using Mendelian randomization analysis.,Scientific reports,1;2;10;18,,Journal Article
40262517,2025,Causal relationship between serum urate and asthma: a Mendelian randomization study.,The Journal of asthma : official journal of the Association for the Care of Asthma,2;10;13;18,,Journal Article
40260050,2025,Genetic Association Between High-Risk HPV (HPV16 and HPV18) Infection and Tumor Development: A Mendelian Randomization Analysis.,Health science reports,2;5;8;10,,Journal Article
40258744,2025,Association between growth factors and Sjögren syndrome: A two-sample Mendelian randomization study.,Medicine,2;9;10,,Journal Article
40258719,2025,Interference between rheumatoid arthritis and autoimmune thyroid diseases: A bidirectional Mendelian randomization.,Medicine,2;9;10,,Journal Article
40256460,2025,"Sleep factors and risk of thyroid cancer, nodules and dysfunction: Mendelian randomization study.",Gland surgery,2;3;5;10;13,,Journal Article
40255632,2025,Causal Impact of Immune Phenotypes on Herpes Zoster and Postherpetic Neuralgia: Insights from Mendelian Randomization Analysis.,"Clinical, cosmetic and investigational dermatology",2;8;10,,Journal Article
40247858,2025,Bidirectional Two-Sample Mendelian Randomization Study Reveals Causal Associations Between Aging and Endometriosis.,International journal of women's health,2;10;11;15,,Journal Article
40247857,2025,Association Between Dietary Taste Preferences and Primary Ovarian Insufficiency: A Mendelian Randomization Study.,International journal of women's health,2;10,,Journal Article
40247856,2025,"Lipidomics Reveals Common Mechanisms in Polycystic Ovarian Syndrome, Recurrent Spontaneous Abortion, and Infertility: A Genetic-Based Analysis.",International journal of women's health,1;2;15,,Journal Article
40245929,2025,Association of FGF21 with Metabolic and Cardiovascular Diseases: A Mendelian Randomization Analysis.,"Experimental and clinical endocrinology & diabetes : official journal, German Society of Endocrinology [and] German Diabetes Association",1;2;10;15,,Journal Article
40242471,2025,Thyroid function and hepatic fibrosis/cirrhosis: a two-sample Mendelian randomization study.,Frontiers in genetics,1;2;10,,Journal Article
40241835,2025,"Potential causal association between gut microbiota, inflammatory cytokines, and acute pancreatitis: A Mendelian randomization study.",Journal of intensive medicine,2;10,,Journal Article
40241087,2025,Novel insight of critical genes involved in breast cancer brain metastasis: evidence from a cross-tissue transcriptome association study and validation through external clinical cohorts.,BMC cancer,2;5,,Journal Article
40238033,2025,Evaluation of the Association Between Postpartum Hemorrhage and Antidepressant Use: A Mendelian Randomization Study.,Drugs - real world outcomes,2;4;10;15,,Journal Article
40232815,2025,Causal relationship between gut microbiota and pyogenic arthritis: a two-sample Mendelian randomization study.,Journal of medical microbiology,2;10,,Journal Article
40232262,2025,Peripheral blood immune cell phenotypes and Alzheimer's disease: A mediation Mendelian randomization study.,Journal of Alzheimer's disease : JAD,2;10;11,,Journal Article
40231997,2025,Plasma L-aspartic acid predicts the risk of gastric cancer and modifies the primary prevention effect: a multistage metabolomic profiling and Mendelian randomization study.,Cancer biology & medicine,2;5;10,,Journal Article
40230302,2025,Sleep and schizophrenia polygenic scores in non-affective and affective psychotic disorders.,Psychological medicine,2;4;13,,Journal Article
40229883,2025,Exploring causal correlations between immune cells and diabetic neuropathy: a Mendelian randomization.,Diabetology & metabolic syndrome,1;2;10;14,,Journal Article
40229705,2025,Mitochondrial proteins and congenital birth defect risk: a mendelian randomization study.,BMC pregnancy and childbirth,2;10,,Journal Article
40229327,2025,"Multi-omics analysis identifies diagnostic circulating biomarkers and potential therapeutic targets, revealing IQGAP1 as an oncogene in gastric cancer.",NPJ precision oncology,2;5,,Journal Article
40229195,2025,Celiac Disease Increases the Risk of Multiple Sclerosis: Evidence from Mendelian Randomization and the Role of CCL19.,Experimental neurobiology,2;9;10;14,,Journal Article
40227003,2025,"New insights into causal relationship between serum lipids, obesity, and asthma: a Mendelian randomization study.",The Journal of asthma : official journal of the Association for the Care of Asthma,1;2;10;13,,Journal Article;Meta-Analysis
40226698,2024,Perspective Exploring Novel Associations of IL-18 Levels as a Mediator of the Causal Links between Major Depression and Reproductive Health.,Depression and anxiety,2;4;15,,"Journal Article;Research Support, Non-U.S. Gov't"
40225727,2025,Revealing the Causal Relationship Between Differential White Blood Cell Counts and Depression: A Bidirectional Two-Sample Mendelian Randomization Study.,Depression and anxiety,2;4;10,,"Journal Article;Research Support, Non-U.S. Gov't"
40225312,2025,"No Associations Between Genetically Predicted Chronotype, Insomnia, Daytime Sleepiness, or Physical Activity and Acne Vulgaris: A Two-Sample Mendelian Randomization Study.","Clinical, cosmetic and investigational dermatology",2;7;10;12;13,,Journal Article
40225016,2025,Bidirectional Mendelian Randomization Study Identifies No Genetic Link Between Psoriasis and Diabetes.,Journal of diabetes research,1;2;9;10;12,,Journal Article
40225015,2025,Causal Association Between Cholesterol-Lowering Drugs and Diabetic Microvascular Complications: A Drug-Target Mendelian Randomization Study.,Journal of diabetes research,1;2;10;14;18,,Journal Article
40225008,2025,Causal associations between atrial fibrillation and esophageal cancer: a two-sample Mendelian randomization study.,Translational cancer research,1;2;5;10,,Journal Article
40223054,2025,Integrative eQTL and Mendelian randomization analysis reveals key genetic markers in mesothelioma.,Respiratory research,2;10,,Journal Article
40222170,2025,Causal Associations Between the Presence of Prostate Cancer or Testosterone Levels and Bladder Cancer Risk: A Mendelian Randomization Study.,Clinical genitourinary cancer,2;5;10,,Journal Article
40220658,2025,Investigating sex-specific associations of Parkinson's disease with sex hormones and sex hormones-related phenotypes using Mendelian randomization.,Parkinsonism & related disorders,2;10;11,,Journal Article
40215796,2025,Obstructive sleep apnea and osteoporosis: A bidirectional two-sample mendelian randomization analysis.,Respiratory medicine,2;10;13,,"Journal Article;Research Support, Non-U.S. Gov't"
40214956,2025,A Mendelian randomization study on association of alpha-synuclein and GPNMB with Parkinson's disease risk and progression.,Molecular neurobiology,2;5;10;11,,Journal Article
40212964,2025,Investigation of Potential Targets for Bupleuri Radix in the Treatment of Subacute Thyroiditis.,International journal of endocrinology,2,,Journal Article
40211908,2025,"The Associations of Tobacco, Alcohol, and Coffee Consumption with Upper and Lower Gastrointestinal Disease Risk: A Mendelian Randomization Study.",Gut and liver,2;4;5;9;10,,Journal Article
40211528,2025,"Dissecting Causal Relationships Between Gut Microbiota, 1400 Blood Metabolites, and Intervertebral Disc Degeneration.",Neurospine,2,,Journal Article
40211413,2025,Causal relationship analysis of MRI measurements of major human internal organs and liver disease.,European journal of medical research,1;2;5,,Journal Article
40211366,2025,Association between immune cells and allergic purpura: a Mendelian randomization study.,Italian journal of pediatrics,2;10,,Journal Article
40210146,2025,Hyperglycemia as driver of glioblastoma progression: Insights from Mendelian randomization and single-cell transcriptomics.,Brain research,1;2;5;10,,Journal Article
40209607,2025,Causal relationship between graves' disease and mental disorders: A bidirectional Mendelian randomization study.,Journal of psychosomatic research,2;4;10,,Journal Article
40206863,2025,Cross-tissue transcriptome-wide association study reveals novel psoriasis susceptibility genes.,Journal of translational autoimmunity,2;9;12,,Journal Article
40206264,2025,"Causal Links between Gut Microbiota, Blood Metabolites, Immune Cells, Inflammatory Proteins, and Myopia: A Mendelian Randomization Study.",Ophthalmology science,2;10;18,,Journal Article
40204920,2025,Cross ethnic Mendelian randomization analysis reveals causal relationship between air pollution and risk of kidney stones.,Scientific reports,2;10;19,,Journal Article
40195352,2025,"Genetic correlations and causal associations between BMI, HDL-C, and postoperative infections: a two-sample Mendelian randomization study.",Scientific reports,1;2;10,,Journal Article
40195255,2025,The Causal Relationship Between Zinc and Osteoarthritis: A Two-Sample Mendelian Randomization Study.,Biological trace element research,2;10,,Journal Article
40194901,2025,Causal relationship between serum 25-hydroxyvitamin D and coronary heart disease: A bi-directional two-sample Mendelian randomization study.,"Nutrition, metabolism, and cardiovascular diseases : NMCD",1;2;10,,Journal Article
40193678,2025,Mendelian randomization analysis of the causal relationship between plasma proteins and childhood asthma.,Medicine,2;10;13,,Journal Article
40193647,2025,Identification of biomarkers for endometriosis based on summary-data-based Mendelian randomization and machine learning.,Medicine,2;3;10;15,,Journal Article
40193631,2025,Mendelian-based urolithiasis risk concerning fish consumption and fish oil supplement.,Medicine,2;10,,Journal Article
40193247,2025,"Elucidating Causal Relationships Among Gut Microbiota, Human Blood Metabolites, and Knee Osteoarthritis: Evidence from a Two-Stage Mendelian Randomization Analysis.",Rejuvenation research,2;10,,Journal Article
40192902,2025,Revealing the mediating mechanisms between BMI and osteoarthritis: a Mendelian randomization and mediation analysis.,Aging clinical and experimental research,1;2;4;10,,Journal Article
40192887,2025,Causal Links Between Gut Microbiota and Vitamin Deficiencies: Evidence from Mendelian Randomization Analysis.,Current medical science,2;10,,Journal Article
40191156,2025,Bone mineral density and cardiovascular diseases: a two-sample Mendelian randomization study.,JBMR plus,1;2;10,,Journal Article
40186305,2025,Causal relationship between mitochondrial proteins and risks of aortic aneurysms and aortic dissection: a Mendelian randomization study.,Journal of cardiothoracic surgery,1;2;10,,Journal Article
40185386,2025,Identifying blood mitochondrial DNA copy number as a biomarker for development of neurodegenerative diseases: Evidence from Mendelian randomization analysis.,Neuroscience,2;9;10;11;14;18,,Journal Article
40185222,2025,Researching the causal relationship between immune cells and frontotemporal Dementia: A Mendelian Randomization analysis.,Brain research,2;10;11,,Journal Article
40184471,2025,Causal associations between premature ovarian insufficiency and cardiovascular diseases: a Mendelian randomization study.,Gynecological endocrinology : the official journal of the International Society of Gynecological Endocrinology,1;2;10;14,,Journal Article
40184142,2025,Investigating the correlation between gut microbiota and prostate cancer through a two-sample Mendelian randomization analysis.,Medicine,2;5;10,,Journal Article
40179848,2025,Health Implications Associated with Fat-Free Mass: A Phenome-Wide Mendelian Randomization Study.,Cardiorenal medicine,1;2;5;10,,Journal Article;Systematic Review
40178608,2025,Decoding the genetic links between substance use disorder and cancer vulnerability.,Psychopharmacology,2;4;5,,Journal Article
40177736,2025,"Dissecting causal relationships between gut microbiota, inflammatory factors, and acute kidney injury: A Mendelian randomization study.",Clinical nephrology,1;2;10,,Journal Article
40176680,2025,Causal association of cathepsins with female infertility: a bidirectional Mendelian randomization analysis.,Obstetrics & gynecology science,2;10;15,,Journal Article
40174283,2025,Exploring glucagon-like peptide-1 receptor agonists as potential disease-modifying agents in autoimmune diseases.,Journal of autoimmunity,1;2;9;12,,Journal Article;Meta-Analysis
40170563,2025,Exploring the Relationship Between Antipsychotic Drug Target Genes and Epilepsy: Evidence From Food and Drug Administration Adverse Event Reporting System Database and Mendelian Randomization.,Brain and behavior,2;10;14,,Journal Article;Meta-Analysis
40168564,2025,The Causal Relationship Between Opioid Use and Obstructive Sleep Apnea: A Bidirectional Mendelian Randomization Study.,Pain physician,2;4;10;13,,Journal Article
40166541,2025,Trans-ancestry genome-wide association meta-analysis of gallstone disease.,medRxiv : the preprint server for health sciences,1;2,,Journal Article;Preprint
40165277,2025,Causal association between non-steroidal anti-inflammatory drugs use and the risk of benign prostatic hyperplasia: a univariable and multivariable Mendelian randomization study.,BMC medical genomics,2;10,,Journal Article
40165268,2025,Severe traumatic brain injury and risk for osteoporosis: a Mendelian randomization study.,BMC medical genomics,2;10;14,,Journal Article
40164825,2025,Assessing the effect of modifiable risk factors on hepatocellular carcinoma: evidence from a bidirectional Mendelian randomization analysis.,Discover oncology,1;2;5;10,,Journal Article
40161299,2025,Causal relationships between dietary factors and spinal diseases: a univariable and multivariable Mendelian randomization study.,Frontiers in nutrition,1;2;10,,Journal Article
40160699,2025,The associations between circulating amino acids and arterial aneurysms and dissection: A bidirectional Mendelian randomization study.,International journal of cardiology. Cardiovascular risk and prevention,2;10,,Journal Article
40160028,2025,'Unravelling the shared genetic architecture between suicidality and subcortical brain volume: a genome-wide association study'.,Acta neuropsychiatrica,2;4,,Journal Article
40157129,2025,Examining the link between 179 lipid species and 7 diseases using genetic predictors.,EBioMedicine,1;2;18,,Journal Article
40156736,2025,Uncovering somatic genetic drivers in prostate cancer through comprehensive genome-wide analysis.,GeroScience,2;5;10,,"Journal Article;Research Support, Non-U.S. Gov't"
40155631,2025,Identification of therapeutic targets for chronic kidney disease through Mendelian randomization analysis of druggable genes.,Scientific reports,1;2;10,,Journal Article
40155605,2025,Exploring blood immune cells in the protective effects of gut microbiota on rheumatic heart disease based on Mendelian randomization analysis.,Scientific reports,1;2;10,,Journal Article
40155430,2025,Assessing the potential causal effects of 1099 plasma metabolites on 2099 binary disease endpoints.,Nature communications,1;2,,Journal Article
40154232,2025,Analysis of gut microbiota and depression and anxiety: Mendelian randomization from three datasets.,General hospital psychiatry,2;4;10,,Journal Article;Meta-Analysis
40153197,2025,Integration of metabolomics and genomics implicates a causality between 1398 blood metabolites and gout.,Clinical rheumatology,2,,Journal Article
40153185,2025,The hidden pathway: biological aging as a mediator between diabetes and breast cancer risk: a Mendelian randomized study.,Discover oncology,1;2;5;10;11,,Journal Article
40149725,2025,Multi-Omics Integration Reveals Mitochondrial Gene Regulation as a Determinant of Tuberculosis Susceptibility: A Mendelian Randomization Approach.,Biomedicines,2;3;8;10,,Journal Article
40146608,2025,Bidirectional two-sample mendelian randomization analysis identifies a causal relationship between major depressive disorder and allergic diseases.,"Health psychology : official journal of the Division of Health Psychology, American Psychological Association",2;4;10;12;13;18,,Journal Article
40143549,2025,Enhancing polygenic scores for cardiometabolic traits through tissue- and cell-type-specific functional annotations.,HGG advances,1;2,,Journal Article
40141382,2025,Impact of Glucagon-like Peptide-1 Receptor Agonists on Mental Illness: Evidence from a Mendelian Randomization Study.,International journal of molecular sciences,1;2;4;10,,Journal Article;Meta-Analysis
40139721,2025,Genetic liability to sedentary behaviour and cardiovascular disease incidence in the FinnGen and HUNT cohorts.,British journal of sports medicine,1;2;7;14,,Journal Article
40138087,2025,Sarcopenia-related traits and risk of falls in older adults: results from meta-analysis of cohort studies and Mendelian randomization analyses.,Aging clinical and experimental research,2;10;11,,Journal Article;Meta-Analysis
40135505,2025,MUTATE: a human genetic atlas of multiorgan artificial intelligence endophenotypes using genome-wide association summary statistics.,Briefings in bioinformatics,1;2;3;11;13,,Journal Article
40133449,2025,A Mendelian randomized study of circulating antioxidants in the diet and risk of cardiovascular disease.,Scientific reports,1;2;10,,Journal Article
40128726,2025,Multi-omic studies on the pathogenesis of Sepsis.,Journal of translational medicine,2;8,,Journal Article
40128053,2025,Causal association between genetically predicted primary aldosteronism and aortic aneurysm and aortic dissection: A Mendelian randomization study.,Medicine,1;2;10,,Journal Article
40126442,2025,Genetically predicted effects of COVID-19 on 2272 traits: exploring through a phenome-wide Mendelian randomization study.,Postgraduate medical journal,2;8;10,,Journal Article
40125526,2025,Causality of Childhood and Adult Body Mass Index on Sick Sinus Syndrome: A Mendelian Randomization Study.,Cureus,1;2;10,,Journal Article
40124580,2025,Mendelian Randomization Analysis Identifies Causal Effects of Multi-Site Chronic Pain on Obstructive Sleep Apnea.,Nature and science of sleep,1;2;4;10;13,,Journal Article
40122887,2025,The gut microbiota and diabetic nephropathy: an observational study review and bidirectional Mendelian randomization study.,Trials,1;2;10,,Journal Article;Review
40122118,2025,Examining the causal relationship between hypertension and benign paroxysmal vertigo: a univariate and multivariate Mendelian randomization study.,Acta oto-laryngologica,1;2;10;14;18,,Journal Article
40121277,2025,Assessing the influence of plasma metabolites on chronic skin ulcer risk: a two-sample Mendelian randomization study.,Scientific reports,2;10,,Journal Article
40119483,2025,Causal effect of life-course adiposity on the risk of respiratory diseases: a Mendelian randomization study.,Nutrition & metabolism,1;2;5;10;13,,Journal Article
40119457,2025,Exploring the protective effect of metformin against sarcopenia: insights from cohort studies and genetics.,Journal of translational medicine,1;2;11;16,,Journal Article
40118817,2025,Associations of 2923 plasma proteins with incident inflammatory bowel disease in a prospective cohort study and genetic analysis.,Nature communications,2;9,,Journal Article
40115862,2025,The Causal Relationship Between Gut and Skin Microbiota and Chronic Obstructive Pulmonary Disease:A Bidirectional Two-Sample Mendelian Randomization Analysis.,International journal of chronic obstructive pulmonary disease,2;10;13,,"Journal Article;Research Support, Non-U.S. Gov't"
40109242,2025,Identification of Novel Therapeutic Targets for Hypertension.,"Hypertension (Dallas, Tex. : 1979)",1;2,,Journal Article
40107973,2025,Identifying Lipid Metabolism-Related Therapeutic Targets and Diagnostic Markers for Lung Adenocarcinoma by Mendelian Randomization and Machine Learning Analysis.,Thoracic cancer,1;2;3;10,,Journal Article
40107167,2025,Circulating branched-chain amino acids and risk of psychiatric disorders: A two-sample Mendelian randomization study.,Journal of psychosomatic research,2;4;10,,Journal Article
40106219,2025,Iron as a Modifiable Factor for Adverse Pregnancy Outcomes: Refining and Understanding Causal Estimates Using Mendelian Randomization.,Biological trace element research,1;2;10;15,,Journal Article
40105993,2025,A Mendelian randomization study to reveal gut-disc axis: causal associations between gut microbiota with intervertebral disc diseases.,"European spine journal : official publication of the European Spine Society, the European Spinal Deformity Society, and the European Section of the Cervical Spine Research Society",2;10,,Journal Article
40103821,2025,The relationship between amino acids and gastroesophageal reflux disease: evidence from a mendelian randomization analysis combined with a meta-analysis.,Frontiers in immunology,1;2;10,,Journal Article;Meta-Analysis
40103195,2025,Assessing Causality Between Plasma Brain-Derived Neurotrophic Factor With Major Depression Disorder: A Bidirectional Mendelian Randomization Study.,Brain and behavior,2;4;10,,Journal Article
40099350,2025,The Role of the Major Histocompatibility Complex Region on Chromosome 6 in Skin Atrophy: A Mendelian Randomization Study.,Journal of cosmetic dermatology,2;8;10,,Journal Article
40099043,2025,"Exploring Causal Relationships Between Gut Microbiota, Inflammatory Cytokines, and Inflammatory Dermatoses: A Mendelian Randomization Study.","Clinical, cosmetic and investigational dermatology",2;9;10;12,,Journal Article
40098143,2025,Shared genetic investigation of asthma and blood eosinophils in relation to chronic rhinosinusitis.,"Allergy, asthma, and clinical immunology : official journal of the Canadian Society of Allergy and Clinical Immunology",2;13;18,,Journal Article
40092126,2025,CDC42: unlocking a novel therapeutic target for primary sclerosing cholangitis through Mendelian randomization.,American journal of translational research,2;10,,Journal Article
40091050,2025,Genetic insights into idiopathic pulmonary fibrosis: a multi-omics approach to identify potential therapeutic targets.,Journal of translational medicine,2;5;13,,Journal Article
40088503,2025,Placental weight as a predictor of future health: Insights from a large-scale genome-wide association study.,Placenta,1;2;5;12;15,,Journal Article
40088380,2025,DNA Methylation-Regulated ZDHHC13 Promotes the Progression of Parkinson's Disease.,Molecular neurobiology,2;11,,Journal Article
40087593,2025,Association between dietary intakes and pregnancy complications: a two-sample Mendelian randomization analysis.,BMC pregnancy and childbirth,1;2;10;15,,Journal Article
40081583,2025,"Autoimmune thyroid disease is a risk factor for mood disorders, a Mendelian randomization study.",Journal of affective disorders,2;4;9;10;11,,Journal Article
40081564,2025,Integrated genetic analysis and single cell-RNA sequencing for brain image-derived phenotypes and Parkinson's disease.,Progress in neuro-psychopharmacology & biological psychiatry,2;11,,Journal Article;Meta-Analysis
40079833,2025,Is Metabolic Syndrome a Risk Factor for Skin Cancer? A UK Biobank Observational and Two-Sample Mendelian Randomization Study.,"Cancer epidemiology, biomarkers & prevention : a publication of the American Association for Cancer Research, cosponsored by the American Society of Preventive Oncology",1;2;5;10;12,,Journal Article;Observational Study
40078581,2025,Bone mineral density and sex hormone binding globulin as potential mediators of the causal effect of urolithiasis on osteoporosis risk: a Mendelian randomization.,Frontiers in endocrinology,2;10,,Journal Article
40073855,2025,Unraveling the Molecular Nexus between Ankylosing Spondylitis and IgA Nephropathy: Insights from Mendelian Randomization and Bioinformatics Analysis.,Nephron,1;2;9;10,,Journal Article
40070259,2025,Two-sample Mendelian randomization analysis of the causal relationship between lipid metabolism/fatty acid metabolism and pre-eclampsia.,Ginekologia polska,1;2;10;15,,Journal Article
40069797,2025,"Association between allergic rhinitis, nasal polyps, chronic sinusitis and chronic respiratory diseases: a mendelian randomization study.",BMC pulmonary medicine,2;10;13;18,,Journal Article
40069456,2025,Atlas of genetic and phenotypic associations across 42 female reproductive health diagnoses.,Nature medicine,2;15,,Journal Article
40068088,2025,Comprehensive causal analysis between autoimmune diseases and glioma: A Mendelian randomization study.,Medicine,2;5;9;10,,Journal Article;Meta-Analysis
40068065,2025,"Causal role of mitochondrial proteins in aortic aneurysms: Evidence from Mendelian randomization, transcriptomic analysis, and experimental validation.",Medicine,1;2;10,,Journal Article
40068044,2025,Bidirectional causal relationships between the skin microbiome and psoriasis: Insights from Mendelian randomization analysis.,Medicine,2;9;10;12,,Journal Article
40068038,2025,"Positive causal association between diabetes and osteomyelitis, mediated by glycosylated hemoglobin and BMI: Evidence from a Mendelian randomization study.",Medicine,1;2;10,,Journal Article
40064973,2025,Identification of potential drug targets for pelvic organ prolapse using a proteome-wide Mendelian randomization approach.,Scientific reports,2;10;15,,Journal Article
40062495,2025,Pregestational Diabetes and Adverse Pregnancy Results: A Mendelian Randomization Study.,Archives of Iranian medicine,1;2;10;15,,Journal Article
40062439,2025,Exploration of Circadian Clock-Related Genes in the Pathogenesis of Psoriatic Arthritis to Identify Potential Therapeutic Targets From Multi-Omics Insight: A Mendelian Randomization Study.,International journal of rheumatic diseases,2;9;10;13,,Journal Article
40058366,2025,Integrated Single-Cell Transcriptome and eQTL Analyses Reveal the Role of PZP in Aging and Chronic Kidney Disease.,The journal of gene medicine,1;2;11;15,,"Journal Article;Research Support, Non-U.S. Gov't"
40056294,2025,Association between leukocyte telomere length and renal cell carcinoma: insight from Mendelian randomization study.,Discover oncology,1;2;5;10,,Journal Article
40055671,2025,Causal relationship between Baff-R expression and normal pressure hydrocephalus: insights from Mendelian randomization analysis.,BMC neurology,2;10,,Journal Article
40054570,2025,Snapshot of disease continuum centered on Alzheimer's disease: Exploring modifiable risk factors.,Progress in neuro-psychopharmacology & biological psychiatry,1;11,,Journal Article
40052860,2025,Comprehensive Proteomic Profiling of Exfoliation Glaucoma Via Mass Spectrometry Reveals SVEP1 as a Potential Biomarker.,Investigative ophthalmology & visual science,1;2;18,,Journal Article
40045558,2025,Cardiovascular diseases and risk of dementia in the general population.,European journal of preventive cardiology,1;11;14,,Journal Article
40045304,2025,Multi-omics study on autophagic dysfunction molecular network in the pathogenesis of rheumatoid arthritis.,Journal of translational medicine,2;9,,Journal Article
40045256,2025,From teeth to bone: dental caries has causal effects on osteoporosis and osteoporotic fracture.,BMC oral health,2,,Journal Article;Meta-Analysis
40038580,2025,The causal impact of genetically predicted inflammatory bowel disease on extraintestinal manifestations: a mendelian randomization study.,BMC gastroenterology,2;9;10,,Journal Article
40034746,2025,Role of PD-L1 in mediating the effect of lipid on ulcerative colitis: a mediation Mendelian randomization study.,Frontiers in genetics,1;2;9;10,,Journal Article
40033246,2025,"Causal relationship between immune cell signatures and colorectal cancer: a bi-directional, two-sample mendelian randomization study.",BMC cancer,2;5;10,,Journal Article
40032851,2025,Sleep traits causally affect epigenetic age acceleration: a Mendelian randomization study.,Scientific reports,2;10;11;13,,Journal Article
40028715,2025,Causal Relationship Between Abortion and Endometriosis: A Bidirectional Two-Sample Mendelian Randomization Study.,"American journal of reproductive immunology (New York, N.Y. : 1989)",2;10;15,,Journal Article
40028697,2025,Finding Potential Drug Targets for Pre-Eclampsia Using Mendelian Randomisation and Colocalisation Analysis.,"American journal of reproductive immunology (New York, N.Y. : 1989)",10;15,,Journal Article
40027634,2025,EPIraction - an atlas of candidate enhancer-gene interactions in human tissues and cell lines.,bioRxiv : the preprint server for biology,2,,Journal Article;Preprint
40027273,2025,Causal association between non-thyroidal autoimmune diseases and Graves' ophthalmopathy: A mendelian randomization study.,Advances in ophthalmology practice and research,1;2;9;10;12;14,,Journal Article
40025200,2025,Genetically predicted plasma metabolites mediate the causal relationship between gut microbiota and osteosarcoma.,Scientific reports,2,,Journal Article
40022259,2025,Genetic insights into cardiac conduction disorders from genome-wide association studies.,Human genomics,1;2,,Journal Article;Meta-Analysis
40020998,2025,"Causal Association Between Inflammatory Proteins, Inflammatory Cells, and Cauda Equina Syndrome: A Two-Sample Mendelian Randomization.",World neurosurgery,2;10,,"Journal Article;Research Support, Non-U.S. Gov't"
40016652,2025,"Relationship of obesity, body fat, benign adrenal tumors and the mediating mechanism: a two-step mendelian randomization study.",BMC cancer,1;2;10,,Journal Article
40013783,2025,Causal relationships between allergic diseases and significant declines in lung function: a multivariable Mendelian randomization study.,The Journal of asthma : official journal of the Association for the Care of Asthma,2;10;12;13;18,,Journal Article
40008303,2025,"Triangular Causality Among Pulmonary Hypertension, Sleep Disorders, and Brain Structure at the Genetic Level: A Mendelian Randomization Study Focused on the Lung-Brain Axis.",Nature and science of sleep,1;2;10;13,,Journal Article
40008261,2024,Investigation of the association between circulating inflammatory proteins and encephalitis risk in Europeans by two-sample Mendelian randomization analysis.,Frontiers in neurology,2;10;14,,Journal Article
40001646,2025,Identification of Potential Therapeutic Targets for Sensorineural Hearing Loss and Evaluation of Drug Development Potential Using Mendelian Randomization Analysis.,"Bioengineering (Basel, Switzerland)",2;10;18,,Journal Article
40001102,2025,"Increased risk of chronic diseases and multimorbidity in middle-aged and elderly individuals with early vision, hearing, or dual sensory impairments: insights from prospective cohort studies and Mendelian randomization analysis.",BMC medicine,1;2;4;10;11;14;18,,Journal Article
40001090,2025,"Causal relationship between osteoporosis, bone mineral density, and osteonecrosis: a bidirectional two-sample Mendelian randomization study.",Journal of translational medicine,2;10,,Journal Article
40000981,2025,Autoimmune disease and risk of lymphoma: analysis from real-world data and Mendelian randomization study.,BMC cancer,2;5;9;10;12,,Journal Article
39999931,2025,Identifying genetic overlaps in obesity and metabolic disorders unlocking unique and shared mechanistic insights.,Free radical biology & medicine,1;2,,Journal Article
39998153,2025,Causal Relationship between Branched-Chain Amino Acids and Inflammatory Bowel Disease: A Bidirectional and Multivariable Mendelian Randomization Study.,"British journal of hospital medicine (London, England : 2005)",2;9;10,,Journal Article
39994764,2025,Proteome-wide Mendelian randomization identifies causal plasma proteins in prostate cancer development.,Human genomics,2;5;10,,Journal Article
39994250,2025,Spleen volume in relation to ulcerative colitis and Crohn's disease: a Mendelian randomization study.,Scientific reports,2;9;10,,Journal Article;Meta-Analysis
39993105,2025,Gut microbiota and male fertility: A two-sample Mendelian randomization study.,Medicine,2;10;15,,Journal Article
39993087,2025,The causal relationship between hallux valgus and endogenous pathogenic factors: A 2-sample Mendelian randomization.,Medicine,2;9;10,,Journal Article
39992613,2025,Plasma proteins and herpes simplex virus infection: a proteome-wide Mendelian randomization study.,Virus genes,2;8;10,,Journal Article
39991491,2025,Causal relationship of familial hypercholesterolemia with risk of intestinal vascular disorders: A mendelian randomization study.,Metabolism open,1;2;10,,Journal Article
39991127,2025,Future risk of falls induced by ankle-foot sprains history: An observational and mendelian randomization study.,Sports medicine and health science,2;10,,Journal Article
39991120,2025,Low LDL cholesterol and risk of bacterial and viral infections: observational and Mendelian randomization studies.,European heart journal open,1;2;8;10,,Journal Article
39988492,2025,The 2-Step Mendelian Randomisation Study Assesses Genetic Causality and Potential Mediators of Periodontal Disease and Atrial Fibrillation.,International dental journal,1;2;10,,Journal Article
39986329,2025,"A large-scale genome-wide association study on female genital tract polyps highlights role of DNA repair, cell proliferation, and cell growth.","Human reproduction (Oxford, England)",2;3;5;15,,Journal Article;Meta-Analysis
39986193,2025,Circulating inflammatory cytokines and risk of aortic stenosis: A Mendelian randomization analysis.,Cytokine,1;2;10,,Journal Article
39984542,2025,Genetic evidence identifies a causal relationship between EBV infection and multiple myeloma risk.,Scientific reports,2;5;8,,Journal Article
39982470,2025,Moderate and severe depression increase the incidence of cholelithiasis: Results from Mendelian randomization study and the NHANES 2017-March 2020.,Social psychiatry and psychiatric epidemiology,2;4;10,,Journal Article;Observational Study
39979613,2025,Mendelian randomization analysis revealed a gut microbiota-eye axis in acute anterior uveitis.,"Eye (London, England)",2;10;18,,Journal Article
39979134,2025,The causal association between lipid-lowering strategies and risk of intracranial aneurysms: A drug-target Mendelian randomization study.,Journal of clinical lipidology,1;2;10;14,,Journal Article
39978332,2025,Identification of Potential Diagnostic Biomarkers and Drug Targets for Endometriosis from a Genetic Perspective: A Mendelian Randomization Study.,Gynecologic and obstetric investigation,2;10;15,,Journal Article
39976023,2025,Exploring the Diet-diverticular Disease Link: Insights from a Comprehensive Mendelian Randomization Study.,Current medicinal chemistry,2;10,,Journal Article
39974799,2025,Insomnia in relation to 10 urological and reproductive conditions: a two-sample Mendelian randomization study.,Translational andrology and urology,2;5;10;13;15,,Journal Article
39974404,2025,Potential therapeutic targets for colorectal cancer and its subsites: evidence from the proteome-wide Mendelian randomization analyses.,Translational cancer research,2;5;10,,Journal Article
39974125,2025,Large language models improve transferability of electronic health record-based predictions across countries and coding systems.,medRxiv : the preprint server for health sciences,3,,Journal Article;Preprint
39974076,2025,"Prevalence and disease risks for male and female sex chromosome trisomies: a registry-based phenome-wide association study in 1.5 million participants of MVP, FinnGen, and UK Biobank.",medRxiv : the preprint server for health sciences,1;2;18,,Journal Article;Preprint
39972428,2025,Leukemia and risk of stroke: a Mendelian randomization analysis.,BMC neurology,1;2;5;10;14,14.2-stroke-cerebro,Journal Article
39968006,2025,Associations Between Gut Microbiota and Diabetic Nephropathy: A Mendelian Randomization Study.,Aging medicine (Milton (N.S.W)),1;2;10,,Journal Article
39967934,2024,The causal association of cheese intake with type 2 diabetes mellitus: results from a two-sample Mendelian randomization study.,Archives of medical science : AMS,1;2;10,,Journal Article
39967928,2024,Mendelian randomization analysis of the causal relationship between trimethylamine N-oxide and its precursors and Parkinson's disease.,Archives of medical science : AMS,2;10;11,,Journal Article
39966504,2025,Exploring the causal influence of 731 immune cells on 4 different glaucoma subtypes using a two-sample mendelian randomization method.,Scientific reports,2;10;18,,Journal Article
39965633,2025,THE CAUSAL ASSOCIATION OF CARDIOMETABOLIC DISEASES AND SEPSIS-RELATED OUTCOMES: A MENDELIAN RANDOMIZATION AND POPULATION STUDY.,"Shock (Augusta, Ga.)",1;2;8;10;14,,Journal Article;Observational Study
39965389,2025,Untangling immune cell contributions in the progression from GERD to Barrett's esophagus and esophageal cancer: Insights from genetic causal analysis.,International immunopharmacology,2;5,,Journal Article
39964652,2025,Unveiling the Connection Between Micronutrients and Autoimmune Thyroiditis: Are They True Friends?,Biological trace element research,2;9,,Journal Article
39963897,2025,Human blood metabolites and obesity-related asthma-a Mendelian randomization study.,The Journal of asthma : official journal of the Association for the Care of Asthma,1;2;10;13,,Journal Article
39960957,2025,"Causal link between dietary antioxidant vitamins intake, oxidative stress injury biomarkers and colorectal cancer: A Mendelian randomization study.",Medicine,2;4;5;10,,Journal Article
39960918,2025,Causal association between varicose veins and atrial fibrillation: A 2-sample bidirectional Mendelian randomization study.,Medicine,1;2;10,,Journal Article
39960903,2025,Causal effects of blood cells on breast cancer: Evidence from bidirectional Mendelian randomization combined with meta-analysis.,Medicine,2;5;10,,Journal Article;Meta-Analysis
39959816,2025,Causal Effects of Sleep Traits on Angina Pectoris: Mediation by Cardiovascular Risk Factors.,Nature and science of sleep,1;2;13,,Journal Article
39958618,2025,Examining the relationship between secondhand smoke and non-malignant digestive system diseases: Mendelian randomization evidence.,Tobacco induced diseases,2;9;10,,Journal Article
39955590,2025,Investigating the causal relationship between the gut microbiome and rheumatoid arthritis: mediating effects of immune cells.,Journal of translational medicine,2;9,,Journal Article
39955316,2025,Association of cancers with the occurrence and 28-day mortality of sepsis: a mendelian randomization and mediator analysis.,Scientific reports,2;5;8;10,,Journal Article
39953382,2025,"Genetically determined physical activity levels, sedentary behaviours, and their association with the risk of age-related macular degeneration.",The Journal of international medical research,2;7;18,,Journal Article
39952338,2025,Causal relationship between B vitamins and neuropsychiatric disorders: A systematic review and meta-analysis.,Neuroscience and biobehavioral reviews,2;4;11;14,,Journal Article;Systematic Review;Meta-Analysis
39952317,2025,Multi-Omics Analysis Links Mitochondrial-Related Genes to Idiopathic Pulmonary Fibrosis and In Vivo Transcriptome Validation.,Translational research : the journal of laboratory and clinical medicine,2;13,,"Journal Article;Research Support, Non-U.S. Gov't"
39950509,2025,Causal Associations of Gut Microbiota Species With Lymphoma: A Two-Sample Mendelian Randomization Study.,Hematological oncology,2;5;10,,Journal Article
39948543,2025,Low prevalence of CWH43 variants among Finnish and Norwegian idiopathic normal pressure hydrocephalus patients: a cohort-based observational study.,Fluids and barriers of the CNS,3,,Journal Article;Observational Study
39947651,2026,Evaluating the Impact of Folate on Male Infertility Using Mendelian Randomization: A Comprehensive Analysis.,The world journal of men's health,1;2;10;15,,Journal Article
39947606,2025,The protective effects of cheese intake on joint pain and underlying biomarkers: Insights from the Mendelian randomization.,Journal of dairy science,2;4;10,,Journal Article
39945912,2025,Causal relationship between periodontitis and prostate diseases: a bidirectional Mendelian randomization study.,Clinical oral investigations,2;5;10,,Journal Article
39939259,2025,"Coffee intake, plasma caffeine levels, and diabetic microvascular complications: A Mendelian randomization study.","Nutrition, metabolism, and cardiovascular diseases : NMCD",1;2;10;18,,Journal Article
39936441,2025,Causal Mediation Analysis of the Effect of Dietary Habits on Sleep Apnea Risk.,Combinatorial chemistry & high throughput screening,2;13,,Journal Article
39936290,2025,Role of Inflammatory Biomarkers in Mediating Causal Effect of Life Course Body Composition on Hypertension.,"Hypertension (Dallas, Tex. : 1979)",1;2,,Journal Article;Observational Study
39936199,2025,Exploring Metabolomic Drivers of Colorectal and Gastric Cancer: A Mendelian Randomisation Study.,Journal of the College of Physicians and Surgeons--Pakistan : JCPSP,2;5;10,,Journal Article
39935692,2024,Mendelian randomization analysis reveals genetic evidence for a causal link between inflammatory bowel disease and uterine cervical neoplasms.,Frontiers in genetics,2;5;9;10;12,,Journal Article
39934551,2025,"Machine learning model reveals the risk, prognosis, and drug response of histamine-related signatures in pancreatic cancer.",Discover oncology,2;3;5;16,,Journal Article
39932515,2025,Serum Inflammatory Factors Levels and Risk of Myasthenia Gravis: A Bidirectional Mendelian Randomization Study.,Molecular neurobiology,2;9;10,,Journal Article
39931347,2025,Genetic Associations Between Specific Sleep-Related Phenotypes and Idiopathic Sudden Sensorineural Hearing Loss: A Mendelian Randomization Analysis.,Nature and science of sleep,2;10;13;18,,Journal Article
39929265,2025,Ischemic Stroke May Increase the Risk of Crohn's Disease and Ulcerative Colitis: Evidence from a Bidirectional Mendelian Randomization Study.,World neurosurgery,1;2;9;10;14,14.2-stroke-cerebro,"Journal Article;Research Support, Non-U.S. Gov't"
39928790,2025,Bidirectional Mendelian randomization reveals causal immune cell phenotypes in rheumatoid arthritis.,Medicine,2;9;10,,Journal Article
39925840,2025,Spontaneous Abortion and Myocardial Infarction: A Mendelian Randomization Investigation and Transcriptomic Analysis.,Global heart,1;2;10,,Journal Article
39924945,2025,Antibody Responses to EBV and Toxoplasma and Their Genetic Links to Guillain-Barré Syndrome: A Mendelian Randomization Study.,Brain and behavior,2;8;10,,Journal Article
39922885,2025,A cross-tissue transcriptome-wide association study identified susceptibility genes for age-related macular degeneration.,Scientific reports,2;18,,Journal Article
39922081,2025,Identifying novel drug targets for calcific aortic valve disease through Mendelian randomization.,Atherosclerosis,1;2;10,,"Journal Article;Research Support, Non-U.S. Gov't"
39920782,2025,Causal role of plasma liposome in diabetic retinopathy: mendelian randomization (MR) study.,Diabetology & metabolic syndrome,1;2;10;18,,Journal Article
39920705,2025,Causal relationship between educational attainment and the occurrence of venous thromboembolism.,BMC medical genomics,1;2,,Journal Article
39920341,2025,Investigating genetic links between biological aging and adverse pregnancy outcomes.,Biogerontology,1;2;11;15,,"Journal Article;Meta-Analysis;Research Support, Non-U.S. Gov't"
39913178,2025,"Causal Effect Between Gut Microbiota, Gut Bacterial Pathway, and Chronic Spontaneous Urticaria: A Large-Scale Bidirectional Mendelian Randomization Analysis.",Journal of investigational allergology & clinical immunology,2;10;12,,Journal Article
39913044,2026,Association Between Genetically Proxied SLC12A2 Inhibition and Inflammatory Bowel Disease: A Mendelian Randomization Study.,Biochemical genetics,1;2;9;10,,Journal Article
39912928,2025,Roles of skin microbiota in hidradenitis suppurativa: insights from a two-sample mendelian randomization analysis.,Archives of dermatological research,2;10;12,,Journal Article
39911358,2025,Genetic Insights Into Lipid Traits and Lipid-Modifying Drug Targets in Pregnancy Complications: A Two-Sample Mendelian Randomization Study.,International journal of women's health,1;2;10;15,,Journal Article
39911357,2025,Causal Associations Between Sarcopenia and Gestational Diabetes Mellitus.,International journal of women's health,1;2;11;15,,Journal Article
39911233,2024,A two-sample bidirectional Mendelian randomization analysis between telomere length and hyperthyroidism.,Frontiers in endocrinology,2;10;15,,Journal Article
39909996,2025,Causal associations between dietary habits and liver cancer risk: a two-sample Mendelian randomization study.,Discover oncology,2;5;10,,Journal Article
39908042,2025,Observational and Genetic Analyses of Traumatic Experiences and Endometriosis.,JAMA psychiatry,2;4;15,,Journal Article;Observational Study
39906935,2025,Genetically predicted basal metabolic rate and infectious diseases: a Mendelian randomization study.,Postgraduate medical journal,2;8;10,,Journal Article
39905226,2025,Exploring the genetic correlation and causal relationships between breast cancer and meningioma using bidirectional Mendelian randomization.,Scientific reports,2;5;10,,"Journal Article;Research Support, Non-U.S. Gov't"
39904833,2025,The Relationship and Mechanisms Between Body Mass Index and Autoimmune Hypothyroidism: Insights from Mendelian Randomization.,Obesity surgery,1;2;9;10,,Journal Article
39904706,2025,Air Pollution and Oral Health: An Overall Insight From Genetic Causality.,International dental journal,2;19,,Journal Article
39902040,2024,Effect of trace elements and nutrients on 21 autoimmune diseases: a Mendelian randomization study.,Frontiers in immunology,2;9;10,,"Journal Article;Research Support, Non-U.S. Gov't"
39901313,2025,Evaluation of causal relationships between genetic liability to inflammatory bowel disease and autism spectrum disorder by Mendelian randomization analysis.,Dialogues in clinical neuroscience,2;9;10,,"Journal Article;Research Support, Non-U.S. Gov't"
39900481,2025,Evaluating lipid-lowering drug targets for full-course diabetic retinopathy.,The British journal of ophthalmology,1;18,,Journal Article
39898361,2025,Association between myopia and diabetic retinopathy: A two-sample mendelian randomization study.,Advances in ophthalmology practice and research,1;2;10;18,,Journal Article
39895541,2025,Proteome-Wide Mendelian Randomization Identifies Therapeutic Targets for Abdominal Aortic Aneurysm.,Journal of the American Heart Association,1;2;10,,Journal Article
39892755,2025,Genome-wide Mendelian randomization mapping the influence of plasma proteome on major depressive disorder.,Journal of affective disorders,2;4;10,,Journal Article
39889759,2025,Unraveling the causal role of sleep traits in development of diabetic retinopathy: A UK Biobank observational study and Mendelian randomization.,Diabetes & vascular disease research,1;2;10;18,,"Journal Article;Observational Study;Research Support, Non-U.S. Gov't"
39889191,2025,"Gut microbiota, inflammatory cytokines and gastro-esophageal reflux disease: A Mendelian randomization analysis.",Medicine,2;10,,Journal Article
39889180,2025,The causal effect of matrix metalloproteinase-3 on ankylosing spondylitis: Evidence from Mendelian randomization.,Medicine,2;9;10,,Journal Article
39889170,2025,Causal effects of circulating immune cells on coronary atherosclerosis: Evidence from Mendelian randomization.,Medicine,1;2;10,,Journal Article
39885253,2025,Exploring the role of circulating proteins in multiple myeloma risk: a Mendelian randomization study.,Scientific reports,2;5;10,,"Journal Article;Research Support, Non-U.S. Gov't"
39883542,2025,Causal Association of Sleep Traits with All-Cause and Cause-Specific Mortality: A Prospective Cohort and Mendelian Randomization Study.,Rejuvenation research,2;10;13,,Journal Article
39882449,2024,"Gut microbiota, metabolites, and cytokines in relation to the risk of prostate cancer in the Asian population.",Frontiers in oncology,2;5,,Journal Article
39882037,2024,Genetically predicted causal link between the plasma lipidome and pancreatic diseases: a bidirectional Mendelian randomization study.,Frontiers in nutrition,2;5;10,,Journal Article
39881850,2025,Causal Association Between Obstructive Sleep Apnea and Migraine: A Bidirectional Mendelian Randomization Study.,Nature and science of sleep,2;10;13;14,,Journal Article
39881812,2025,Exploring the Causal Relationship Between Frailty and Chronic Obstructive Pulmonary Disease: Insights From Bidirectional Mendelian Randomization and Mediation Analysis.,International journal of chronic obstructive pulmonary disease,2;10;11;13,,Journal Article
39875008,2025,Exploring the genetic causal inference between plasma lipidome and hemorrhagic stroke.,Journal of stroke and cerebrovascular diseases : the official journal of National Stroke Association,1;2;14,14.2-stroke-cerebro,Journal Article
39871723,2025,Genetic Mediators of Celiac Disease and Premature Ovarian Failure: Hypothyroidism and Systemic Lupus Erythematosus.,"American journal of reproductive immunology (New York, N.Y. : 1989)",2;9,,Journal Article
39871145,2025,Exposure to major coronary heart disease events reduces lung cancer risk: a mendelian randomization study based on a European population.,BMC cancer,1;2;5;10,,Journal Article
39867972,2025,Exploring the Impact of Systemic Inflammatory Regulators on Rosacea Risk: A Bidirectional Mendelian Randomization Analysis.,"Clinical, cosmetic and investigational dermatology",2;10;12,,Journal Article
39865174,2025,Sleep characteristics and intervertebral disc degeneration risk: an observational and Mendelian randomization study.,"European spine journal : official publication of the European Spine Society, the European Spinal Deformity Society, and the European Section of the Cervical Spine Research Society",2;10;13,,Journal Article;Observational Study
39863741,2025,A cross-tissue transcriptome-wide association study identifies new susceptibility genes for benign prostatic hyperplasia.,Scientific reports,2,,"Journal Article;Research Support, Non-U.S. Gov't"
39863464,2025,Elucidating the Causal Link Between Treg-Related Immune Traits and Atherosclerosis-Related Cardiovascular Diseases: A Bidirectional Mendelian Randomisation Analysis.,"Heart, lung & circulation",1;2;10;14,,Journal Article
39858962,2025,Bidirectional Mendelian Randomization Analysis to Study the Relationship Between Human Skin Microbiota and Radiation-Induced Skin Toxicity.,Microorganisms,2;10,,Journal Article
39857814,2025,Mendelian Randomization Reveals Potential Causal Relationships Between DNA Damage Repair-Related Genes and Inflammatory Bowel Disease.,Biomedicines,2;9;10,,Journal Article
39856373,2025,The effect of coagulation traits on the risk of retinal vein occlusion: a mendelian randomization study.,Scientific reports,2;10;18,,"Journal Article;Research Support, Non-U.S. Gov't"
39854747,2025,Associations of cathepsins with pulmonary arterial hypertension mediated by circulating metabolites: A Mendelian randomization study.,Medicine,1;2;10;13,,Journal Article
39853021,2024,"Causal Effects of Air Pollution, Noise, and Shift Work on Unstable Angina and Myocardial Infarction: A Mendelian Randomization Study.",Toxics,1;2;10;19,,Journal Article
39850014,2025,Lipid-Lowering Drugs and Pulmonary Vascular Disease: A Mendelian Randomization Study.,Pulmonary circulation,1;2;10;13,,Journal Article
39849535,2025,Investigating the dual causative pathways linking immune cells and venous thromboembolism via Mendelian randomization analysis.,Thrombosis journal,1;2;10,,Journal Article
39849060,2025,"The association of gut microbiota, immunocyte dynamics, and protein-protein ratios with tuberculosis susceptibility: a Mendelian randomization analysis.",Scientific reports,2;8;10,,"Journal Article;Research Support, Non-U.S. Gov't"
39847889,2025,Genetic susceptibility and potential therapeutic targets of unruptured intracranial aneurysms: A genome-wide study based on Mendelian randomization.,Clinical neurology and neurosurgery,2;10,,Journal Article
39844355,2025,Potential Therapeutic Drug Targets for Hypertension Identified Using Proteomics and Mendelian Randomization.,American journal of hypertension,1;2;10,,Journal Article
39844252,2025,Clonal hematopoiesis of indeterminate potential and type 2 diabetes mellitus among patients with STEMI: from a prospective cohort study combing bidirectional Mendelian randomization.,Cardiovascular diabetology,1;2;10,,"Journal Article;Research Support, Non-U.S. Gov't"
39843788,2025,Maternal Smoking Around Birth Is a Risk Factor for Gastrointestinal Diseases in Offspring: A Mendelian Randomization Study.,Digestive diseases and sciences,2;4;9;10;15,,Journal Article
39843573,2025,"A genome-wide association study identifies genetic variants associated with hip pain in the UK Biobank cohort (N = 221,127).",Scientific reports,2;4,,"Journal Article;Research Support, Non-U.S. Gov't"
39842621,2025,Roles of cerebrospinal fluid metabolites in mediating the relationship between cathepsins and narcolepsy type 1: A comprehensive Mendelian randomization analysis.,Progress in neuro-psychopharmacology & biological psychiatry,2;10;13,,Journal Article
39840844,2025,Whole Transcriptome-wide Analysis Combined With Summary Data-Based Mendelian Randomization Identifies High-Risk Genes for Cholelithiasis Incidence.,Clinical and translational gastroenterology,2;10,,Journal Article
39839077,2025,Unraveling the impact of blood RANKL and OPG levels on Alzheimer's disease: Independent of bone mineral density and inflammation.,"Alzheimer's & dementia (New York, N. Y.)",2;11,,Journal Article
42125182,2026,Higher BMI might increase risk of ankle-foot sprains: A mendelian randomization study.,Sports medicine and health science,1;2;10,,Journal Article
39834555,2025,Exploring the role of inflammatory biomarkers in trigeminal neuralgia.,"Brain, behavior, & immunity - health",2,,Journal Article
39833481,2025,Increased risk of hypertrophic scarring in estrogen receptor-positive breast cancer: a bidirectional mendelian randomization study.,Archives of dermatological research,2;5;10,,Journal Article;Meta-Analysis
39830794,2025,Causal Relationship between Helicobacter Pylori Antibodies and Immune Thrombocytopenia: A Mendelian Randomization Study.,Mediterranean journal of hematology and infectious diseases,2;8;10,,Journal Article
39829373,2025,Association between epigenetic aging and atrioventricular block: a two-sample Mendelian randomization study.,Epigenomics,2;10;11,,Journal Article
39828257,2025,Genetically mimicked effects of evinacumab on psoriasis: a drug target Mendelian randomization study.,Asia Pacific journal of clinical nutrition,1;2;9;10;12,,Journal Article
39825539,2025,The Role of 418 Gut Microbiota in Small Cell Lung Cancer Progression: A Mendelian Randomisation Study.,Journal of the College of Physicians and Surgeons--Pakistan : JCPSP,2;5;10,,Journal Article
39824903,2025,Proteome-wide mendelian randomization identifies causal plasma proteins in interstitial lung disease.,Scientific reports,2;9;10;13,,"Journal Article;Research Support, Non-U.S. Gov't"
39823005,2024,Causal association between pregnancy disorders and neonatal jaundice: a two-sample Mendelian randomization study.,Translational pediatrics,1;2;10;15,,Journal Article
39821601,2025,Association between different obesity metrics and risk of inguinal hernia.,Updates in surgery,1;2,,Journal Article
39816560,2024,Association of branched-chain amino acids and risk of three urologic cancers: a Mendelian randomization study.,Translational cancer research,2;5;10,,Journal Article
39809352,2025,Evidence for a causal link between lipoprotein (a) and mental disorders: A retrospective and Mendelian randomization study.,Journal of affective disorders,1;2;4;10,,Journal Article
39809179,2024,Evidence from Mendelian randomization analysis combined with meta-analysis for the causal validation of the relationship between 91 inflammatory factors and lumbar disc herniation.,Medicine,2;10,,Journal Article;Meta-Analysis
39808133,2025,Platelet Indices and the Causal Relationship with Myeloid Leukemia: a Mendelian Randomization Study with Dual Samples.,Clinical laboratory,2;5;10,,Journal Article
39806440,2025,Potential drug targets for asthma identified through mendelian randomization analysis.,Respiratory research,2;10;13,,Journal Article
39806364,2025,Genetic insight into dissecting the immunophenotypes and inflammatory profiles in the pathogenesis of Sjogren syndrome.,Journal of translational medicine,2;9,,Journal Article
39801100,2024,Is there a causal association between temporomandibular disorders and COVID-19 risk? A genetic instrumental variables analysis.,Journal of oral & facial pain and headache,2;4;8,,Journal Article
39800332,2025,Separating the Effects of Early-Life and Adult Body Size on Chronic Kidney Disease Risk: A Mendelian Randomization Study.,Journal of obesity & metabolic syndrome,1;2;10,,Journal Article
39800125,2025,Genetic causality between insomnia and specific orthopedic conditions: Insights from a two-sample Mendelian randomization study.,Experimental gerontology,2;9;10;13,,Journal Article
39799299,2025,Inflammatory bowel disease increases the risk of pancreatitis: a two-sample bidirectional Mendelian randomization analysis.,BMC gastroenterology,2;9;10,,Journal Article;Meta-Analysis
39794838,2025,Association of antihypertensive drug target genes with alzheimer's disease: a mendelian randomization study.,Alzheimer's research & therapy,2;10;11,,Journal Article;Clinical Study
39793280,2025,Evaluating the causal effect of using glucagon-like peptide-1 receptor agonists on the risk of autoimmune diseases.,Diabetes & metabolic syndrome,1;9;13;14,,Journal Article;Meta-Analysis
39792752,2025,Causal relationship between immune cells and heart failure: A Mendelian randomization study.,Medicine,1;2;10,,Journal Article
39791936,2025,Immune Cells and Intracerebral Hemorrhage: A Causal Investigation Through Mendelian Randomization.,Brain and behavior,2;10;14,,Journal Article
39788365,2025,Exploring the relationship between MGAT2 and glioblastoma: A Mendelian Randomization and bioinformatics approach.,Brain research,2;5;10,,Journal Article
39786739,2025,Identifying the Involvement of Gut Microbiota in Retinal Vein Occlusion by Mendelian Randomization and Genetic Correlation Analysis.,Translational vision science & technology,2;10;18,,Journal Article
39780859,2025,Causal associations between dietary factors with head and neck cancer: A two-sample Mendelian randomization study.,Laryngoscope investigative otolaryngology,2;5;10,,Journal Article
39778693,2025,Branched-chain amino acids levels associated with risk of erectile dysfunction: A Mendelian randomization analysis.,Experimental gerontology,1;2;10,,Journal Article
39778466,2025,Investigating the causal relationship between skin microbiota and hypertrophic scar using bidirectional mendelian randomization.,Burns : journal of the International Society for Burn Injuries,2;10,,Journal Article
39778021,2025,Assessing the Causal Effect of Circulating Protein-To-Protein Ratio on the Risk of Morbidity of Hepatocellular Carcinoma.,Cancer medicine,1;2;5,,Journal Article
39777226,2024,How do immune cells shape type 1 diabetes? Insights from Mendelian randomization.,Frontiers in endocrinology,1;2;10,,Journal Article
39775133,2025,Genetic association between human skin microbiota with vaginitis: a two-sample Mendelian randomization study.,Archives of dermatological research,2;10;12,,Journal Article
39773528,2025,Metformin and the risk of malignant tumors of digestive system: a mendelian randomization study.,Diabetology & metabolic syndrome,1;2;5;10;16,,Journal Article
39772304,2024,Causal association between gut microbiome and polycystic ovary syndrome: A bidirectional Mendelian randomization study.,African journal of reproductive health,2;10;15,,Journal Article
39768593,2024,Potential Causal Association Between Atrial Fibrillation/Flutter and Primary Open-Angle Glaucoma: A Two-Sample Mendelian Randomisation Study.,Journal of clinical medicine,1;2;4;10;18,,Journal Article
39767734,2024,The Potential Causal Association of Apolipoprotein A and B and Age-Related Macular Degeneration: A Mendelian Randomisation Study.,Biomedicines,2;10;18,,Journal Article
39766252,2024,Exploring Causal Associations Between Serum Inflammatory Markers and Female Reproductive Disorders: A Mendelian Randomisation Study.,Biomolecules,10;15,,"Journal Article;Research Support, Non-U.S. Gov't"
39762845,2025,Association of genetically proxied cancer-targeted drugs with cardiovascular diseases through Mendelian randomization analysis.,Journal of translational medicine,1;2;5;10;14,,Journal Article
39760889,2025,"Effects of immune cells in mediating the relationship between inflammatory bowel disease and pyoderma gangrenosum: a two-sample, two-step mendelian randomization study.",Archives of dermatological research,2;9;10;12,,Journal Article
39755304,2025,Identification of potential therapeutic targets for Alzheimer's disease from the proteomes of plasma and cerebrospinal fluid in a multicenter Mendelian randomization study.,International journal of biological macromolecules,2;10;11,,Journal Article;Multicenter Study
39754686,2025,Causal associations between circulating protein ratios and drug resistance in papillary thyroid cancer: a Mendelian randomization study.,Discover oncology,2;5;10,,Journal Article
39754389,2025,Appraising the Effects of Gut Microbiota on Insomnia Risk Through Genetic Causal Analysis.,"American journal of medical genetics. Part B, Neuropsychiatric genetics : the official publication of the International Society of Psychiatric Genetics",2;13,,Journal Article
39752762,2025,Genetic evidence of the causal relationships between psychiatric disorders and cardiovascular diseases.,Journal of psychosomatic research,1;2;4,,Journal Article
39751938,2025,Identification of biomarkers for chronic lymphocytic leukemia risk: a proteome-wide Mendelian randomization study.,Discover oncology,1;2;5;10,,Journal Article
39751714,2025,SNP rs6543176 is associated with extreme human longevity but increased risk for cancer.,GeroScience,1;2;5;11,,"Journal Article;Research Support, N.I.H., Extramural"
39749852,2025,Causal relationship between 14 micronutrients and chronic periodontitis: a Mendelian randomization study.,Australian dental journal,2;10,,Journal Article
39746811,2025,An integrative approach to identifying NPC1 as a susceptibility gene for gestational diabetes mellitus.,"The journal of maternal-fetal & neonatal medicine : the official journal of the European Association of Perinatal Medicine, the Federation of Asia and Oceania Perinatal Societies, the International Society of Perinatal Obstetricians",1;2;15,,Journal Article
39744497,2025,The Genetic Causal Effect of Autoimmune Diseases on pan-Cancers: Evidence from Mendelian Randomization.,Journal of Cancer,2;5;9;10;11;12;14,,Journal Article
39742733,2025,The genetic association between polycystic ovary syndrome and the risk of hypertensive disorders of pregnancy: A Mendelian randomization study.,"European journal of obstetrics, gynecology, and reproductive biology",1;2;10;15,,Journal Article
39742251,2024,A Two-Way Mendelian Randomization Analysis on the Link between Thyroid Activity Function and Coronary Atherosclerosis.,Reviews in cardiovascular medicine,1;2;10,,Journal Article
39741705,2024,Association between telomere length and idiopathic normal pressure hydrocephalus: a Mendelian randomization study.,Frontiers in neurology,1;2;10;11,,Journal Article
39734575,2024,Systemic inflammatory regulators and age-related macular degeneration: a bidirectional Mendelian randomization study.,Frontiers in genetics,2;5;10;18,,Journal Article
39734574,2024,A two-sample Mendelian randomization study reveals the causal effects of statin medication on gut microbiota abundance in the European population.,Frontiers in genetics,1;2;10,,Journal Article
39733319,2024,The Role of Sex Hormones and Sex Hormone-binding Globulin in Functional Gatrointestinal Disorders: A Bidirectional Two-sample Mendelian Randomization Study.,Journal of gastrointestinal and liver diseases : JGLD,2;10,,Journal Article
39732896,2024,The mediating role of primary sclerosing cholangitis in the association between ulcerative colitis and hepatobiliary cancer investigated through Mendelian randomization.,Scientific reports,2;5;9;10,,Journal Article
39732592,2025,"Associations between ABO, FUT2 and chronic pancreatitis: A comprehensive meta-analysis of multiple cohorts and public biobanks.",Pancreatology : official journal of the International Association of Pancreatology (IAP) ... [et al.],2,,Journal Article;Meta-Analysis
39732499,2025,Genome-wide association study of anterior uveitis.,The British journal of ophthalmology,2;9;18,,Journal Article;Meta-Analysis
39730323,2024,Phenome-wide investigation of bidirectional causal relationships between major depressive disorder and common human diseases.,Translational psychiatry,2;4,,"Journal Article;Research Support, Non-U.S. Gov't"
39726944,2024,The relationship between inflammatory factors and heart failure: evidence based on bidirectional Mendelian randomization analysis.,Frontiers in cardiovascular medicine,1;2;10,,Journal Article
39726856,2025,A multi-trait approach identified 7 novel genes for back pain.,Pain reports,2;4,,Journal Article
39725839,2024,The causal association between asthma and the risk of frailty: A two-sample Mendelian randomization study.,Aging clinical and experimental research,2;10;11;13,,Journal Article
39725442,2024,Night shift work and prostate cancer: a large cohort study from UK Biobank and Mendelian randomisation study.,BMJ open,2;5;10,,Journal Article
39723230,2024,No Association of Polycystic Ovary Syndrome with Pancreatic Cancer: A Mendelian Randomization Study.,"Phenomics (Cham, Switzerland)",2;5;10;15,,Journal Article
39723082,2024,Exploring the Impact of Dietary Factors on Intestinal Diverticular Disease: A Mendelian Randomization Approach.,Food science & nutrition,2;10,,Journal Article
39723060,2024,Elucidating the Causal Impact of Dietary Factors on Rheumatoid Arthritis: Insights From Multivariable Mendelian Randomization Analysis.,Food science & nutrition,2;9;10,,Journal Article
39720899,2024,Relation of 91 Circulating Inflammatory Proteins to Nonalcoholic Fatty Liver Disease: A Two-Sample Mendelian Randomisation Study.,Journal of cellular and molecular medicine,1;10,,Journal Article
39720342,2024,Exploring the Genetic Association Between Connective Tissue Diseases and the Risk of Pulmonary Arterial Hypertension: A Mendelian Randomization Analysis.,Pulmonary circulation,1;2;9;10;13,,Journal Article
39716115,2024,Systematic druggable genome-wide Mendelian randomization identifies therapeutic targets for hyperemesis gravidarum.,BMC pregnancy and childbirth,2;10;15,,Journal Article
39713086,2024,"Bone morphogenetic proteins, DNA methylation, and gut microbiota interaction in lumbar disc degeneration: A multi-omics Mendelian randomization study.",JOR spine,2;10,,Journal Article
39709285,2025,Chronobiological Patterns and Risk of Acute Aortic Dissection: A Clinical Retrospective and Two-Sample Mendelian Randomisation Study.,"Heart, lung & circulation",1;2;10,,Journal Article;Multicenter Study
39707330,2024,Identifying prioritization of therapeutic targets for ankylosing spondylitis: a multi-omics Mendelian randomization study.,Journal of translational medicine,2;9;10,,Journal Article
39707285,2024,Proteome-wide Mendelian randomization and therapeutic targets for bladder cancer.,BMC urology,2;5;10,,Journal Article
39706855,2024,Genetic correlation and mendelian randomization reveal the impact of sleep traits on urolithiasis risk.,Scientific reports,2;10;13,,Journal Article
39705472,2024,The adverse effect of mood swings on the risk of cardiovascular diseases: Evidence from Mendelian randomization analysis.,Medicine,1;2;4;10;14,,Journal Article;Observational Study
39704160,2025,Inflammatory proteins and hidradenitis suppurativa: Insights from genetic correlation and Mendelian randomization.,The Journal of dermatology,2;5;10;12,,Journal Article
39703337,2024,Association of different types of milk with depression and anxiety: a prospective cohort study and Mendelian randomization analysis.,Frontiers in nutrition,2;4;10,,Journal Article
39702585,2024,Systematic proteome-wide Mendelian randomization to prioritize causal plasma proteins for skin cancers.,Communications biology,2;5;10;12,,Journal Article
39702383,2024,Mood instability and risk of gastrointestinal diseases - a univariable and multivariable mendelian randomization study.,Annals of general psychiatry,2;4;10,,Journal Article
39701539,2025,Exploring the effects of cheese intake on cholelithiasis through biomarkers: A Mendelian randomization study.,Journal of dairy science,2;10,,Journal Article
39698580,2024,Using a two sample Mendelian randomization approach to explore the causal relationship between erectile dysfunction and lung function.,Translational andrology and urology,2;10,,Journal Article
39698568,2024,Unraveling the hidden link: neuroticism as a risk factor for upper urinary tract calculi-insights from Mendelian randomization analysis.,Translational andrology and urology,2;4;10,,Journal Article
39696529,2024,Investigating the causal relationship between immune factors and ankylosing spondylitis: insights from a Mendelian Randomization study.,"Advances in rheumatology (London, England)",2;9;10,,"Journal Article;Research Support, Non-U.S. Gov't"
39696372,2024,Association between thyroid dysfunction and diabetic retinopathy: a two-sample bidirectional Mendelian randomization study.,Diabetology & metabolic syndrome,1;2;10;18,,Journal Article
39696061,2024,Evaluating causal associations of chronotype with pregnancy and perinatal outcomes and its interactions with insomnia and sleep duration: a mendelian randomization study.,BMC pregnancy and childbirth,1;2;4;7;10;13;15,,Journal Article
39692780,2024,Mendelian randomization analyses support causal relationships between HPV infection and colorectal cancer.,Discover oncology,2;5;8;10,,Journal Article
39689867,2025,Comprehensive Mendelian Randomization Analysis of Smoking and Its Effects on Venous Thromboembolism.,Seminars in thrombosis and hemostasis,1;2;4;10,,Journal Article
39686495,2024,Unveiling the mystery: Investigating the debate surrounding mitochondrial DNA copy number and Sjögren syndrome using Mendelian randomization analysis.,Medicine,2;9;10,,Journal Article
39686445,2024,"The causal association of smoking, alcohol intake, and coffee intake with the risk of bacterial pneumonia: A Mendelian randomization study.",Medicine,2;4;10,,Journal Article
39686424,2024,Causal effects of the RANK-RANKL-OPG system and scoliosis: A bidirectional 2-sample Mendelian randomization study.,Medicine,2;10,,Journal Article;Meta-Analysis
39683449,2024,"Exploring the Causal Effects of Physical Activity, Sedentary Behaviour, and Diet on Atrial Fibrillation and Heart Failure: A Multivariable Mendelian Randomisation Analysis.",Nutrients,1;2;7;10,,Journal Article
39678547,2024,Cholecystectomy and blood lipid/glucose traits: insights from a population-based cross-sectional and Mendelian randomization study.,American journal of translational research,1;2;10,,Journal Article
39678507,2024,Revealing the causal role of immune cells in malignant neoplasms of the head and neck: insights from Mendelian randomization.,Frontiers in oncology,2;5;10,,Journal Article
39678421,2024,Causal relationship between cathepsins and major salivary gland neoplasms: a bidirectional Mendelian randomization study.,Gland surgery,2;3;10,,Journal Article
39676580,2024,Late Age at First Birth is a Protective Factor for Preterm Labor and Delivery: The Evidence From the Genetic Study.,Twin research and human genetics : the official journal of the International Society for Twin Studies,2,,Journal Article
39673021,2024,Causal relationships between Alzheimer's disease and metabolic dysfunction associated with fatty liver disease: insights from bidirectional network Mendelian Randomization analysis.,Metabolomics : Official journal of the Metabolomic Society,1;2;10;11,,Journal Article
39671847,2025,Hypertension and 28-day mortality in sepsis patients: An observational and mendelian randomization study.,Heart & lung : the journal of critical care,1;2;8;10,,Journal Article;Observational Study
39671389,2025,Exploration oxidative stress underlying gastroesophageal reflux disease and therapeutic targets identification: a multi-omics Mendelian randomization study.,Postgraduate medical journal,2;4;10,,Journal Article
39670376,2025,Constructing a multi-ancestry polygenic risk score for uterine fibroids using publicly available data highlights need for inclusive genetic research.,Pacific Symposium on Biocomputing. Pacific Symposium on Biocomputing,2;15,,Journal Article
39669498,2024,Elucidating the causal links between plasma and cerebrospinal fluid metabolites and pituitary tumors: a Mendelian randomization analysis.,Frontiers in endocrinology,2;10,,Journal Article
39669193,2024,"Exploring the handedness-breast cancer nexus: a comprehensive analysis via systematic review, meta-analysis, and Mendelian randomization.",Therapeutic advances in medical oncology,2;5;10,,Journal Article
39666174,2025,The association between the presence of kidney stones and the risk of developing osteoporosis: a NHANES-based cross-sectional study and Mendelian randomization analysis.,International urology and nephrology,2;10,,Journal Article;Observational Study
39665953,2025,Testing the Causal Association Between Metabolic Syndrome and Periodontitis: A Two-sample Mendelian Randomisation Study.,International dental journal,1;2;10,,Journal Article
39662749,2025,Genetic association between inflammatory factors and abdominal aortic aneurysm: Insights from a genome-wide association study.,International journal of cardiology,1;2,,Journal Article
39662686,2025,Omega-3 Fatty Acids as Protective Factors for Age-Related Macular Degeneration: Prospective Cohort and Mendelian Randomization Analyses.,Ophthalmology,2;10;18,,Journal Article
39660282,2024,The causal relationship between the human gut microbiota and pyogenic arthritis: a Mendelian randomization study.,Frontiers in cellular and infection microbiology,2;10,,Journal Article
39660030,2024,The Causal Effect Between Human Microbiota and Scabies: A Study from the Genetic Perspective.,"Clinical, cosmetic and investigational dermatology",2;12,,Journal Article
39657297,2025,Genetic evidence strengthens the connection between emotional disorders and TMD-related pain: A two-sample Mendelian randomization study.,Archives of oral biology,2;4;10,,Journal Article
39656309,2024,Roles of BMI in mediating the causal effect of obstructive sleep apnea on psoriasis: a two-step mendelian randomization study.,Archives of dermatological research,1;2;9;10;12;13,,Journal Article
39654951,2024,Bidirectional two-sample Mendelian randomization study of atrial fibrillation and breast cancer.,Frontiers in cardiovascular medicine,1;2;5;10,,Journal Article
39654255,2024,Development and application of a predictive model for survival and drug therapy based on COVID-19-related lncRNAs in non-small cell lung cancer.,Medicine,3;5;8,,Journal Article
39654251,2024,"Education, intelligence, and 20 gastrointestinal disorders: A Mendelian randomization study.",Medicine,2;10,,Journal Article
39654229,2024,Causal association between depression and constipation: A bidirectional two-sample Mendelian randomization study.,Medicine,2;4;10,,Journal Article
39654221,2024,No causal association between serum vitamin D levels and bronchiectasis: A Mendelian randomization analysis.,Medicine,2;10,,Journal Article
39654194,2024,Genetic association between autoimmune thyroiditis and microscopic polyangiitis: A two-sample Mendelian randomization study.,Medicine,2;9;10,,Journal Article
39649224,2024,The harmful effect of ankylosing spondylitis on diabetes mellitus: new evidence from the Mendelian randomization analysis.,Frontiers in endocrinology,1;2;9;10,,Journal Article;Meta-Analysis
39644568,2025,"Analysis of the relationship between environmental particulate matter exposure and congenital diseases, as well as the epidemiological trends and burden of impact on newborns.",Ecotoxicology and environmental safety,2;19,,Journal Article
39641795,2025,Multiple thyroid disorders and risk of osteoporosis: a two-sample Mendelian randomization study.,Journal of bone and mineral metabolism,2;5;10,,Journal Article;Meta-Analysis
39640975,2024,Genetic association of type 2 diabetes and antidiabetic drug target with skin cancer.,Frontiers in medicine,1;2;5;12,,Journal Article
39640897,2024,Dissecting the pathogenic effects of smoking in blood DNA methylation on allergic diseases.,The World Allergy Organization journal,2;4;12;13;18,,Journal Article
39639919,2024,"Exploring causal associations between interleukins, their receptors, and acute respiratory distress syndrome: a bidirectional-Mendelian Randomization study.",Frontiers in genetics,2;10,,Journal Article
39639918,2024,Mendelian randomization and bioinformatics unveil potential links between gut microbial genera and colorectal cancer.,Frontiers in genetics,2;5;10,,Journal Article
39639036,2024,Critical genes in genitourinary embryogenesis are related to the development of adult hydrocele.,Scientific reports,2,,Journal Article;Meta-Analysis
39638962,2025,Identifying the genetic association between rheumatoid arthritis and the risk of pulmonary arterial hypertension.,Clinical rheumatology,1;2;9;13,,Journal Article
39638265,2025,Effect of life course body composition on lipids and coronary atherosclerosis mediated by inflammatory biomarkers.,Free radical biology & medicine,1;2,,Journal Article;Observational Study
39633572,2025,Human Genetic Evidence to Inform Clinical Development of IL-6 Signaling Inhibition for Abdominal Aortic Aneurysm.,"Arteriosclerosis, thrombosis, and vascular biology",1;8;9,,Journal Article
39631262,2025,Unraveling the causal associations between systemic cytokines and six inflammatory skin diseases.,Cytokine,2;12,,Journal Article
39628070,2024,Investigating the Mediating Role of Mental Disorders in the Relationship Between Early Sexual Intercourse and Intentional Self-Harm: A Two-Step and Multivariable Mendelian Randomization Study.,Brain and behavior,2;4;10,,Journal Article
39624104,2024,Causal relationship between the composition of the Gut Microbiota and central precocious puberty: a two-sample Mendelian randomization study.,Frontiers in pediatrics,2;10,,Journal Article
39620646,2025,Neuroticism and asthma: Mendelian randomization analysis reveals causal link with mood swings and BMI mediation.,The Journal of asthma : official journal of the Association for the Care of Asthma,1;2;4;10;13,,Journal Article
39619672,2024,Gut Microbiota's role in lipoma development: evidence from mendelian randomization.,Frontiers in genetics,2;4;10,,Journal Article
39618883,2024,Associations of Schizophrenia and Major Depressive Disorder with Constipation: A Mendelian Randomization Study.,Clinical and experimental gastroenterology,2;4;10,,Journal Article
39617479,2025,Genetic Evidence of Causal Effect between C1q/TNF-Related Protein-1 and Atherosclerosis: a Bidirectional and Multivariate Mendelian Randomization Study.,Journal of atherosclerosis and thrombosis,1;2;10;14,,Journal Article
39615299,2024,Potential causal associations between perfluoroalkyl substances exposure and adverse pregnancy outcomes: A bidirectional two-sample mendelian randomization study.,Ecotoxicology and environmental safety,1;2;10;15,,Journal Article
39614876,2024,Causal association of serum vitamin D levels with urolithiasis: a bidirectional two-sample Mendelian randomization study.,European journal of nutrition,2;10,,Journal Article
39614691,2025,The mitochondrial DNA copy number and ovary-related reproductive disorders: A bidirectional two-sample Mendelian randomization study.,International journal of gynaecology and obstetrics: the official organ of the International Federation of Gynaecology and Obstetrics,2;10;15,,Journal Article
39614281,2024,"Examining the potential causal relationships among smoking behaviors, blood DNA methylation profiles, and the development of coronary heart disease and myocardial infarction.",Clinical epigenetics,1;2;4,,Journal Article;Meta-Analysis
39614164,2024,Assessment of bidirectional relationships between frailty and acute respiratory distress syndrome: a bidirectional Mendelian Randomization study.,BMC geriatrics,2;10;11,,Journal Article
39612432,2024,The role of 1400 plasma metabolites in gastric cancer: A bidirectional Mendelian randomization study and metabolic pathway analysis.,Medicine,2;5;10,,Journal Article
39611306,2025,Lipid-lowering therapies for aortic stenosis: a drug-target Mendelian randomization study.,European heart journal. Cardiovascular pharmacotherapy,1;2;10,,Journal Article
39606572,2024,Association between copper and Achilles tendon disease: a two-sample Mendelian randomization study.,Frontiers in nutrition,2;10,,Journal Article
39606340,2024,Loss of CFHR5 function reduces the risk for age-related macular degeneration.,medRxiv : the preprint server for health sciences,18,,Journal Article;Preprint
39604873,2024,Unraveling the link between sterol ester and colorectal cancer: a two-sample mendelian randomization study.,BMC cancer,2;5;10,,Journal Article
39604029,2024,Identification of Novel Proteins Mediating Causal Association Between Smoking and Essential Hypertension: A Mendelian Randomization Study.,Journal of the American Heart Association,1;2;4;10,,Journal Article
39600790,2024,Depression and the risk of fibromyalgia syndrome: a two-sample Mendelian randomization study.,Frontiers in psychiatry,2;4;10,,Journal Article
39596826,2024,Cross-Tissue Regulatory Network Analyses Reveal Novel Susceptibility Genes and Potential Mechanisms for Endometriosis.,Biology,2;15,,Journal Article
39592890,2025,Network Mendelian randomisation analysis deciphers protein pathways linking type 2 diabetes and gastrointestinal disease.,"Diabetes, obesity & metabolism",1;2;10,,Journal Article
39585470,2024,Identifying therapeutic targets for kidney stone disease through proteome-wide Mendelian randomization and colocalization analysis.,Urolithiasis,1;2;10,,Journal Article
39584007,2024,A Mendelian randomisation approach to explore genetic factors associated with erectile dysfunction based on pooled genomic data.,American journal of clinical and experimental urology,2;10,,Journal Article
39583190,2024,Assessing the Genetic Causal Effects Between Blood Metabolites and Spinal Pain: A Bidirectional Two-Sample Mendelian Randomization Study.,Journal of pain research,2;4;10,,Journal Article
39582071,2024,Unveiling therapeutic targets for spinal stenosis from genetic insights: a Mendelian randomization analysis.,Scientific reports,2;10,,Journal Article
39580426,2024,HIV and risk of hypertension: a two-sample Mendelian randomization study.,BMC infectious diseases,1;2;8;10;14,,Journal Article
39578790,2024,Prospective study on the association between 36 human blood cell traits and pan-cancer outcomes: a mendelian randomization analysis.,BMC cancer,2;5;10,,Journal Article
39578729,2024,Plasma pQTL and brain eQTL integration identifies PNKP as a therapeutic target and reveals mechanistic insights into migraine pathophysiology.,The journal of headache and pain,2;14,,Journal Article
39578329,2025,Causal association between serum 25-hydroxyvitamin D levels and gestational diabetes mellitus: a bidirectional two-sample Mendelian randomization study.,Endocrine,1;2;10;15,,Journal Article
39574830,2024,Assessing the Causal Relationship Between Immune Cells and Temporomandibular Related Pain by Bi‑Directional Mendelian Randomization Analysis.,Journal of pain research,2;4;10,,Journal Article
39570117,2025,Causal association of physical activity with lymphoma risk: a Mendelian randomization analysis.,European journal of public health,2;5;7;10,,Journal Article
39568814,2024,Cancers and erectile dysfunction: a Mendelian randomization study.,Frontiers in endocrinology,2;5;10,,Journal Article
39568808,2024,Evaluating the causal effects between Grave's disease and diabetes mellitus: a bidirectional Mendelian randomization study.,Frontiers in endocrinology,1;2;9;10,,Journal Article
39568230,2025,Genetic Evidence of Obesity-Induced Chronic Wounds Mediated by Inflammatory Biomarkers.,Biological research for nursing,1;2,,Journal Article
39567890,2024,Sex hormones and reproductive factors with cardiac arrhythmia and ECG indices: a mendelian randomization study.,BMC cardiovascular disorders,1;2;10,,Journal Article;Meta-Analysis
39566493,2024,Inherited infertility: Mapping loci associated with impaired female reproduction.,American journal of human genetics,2;10;15,,"Journal Article;Research Support, Non-U.S. Gov't"
39566130,2025,Causal role of genetically predicted 731 immune cell phenotypes in chronic lymphatic leukemia: A bidirectional Mendelian randomization study.,Leukemia research,2;5;10,,Journal Article
39565405,2024,"Relationship between immune cell traits, circulating inflammatory cytokines, and the risk of incisional hernia after gastric surgery.",Hernia : the journal of hernias and abdominal wall surgery,2,,Journal Article
39563277,2024,Leveraging large-scale multi-omics evidences to identify therapeutic targets from genome-wide association studies.,BMC genomics,2,,Journal Article
39560825,2024,Causal relationship between immune cells and acute myeloid leukemia: a two-sample Mendelian randomization study.,Discover oncology,2;5;10,,Journal Article
39560595,2024,Gene prediction of the causal relationship between immune cells and IgA nephropathy: A bidirectional Mendelian randomization study.,Medicine,1;2;10,,Journal Article
39560526,2024,A bidirectional Mendelian randomization study of spleen volume and Crohn disease.,Medicine,2;9;10,,Journal Article
39560352,2024,Neutrophil count and reduced risk of venous thromboembolism: a Mendelian randomization study.,"Hematology (Amsterdam, Netherlands)",1;2;10,,Journal Article
39559299,2024,Inflammatory bowel disease and risk of ophthalmic inflammation-related diseases: a two-sample Mendelian randomization study.,International journal of ophthalmology,2;9;10,,Journal Article
39558015,2024,A cross-tissue transcriptome-wide association study reveals GRK4 as a novel susceptibility gene for COPD.,Scientific reports,2;13,,Journal Article
39558002,2025,Integrating genome-wide information and wearable device data to explore the link of anxiety and antidepressants with pulse rate variability.,Molecular psychiatry,2;3;4;7,,Journal Article
39555188,2024,Dietary patterns and diabetic microvascular complications risk: a Mendelian randomization study of European ancestry.,Frontiers in nutrition,1;2;10;14;18,,Journal Article
39554979,2024,Causal associations of Sjögren's syndrome with cardiovascular disease: A two-sample Mendelian randomization study.,American heart journal plus : cardiology research and practice,1;2;9;10;14,,Journal Article
39551000,2024,A mendelian randomization study investigating the association between sleep apnea risk and cheese consumption through biomarker analysis.,Sleep medicine,2;10;13,,Journal Article
39550220,2025,Multidimensional Plasma Lipids Affect Preeclampsia/Eclampsia: A Mendelian Randomization Study.,"Journal of clinical hypertension (Greenwich, Conn.)",1;2;10;15,,"Journal Article;Research Support, Non-U.S. Gov't"
39548401,2024,Exploring genetic associations between immune cells and hypertensive disorder of pregnancy using Mendelian randomization.,BMC pregnancy and childbirth,1;2;10;15,,Journal Article
39546901,2024,"Disease associations of natural killer (NK) cell KIR gene content variation in 352,783 Finns.",Human immunology,2;5,,Journal Article
39541979,2024,Proteome-wide Mendelian randomization and functional studies uncover therapeutic targets for polycystic ovarian syndrome.,American journal of human genetics,2;10;15,,"Journal Article;Research Support, Non-U.S. Gov't"
39541335,2025,Allergic diseases and T2DM: a bidirectional multivariable Mendelian randomization study and mediation analysis.,The Journal of asthma : official journal of the Association for the Care of Asthma,1;2;10;12;13;18,,Journal Article
39539656,2024,The role of digital device use on the risk of migraine: a univariable and multivariable Mendelian randomization study.,Frontiers in neurology,2;10;14,,Journal Article
39539642,2024,Causal Pathways Between Breast Cancer and Cardiovascular Disease Through Mediator Factors: A Two-Step Mendelian Randomization Analysis.,International journal of women's health,1;2;5;10,,Journal Article
39533573,2024,Exploring causal associations between dietary intake and liver diseases: A bidirectional Mendelian randomization study.,Medicine,1;2;5;10,,Journal Article
39526130,2024,Causality Between 91 Circulating Inflammatory Proteins and Various Asthma Phenotypes: A Mendelian Randomization Study.,ImmunoTargets and therapy,2;10;13,,Journal Article
39524914,2024,New insights into the increased risk of migraines from COVID-19 infection and vaccination: a Mendelian randomization study.,Frontiers in neurology,2;8;10;14,,Journal Article
39533856,2025,Genetic analysis implicates ERAP1 and HLA as risk factors for severe Puumala virus infection.,Human molecular genetics,2;8,,Journal Article
39533633,2024,CCN3/NOV as a potential therapeutic target for diverticular disease: A proteome-wide Mendelian randomization study.,Medicine,2;10,,Journal Article
39533579,2024,Genetic determinants of cerebrospinal fluid metabolites and risk of Guillain-Barré syndrome: A bidirectional two-sample Mendelian randomization study.,Medicine,2;10,,Journal Article
39533575,2024,"Association between gut microbiota, plasma metabolites, and ovarian cancer: A Mendelian randomization study.",Medicine,2;5;10,,Journal Article
39533571,2024,Causal relationship between leukocyte telomere length and two cardiomyopathies based on a bidirectional Mendelian randomization approach.,Medicine,2;10,,Journal Article
39528917,2024,Immune cells mediate the effects of gut microbiota on neuropathic pain: a Mendelian randomization study.,The journal of headache and pain,2;4;10,,Journal Article
39526404,2025,A Comprehensive Mendelian Randomization Study Investigating Multiple Exposures and Outcomes: Focusing on Nontoxic Goitre and Type 2 Diabetes Mellitus.,Clinical endocrinology,1;2;10,,Journal Article
39524990,2024,"Causal Links Between Renal Function and Cardiac Structure, Function, and Disease Risk.",Global heart,1;2;14,,Journal Article
39522012,2024,Recurrent aphthous stomatitis and neoplasms of the mouth and pharynx: a two-sample Mendelian randomization study.,BMC cancer,2;5;10,,Journal Article
39519513,2024,Circulating Phylloquinone and the Risk of Four Female-Specific Cancers: A Mendelian Randomization Study.,Nutrients,2;5;10,,Journal Article
39512756,2024,Unequal causality between autoimmune thyroiditis and inflammatory bowel disease: a Mendelian randomization study.,Frontiers in endocrinology,2;9;10,,Journal Article
39511824,2025,Genetically proxied liability to migraine and risk of intracranial aneurysm and subarachnoid hemorrhage.,Headache,1;2;14,,"Journal Article;Meta-Analysis;Research Support, N.I.H., Extramural"
39511132,2024,Genome-wide meta-analysis conducted in three large biobanks expands the genetic landscape of lumbar disc herniations.,Nature communications,2,,"Journal Article;Meta-Analysis;Research Support, Non-U.S. Gov't"
39507900,2024,The association between dietary consumption habits and psoriasis: a two-sample Mendelian randomization study.,Frontiers in nutrition,2;9;10;12,,Journal Article
39506811,2024,"A comprehensive evaluation on the associations between hearing and vision impairments and risk of all-cause and cause-specific dementia: results from cohort study, meta-analysis and Mendelian randomization study.",BMC medicine,2;10;11;18,,"Journal Article;Meta-Analysis;Research Support, Non-U.S. Gov't"
39506244,2024,Autoimmune Diseases and Risk of Non-Hodgkin Lymphoma: A Mendelian Randomisation Study.,Cancer medicine,1;5;9;10;12,,Journal Article
39505739,2025,Exploring the mediating role of immune cells in the pathogenesis of IgA nephropathy through the inflammatory axis of gut microbiota from a genomic perspective.,Mammalian genome : official journal of the International Mammalian Genome Society,1;2,,"Journal Article;Research Support, Non-U.S. Gov't"
39504041,2025,Distinct Genetic Risk Profile in Aortic Stenosis Compared With Coronary Artery Disease.,JAMA cardiology,1;2,,Journal Article
39503246,2024,Causal relationship between cortical structural changes and onset of anxiety disorder: evidence from Mendelian randomization.,"Cerebral cortex (New York, N.Y. : 1991)",2;4;10,,"Journal Article;Research Support, Non-U.S. Gov't"
39503011,2024,The Effect of Circulating Inflammatory Proteins on Endometriosis: A Mendelian Randomization Study.,ImmunoTargets and therapy,2;10;15,,Journal Article
39502567,2024,Causal relationships of familial hypercholesterolemia with the risk of multiple vitamin deficiencies: a Mendelian randomization study.,Frontiers in endocrinology,1;2;10;11,,Journal Article
39501838,2025,Causal correlations between inflammatory proteins and heart failure: A two-sample Mendelian randomization analysis.,ESC heart failure,1;2;10,,Journal Article
39500755,2025,Causal effects of plasma proteome on intervertebral disc degeneration: a comprehensive mendelian randomization study.,"European spine journal : official publication of the European Spine Society, the European Spinal Deformity Society, and the European Section of the Cervical Spine Research Society",2;10,,Journal Article;Observational Study
39499159,2025,Genetic Estimates of Correlation and Causality Between Keratoconus and Osteoarthritis.,Cornea,2,,Journal Article;Meta-Analysis
39498131,2024,Helicobacter pylori infection and inflammatory bowel disease: a 2-sample Mendelian randomization study.,Frontiers in microbiology,2;8;9;10,,Journal Article
39497808,2024,Hypertensive disorders of pregnancy and stroke: a univariate and multivariate Mendelian randomization study.,Frontiers in endocrinology,1;2;10;14;15,14.2-stroke-cerebro,Journal Article
39497807,2024,Genetically mimicked effects of thyroid dysfunction on diabetic retinopathy risk: a 2-sample univariable and multivariable Mendelian randomization study.,Frontiers in endocrinology,1;2;9;10;18,,Journal Article;Meta-Analysis
39497194,2024,Associations of human blood metabolome with optic neurodegenerative diseases: a bi-directionally systematic mendelian randomization study.,Lipids in health and disease,1;2;10;18,,Journal Article
39495546,2025,Genetic Association Between Blood Metabolites and Craniosynostosis: A Mendelian Randomization Study.,The Journal of craniofacial surgery,2;10,,Journal Article
39492919,2024,"Novel targets for the treatment and prevention of Alzheimer's disease in the European population, inspiration from amyloid beta and tau protein.",Heliyon,2;11,,Journal Article
39490725,2024,Integrative multiomic analysis unveils the molecular nexus of mitochondrial dysfunction in the pathogenesis of age-related macular degeneration.,Experimental eye research,2;18,,Journal Article
39489852,2024,Association between human blood metabolome and risk of myocarditis: a mendelian randomization study.,Scientific reports,2;10,,Journal Article
39484277,2024,GLP-1 Receptor Agonists and Risk of Paralytic Ileus: A drug-target Mendelian Randomization Study.,medRxiv : the preprint server for health sciences,1;2;10,,Journal Article;Preprint
39484123,2024,Causal Association of Chronic Venous Insufficiency and Cardiovascular Diseases: A Univariable and Multivariable Mendelian Randomization Study.,Reviews in cardiovascular medicine,1;2;10;14,,Journal Article
39488238,2025,Association of walking pace and risk of stroke: A two- sample mendelian randomization study in a European ancestry cohort.,Journal of stroke and cerebrovascular diseases : the official journal of National Stroke Association,1;2;10;14,14.2-stroke-cerebro,Journal Article
39488097,2024,Bidirectional association between abnormal cardiac conditions and epilepsy: A two-sample Mendelian randomization study.,Epilepsy & behavior : E&B,1;2;10;14,,Journal Article
39484261,2024,Appraisal of the causal effect of Chlamydia trachomatis infection on epithelial ovarian cancer risk: a two-sample Mendelian randomisation study.,medRxiv : the preprint server for health sciences,2;5;8;10,,Journal Article;Preprint
39487740,2025,Association of depression with longitudinal changes in brain structure across the lifespan: A Mendelian randomization study.,"Clinical anatomy (New York, N.Y.)",2;4;10,,Journal Article
39479764,2025,Causal association between insulin sensitivity index and Alzheimer's disease.,Journal of neurochemistry,1;2;11,,Journal Article
39479260,2024,"Appraising the Role of Circulating Concentrations of Micronutrients in Hypertension: A Two-sample, Multivariable Mendelian Randomization Study.",Global heart,1;2;10,,"Journal Article;Multicenter Study;Research Support, Non-U.S. Gov't"
39478690,2024,Vitamin D Levels and Temporomandibular Disorders: A Bidirectional Two-Sample Mendelian Randomization Analysis.,Journal of pain research,2;3;10,,Journal Article
39478651,2025,Mitochondrial FIS1 As a Novel Drug Target for the Treatment of Erectile Dysfunction: A Multi-Omic and Epigenomic Association Study.,The world journal of men's health,2,,Journal Article
39478357,2025,Adiponectin and Risk of Psoriasis: Observational and Mendelian Randomization Studies in up to 900 000 Individuals.,Clinical chemistry,2;9;10;12,,Journal Article;Observational Study
39477889,2025,Therapeutic targets for hepatocellular carcinoma identified using proteomics and Mendelian randomization.,Journal of gastroenterology and hepatology,1;2;5;10,,Journal Article
39477058,2025,"Exploring the influence of cheese consumption on blood metabolites: Implications for disease pathogenesis, with a focus on essential hypertension.",Journal of dairy science,1;2,,Journal Article
39475784,2024,Nonalcoholic fatty liver disease and colorectal cancer: a two-sample bidirectional Mendelian randomization analysis.,European journal of gastroenterology & hepatology,1;2;5;10,,Journal Article
39474612,2024,"Naringenin modulates oxidative stress and lipid metabolism: Insights from network pharmacology, mendelian randomization, and molecular docking.",Frontiers in pharmacology,1;2;4;10,,Journal Article
39473508,2024,Causal association between gastrointestinal diseases and coronary artery disease: a bidirectional Mendelian randomization study.,Frontiers in endocrinology,1;2;10,,Journal Article
39472987,2024,Exploring potential therapeutic targets for asthma: a proteome-wide Mendelian randomization analysis.,Journal of translational medicine,2;10;13,,Journal Article
39472885,2024,Association between venous thromboembolism and atrial fibrillation: a Mendelian randomization study.,BMC medical genomics,1;2;10,,Journal Article
39472519,2024,No genetic causality between appendectomy and gastrointestinal cancers: a Mendelian randomization study and meta-analysis in European population.,Scientific reports,2;10,,Journal Article;Meta-Analysis
39472117,2024,[Systematic evaluation of the correlation between serum metabolites and tinnitus].,Zhonghua er bi yan hou tou jing wai ke za zhi = Chinese journal of otorhinolaryngology head and neck surgery,2;18,,English Abstract;Journal Article
39471697,2024,Systemic inflammatory regulators are associated with two common types of neuropathic pain: A bidirectional Mendelian randomization study.,International immunopharmacology,2;4;10,,Journal Article
39470544,2024,Esophageal cancer risk is influenced by genetically determined blood metabolites.,Medicine,2;5,,Journal Article
39470534,2024,Serum iron status and the risk of female infertility in European populations: A two-sample Mendelian randomization study.,Medicine,2;10;15,,Journal Article
39470531,2024,Causal relationship between amino acids and ovarian cancer in the European population: A bidirectional Mendelian randomization study and meta-analysis.,Medicine,2;5;10,,Journal Article;Meta-Analysis
39469634,2024,Breast cancer and neoplasms of the thyroid gland: a bidirectional two-sample Mendelian randomization study.,Frontiers in oncology,2;5;10,,Journal Article
39469328,2024,A Mendelian randomization analysis of inflammatory skin disease risk due to mineral deficiencies.,Frontiers in nutrition,2;10;12,,Journal Article
39465791,2024,Mendelian randomization study reveals a causal relationship between body mass index in children and risk of autoimmune diseases.,Medicine,2;9;10,,Journal Article
39464879,2024,The role of mitochondrial DNA copy number in autoimmune disease: a bidirectional two sample mendelian randomization study.,Frontiers in immunology,1;2;9;10;12,,Journal Article
39464681,2024,Association between vitamin B6 levels and rheumatoid arthritis: a two-sample Mendelian randomization study.,Frontiers in nutrition,2;9;10,,Journal Article
39464515,2024,Causal Associations Between Sleep Traits and Low Grip Strength: A Bidirectional Mendelian Randomization Study.,Nature and science of sleep,2;10;11;13,,Journal Article
39464184,2024,A Mendelian randomization study of the association between serum uric acid and osteoporosis risk.,Frontiers in endocrinology,2;10,,Journal Article
39463412,2024,"Causal relationships between three plasma proteins and non-alcoholic fatty liver disease, mediated by Epstein-Barr virus EA-D antibody levels: a mendelian randomization study.",Scientific reports,1;2;8;10,,Journal Article
39462363,2024,Causality of immune cells and endometriosis: a bidirectional mendelian randomization study.,BMC women's health,2;10;15,,Journal Article
39462039,2024,Genetic evidence of bidirectional mendelian randomization study on the causality between gut microbiome and respiratory diseases contributes to gut-lung axis.,Scientific reports,2;10;13,,Journal Article
39459525,2024,Exploring the Causal Association between Morning Diurnal Preference and Psychiatric Disorders: A Bidirectional Two-Sample Mendelian Randomization Analysis.,"Life (Basel, Switzerland)",2;4;10,,Journal Article
39457690,2024,Causal Relationship Between Sjögren's Syndrome and Gut Microbiota: A Two-Sample Mendelian Randomization Study.,Biomedicines,2;9;10,,Journal Article
39455528,2024,"Identification of JAZF1, KNOP1, and PLEKHA1 as causally associated genes and drug targets for Alzheimer's disease: a summary data-based Mendelian randomization study.",Inflammopharmacology,2;10;11,,Journal Article
39453753,2024,Gestational diabetes and future cardiovascular diseases: associations by sex-specific genetic data.,European heart journal,1;2;15,,Journal Article
39452042,2024,Association Between Glaucoma and Brain Structural Connectivity Based on Diffusion Tensor Tractography: A Bidirectional Mendelian Randomization Study.,Brain sciences,2;10;18,,Journal Article
39449751,2024,Genetically Proxied Antidiabetic Drug Target and Primary Open-Angle Glaucoma: A Mendelian Randomization Study.,Health science reports,2;10;18,,Journal Article
39449364,2024,A Bidirectional two-Sample Mendelian Randomization Study of the Association Between Venous Thromboembolism and Ischaemic Stroke.,Clinical and applied thrombosis/hemostasis : official journal of the International Academy of Clinical and Applied Thrombosis/Hemostasis,1;2;10;14,14.2-stroke-cerebro,Journal Article
39445015,2024,Role of interleukin-18 in mediating the impacts of celiac disease on osteoporosis: a Mendelian randomization study.,Frontiers in immunology,2;9;10,,Journal Article
39444820,2024,Vitamin D levels and risk of ocular disorders: insights from bidirectional and multivariable Mendelian randomization analysis.,Frontiers in medicine,2;10;18,,Journal Article
39444457,2024,Potential genetic association between coffee/caffeine consumption and erectile dysfunction: a Mendelian randomization study and meta-analysis.,Frontiers in endocrinology,1;2;10,,Meta-Analysis;Journal Article
39443521,2024,Causal relationship between hyperthyroidism and cataracts: a two-sample bi-directional mendelian randomization study.,Scientific reports,2;10;18,,Journal Article
39440431,2024,Causal associations between kidney function and aortic valve stenosis: a bidirectional Mendelian randomization analysis.,Renal failure,1;2;10,,Journal Article
39439804,2024,"Microbe-immune interactions: new perspectives on coagulation deficiencies, purpura, and other hemorrhagic conditions under the regulation of the gut microbiota.",Frontiers in immunology,2,,Journal Article
39436105,2024,Genetic insight into the relationship between inflammatory bowel disease and Clostridioides difficile infection.,mSphere,2;8;9,,Journal Article;Meta-Analysis
39434879,2024,Causal relationship between beta-2 microglobulin and B-cell malignancies: genome-wide meta-analysis and a bidirectional two-sample Mendelian randomization study.,Frontiers in immunology,2;5;10,,Journal Article;Meta-Analysis
39434801,2024,Mitochondrial DNA copy number and the risk of autoimmune diseases: A Mendelian randomization study with meta-analysis.,Journal of translational autoimmunity,2;9;10;12;14,,Journal Article
39432624,2024,Causal association between hypothyroidism and obstructive sleep apnea: A bidirectional 2-sample Mendelian Randomization study.,Medicine,2;10;13,,Journal Article
39432592,2024,"Relationships between heart failure, depression, and anxiety: A Mendelian randomization study.",Medicine,1;2;4;10,,Journal Article
39430856,2024,Causal relationship between circulating immune cells and gastric cancer: a bidirectional Mendelian randomization analysis using UK Biobank and FinnGen datasets.,Translational cancer research,2;3;5;10,,Journal Article
39429737,2024,Causal association between thyroid function and the risk of infertility: a Mendelian randomization study.,Frontiers in endocrinology,2;10;15,,Journal Article
39428439,2024,The mendelian randomized study revealed the association of prostatitis with prostate cancer risk.,Scientific reports,2;5;10,,Journal Article
39421746,2024,The causality between rheumatoid arthritis and postural deformities: bidirectional Mendelian randomization study and mediation analysis.,Frontiers in immunology,2;9;10,,Journal Article
39421691,2024,Causal relationship between plasma metabolites and carpal tunnel syndrome risk: evidence from a mendelian randomization study.,Frontiers in molecular biosciences,2;10;14,,Journal Article
39419750,2024,A causal relationship between distinct immune features and acute or chronic pancreatitis: results from a mendelian randomization analysis.,Pancreatology : official journal of the International Association of Pancreatology (IAP) ... [et al.],2;10,,Journal Article;Meta-Analysis
39416647,2024,"Causal associations between type 2 diabetes mellitus, glycemic traits, dietary habits and the risk of pressure ulcers: univariable, bidirectional and multivariable Mendelian randomization.",Frontiers in nutrition,1;2;10,,Journal Article
39415792,2024,Genetic predisposition to thyrotoxicosis and onset of knee osteoarthritis.,Frontiers in endocrinology,2,,Journal Article
39412044,2024,Renal function and risk of dementia: a Mendelian randomization study.,Renal failure,1;2;10;11,,Journal Article
39411195,2024,Bidirectional Two-Sample Mendelian Randomization Analysis Reveals Causal Associations Between Modifiable Risk Factors and Fibromyalgia.,Journal of pain research,1;2;4;6;9;10,,Journal Article
39408279,2024,Investigating Causal Associations between the Gut Microbiota and Dementia: A Mendelian Randomization Study.,Nutrients,2;10;11,,Journal Article
39403583,2024,Causal relationship between plasma lipidome and four types of pancreatitis: a bidirectional Mendelian randomization study.,Frontiers in endocrinology,2;10,,Journal Article
39403517,2024,Histone-modifying enzymes and gastric cancer: Search for potential biomarkers and therapeutic targets based on Mendelian randomization.,Heliyon,2;5;10,,Journal Article
39403374,2024,"Potential causal relationships between blood metabolites, inflammatory cytokines, and venous thromboembolism.",Frontiers in immunology,1;2,,Journal Article
39402334,2024,Association of cardiovascular disease and urate levels with aortic aneurysm: a bilateral mendelian randomization study.,Scientific reports,1;2;10,,Journal Article
39401521,2025,Estimated Glomerular Filtration Rate Decline is Causally Associated with Acute Pulmonary Embolism: A Nested Case-Control and Mendelian Randomization Study.,Thrombosis and haemostasis,1;2;10;13,,Journal Article
39400597,2024,Exploring the association between skin microbiota and inflammatory skin diseases: a two-sample Mendelian randomization analysis.,Archives of dermatological research,2;10;12,,Journal Article
39399721,2024,Tea intake and non-alcoholic fatty liver disease risk: A two-sample Mendelian randomization study.,Metabolism open,1;2;10,,Journal Article
39399654,2024,PM2.5 is linked to Alzheimer's syndrome and delirium: a mendelian randomization analysis.,International journal of clinical and experimental pathology,2;10;11;19,,Journal Article
39398424,2024,Kidney Function and Cardiovascular Disease: Evidence from Observational Studies and Mendelian Randomization Analyses.,"Phenomics (Cham, Switzerland)",1;2;10,,Journal Article
39397782,2024,Plasma proteome and incident myocardial infarction: sex-specific differences.,European heart journal,1;2,,Journal Article
39395678,2025,"Relationships between emotional states, bipolar disorder, and gastrointestinal disorders: A two-sample Mendelian randomization study.",Journal of affective disorders,2;4;10,,Journal Article
39395132,2024,Exploring the relationship between sarcopenia and 11 respiratory diseases: a comprehensive mendelian randomization analysis.,Aging clinical and experimental research,1;2;9;10;11;13,,Journal Article
39391920,2025,Association between dietary fat intake and the risk of Alzheimer's disease: Mendelian randomisation study.,The British journal of psychiatry : the journal of mental science,2;10;11,,Journal Article
39391305,2024,Causal effect of thyroid cancer on secondary primary malignancies: findings from the UK Biobank and FinnGen cohorts.,Frontiers in immunology,2;5,,Journal Article;Meta-Analysis
39390683,2025,"Causality of visceral adipose tissue on chronic kidney disease and renal function measure indicators, and mediation role of hypertension: Mendelian randomization study.",Obesity reviews : an official journal of the International Association for the Study of Obesity,1;2;10,,Journal Article;Review
39390505,2024,Association between gut microbiota and diabetic nephropathy: a two-sample mendelian randomization study.,BMC endocrine disorders,1;2;10,,Journal Article
39390078,2024,Association between circulating inflammatory proteins and benign prostatic disease: a Mendelian randomization study.,Scientific reports,2;5;10,,Journal Article
39390048,2024,Effects of multiple fluid intake on Urolithiasis by mendelian randomization study.,Scientific reports,2;10,,Journal Article
39389014,2024,"Novel insights into the genetic architecture of pregnancy glycemic traits from 14,744 Chinese maternities.",Cell genomics,1;2;15,,Journal Article
39387050,2024,Utilize proteomic analysis to identify potential therapeutic targets for combating sepsis and sepsis-related death.,Frontiers in endocrinology,2;8,,Journal Article
39386195,2024,Effect of the gut microbiome and inflammation-related proteins on oral leukoplakia: a Mendelian randomization study and mediation analysis.,Frontiers in oncology,2;5;10,,Journal Article
39384108,2025,Traumatic Brain Injury Increasing Risk of Meningioma? From the Genetic Evidence.,World neurosurgery,2;14,,"Journal Article;Research Support, Non-U.S. Gov't"
39381510,2024,Genetic correlation between chronic sinusitis and autoimmune diseases.,Frontiers in allergy,1;2;9;12;13;18,,Journal Article
39379490,2024,Causal impacts of smoking on pain conditions and the mediating pathways: a mendelian randomization study.,Scientific reports,2;4;10;13,,Journal Article
39377966,2024,Association of circulating cytokine levels and tissue-infiltrating myeloid cells with achalasia: results from Mendelian randomization and validation through clinical characteristics and single-cell RNA sequencing.,Journal of gastroenterology,2;10,,"Journal Article;Validation Study;Research Support, Non-U.S. Gov't"
39375737,2024,Identifying prothrombin and bone sialoprotein as potential drug targets for idiopathic pulmonary fibrosis.,BMC pulmonary medicine,2;13,,Journal Article
39375304,2025,Causality between diabetes and membranous nephropathy: Mendelian randomization.,Clinical and experimental nephrology,1;2;10;15,,Journal Article;Meta-Analysis
39372270,2024,Unveiling genetic links between gut microbiota and asthma: a Mendelian randomization.,Frontiers in microbiology,2;10;13,,Journal Article
39371946,2024,Causal relationships between obesity-related anthropometric indicators and sepsis risk: a Mendelian-randomization study.,Frontiers in nutrition,1;2;8;10,,Journal Article
39371915,2024,Causal effects of post-traumatic stress disorder on autoimmune thyroid disease: insights from mendelian randomization.,Frontiers in psychiatry,2;4;9;10,,Journal Article
39371139,2024,Gut-Brain Nexus: Mapping Multi-Modal Links to Neurodegeneration at Biobank Scale.,medRxiv : the preprint server for health sciences,1;11;14,,Journal Article;Preprint
39370703,2024,Genetically Supported Drug Targets and Dental Traits: A Mendelian Randomization Study.,Journal of dental research,2;10,,Journal Article
39370105,2025,Relationships between Frailty and the Risk of Glaucoma in Middle-aged and Older Adults.,Ophthalmology. Glaucoma,2;11;18,,Journal Article;Multicenter Study
39368924,2025,Association Between Circulating Inflammatory Cytokines and Dentofacial Anomalies.,International dental journal,2,,Journal Article
39366807,2024,Research on the causal relationship between fine particulate matter and type 2 diabetes mellitus: A two-sample multivariable mendelian randomization study.,"Nutrition, metabolism, and cardiovascular diseases : NMCD",1;2;10;19,,"Journal Article;Research Support, Non-U.S. Gov't"
39367514,2024,Association of lipid-lowering drugs with the risk of type 2 diabetes and its complications: a mendelian randomized study.,Diabetology & metabolic syndrome,1;2;10;14;18,,Journal Article
39365385,2024,"Proinflammatory Diet Increases the Risk of Irritable Bowel Syndrome: A Prospective Study of 129,408 UK Biobank Participants and Mendelian Randomization Analysis.",Digestive diseases and sciences,1;2;10,,Journal Article
39365109,2024,Bidirectional Mendelian Randomization Reveals Causal Effects of Immune Cell Traits on Endometriosis Risk.,"American journal of reproductive immunology (New York, N.Y. : 1989)",2;10;15,,Journal Article
39364316,2024,No genetic causal relationship between acne and prostate cancer through Mendelian randomization combined with meta-analysis.,Frontiers in oncology,2;5;10;12,,Journal Article
39362746,2024,Genetic variants associated with cardiac hypertrophy-related sudden cardiac death and cardiovascular outcomes in a Finnish population.,Heart (British Cardiac Society),1;2,,Journal Article
39360292,2024,The Causal Effects between Mood Swings and Gastrointestinal Diseases: A Mendelian Randomization Study.,Alpha psychiatry,1;2;4;5;10,,Journal Article
39359474,2024,Integrative multi-omics summary-based mendelian randomization identifies key oxidative stress-related genes as therapeutic targets for atrial fibrillation and flutter.,Frontiers in genetics,1;2;4;10,,Journal Article
39358768,2024,"Association between lipid-lowering agents with intervertebral disc degeneration, sciatica and low back pain: a drug-targeted mendelian randomized study and cross-sectional observation.",Lipids in health and disease,1;2;4;10,,Journal Article;Observational Study
39357585,2024,Association between Omega-3 fatty acids and autoimmune disease: Evidence from the umbrella review and Mendelian randomization analysis.,Autoimmunity reviews,1;2;9;10;12;14,,Journal Article;Review
39355245,2024,Circulating immune cells and apolipoprotein A mediation: a Mendelian randomization study on hypertensive disorder of pregnancy.,Frontiers in immunology,1;2;10;15,,Journal Article
39351491,2024,"Restriction of salt, alcohol and coffee intake and Ménière's disease: insight from Mendelian randomization study.",Frontiers in nutrition,2;10,,Journal Article
39351228,2024,"Causal pathways in lymphoid leukemia: the gut microbiota, immune cells, and serum metabolites.",Frontiers in immunology,2;5,,Journal Article
39351220,2024,Effect of inflammatory cytokines and plasma metabolome on OSA: a bidirectional two- sample Mendelian randomization study and mediation analysis.,Frontiers in immunology,2;10;13,,Journal Article;Meta-Analysis
39350769,2024,Relationship between type 1 diabetes and autoimmune diseases in european populations: A two-sample Mendelian randomization study.,Frontiers in genetics,1;2;9;10,,Journal Article
39350628,2024,Brain imaging traits and epilepsy: Unraveling causal links via mendelian randomization.,Brain and behavior,2;10;14,,Journal Article
39350373,2024,Evaluating the Causal Effect of Type 2 Diabetes on Alzheimer's Disease Using Large-Scale Genetic Data.,The journal of prevention of Alzheimer's disease,1;2;11,,Journal Article
39346904,2024,"Dissecting the causal links between gut microbiome, immune traits and polyp using genetic evidence.",Frontiers in immunology,2,,Journal Article;Meta-Analysis
39343950,2024,Causal relationship between rheumatoid arthritis and carpal tunnel syndrome: a bidirectional two-sample Mendelian randomization study.,Journal of orthopaedic surgery and research,2;9;10;14,,Journal Article
39336141,2024,Uncovering a Causal Connection between Gut Microbiota and Six Thyroid Diseases: A Two-Sample Mendelian Randomization Study.,Biology,2;10,,Journal Article
39333915,2024,"Investigating causal links between gallstones, cholecystectomy, and 33 site-specific cancers: a Mendelian randomization post-meta-analysis study.",BMC cancer,2;5;10;12,,Journal Article;Meta-Analysis
39333658,2024,"Causal relationships between immunophenotypes, plasma metabolites, and temporomandibular disorders based on Mendelian randomization.",Scientific reports,2;10,,Journal Article
39332193,2024,Association of air pollutants with psychiatric disorders: a two-sample Mendelian randomization.,Ecotoxicology and environmental safety,2;4;10;19,,Journal Article
39331875,2024,"The potential causal relationship between BMI, T1D, urolithiasis, and hydronephrosis in European ancestry: A Mendelian randomization analysis.",Medicine,1;2;10,,Journal Article
39328405,2024,"CXCR1 and CXCR2 are potential neutrophil extracellular trap-related treatment targets in ulcerative colitis: insights from Mendelian randomization, colocalization and transcriptomic analysis.",Frontiers in immunology,2;9;10,,Journal Article
39327062,2024,Investigating the uncertain causal link between gut microbiota and glaucoma: A genetic correlation and Mendelian randomisation study.,Clinical & experimental ophthalmology,10;18,,Journal Article
39321259,2024,GNN4DM: a graph neural network-based method to identify overlapping functional disease modules.,"Bioinformatics (Oxford, England)",2;3,,Journal Article
39320275,2025,Causal effects of pediatric asthma on psychiatric disorders: a bidirectional Mendelian randomization study.,The Journal of asthma : official journal of the Association for the Care of Asthma,2;4;10;13,,Journal Article
39319183,2024,Causal Relationship Between Mood Swing and Gynecological Disorders: A Mendelian Randomization Study.,International journal of women's health,2;5;10;15,,Journal Article
39318631,2024,Causal roles of skin and gut microbiota in skin appendage disorders suggested by genetic study.,Frontiers in immunology,2;12,,Journal Article
39316794,2024,Assessing the causal association of sleep abnormalities with preeclampsia and eclampsia: a Mendelian randomization analysis.,Hypertension in pregnancy,1;2;10;13;15,,Journal Article
39316602,2024,Causal associations of air pollution with rheumatoid arthritis: A transethnic Mendelian randomization study.,PloS one,2;9;10;19,,Journal Article
39316280,2025,Life-course obesity and heart failure: a two-sample Mendelian randomization study.,Internal and emergency medicine,1;2;10,,"Journal Article;Research Support, Non-U.S. Gov't"
39315306,2024,"Bayesian-based analysis of the causality between 731 immune cells and erectile dysfunction: a two-sample, bidirectional, and multivariable Mendelian randomization study.",Sexual medicine,2;10,,Journal Article
39314522,2024,From proteome to pathogenesis: investigating polycystic ovary syndrome with Mendelian randomization analysis.,Frontiers in endocrinology,2;10;15,,Journal Article
39314521,2024,The association of common autoimmune diseases with autoimmune thyroiditis: a two-sample Mendelian randomization study.,Frontiers in endocrinology,1;2;9;10;14,,Journal Article
39312384,2024,Polymyalgia rheumatica and giant cell arteritis: A bidirectional Mendelian randomization study.,Medicine,2;9;10,,Journal Article
39312361,2024,Sedentary and 21 gastrointestinal disorders: A Mendelian randomization study.,Medicine,2;7;10,,Journal Article
39312332,2024,"Dissecting causal relationships between gut microbiome, immune cells, and brain injury: A Mendelian randomization study.",Medicine,2;10,,Journal Article
39312328,2024,Bidirectional Mendelian randomization explores the causal relationship between dietary habits and rheumatoid arthritis.,Medicine,2;9;10,,Journal Article
39309611,2024,Causal Relationship of Skin Microbiota on Psoriasis: A Mendelian Randomization Study.,"Clinical, cosmetic and investigational dermatology",2;9;10;12,,Journal Article
39309525,2024,Causal relationships between gut microbiome and obstructive sleep apnea: a bi-directional Mendelian randomization.,Frontiers in microbiology,2;10;13,,Journal Article
39306224,2025,Associations between human blood metabolome and vascular dementia.,Progress in neuro-psychopharmacology & biological psychiatry,1;2;11,,Journal Article
39305811,2024,"Association between iron status, preeclampsia and gestational hypertension: A bidirectional two-sample Mendelian randomization study.",Journal of trace elements in medicine and biology : organ of the Society for Minerals and Trace Elements (GMS),1;2;10;15,,Journal Article
39301493,2024,Association of autoimmune diseases with the occurrence of osteoarthritis: a gene expression and Mendelian randomization study.,Frontiers in medicine,2;9;10,,Journal Article
39300828,2024,"Unraveling the causative connection between urticaria, inflammatory cytokines, and mental disorders: Perspectives from genetic evidence.",Skin research and technology : official journal of International Society for Bioengineering and the Skin (ISBS) [and] International Society for Digital Imaging of Skin (ISDIS) [and] International Society for Skin Imaging (ISSI),2;4;12,,Journal Article;Retracted Publication
39300167,2024,Genetically predicted frailty index and risk of chronic kidney disease.,Scientific reports,1;2;9;11,,Journal Article
39299705,2025,Genetic Susceptibility to Acute Viral Bronchiolitis.,The Journal of infectious diseases,2;13,,Journal Article
39299582,2025,"Causal effects of gut microbiota, metabolites, immune cells, liposomes, and inflammatory proteins on anorexia nervosa: A mediation joint multi-omics Mendelian randomization analysis.",Journal of affective disorders,1;2;4;10,,Journal Article
39296957,2024,Causal effects of obstructive sleep apnea on chronic kidney disease and renal function: a bidirectional Mendelian randomization study.,Frontiers in neurology,1;2;10;13,,Journal Article
39296574,2024,Investigating the causal link between gut microbiota and dry age-related macular degeneration: a bidirectional Mendelian randomization study.,International journal of ophthalmology,2;10;18,,Journal Article
39296542,2024,Exploring the causal link among statin drugs and the osteoarthritis risk based on Mendelian randomization research.,Frontiers in genetics,1;2;10,,Journal Article
39293485,2025,Causal Relationships of Circulating Inflammatory Proteins and Portal Vein Thrombosis: A Mendelian Randomization Study.,Seminars in thrombosis and hemostasis,1;2;10,,Journal Article
39288744,2025,Association of Obstructive Sleep Apnea on Heart Failure and Its Risk Factors: A Two-Step Mendelian Randomization Study.,Cardiology,1;2;4;10;13,,Journal Article
39287267,2024,Causal relationship between thyroid function and multiple sclerosis: A bidirectional Mendelian randomization study.,Medicine,2;9;10;14,,Journal Article
39286458,2024,"Lipids, lipid-lowering drugs and lateral epicondylitis of the humerus: a drug-targeted Mendelian randomization study.",Frontiers in genetics,1;2;10,,Journal Article
39286351,2024,The causal association between gut microbiota and postpartum depression: a two-sample Mendelian randomization study.,Frontiers in microbiology,2;4;10;15,,Journal Article
39286243,2024,Causal associations between gut microbiota and premature rupture of membranes: a two-sample Mendelian randomization study.,Frontiers in immunology,2;10;15,,Journal Article
39285309,2024,Lipid levels and multiple myeloma risk: insights from Meta-analysis and mendelian randomization.,Lipids in health and disease,1;2;5;10,,Journal Article;Meta-Analysis
39283829,2024,"Thyroid Function, Diabetes, and Common Age-Related Eye Diseases: A Mendelian Randomization Study.",Thyroid : official journal of the American Thyroid Association,1;2;10;18,,Journal Article
39281815,2024,A study on the causal relationship between the gut microbiome and herpes zoster using Mendelian randomization.,Frontiers in medicine,2;3;8;9;10,,Journal Article
39280015,2024,Health condition and socioeconomic status mediate the causal effect of reproductive traits on nonalcoholic fatty liver disease: evidence from Mendelian randomization study.,Frontiers in endocrinology,1;2;4;6;10,,Journal Article
39280012,2024,Obesity mediates the relationship between depression and infertility: insights from the NHANES 2013-2018 cross-sectional study and a Mendelian randomization study.,Frontiers in endocrinology,1;2;4;10;15,,Journal Article
39280009,2024,Mitochondrial dysfunction and onset of type 2 diabetes along with its complications: a multi-omics Mendelian randomization and colocalization study.,Frontiers in endocrinology,1;2;10,,Journal Article
39279934,2024,Parkinson's disease and the risk of gastrointestinal cancers: a two-sample Mendelian randomization study.,Journal of gastrointestinal oncology,2;5;10;11,,Journal Article
39279352,2025,Analysis of Genetic Risk Factors Associated with Charcot Foot Based on the FinnGen Study R9 Data: A Wide-angle Mendelian Randomization Study.,The international journal of lower extremity wounds,1;2;10,,Journal Article
39268635,2024,Causal Association of Rheumatoid Arthritis With Adverse Pregnancy Outcomes: Genetic Evidence From Mendelian Randomization.,"American journal of reproductive immunology (New York, N.Y. : 1989)",1;2;9;10;15,,Journal Article
39276058,2024,[Causal relationship between sleep phenotype and idiopathic normal pressure hydrocephalus: a two-sample bidirectional Mendelian randomization study].,Nan fang yi ke da xue xue bao = Journal of Southern Medical University,2;10,,English Abstract;Journal Article
39275260,2024,Metabolic Characteristics of Gut Microbiota and Insomnia: Evidence from a Mendelian Randomization Analysis.,Nutrients,2;10;13,,Journal Article
39271387,2024,Hypertension and iron deficiency anemia: Exploring genetic associations and causal inference.,"Nutrition, metabolism, and cardiovascular diseases : NMCD",1;2,,"Journal Article;Validation Study;Research Support, Non-U.S. Gov't"
39270013,2024,Evaluating the distinct effects of body mass index at childhood and adulthood on adult major psychiatric disorders.,Science advances,2;4;11,,"Journal Article;Research Support, Non-U.S. Gov't"
39268473,2024,Repurposing antihypertensive drugs for pain disorders: a drug-target mendelian randomization study.,Frontiers in pharmacology,1;2;4;10;14;15,,Journal Article
39268072,2024,Exploring causal correlations between plasma proteins and peripheral neuropathy: a Mendelian randomization.,Frontiers in neurology,2;10;14;16,,Journal Article
39267703,2024,Postpartum depression and autoimmune disease: a bidirectional Mendelian randomization study.,Frontiers in psychiatry,1;2;4;9;10;15,,Journal Article
39267096,2024,Identification of potential therapeutic targets for nonischemic cardiomyopathy in European ancestry: an integrated multiomics analysis.,Cardiovascular diabetology,2,,"Journal Article;Research Support, Non-U.S. Gov't"
39267020,2024,Causality between neuroticism personality clusters and female reproductive diseases in European population: a two-sample bidirectional mendelian randomization study.,BMC women's health,2;4;10;15,,Journal Article
39264754,2024,Causal relationship between primary headache mediated by circulating cytokines and cerebral cortex structure: a mediation Mendelian randomization study.,"Cerebral cortex (New York, N.Y. : 1991)",2;10;14,,"Journal Article;Research Support, Non-U.S. Gov't"
39262212,2024,High Burden of Ileus and Pneumonia in Clozapine-Treated Individuals With Schizophrenia: A Finnish 25-Year Follow-Up Register Study.,The American journal of psychiatry,1;4;16,,Journal Article
39261770,2024,Sarcopenia as a predictor of nutritional status and comorbidities: a cross-sectional and mendelian randomization study.,BMC geriatrics,1;2;10;11,,Journal Article
39261665,2024,Disease prediction with multi-omics and biomarkers empowers case-control genetic discoveries in the UK Biobank.,Nature genetics,2,,Journal Article
39257908,2024,Inflammatory factors and risk of lung adenocarcinoma: a Mendelian randomization study mediated by blood metabolites.,Frontiers in endocrinology,2;5;10,,Journal Article
39254198,2024,Causal relationships between gut microbiota and polycystic ovarian syndrome: A bidirectional Mendelian randomization study.,Acta obstetricia et gynecologica Scandinavica,2;10;15,,Journal Article
39253131,2024,Potential drug targets for osteoporosis identified: A Mendelian randomization study.,Heliyon,2;10;13,,Journal Article
39253091,2024,Primary immunodeficiency-related genes and varicella-zoster virus reactivation syndrome: a Mendelian randomization study.,Frontiers in immunology,1;2;10;14,,Journal Article
39252217,2024,Causal relationship between systemic circulatory inflammatory regulators and intervertebral disc degeneration: A bidirectional 2-sample Mendelian randomization study.,Medicine,2;10,,Journal Article
39251963,2024,The causal relationship between CSF metabolites and GBM: a two-sample mendelian randomization analysis.,BMC cancer,2;5;10,,Journal Article
39251923,2024,Genetic estimation of causalities between educational attainment with common digestive tract diseases and the mediating pathways.,BMC gastroenterology,2;4,,Journal Article;Meta-Analysis
39250894,2024,"Causal Relationships between Gut Microbiotas, Blood Metabolites, and Neuroendocrine Tumors: A Mediated Mendelian Randomization Study.",Neuroendocrinology,2;10,,"Journal Article;Research Support, Non-U.S. Gov't"
39248096,2024,Thyroid function and preeclampsia: a two-sample bidirectional Mendelian randomization study.,Journal of hypertension,1;2;10;15,,Journal Article
39243698,2024,"Gut microbiota, allergic rhinitis, vasomotor rhinitis, Mendelian randomization, causal association.",Brazilian journal of otorhinolaryngology,2;10;18,,Journal Article
39243281,2024,Gut microbiota and risk of ankylosing spondylitis.,Clinical rheumatology,2;9,,Journal Article
39240279,2025,Causal Relationships Between Retinal Diseases and Psychiatric Disorders Have Implications for Precision Psychiatry.,Molecular neurobiology,2;4;18,,Journal Article
39239107,2024,Genetic association of lipid traits and lipid-related drug targets with normal tension glaucoma: a Mendelian randomization study for predictive preventive and personalized medicine.,The EPMA journal,1;2;10;18,,Journal Article
39237840,2024,Proteome-wide mendelian randomization identifies therapeutic targets for nephrolithiasis.,Urolithiasis,1;2;10,,Journal Article
39234237,2024,Deciphering the causal association and underlying transcriptional mechanisms between telomere length and abdominal aortic aneurysm.,Frontiers in immunology,1;2,,Journal Article
39232938,2025,Causal Relationship Between Autoimmune Arthritis and Temporomandibular Disorders.,International dental journal,2;9,,Journal Article
39227644,2024,Causation between the gut microbiota and inguinal hernia: a two-sample double-sided Mendelian randomization study.,Scientific reports,2;10,,Journal Article
39225363,2025,Exploring the mechanisms and relationship between body mass index and asthma: findings from Mendelian randomization.,The Journal of asthma : official journal of the Association for the Care of Asthma,1;2;10;13,,Journal Article
39224605,2024,"Physical activity, sedentary behavior, and risk of sepsis: a two-sample mendelian randomization study.",Frontiers in medicine,2;7;8;10,,Journal Article
39221257,2024,The causality between use of glucocorticoids and risk of pancreatitis: a Mendelian randomization study.,Frontiers in immunology,2;10,,Journal Article
39221148,2024,Novel therapeutic targets for primary open-angle glaucoma identified through multicenter proteome-wide mendelian randomization.,Frontiers in pharmacology,2;10;18,,Journal Article
39220896,2024,Causal relationships of infection with Helicobacter pylori and herpesvirus on periodontitis: A Mendelian randomization study.,Heliyon,2;8;10,,Journal Article
39220640,2024,Fibrosis to carcinogenesis: unveiling the causal dynamics between pulmonary fibrosis and lung cancer.,Frontiers in oncology,2;5;13,,Journal Article
39220291,2024,The Causal Relationship Between Physical Activity and Skin Cancer Risk: An Univariable Mendelian Randomization Study.,"Clinical, cosmetic and investigational dermatology",2;5;7;10;12,,Journal Article
39219304,2024,Risk of Parkinson's disease and depression severity in different populations: A two-sample Mendelian randomization analysis.,Brain and behavior,2;4;10;11,,Journal Article
39216403,2024,"Genetic analysis from multiple cohorts implies causality between 2200 druggable genes, telomere length, and leukemia.",Computers in biology and medicine,2;5,,"Journal Article;Research Support, Non-U.S. Gov't"
39216167,2024,Causal relationship between genetically predicted antibody-Mediated Immune Responses and female infertility.,Journal of reproductive immunology,2;8;9;15,,Journal Article;Meta-Analysis
39216119,2024,"Elucidating the causal nexus between antibody-mediated immunity and autoimmune diseases: Insights from bidirectional mendelian randomization, gene expression profiling, and drug sensitivity analysis.",International immunopharmacology,2;8;9;10,,Journal Article
39215321,2024,"Causal relationships between gut microbiota, plasma metabolites, and HIV infection: insights from Mendelian randomization and mediation analysis.",Virology journal,2;8;10,,"Journal Article;Research Support, Non-U.S. Gov't"
39215202,2025,Specific blood metabolite associations with Gout: a Mendelian randomization study.,European journal of clinical nutrition,2;10,,Journal Article
39214524,2024,Association of gut microbiota with acute kidney injury: a two-sample Mendelian randomisation and case-control study.,Beneficial microbes,1;2;10,,Journal Article
39213079,2024,Causal Effects of Kidney Function and Chronic Kidney Disease on Alzheimer's Disease by Analyzing Large-Scale Genome-Wide Association Study Datasets.,Journal of Alzheimer's disease : JAD,1;2;11,,Journal Article
39212570,2024,Genetic Susceptibility of Thrombin Measurement Levels and the Risk of Colon Adenocarcinoma: A Mendelian Randomization Study.,"British journal of hospital medicine (London, England : 2005)",2;10,,Journal Article
39212392,2024,[Inflammatory factors and prostate cancer: Two-sample Mendelian randomization analysis].,Zhonghua nan ke xue = National journal of andrology,2;5;10,,English Abstract;Journal Article
39210292,2024,Primary biliary cholangitis has causal effects on systemic rheumatic diseases: a Mendelian randomization study.,BMC gastroenterology,2;9;10,,Journal Article
39206317,2024,Causal associations between fluid intake patterns and dermatitis risk: a Mendelian randomization study.,Frontiers in nutrition,2;10;12,,Journal Article
39206119,2024,Abdominal multi-organ iron content and the risk of Parkinson's disease: a Mendelian randomization study.,Frontiers in aging neuroscience,2;10;11,,Journal Article
39205942,2024,Causal association between inflammatory bowel disease and acute pancreatitis: a two-sample bidirectional mendelian randomization study.,Frontiers in genetics,2;9;10,,Journal Article
39203827,2024,Genetically Determined Circulating Saturated and Unsaturated Fatty Acids and the Occurrence and Exacerbation of Chronic Obstructive Pulmonary Disease-A Two-Sample Mendelian Randomization Study.,Nutrients,2;10;13,,Journal Article
39203740,2024,"25-Hydroxyvitamin D, Vitamin D Binding Protein and Gestational Diabetes Mellitus: A Two-Sample Mendelian Randomization Study.",Nutrients,1;2;10;15,,Journal Article;Meta-Analysis
39202443,2024,No Evidence That Vitamin D Levels or Deficiency Are Associated with the Risk of Open-Angle Glaucoma in Individuals of European Ancestry: A Mendelian Randomisation Analysis.,Genes,2;10;18,,Journal Article
39199149,2024,"Causal Effects of Oxidative Stress on Diabetes Mellitus and Microvascular Complications: Insights Integrating Genome-Wide Mendelian Randomization, DNA Methylation, and Proteome.","Antioxidants (Basel, Switzerland)",1;2;4;10;18,,Journal Article
39198455,2024,Exploring causal effects of sarcopenia on risk and progression of Parkinson disease by Mendelian randomization.,NPJ Parkinson's disease,2;10;11,,Journal Article
41775939,2024,Using proteomics to identify the mechanisms underlying the benefits of statins on ischemic heart disease.,NPJ cardiovascular health,1;2,,Journal Article
39193433,2024,Investigating the causal relationship between gut microbiota and gastroenteropancreatic neuroendocrine neoplasms: a bidirectional Mendelian randomization study.,Frontiers in microbiology,2;10,,Journal Article
39188772,2024,Relationship of Hypothyroidism with Alopecia Areata and Androgenetic Alopecia: Insights from a Two-Sample Mendelian Randomization Study.,"Clinical, cosmetic and investigational dermatology",2;10;12,,Journal Article
39187931,2024,Investigating the causal relationship between major depressive disorder and benign prostatic hyperplasia: a bidirectional Mendelian randomisation study.,Psychogeriatrics : the official journal of the Japanese Psychogeriatric Society,4;10,,Journal Article
39187806,2024,Causal associations of obstructive sleep apnea with Chronic Respiratory Diseases: a Mendelian Randomization study.,BMC pulmonary medicine,2;10;13,,Journal Article
39186136,2024,Associations Between Gut Microbiota and Alcohol Abuse: A Mendelian Randomisation and Bioinformatics Study.,Journal of molecular neuroscience : MN,2;4;10,,Journal Article
39185608,2024,A Two-Sample Mendelian Randomization Study of Neuroticism and Sleep Bruxism.,Journal of dental research,2;4;10,,Journal Article
39180677,2024,Causal associations of osteoporosis with stroke: a bidirectional Mendelian randomization study.,Osteoporosis international : a journal established as result of cooperation between the European Foundation for Osteoporosis and the National Osteoporosis Foundation of the USA,1;2;10;14,1.4-stroke-cardio;14.2-stroke-cerebro,Journal Article
39179767,2024,Causal association between blood leukocyte counts and vascular dementia: a two-sample bidirectional Mendelian randomization study.,Scientific reports,2;10;11,,Journal Article
39177387,2024,[Causal association between depression and stress urinary incontinence: A two-sample bidirectional Mendelian randomization study].,Zhonghua nan ke xue = National journal of andrology,2;4;10,,English Abstract;Journal Article
39175633,2024,Platelet indices and the risk of pulmonary arterial hypertension: a two-sample and multivariable Mendelian randomization study.,Frontiers in cardiovascular medicine,1;2;10;13,,Journal Article
39175569,2024,Causal association of type 2 diabetes with central retinal artery occlusion: a Mendelian randomization study.,Frontiers in endocrinology,1;2;10;18,,Journal Article
39175567,2024,Causal relationship between gut microbiota and thyroid nodules: a bidirectional two-sample Mendelian randomization study.,Frontiers in endocrinology,2;10,,Journal Article
39174884,2024,Two-sample Mendelian randomization analysis of the causal relationship between blood eosinophils and allergic rhinitis.,Zhong nan da xue xue bao. Yi xue ban = Journal of Central South University. Medical sciences,2;10;18,,Journal Article
39170741,2024,Polyunsaturated fatty acids and diabetic microvascular complications: a Mendelian randomization study.,Frontiers in endocrinology,1;2;10;14;18,,Journal Article
39170693,2024,Associations of genetically predicted iron status with 24 gastrointestinal diseases and gut microbiota: a Mendelian randomization study.,Frontiers in genetics,1;2;5;10,,Journal Article
39168247,2024,"Causal effects of smoking, alcohol consumption, and coffee intake on hepatobiliary and pancreatic diseases: A Mendelian randomization study.",Clinics and research in hepatology and gastroenterology,1;2;4;5;10,,Journal Article
39165915,2024,Revealing the link between gut microbiota and brain tumor risk: a new perspective from Mendelian randomization.,Frontiers in cellular and infection microbiology,2;5;10,,Journal Article
39165512,2024,Mendelian randomization based on immune cells in diabetic nephropathy.,Frontiers in endocrinology,1;2;10,,Journal Article;Retracted Publication
39165263,2024,Exploring the causality of appendectomy and ischaemic heart disease: a Mendelian randomization study and meta-analysis.,Frontiers in cardiovascular medicine,1;2;10,,Journal Article
39163002,2025,Exploring the causal relationship between asthma in the metabolic syndrome: a Mendelian randomization study.,The Journal of asthma : official journal of the Association for the Care of Asthma,1;2;10;13,,Journal Article
39161872,2024,Bidirectional two-sample Mendelian randomization analysis identifies causal associations between migraine and five psychiatric disorders.,Frontiers in neurology,2;4;10;14,,Journal Article
39161599,2024,Causal roles of skin microbiota in skin cancers suggested by genetic study.,Frontiers in microbiology,2;5;12,,Journal Article
39161423,2024,Mendelian randomization analysis identified potential genes pleiotropically associated with gout.,Frontiers in genetics,2;10,,Journal Article
39161322,2024,Body Mass Index and Risk of Female Reproductive System Tumors Subtypes: A Meta-Analysis Using Mendelian Randomization.,Technology in cancer research & treatment,2;5;10;15,,"Journal Article;Meta-Analysis;Research Support, Non-U.S. Gov't"
39157683,2024,Association between gut microbiota and diabetic microvascular complications: a two-sample Mendelian randomization study.,Frontiers in endocrinology,1;2;10;14;18,,Journal Article
39157682,2024,"Causal effects of endometriosis stages and locations on menstruation, ovulation, reproductive function, and delivery modes: a two-sample Mendelian randomization study.",Frontiers in endocrinology,2;10;15,,Journal Article
39157679,2024,Causal effects of gut microbiota on diabetic neuropathy: a two-sample Mendelian randomization study.,Frontiers in endocrinology,1;2;10;14,,Journal Article
39156738,2024,Senescence-related genes and proteins in the development of Alzheimer's disease: evidence from transcriptomic and Mendelian randomization analysis.,Frontiers in aging neuroscience,2;10;11,,Journal Article
39151532,2024,Causal relationship between telomere length and osteonecrosis: Bidirectional two-sample Mendelian randomization analysis.,Medicine,2;10,,Journal Article
39149550,2024,Effect of trace elements and nutrients on diabetes and its complications: a Mendelian randomization study.,Frontiers in nutrition,1;2;10,,Journal Article
39149073,2024,Causal associations between systemic lupus erythematosus and primary biliary cholangitis: A bidirectional Mendelian randomization study.,Heliyon,2;9;10,,Journal Article
39148655,2024,Causal relationship between air pollution and infections: a two-sample Mendelian randomization study.,Frontiers in public health,2;8;10;19,,Journal Article
39148320,2024,Lack of genetic association of non-melanoma skin cancer and pseudoexfoliative glaucoma.,Ophthalmic genetics,2;5;12;18,,Journal Article
39147865,2024,"Intraocular pressure, primary open-angle glaucoma and the risk of retinal vein occlusion: A Mendelian randomization mediation analysis.","Eye (London, England)",2;10;18,,Journal Article
39147144,2024,The impact of anxiety on the risk of kidney stone disease: Insights into eGFR-mediated effects.,Journal of affective disorders,1;2;4,,Journal Article
39143707,2024,Statins inhibit paclitaxel-induced PD-L1 expression and increase CD8+ T cytotoxicity for better prognosis in breast cancer.,"International journal of surgery (London, England)",1;2;5,,Journal Article
39142612,2024,Exploring the heart-brain and brain-heart axes: Insights from a bidirectional Mendelian randomization study on brain cortical structure and cardiovascular disease.,Neurobiology of disease,1;2;10,,"Journal Article;Research Support, Non-U.S. Gov't"
39141892,2024,Risk Variants Associated With Normal Pressure Hydrocephalus: Genome-Wide Association Study in the FinnGen Cohort.,Neurology,2;3,,Journal Article
39141363,2024,Exploring the Germline Genetics of In Situ and Invasive Cutaneous Melanoma: A Genome-Wide Association Study Meta-Analysis.,JAMA dermatology,2;5;12,,Journal Article;Meta-Analysis
39139767,2024,The plasma lipids with different fatty acid chains are associated with the risk of hemorrhagic stroke: a Mendelian randomization study.,Frontiers in neurology,1;2;10;14,14.2-stroke-cerebro,Journal Article
39139765,2024,Investigating the association between gut microbiome and aortic aneurysm diseases: a bidirectional two-sample Mendelian randomization analysis.,Frontiers in cellular and infection microbiology,1;2;10,,Journal Article
39136778,2024,Exploring novel drug targets for atopic dermatitis through plasma proteome with genome.,Archives of dermatological research,2;12,,Journal Article
39136194,2024,The relationship between smoking and rosacea: A Mendelian randomization study.,Journal of cosmetic dermatology,2;4;10;12,,Journal Article
39135799,2024,Causal gene identification using mitochondria-associated genome-wide mendelian randomization in atrial fibrillation.,Frontiers in pharmacology,1;2;10,,Journal Article
39135422,2024,Causal association between cystatin C and diabetic retinopathy: A two-sample Mendelian randomization study.,Journal of diabetes investigation,1;2;10;18,,Journal Article
39135059,2024,Causal influence of immune factors on the risk of diabetic retinopathy: a mendelian randomization study.,Diabetology & metabolic syndrome,1;2;10;18,,Journal Article
39133382,2024,Exploring the causal association between frailty index with the common types of arthritis: a Mendelian randomization analysis.,Aging clinical and experimental research,2;9;10;11,,Journal Article
39130745,2024,Exploring the causal relationship: bidirectional mendelian randomization study on benign prostatic hyperplasia and cardiovascular diseases.,Frontiers in genetics,1;2;10;14,,Journal Article
39130628,2024,Integrating Mendelian randomization and single-cell RNA sequencing to identify therapeutic targets of baicalin for type 2 diabetes mellitus.,Frontiers in pharmacology,1;2;10,,Journal Article
39130408,2024,Exploring the genetic association between immune cells and susceptibility to osteonecrosis using large-scale population data.,Heliyon,2,,Journal Article
39126459,2024,The risk stratification and predictive performance of a new combined polygenic risk score for hepatocellular carcinoma.,Journal of gastroenterology,1;2;3;5,,"Journal Article;Research Support, Non-U.S. Gov't"
39121258,2024,Causal relationship analysis between 35 blood/urine metabolites and gastroesophageal reflux disease: A Mendelian randomization combined meta-analysis study.,Medicine,2;10,,Journal Article;Meta-Analysis
39119575,2024,Association between genetically plasma proteins and osteonecrosis: a proteome-wide Mendelian randomization analysis.,Frontiers in genetics,2;10,,Journal Article
39119343,2024,Unraveling the causal link: fatty acids and inflammatory bowel disease.,Frontiers in immunology,2;9,,Journal Article
39119008,2024,Metabolic factors are not the direct mediators of the association between type 2 diabetes and osteoporosis.,Frontiers in endocrinology,1;2,,Journal Article
39118079,2024,Exploring the relationship between gut microbiota and breast cancer risk in European and East Asian populations using Mendelian randomization.,BMC cancer,2;5;10,,Journal Article
39117358,2024,Central corneal thickness and the risk of primary open-angle glaucoma: a Mendelian randomisation mediation analysis.,The British journal of ophthalmology,2;10;18,,Journal Article
39116870,2024,Multisystem health comorbidity networks of metabolic dysfunction-associated steatotic liver disease.,"Med (New York, N.Y.)",1;2;14,,Journal Article;Observational Study
39114294,2024,"Lipids, lipid-modified drug target genes, and the risk of male infertility: a Mendelian randomization study.",Frontiers in endocrinology,1;2;10;15,,Journal Article
39112975,2024,Circulating inflammatory cytokines and the risk of sepsis: a bidirectional mendelian randomization analysis.,BMC infectious diseases,2;8;10,,Journal Article
39112560,2024,Genome-wide association study indicates novel associations of annexin A13 to secretory and GAS2L2 with mucous otitis media.,Scientific reports,2,,Journal Article
39110727,2024,Fast and scalable ensemble learning method for versatile polygenic risk prediction.,Proceedings of the National Academy of Sciences of the United States of America,2;3;5,,Journal Article
39105077,2024,Genetic predisposition to type 2 diabetes mellitus and aortic dissection: a Mendelian randomisation study.,Frontiers in cardiovascular medicine,1;2;10,,Journal Article
39104742,2024,Sjögren's syndrome and Parkinson's disease: a bidirectional Mendelian randomization study.,Frontiers in genetics,2;9;10;11,,Journal Article
39104723,2024,Appendectomy and appendicitis do not increase colorectal cancer risk: evidence from Mendelian randomization.,Frontiers in oncology,2;5;10,,Journal Article
39104661,2024,The Causal Effect of Serum Lipid Levels Mediated by Neuregulin 4 on the Risk of Four Atherosclerosis Subtypes: Evidence from Mendelian Randomization Analysis.,Vascular health and risk management,1;2;10,,Journal Article
39104371,2024,"Causal associations among gut microbiota, 1400 plasma metabolites, and asthma: a two-sample Mendelian randomization study.",Frontiers in molecular biosciences,2;10;13,,Journal Article
39103815,2024,Causal association between Helicobacter pylori infection and Sjogren's syndrome: a bidirectional Mendelian randomization analysis.,BMC infectious diseases,2;8;9;10,,Journal Article
39103720,2024,Whole-exome and whole-genome sequencing of 1064 individuals with type 1 diabetes reveals novel genes for diabetic kidney disease.,Diabetologia,1;2,,Journal Article
39103489,2024,Genetic association of lipid and lipid-lowering drug target genes with atopic dermatitis: a drug target Mendelian randomization study.,Scientific reports,1;2;10;12,,Journal Article
39102294,2024,Association between Kidney Stones and CKD: A Bidirectional Mendelian Randomization Study.,Journal of the American Society of Nephrology : JASN,1;2;10,,Journal Article
39101981,2024,Relationship between circulating white blood cell count and inflammatory skin disease: a bidirectional mendelian randomization study.,Archives of dermatological research,2;10;12,,Journal Article
39100823,2024,Causal associations between 45 dietary intake habits and urolithiasis: insights from genetic studies.,Translational andrology and urology,2,,Journal Article
39099830,2024,Does type 1 diabetes serve as a protective factor against inflammatory bowel disease: A Mendelian randomization study.,World journal of diabetes,1;2;9;10,,Journal Article
39098611,2024,Immune thrombocytopenia increases the risk of thrombosis: A two-sample Mendelian randomization study.,International journal of cardiology,1;2;10,,Journal Article
39098479,2025,Exploring the Association Between Gastroesophageal Reflux and Temporomandibular Joint Disorder in European Populations: A Bidirectional Mendelian Randomization Analysis.,International dental journal,2;10,,Journal Article
39098392,2024,Mendelian randomization demonstrates a causal link between peripheral circulating acylcarnitines and intracranial aneurysms.,Neurotherapeutics : the journal of the American Society for Experimental NeuroTherapeutics,1;2;10,,Journal Article
39098364,2024,Genetically proxied appendicular lean mass and stroke risk: A two-step mendelian randomization study.,Journal of stroke and cerebrovascular diseases : the official journal of National Stroke Association,1;2;10;11;14,14.2-stroke-cerebro,Journal Article
39093866,2025,"Exploring the causal relationships between cholelithiasis, cholecystitis, cholecystectomy, and gastroesophageal reflux disease: a bidirectional two-sample Mendelian randomization study.","International journal of surgery (London, England)",2;10,,Journal Article
39092429,2024,Gaining new insights into the etiology of ulcerative colitis through a cross-tissue transcriptome-wide association study.,Frontiers in genetics,2;9,,Journal Article
39090671,2024,Exploring the causal effect between lipid-modifying drugs and idiopathic pulmonary fibrosis: a drug-target Mendelian randomization study.,Lipids in health and disease,1;2;10;13,,Journal Article
39090426,2025,Elucidating the role of genetically determined metabolites in Diabetic Retinopathy: insights from a mendelian randomization analysis.,Acta diabetologica,1;2;10;18,,Journal Article
39087016,2024,The genetic relationship between hypotension and delirium: a Mendelian randomization study.,Frontiers in neurology,2;10,,Journal Article
39086950,2024,Casual effects of telomere length on sarcoidosis: a bidirectional Mendelian randomization analysis.,Frontiers in medicine,2;9;10,,Journal Article
39086901,2024,"Genetically predicted elevated circulating 3,4-dihydroxybutyrate levels mediate the association between family Christensenellaceae and osteoporosis risk: a Mendelian randomization study.",Frontiers in endocrinology,2;10,,Journal Article
39083171,2024,Mendelian randomization study of inflammatory bowel disease and type 1 diabetes.,Endocrine,1;2;9;10,,Journal Article
39082168,2024,Deciphering the Causality between Gut Microbiota Dysbiosis and Poisoning by Narcotics and Psychodysleptics: A Mendelian Randomization Analysis.,Current neuropharmacology,2;10,,Journal Article
39081133,2024,Genetic support for the causal association between 91 circulating inflammatory proteins and atopic dermatitis: A two-sample Mendelian randomization trial.,Skin research and technology : official journal of International Society for Bioengineering and the Skin (ISBS) [and] International Society for Digital Imaging of Skin (ISDIS) [and] International Society for Skin Imaging (ISSI),2;10;12,,Journal Article;Retracted Publication
39080576,2024,Association between metabolic dysfunction-associated steatotic liver disease and pulmonary function: a population-based and two-sample mendelian randomization study.,BMC pulmonary medicine,1;2;10;13,,Journal Article
39077366,2024,Gut Microbiome and Atherosclerosis: A Mendelian Randomization Study.,Reviews in cardiovascular medicine,1;2;10,,Journal Article
39076206,2024,The role of Immune cells in Alzheimer's disease: a bidirectional Mendelian randomization study.,Frontiers in aging neuroscience,2;10;11,,Journal Article
39075276,2025,Investigation of the causal relationship between breast cancer and thyroid cancer: a set of two-sample bidirectional Mendelian randomization study.,Endocrine,2;5;10,,Journal Article
39075078,2024,Association between periodontal disease and schizophrenia: a bidirectional two-sample Mendelian randomization study.,Scientific reports,2;4;10,,Journal Article
39073618,2024,Assessing the genetic associations between plasma lipidomic profiles and psoriasis vulgaris.,Archives of dermatological research,1;2;9;12,,Journal Article
39070268,2024,The causal relationship between gut microbiota and alopecia areata: a Mendelian randomization analysis.,Frontiers in microbiology,2;10;12,,Journal Article
39070143,2024,Association between obstructive sleep apnea and risk of lung cancer: findings from a collection of cohort studies and Mendelian randomization analysis.,Frontiers in oncology,2;5;10;13,,Journal Article
39063658,2024,Exploring the Genetic Roles of Diet and Other Modifiable Risk Factors in the Risk of Angina: A Causal Investigation Using Mendelian Randomization in UK Biobank and FinnGen Cohorts.,"Life (Basel, Switzerland)",1;2;10,,Journal Article
39062709,2024,Replication of Known and Identification of Novel Associations in Biobank-Scale Datasets: A Survey Using UK Biobank and FinnGen.,Genes,2,,Journal Article
39062030,2024,The Role of Gut Microbiota in Thromboangiitis Obliterans: Cohort and Mendelian Randomization Study.,Biomedicines,2;9;10,,Journal Article
39055981,2024,Association between gut microbiota and adrenal disease: a two-sample Mendelian randomized study.,Frontiers in cellular and infection microbiology,2;10,,Journal Article
39054435,2024,The genetic effects of hormones modulated by the Pituitary-Thyroid/Adrenal/Gonadal axis on the risk of developing venous thromboembolism: a mendelian randomization study.,BMC cardiovascular disorders,1;2;10,,Journal Article
39051921,2025,"Identification of immune-inflammation targets for intracranial aneurysms: a multiomics and epigenome-wide study integrating summary-data-based Mendelian randomization, single-cell-type expression analysis, and DNA methylation regulation.","International journal of surgery (London, England)",1;2;10;14,,Journal Article
39050738,2024,Sex Hormones and Chronic Obstructive Pulmonary Disease: A Cross-Sectional Study and Mendelian Randomization Analysis.,International journal of chronic obstructive pulmonary disease,2;10;13,,"Journal Article;Research Support, Non-U.S. Gov't"
39050602,2024,Sarcopenia-related traits and 10 digestive system disorders: insight from genetic correlation and Mendelian randomization.,Frontiers in public health,2;10;11,,Journal Article
39050567,2024,The causal relationship between gut microbiota and diabetic neuropathy: a bi-directional two-sample Mendelian randomization study.,Frontiers in endocrinology,1;2;10;14,,Journal Article
39050566,2024,Assessing causal relationships between gut microbiota and abortion: evidence from two sample Mendelian randomization analysis.,Frontiers in endocrinology,2;10,,Journal Article
39050365,2024,The Causal Association Between Obstructive Sleep Apnea and Child-Onset Asthma Come to Light: A Mendelian Randomization Study.,Nature and science of sleep,2;10;13,,Journal Article
39050158,2024,Association between Lp(a) and T2D: a Mendelian randomization study.,Archives of medical science : AMS,1;2;10,,Journal Article
39050133,2024,Anorexia and bulimia in relation to ulcerative colitis: a Mendelian randomization study.,Frontiers in nutrition,2;9;10,,Journal Article
39050131,2024,The role of gut microbiota and blood metabolites in postpartum depression: a Mendelian randomization analysis.,Frontiers in cellular and infection microbiology,2;4;10;15,,Journal Article
39048956,2024,"The role of hypertension in the relationship between leisure screen time, physical activity and migraine: a 2-sample Mendelian randomization study.",The journal of headache and pain,1;2;7;10;14,,Journal Article
39045320,2024,Causal relationships of lifestyle behaviours and body fat distribution on diabetic microvascular complications: a Mendelian randomization study.,Frontiers in genetics,1;2;10;14;18,,Journal Article
39045316,2024,Genetic correlation and causal relationship between sleep and myopia: a mendelian randomization study.,Frontiers in genetics,2;10;13;18,,Journal Article
39045268,2024,Association between blood metabolites and basal cell carcinoma risk: a two-sample Mendelian randomization study.,Frontiers in endocrinology,2;5;10;12,,Journal Article
39044964,2024,Asthma and risk of adverse pregnancy outcomes: A Mendelian randomization study.,Heliyon,1;2;10;13;15,,Journal Article
39044827,2024,Platelet indices and inflammatory bowel disease: a Mendelian randomization study.,Frontiers in immunology,2;9;10,,Journal Article
39044823,2024,Causal effects of autoimmune diseases on temporomandibular disorders and the mediating pathways: a Mendelian randomization study.,Frontiers in immunology,1;2;9;10;12;13;14,,Journal Article
39044191,2024,The causal relationship between inflammatory bowel diseases and erythema nodosum: a bidirectional two-sample mendelian randomization study.,BMC gastroenterology,2;9;10,,Journal Article
39043809,2024,Effects of genetically proxied statins on diabetic nephropathy and retinopathy: a Mendelian randomization study.,Scientific reports,1;2;10;18,,Journal Article
39041034,2024,Autoimmune hypothyroidism GWAS reveals independent autoimmune and thyroid-specific contributions and an inverse relation with cancer risk.,Research square,2;5;9;12,,Journal Article;Preprint
39040677,2024,Role of circulating inflammatory protein in the development of diabetic renal complications: proteome-wide Mendelian randomization and colocalization analyses.,Frontiers in endocrinology,1;2;10,,Journal Article
39040085,2024,Unraveling genetic threads: Identifying novel therapeutic targets for allergic rhinitis through Mendelian randomization.,The World Allergy Organization journal,2;10;12;13;18,,Journal Article
39039470,2024,"Multi-omics Mendelian randomization integrating GWAS, eQTL and pQTL data revealed GSTM4 as a potential drug target for migraine.",The journal of headache and pain,2;10;14,,Journal Article
39038197,2024,Periodontitis and Chronic Obstructive Pulmonary Disease: A bidirectional Mendelian randomization study.,Community dental health,2;10;13,,Journal Article
39036049,2024,Identifying novel potential drug targets for endometriosis via plasma proteome screening.,Frontiers in endocrinology,2;15,,Journal Article
39035989,2024,"PTGES2 and RNASET2 identified as novel potential biomarkers and therapeutic targets for basal cell carcinoma: insights from proteome-wide mendelian randomization, colocalization, and MR-PheWAS analyses.",Frontiers in pharmacology,2;5;10;12,,Journal Article
39035234,2024,Occlusion dysfunction and Alzheimer's disease: Mendelian randomization study.,Frontiers in aging neuroscience,2;10;11,,Journal Article
39034037,2024,Association between genetically proxied PPARG activation and psoriasis vulgaris: a Mendelian randomization study.,The Journal of dermatological treatment,1;2;9;10;12,,Journal Article
39033731,2024,Circulating inflammatory proteins and abdominal aortic aneurysm: A two-sample Mendelian randomization and colocalization analyses.,Cytokine,1;2;10,,Journal Article
39029667,2024,Integrating genetic and proteomic data to elucidate the association between immune system and blood-brain barrier dysfunction with multiple sclerosis risk and severity.,Journal of affective disorders,2;8;9;14,,Journal Article
39029026,2024,Navigating the gut-bone axis: The pivotal role of Coprococcus3 in osteoporosis prevention through Mendelian randomization.,Medicine,2;10,,Journal Article
39029004,2024,Causal relationship between gut microbiota and idiopathic pulmonary fibrosis: A two-sample Mendelian randomization.,Medicine,2;10;13,,Journal Article
39027441,2024,Exploring the association between grip strength and adverse pregnancy and perinatal outcomes: A Mendelian randomization study.,Heliyon,2;10;15,,Journal Article
39027094,2024,Unraveling the relationship between gut microbiota and site-specific endometriosis: a Mendelian randomization analysis.,Frontiers in microbiology,2;10;15,,Journal Article
39027091,2024,Large-scale bidirectional Mendelian randomization study identifies new gut microbiome significantly associated with immune thrombocytopenic purpura.,Frontiers in microbiology,2;10,,Journal Article
39026678,2024,Plasma proteins and psoriatic arthritis: a proteome-wide Mendelian randomization study.,Frontiers in immunology,2;9;10,,Journal Article
39026146,2024,The associations between dysregulation of human blood metabolites and lung cancer risk: evidence from genetic data.,BMC cancer,2;5,,Journal Article
39024248,2024,"Trans-ancestry analysis in over 799,000 individuals yields new insights into the genetic etiology of colorectal cancer.",PloS one,2;5,,Journal Article;Meta-Analysis
39021826,2024,Inflammatory factors and the risk of urolithiasis: a bidirectional Mendelian randomization study.,Frontiers in medicine,2;10,,Journal Article
39016200,2024,Association of education attainment and risk of connective tissue diseases.,International journal of rheumatic diseases,2;9,,Journal Article;Meta-Analysis
39015929,2024,Association of education with cholelithiasis and mediating effects of cardiometabolic factors: A Mendelian randomization study.,World journal of clinical cases,1;2;10,,Journal Article
39015781,2024,Causality of metabolites and metabolic pathways on cholestatic liver diseases: a Mendelian randomization study.,Frontiers in medicine,2;10,,Journal Article
39011893,2024,Whole -genome survival analysis of 144 286 people from the UK Biobank identifies novel loci associated with blood pressure.,Journal of hypertension,1;2,,Journal Article
39011400,2024,Causality of genetically determined metabolites on susceptibility to prevalent urological cancers: a two-sample Mendelian randomization study and meta-analysis.,Frontiers in genetics,2;5;10,,Journal Article
39010855,2024,Associations of modifiable factors with risk of irritable bowel syndrome.,Frontiers in nutrition,2;7;13,,Journal Article
39010148,2024,Causal association between telomere length and female reproductive endocrine diseases: a univariable and multivariable Mendelian randomization analysis.,Journal of ovarian research,1;2;10;13;15,,Journal Article
39010041,2024,"COPD, PRISm and lung function reduction affect the brain cortical structure: a Mendelian randomization study.",BMC pulmonary medicine,2;10;13,,Journal Article
39009924,2024,Multi-biobank Mendelian randomization analyses identify opposing pathways in plasma low-density lipoprotein-cholesterol lowering and gallstone disease.,European journal of epidemiology,1;2;10,,Journal Article
39006368,2024,"Decoding connections in the European population: serum uric acid, sex hormone-binding globulin, total testosterone, estradiol, and female infertility - advanced bidirectional and mediative Mendelian randomization.",Frontiers in endocrinology,2;10;15,,Journal Article
39006363,2024,Causal relationships exist between polycystic ovary syndrome and adverse pregnancy and perinatal outcomes: a Mendelian randomization study.,Frontiers in endocrinology,1;2;10;15,,Journal Article
39004721,2024,Assessment of glycemic susceptibility across multiple urological and reproductive disorders.,Diabetology & metabolic syndrome,1;2;5;15,,Journal Article
39004376,2024,Associations between serum metabolites and female cancers: A bidirectional two-sample mendelian randomization study.,The Journal of steroid biochemistry and molecular biology,2;5;10;15,,"Journal Article;Research Support, Non-U.S. Gov't"
39004241,2024,Birth weight and risk of cerebral aneurysm: A multivariable Mendelian randomization study.,Journal of stroke and cerebrovascular diseases : the official journal of National Stroke Association,1;2;10,,Journal Article
39001774,2024,Effect of Relative Protein Intake on Hypertension and Mediating Role of Physical Fitness and Circulating Fatty Acids: A Mendelian Randomization Study.,Mayo Clinic proceedings,1;2;10;11,,Journal Article
38997745,2024,Does metformin really reduce prostate cancer risk: an up-to-date comprehensive genome-wide analysis.,Diabetology & metabolic syndrome,2;5;16,,Journal Article
38994009,2024,Association between frailty and gestational diabetes mellitus: a bidirectional and multivariable Mendelian randomization study.,Frontiers in endocrinology,1;2;10;11;15,,Journal Article
38993524,2024,Exploring causal correlations between inflammatory cytokines and intervertebral disc degeneration: A Mendelian randomization.,JOR spine,2;10,,Journal Article
38992866,2024,"Diabetes, glycemic profile and risk of vitiligo: A Mendelian randomization study.",Skin research and technology : official journal of International Society for Bioengineering and the Skin (ISBS) [and] International Society for Digital Imaging of Skin (ISDIS) [and] International Society for Skin Imaging (ISSI),1;2;10;12,,Journal Article;Retracted Publication
38992852,2024,Causal relationship between central corneal thickness and open-angle glaucoma: Evidence from Mendelian randomization.,Experimental eye research,2;10;18,,Journal Article
38990459,2024,Causal impact of statins on susceptibility to osteoarthritis: insights from a two-sample Mendelian randomization analysis.,International journal of clinical pharmacy,2;10,,Journal Article
38988665,2024,Genetically predicted inflammatory proteins and the risk of atrial fibrillation: a bidirectional Mendelian randomization study.,Frontiers in cardiovascular medicine,1;2;5;10,,Journal Article
38986270,2024,Dyslipidemia characterized by low density lipoprotein cholesterol and risk of preterm Birth: A Mendelian randomization study.,"European journal of obstetrics, gynecology, and reproductive biology",1;2;10;15,,Journal Article
38984704,2024,Causal effects of hypertensive disorders of pregnancy on structural changes in specific brain regions: a Mendelian randomization study.,"Cerebral cortex (New York, N.Y. : 1991)",1;2;10;15,,"Journal Article;Research Support, Non-U.S. Gov't"
38983268,2024,Causal association between major depressive disorder and venous thromboembolism: a bidirectional mendelian randomization study.,Frontiers in genetics,1;2;4;10,,Journal Article
38982318,2024,Mendelian randomization analysis reveals higher whole body water mass may increase risk of bacterial infections.,BMC medical genomics,2;8;10;15,,Journal Article
38980841,2024,Exome sequencing identifies novel genetic variants associated with varicose veins.,PLoS genetics,2,,Journal Article
38979494,2024,Circulating inflammatory cytokines influencing schizophrenia: a Mendelian randomization study.,Frontiers in psychiatry,2;4;10,,Journal Article
38975351,2024,"The causality between leisure sedentary behaviors, physical activity and obstructive sleep apnea: a bidirectional Mendelian randomization study.",Frontiers in public health,2;7;10;13,,Journal Article
38974683,2024,Genetics of causal relationships between circulating inflammatory proteins and postherpetic neuralgia: a bidirectional Mendelian randomization study.,Frontiers in neurology,2;10,,Journal Article
38974388,2024,"Endometriosis is a disease of immune dysfunction, which could be linked to microbiota.",Frontiers in genetics,2;15,,Journal Article
38970068,2024,Causal relationship between bone mineral density and intervertebral disc degeneration: a univariate and multivariable mendelian randomization study.,BMC musculoskeletal disorders,1;2;10,,Journal Article
38968531,2024,Intestinal microbiota and tuberculosis: Insights from Mendelian randomization.,Medicine,2;8;10,,Journal Article
38968504,2024,Mitochondrial biological function and risk of atrial fibrillation and atrial flutter: A 2-sample Mendelian randomization study.,Medicine,1;2;10,,Journal Article
38966529,2024,The causal relationship between rheumatoid arthritis and bronchiectasis: a bidirectional Mendelian randomization study.,Frontiers in medicine,2;9;10,,Journal Article
38966010,2024,Assessing causality between obstructive sleep apnea with the dyslipidemia and osteoporosis: a Mendelian randomization study.,Frontiers in genetics,1;2;10;13,,Journal Article
38965329,2024,Relationship between Sjogren's syndrome and gastroesophageal reflux: A bidirectional Mendelian randomization study.,Scientific reports,2;9;10,,Journal Article
38964658,2024,The impact of 25-hydroxyvitamin D and calcium on risk of age-related macular degeneration: a Mendelian randomization study.,The American journal of clinical nutrition,2;10;18,,"Journal Article;Research Support, Non-U.S. Gov't"
38962478,2024,Potential causal association of diabetes mellitus and blood glucose related indexes with the onset of epilepsy: a two-sample Mendelian randomization study.,Frontiers in neurology,1;2;10;14,,Journal Article
38962452,2024,Bridging the gap: exploring the causal relationship between metformin and tumors.,Frontiers in genetics,2;16,,Journal Article
38960375,2024,Differing genetic variants associated with liver fat and their contrasting relationships with cardiovascular diseases and cancer.,Journal of hepatology,1;2;5,,Journal Article
38958660,2024,Is Type 2 Diabetes Mellitus Associated with Spinal Degenerative Disorders?: Evidence from Observational and 2-Sample Mendelian Randomization Analyses.,The Journal of bone and joint surgery. American volume,1;2;10,,Journal Article;Comparative Study;Observational Study
38957867,2024,Association of circulating minerals and vitamins with pregnancy complications: a Mendelian randomization study.,Frontiers in nutrition,1;2;10;15,,Journal Article
38957866,2024,Diet and risk for hernia: a Mendelian randomization analysis.,Frontiers in nutrition,2;10,,Journal Article
38957811,2024,"The causal relationship between smoking, alcohol consumption, and renal clear cell carcinoma: a Mendelian randomization study.",Frontiers in genetics,1;2;4;5;10,,Journal Article
38956883,2024,Dietary Factors and the Risk of Colorectal Cancer: A Mendelian Randomization Study.,Nutrition and cancer,2;5;10,,Journal Article
38955238,2024,No causal relationship between serum urate and neurodegenerative diseases: A Mendelian randomization study.,Experimental gerontology,2;9;10;11;14,,Journal Article
38953300,2024,Association between gut microbiota and malignant cardiac tumors: A two-sample Mendelian randomization study.,Cancer medicine,1;2;10,,Journal Article
38952712,2024,The causal relationship between sleep and risk of psychiatric disorders: A two-sample mendelian randomization study.,Frontiers in genetics,2;4;10;13,,Journal Article
38952391,2024,Assessing causal associations of blood counts and biochemical indicators with pulmonary arterial hypertension: a Mendelian randomization study and results from national health and nutrition examination survey 2003-2018.,Frontiers in endocrinology,1;2;10;13,,Journal Article;Observational Study
38951193,2024,Association of Crohn's disease and ulcerative colitis with the risk of neurological diseases: a large-scale Mendelian randomization study.,Journal of human genetics,2;9;10;11;14,,Journal Article
38948518,2024,Mendelian randomization study and mediation analysis about the relation of inflammatory bowel disease and diabetic retinopathy: the further exploration of gut-retina axis.,Frontiers in endocrinology,1;2;9;10;18,,Journal Article
38947239,2024,Causal relationship between type 1 diabetes mellitus and mycoses: a Mendelian randomization study.,Frontiers in medicine,1;2;10,,Journal Article
38946785,2024,Causal associations between the gut microbiota and multiple myeloma: a two-sample Mendelian randomization study.,Frontiers in nutrition,2;5;10,,Journal Article
38943703,2024,Association between inflammatory bowel disease and the risk of parenteral malignancies: A two-sample Mendelian randomization study.,"Clinics (Sao Paulo, Brazil)",2;5;9;10;12,,"Journal Article;Research Support, Non-U.S. Gov't"
38943064,2024,Immune-mediated inflammatory diseases and periodontal disease: a bidirectional two-sample mendelian randomization study.,BMC immunology,2;9;10,,Journal Article
38941401,2024,Diet and risk for acute tubulointerstitial nephritis.,Medicine,,,Journal Article;Observational Study
38941394,2024,The impact of educational attainment on mental health: A Causal Assessment from the UKB and FinnGen Cohorts.,Medicine,2;4,,Journal Article
38940861,2024,Associations between immune cell traits and autoimmune thyroid diseases: a bidirectional two-sample mendelian randomization study.,Immunogenetics,2;9;10,,"Journal Article;Research Support, Non-U.S. Gov't"
38937531,2024,Causal role of immune cells on cervical cancer onset revealed by two-sample Mendelian randomization study.,Scientific reports,2;5;10,,Journal Article
38935111,2025,The association between immune cells and breast cancer: insights from Mendelian randomization and meta-analysis.,"International journal of surgery (London, England)",2;5;8;10,,Journal Article;Meta-Analysis
38933877,2024,The causal relationship between diet habits and cholelithiasis: a comprehensive Mendelian randomization (MR) study.,Frontiers in nutrition,2;10,,Journal Article
38933282,2024,Identification of drug targets for Sjögren's syndrome: multi-omics Mendelian randomization and colocalization analyses.,Frontiers in immunology,2;9;10,,Journal Article
38932472,2024,An Inherited Allele Confers Prostate Cancer Progression and Drug Resistance via RFX6/HOXA10-Orchestrated TGFβ Signaling.,"Advanced science (Weinheim, Baden-Wurttemberg, Germany)",2;5,,"Journal Article;Research Support, Non-U.S. Gov't"
38931433,2024,Novel Protein Biomarkers and Therapeutic Targets for Type 1 Diabetes and Its Complications: Insights from Summary-Data-Based Mendelian Randomization and Colocalization Analysis.,"Pharmaceuticals (Basel, Switzerland)",1;2;10,,Journal Article
38931287,2024,No Evidence of an Association between Genetic Factors Affecting Response to Vitamin A Supplementation and Myopia: A Mendelian Randomization Study and Meta-Analysis.,Nutrients,2;10;18,,Journal Article;Meta-Analysis
38927665,2024,"Gut Microbiota, Human Blood Metabolites, and Esophageal Cancer: A Mendelian Randomization Study.",Genes,2;5;10,,Journal Article
38927386,2024,Adenosine 5'-Monophosphate-to-Threonine Ratio Promotes Abdominal Aortic Aneurysms via Up-Regulation of HLA-DR on Natural Killer Cells: A Bidirectional Mendelian Randomized Analysis.,Biomedicines,1;2;8;10,,Journal Article
38925660,2024,Prescription glucocorticoid medication and iridocyclitis are associated with an increased risk of senile cataract occurrence: a Mendelian randomization study.,Aging,1;2;10;18,,"Journal Article;Research Support, Non-U.S. Gov't"
38919955,2024,Revealing the genetic complexity of hypothyroidism: integrating complementary association methods.,Frontiers in genetics,2,,Journal Article
38910168,2024,Causal relationship between basal metabolic rate and intervertebral disc degeneration: a Mendelian randomization study.,"European spine journal : official publication of the European Spine Society, the European Spinal Deformity Society, and the European Section of the Cervical Spine Research Society",1;2;10,,Journal Article
38909219,2024,Identification of lipid-modifying drug targets for autoimmune diseases: insights from drug target mendelian randomization.,Lipids in health and disease,1;2;9;10,,Journal Article
38907314,2024,Dietary factors in relation to hypertension: a mendelian randomization study.,"Journal of health, population, and nutrition",1;2;10,,"Journal Article;Research Support, Non-U.S. Gov't"
38905357,2024,Mendelian randomization analysis elucidates the causal relationship between celiac disease and the risk of thyroid dysfunction.,Medicine,2;9;10,,Journal Article
38904048,2024,Mendelian randomization unraveled: gender-specific insights into obesity-related phenotypes and colorectal cancer susceptibility.,Frontiers in endocrinology,1;2;5;10,,Journal Article
38904045,2024,Assessing the causal association of pregnancy complications with diabetes and cardiovascular disease.,Frontiers in endocrinology,1;2;14;15,,Journal Article
38904040,2024,Association between cathepsins and benign prostate diseases: a bidirectional two-sample Mendelian randomization study.,Frontiers in endocrinology,2;5;10,,Journal Article
38904039,2024,Causal link between hypothyroidism and gastric cancer risk: insights gained through multivariable Mendelian randomization and mediation analysis.,Frontiers in endocrinology,1;2;5;8;10,,Journal Article
38903897,2024,Cathepsins and Parkinson's disease: insights from Mendelian randomization analyses.,Frontiers in aging neuroscience,2;10;11,,Journal Article
38903813,2024,Repurposing lipid-lowering drugs as potential treatment for acne vulgaris: a Mendelian randomization study.,Frontiers in medicine,1;2;10;12,,Journal Article
38903760,2024,A causal association between lipid-lowering medications and rotator cuff syndrome: a drug-targeted mendelian randomization study.,Frontiers in genetics,1;2;10,,Journal Article
38903171,2024,Therapeutic targets for age-related macular degeneration: proteome-wide Mendelian randomization and colocalization analyses.,Frontiers in neurology,2;10;18,,Journal Article
38903170,2024,Independent causal effect of migraines on Alzheimer's disease risk: a multivariate Mendelian randomization study.,Frontiers in neurology,2;10;11;14,,Journal Article
38902823,2024,Genome-Wide Association Study Identifies Genes for Hair Growth and Patterning are Associated With Pilonidal Disease.,Diseases of the colon and rectum,2;10,,Journal Article
38901934,2024,"Causal relationships between gut microbiota, gut metabolites, and diabetic neuropathy: A mendelian randomization study.",Clinical nutrition ESPEN,1;2;10;14,,Journal Article
38901247,2024,The role of serum interleukins in Cancer: A Multi-center Mendelian Randomization study.,International immunopharmacology,2;5;10,,Journal Article;Multicenter Study
38899286,2024,"Causal relationships between gut microbiota and dementia: A two-sample, bidirectional, Mendelian randomization study.",World journal of clinical cases,2;10;11,,Journal Article
38898610,2024,Causal effects of gut microbiota on multiple sclerosis: A two-sample Mendelian randomization study.,Brain and behavior,2;9;10;14,,Journal Article
38895120,2024,Exploring gut microbiota's role in rheumatic valve disease: insights from a Mendelian randomization study and mediation analysis.,Frontiers in immunology,2;10,,"Journal Article;Research Support, Non-U.S. Gov't"
38894977,2024,Causal Relationships Between Circulating Inflammatory Proteins and Obstructive Sleep Apnea: A Bidirectional Mendelian Randomization Study.,Nature and science of sleep,2;10;13,,Journal Article
38890685,2024,Causality between serum uric acid and diabetic microvascular complications - a mendelian randomization study.,Diabetology & metabolic syndrome,1;2;10;14;18,,Journal Article
38887501,2024,Genetically determined dietary habits and risk of Alzheimer's disease: a Mendelian randomization study.,Frontiers in nutrition,2;10;11,,Journal Article
38887450,2024,A Mendelian randomization study of the effect of mental disorders on cardiovascular disease.,Frontiers in cardiovascular medicine,1;2;4;10,,Journal Article
38887301,2024,Causality of genetically proxied immunophenotypes on cardiovascular diseases: a Mendelian randomization study.,Frontiers in immunology,1;2;10;14,,"Journal Article;Research Support, Non-U.S. Gov't"
38887269,2024,Causal relationship between T2DM microvascular complications and gut microbiota: a Mendelian randomization study.,Frontiers in endocrinology,1;2;10,,Journal Article
38885114,2024,Causal effects between gut microbiota and endometriosis: a two-sample Mendelian randomisation study.,Journal of obstetrics and gynaecology : the journal of the Institute of Obstetrics and Gynaecology,2;10;15,,Journal Article
38882664,2024,Associations of inflammatory cytokines with palmoplantar pustulosis: a bidirectional Mendelian randomization study.,Frontiers in medicine,2;10;12,,Journal Article
38879601,2024,Unhealthy lifestyle factors and the risk of colorectal cancer: a Mendelian randomization study.,Scientific reports,1;2;5;7;10,,Journal Article
38878456,2024,Associations between genetically predicted TIMP-3 levels and risk of venous thromboembolism: A two sample Mendelian randomization study.,Journal of pharmaceutical and biomedical analysis,1;2;10,,Journal Article
38878115,2024,Assessing the relationship between psoriasis and thyroid dysfunction through two sample MR analysis.,Archives of dermatological research,2;9;12,,Journal Article
38877527,2024,Associations between deep venous thrombosis and thyroid diseases: a two-sample bidirectional Mendelian randomization study.,European journal of medical research,1;2;5;10,,Journal Article
38877415,2024,Blood metabolomic and postpartum depression: a mendelian randomization study.,BMC pregnancy and childbirth,2;4;10;15,,Journal Article
38877395,2024,The immune factors have complex causal regulation effects on kidney stone disease: a mendelian randomization study.,BMC immunology,1;2;10,,"Journal Article;Research Support, Non-U.S. Gov't"
38875426,2024,Elucidating causal relationships of diet-derived circulating antioxidants and the risk of non-scarring alopecia: A Mendelian randomization study.,Medicine,2;10;12,,Journal Article
38873604,2024,"The genetic relationships between immune cell traits, circulating inflammatory proteins and preeclampsia/eclampsia.",Frontiers in immunology,1;2;15,,Journal Article
38873223,2024,Effect of serum uric acid on the risk of aortic aneurysm and dissection: A mendelian randomization analysis.,Biochemistry and biophysics reports,1;2;10,,Journal Article
38872630,2024,Cathepsin-mediated regulation of alpha-synuclein in Parkinson's disease: a Mendelian randomization study.,Frontiers in aging neuroscience,2;10;11,,Journal Article
38872627,2024,Association between chronic kidney disease and age-related macular degeneration: a Mendelian randomization study.,Frontiers in aging neuroscience,1;2;10;18,,Journal Article
38870908,2024,Genome-wide association study of the common retinal disorder epiretinal membrane: Significant risk loci in each of three American populations.,Cell genomics,2;6;18,,Journal Article
38867366,2024,Type 2 diabetes mellitus and cardiovascular health: Evidence of causal relationships in a European ancestry population.,ESC heart failure,1;2;14,,Journal Article
38866570,2024,TWINGEN: protocol for an observational clinical biobank recall and biomarker cohort study to identify Finnish individuals with high risk of Alzheimer's disease.,BMJ open,7;11;17,,Journal Article;Multicenter Study;Observational Study
38863695,2024,Exploring risk factors for autoimmune diseases complicated by non-hodgkin lymphoma through regulatory T cell immune-related traits: a Mendelian randomization study.,Frontiers in immunology,2;5;9;10;12,,Journal Article
38863045,2024,Genetic Causal Associations between Various Serum Minerals and Risk of Depression: A Mendelian Randomization Study.,Actas espanolas de psiquiatria,2;4;10,,Journal Article
38863024,2024,Causal association between circulating blood cell traits and pulmonary embolism: a mendelian randomization study.,Thrombosis journal,1;2;10;13,,Journal Article
38862880,2024,Investigating causal associations between pneumonia and lung cancer using a bidirectional mendelian randomization framework.,BMC cancer,2;5;8;10;13,,Journal Article
38862513,2024,"Whole-genome sequencing identifies variants in ANK1, LRRN1, HAS1, and other genes and regulatory regions for stroke in type 1 diabetes.",Scientific reports,1;2;14,14.2-stroke-cerebro,Journal Article
38860220,2024,The causality between gut microbiota and non-Hodgkin lymphoma: a two-sample bidirectional Mendelian randomization study.,Frontiers in microbiology,2;5;10,,Journal Article
38857589,2024,"Iron Status, Thyroid Dysfunction, and Iron Deficiency Anemia: A Two-Sample Mendelian Randomization Study.",Annals of nutrition & metabolism,2;10,,Journal Article
38857222,2024,The causal relationship between autoimmune diseases and age-related macular degeneration: A two-sample mendelian randomization study.,PloS one,1;2;9;10;14;18,,Journal Article
38856136,2024,Effects of particulate matter exposure on the risk of type 2 diabetes: a Mendelian randomization study.,European review for medical and pharmacological sciences,1;2;10;19,,Journal Article
38855765,2024,Genetic associations between gut microbiota and allergic rhinitis: an LDSC and MR analysis.,Frontiers in microbiology,2;18,,Journal Article
38855762,2024,Association between gut microbiota and common overlapping gastrointestinal disorders: a bidirectional two-sample Mendelian randomization study.,Frontiers in microbiology,2;10,,Journal Article
38851890,2024,Genetic analyses of inflammatory polyneuropathy and chronic inflammatory demyelinating polyradiculoneuropathy identified candidate genes.,HGG advances,2,,Journal Article;Meta-Analysis
38851830,2024,Depression and risk of infectious diseases: A mendelian randomization study.,Translational psychiatry,2;4;10,,"Journal Article;Research Support, Non-U.S. Gov't"
38848523,2024,Genetically Informed Study Highlights Income-Independent Effect of Schizophrenia Liability on Mental and Physical Health.,Schizophrenia bulletin,2;4;6,,Journal Article
38848344,2024,Examining the causal relationship between sex hormone-binding globulin (SHBG) and infertility: A Mendelian randomization study.,PloS one,2;10;15,,Journal Article
38848038,2025,Investigation of the Causal Relationship Between Autoimmune Diseases and Premature Ovarian Insufficiency.,"Reproductive sciences (Thousand Oaks, Calif.)",2;9;13,,"Journal Article;Research Support, Non-U.S. Gov't"
38848015,2024,Novel Genetic Variants Associated with Primary Myocardial Fibrosis in Sudden Cardiac Death Victims.,Journal of cardiovascular translational research,1;2,,Journal Article
38847920,2024,Detection of a major Lynch Syndrome-causing MLH1 founder variant in a large-scale genotyped cohort.,Familial cancer,2;5;10,,"Journal Article;Research Support, Non-U.S. Gov't"
38846958,2024,"Genetic insights into the gut microbiota, herpes zoster, and postherpetic neuralgia: a bidirectional two-sample Mendelian randomization study.",Frontiers in genetics,2;8;10,,Journal Article
38846540,2024,"Dietary intake, antioxidants, minerals and vitamins in relation to childhood asthma: a Mendelian randomization study.",Frontiers in nutrition,2;10;13,,Journal Article
38844880,2024,New evidence: Metformin unsuitable as routine adjuvant for breast cancer: a drug-target mendelian randomization analysis.,BMC cancer,1;2;5;10;16,,Journal Article
38841096,2024,Deciphering the brain-gut axis: elucidating the link between cerebral cortex structures and functional gastrointestinal disorders via integrated Mendelian randomization.,Frontiers in neuroscience,2;4;10,,Journal Article
38840504,2024,Two-sample Mendelian randomization analysis of the relationship between periodontitis and risk of upper gastrointestinal cancers.,Postgraduate medical journal,2;5;10,,Journal Article
38840241,2024,A cross-tissue transcriptome-wide association study reveals novel susceptibility genes for migraine.,The journal of headache and pain,2;14,,Journal Article
38836234,2024,Causal association between type 2 diabetes mellitus and acute suppurative otitis media: insights from a univariate and multivariate Mendelian randomization study.,Frontiers in endocrinology,1;2;10;18,,Journal Article
38836062,2024,Circulating metabolites and coronary heart disease: a bidirectional Mendelian randomization.,Frontiers in cardiovascular medicine,1;2;10,,Journal Article
38836036,2024,Genetically predicted major depression causally increases the risk of temporomandibular joint disorders.,Frontiers in genetics,2;4,,Journal Article
38834983,2024,Systematic druggable genome-wide Mendelian randomization identifies therapeutic targets for lung cancer.,BMC cancer,2;5;10;12,,Journal Article
38834872,2025,The impact of cannabis use on erectile dysfunction and sex hormones: a Mendelian randomization analysis.,International journal of impotence research,2;4;10,,Journal Article;Meta-Analysis
38830831,2024,Association between plasma proteome and pulmonary heart disease: A two-stage Mendelian randomization analysis.,The clinical respiratory journal,1;2;10;13,,Journal Article
38828408,2024,Identification of cytokines in benign and malignant thymus tumors: based on Mendelian randomization and proteomics.,Frontiers in endocrinology,2;10,,Journal Article
38828235,2024,Mendelian randomization analysis reveals causal relationships between circulating cell traits and renal disorders.,Frontiers in medicine,1;2;10,,Journal Article
38827393,2024,"Obstructive Sleep Apnea Syndrome and Obesity Indicators, Circulating Blood Lipid Levels, and Adipokines Levels: A Bidirectional Two-Sample Mendelian Randomization Study.",Nature and science of sleep,1;2;10;13,,Journal Article
38827362,2024,Inflammatory proteins mediate male erectile dysfunction via plasma metabolites.,Sexual medicine,2,,Journal Article
38824176,2024,Gastroesophageal reflux disease and non-alcoholic fatty liver disease: a two-sample Mendelian randomization combined with meta-analysis.,Scientific reports,1;2;10,,Journal Article;Meta-Analysis
38818872,2024,Genetically Predicted Sleep Traits and Sensorineural Hearing Loss: A Mendelian Randomization Study.,The Laryngoscope,2;10;13;18,,"Journal Article;Research Support, Non-U.S. Gov't"
38818501,2024,Juvenile idiopathic arthritis and primary ovarian failure: a two-sample Mendelian randomization analysis in a mixed-gender cohort.,Frontiers in endocrinology,2;10,,Journal Article
38813935,2024,GENETIC PREDICTION OF CAUSAL RELATIONSHIPS BETWEEN OSTEOPOROSIS AND SEPSIS: EVIDENCE FROM MENDELIAN RANDOMIZATION WITH TWO-SAMPLE DESIGNS.,"Shock (Augusta, Ga.)",2;8;10,,"Journal Article;Research Support, Non-U.S. Gov't"
38811927,2024,Causal relationship between resting-state networks and depression: a bidirectional two-sample mendelian randomization study.,BMC psychiatry,2;4;10,,"Journal Article;Research Support, Non-U.S. Gov't"
38809509,2024,Leveraging pQTL-based Mendelian randomization to identify new treatment prospects for primary biliary cholangitis and primary sclerosing cholangitis.,Aging,2;10,,"Journal Article;Research Support, Non-U.S. Gov't"
38808604,2024,"Physical activity, sedentary behavior, and the risk of functional gastrointestinal disorders: A two-sample Mendelian randomization study.",Journal of digestive diseases,2;7;10,,Journal Article
38807496,2024,Lipids and Statin Medication With Sensorineural Hearing Loss: A Mendelian Randomization Study.,The Laryngoscope,1;2;10;18,,"Journal Article;Research Support, Non-U.S. Gov't"
38803862,2024,Deciphering the circulating immunological landscape of thoracic aortic aneurysm: Insights from a two-sample Mendelian randomization study.,Heliyon,1;2;10,,Journal Article
38803481,2024,Causal relationship between type 2 diabetes mellitus and aortic dissection: insights from two-sample Mendelian randomization and mediation analysis.,Frontiers in endocrinology,1;2;10,,Journal Article
38803319,2024,Assessing Causal Relationships Between Periodontitis and Non-alcoholic Fatty Liver Disease: A Two-Sample Bidirectional Mendelian Randomisation Study.,Oral health & preventive dentistry,1;2;10,,Journal Article
38802400,2024,HMG-CoA reductase is a potential therapeutic target for migraine: a mendelian randomization study.,Scientific reports,2;10;14,,Journal Article;Meta-Analysis
38800978,2024,Causal effects of hypertensive disorders of pregnancy on future gynecologic tumors: A two-sample Mendelian randomization study.,Cancer medicine,1;2;5;10;15,,Journal Article
38800490,2024,A causal examination of the correlation between hormonal and reproductive factors and low back pain.,Frontiers in endocrinology,2;4;15,,Journal Article
38800249,2024,Exploring the Causal Relationship Between Modifiable Exposures and Diabetes Mellitus: A Two-Sample Mendelian Randomization Analysis.,Cureus,1;2;10,,Journal Article
38797326,2024,Genome-wide association study of hospitalized patients and acute kidney injury.,Kidney international,1;2,,"Journal Article;Meta-Analysis;Research Support, Non-U.S. Gov't;Research Support, N.I.H., Extramural"
38795606,2024,Associations between genetically predicted concentrations of circulating inflammatory cytokines and the risk of ten pregnancy-related adverse outcomes: A two-sample Mendelian randomization study.,Cytokine,1;2;10;15,,Journal Article
38794754,2024,Alcohol Exposure and Disease Associations: A Mendelian Randomization and Meta-Analysis on Weekly Consumption and Problematic Drinking.,Nutrients,2;5;9;10;11,,Journal Article;Meta-Analysis
38788766,2024,Exploring Causal Relationships between Circulating Inflammatory Proteins and Thromboangiitis Obliterans: A Mendelian Randomization Study.,Thrombosis and haemostasis,2;10,,Journal Article;Meta-Analysis
38788669,2025,Modifiable risk factors and inflammation-related proteins in polymyalgia rheumatica: genome-wide meta-analysis and Mendelian randomization.,"Rheumatology (Oxford, England)",2;9;10,,"Journal Article;Meta-Analysis;Research Support, Non-U.S. Gov't"
38787985,2024,Cholecystitis may decrease the risk of sudden death: A 2-sample Mendelian randomization study.,Medicine,1;2;10;14,,Journal Article;Meta-Analysis
38780189,2024,Association of sleep traits with risk of hypertensive disorders of pregnancy: a mendelian randomization study.,Journal of hypertension,1;2;10;13;15,,Journal Article
38779749,2024,The impact of neurocognitive and psychiatric disorders on the risk of idiopathic normal pressure hydrocephalus: A bidirectional Mendelian randomization study.,Brain and behavior,2;4;10;11,,Journal Article
38778174,2024,Exploration of potential novel drug targets for diabetic retinopathy by plasma proteome screening.,Scientific reports,1;2;18,,Journal Article
38776927,2024,Oral and non-oral lichen planus show genetic heterogeneity and differential risk for autoimmune disease and oral cancer.,American journal of human genetics,2;5;9;12,,"Journal Article;Research Support, Non-U.S. Gov't;Research Support, N.I.H., Extramural"
38776057,2024,Inflammatory cytokines and their potential role in kidney stone disease: a Mendelian randomization study.,International urology and nephrology,1;2;10,,Journal Article
38772918,2024,Coeliac disease and type 2 diabetes risk: a nationwide matched cohort and Mendelian randomisation study.,Diabetologia,1;10,,Journal Article
38766240,2024,"Rare genetic variation in VE-PTP is associated with central serous chorioretinopathy, venous dysfunction and glaucoma.",medRxiv : the preprint server for health sciences,18,,Journal Article;Preprint
38763176,2024,Genetic Study of Psoriasis Highlights its Close Link with Socioeconomic Status and Affective Symptoms.,The Journal of investigative dermatology,2;6;9;12,,Journal Article;Meta-Analysis
38762700,2024,Potential drug targets for tumors identified through Mendelian randomization analysis.,Scientific reports,2;5;10,,Journal Article
38762688,2024,Association between allergic diseases and both psoriasis and psoriatic arthritis: a bidirectional 2-sample Mendelian randomization study.,Archives of dermatological research,2;9;10;12;13;18,,Journal Article
38760772,2024,Causal association of sleep traits with the risk of thyroid cancer: A mendelian randomization study.,BMC cancer,2;5;10;13,,Journal Article
38757060,2024,Genetic Association between Lipid-Regulating Drug Targets and Diabetic Retinopathy: A Drug Target Mendelian Randomization Study.,Journal of lipids,1;2;10;18,,Journal Article
38752182,2024,Causal relationships between blood metabolites and diabetic retinopathy: a two-sample Mendelian randomization study.,Frontiers in endocrinology,1;2;10;18,,Journal Article
38751976,2024,The causal relationship between COVID-19 and ten esophageal diseases: a study utilizing Mendelian randomization.,Frontiers in medicine,2;8;10,,Journal Article
38751703,2024,Genetic Evidence for a Causal Relationship Between Innate Leukocytes and the Risk of Digestive System Cancers in East Asians and Europeans.,World journal of oncology,2;5,,Journal Article
38750912,2024,"Thyroid function effect on cardiac structure, cardiac function, and disease risk: Evidence of causal associations in European ancestry.",Heart rhythm,1;2;14,,Journal Article;Meta-Analysis
38746677,2024,The causal effects of genetically determined immune cells on gynecologic malignancies: a Mendelian randomization study.,Frontiers in oncology,2;5;10;15,,Journal Article
38745961,2024,Causal relationship between intervertebral disc degeneration and osteoporosis: a bidirectional two-sample Mendelian randomization study.,Frontiers in endocrinology,2;10,,Journal Article
38744939,2024,The causal relationship between serum metabolites and acne vulgaris: a Mendelian randomization study.,Scientific reports,2;10;12,,Journal Article
38743124,2024,RFX6 haploinsufficiency predisposes to diabetes through impaired beta cell function.,Diabetologia,1;15,,Journal Article
38742944,2024,Deciphering the causal relationship between plasma and cerebrospinal fluid metabolites and glioblastoma multiforme: a Mendelian Randomization study.,Aging,2;5;10,,Journal Article
38742127,2024,Investigating the shared genetic basis and causal relationships between mucosa-associated lymphoid tissue inflammation and psychiatric disorders.,Frontiers in psychiatry,2;4,,Journal Article
38741062,2024,Causal inference between pernicious anemia and cancers: a bidirectional two-sample mendelian randomization analysis.,BMC cancer,2;5;10,,Journal Article
38740536,2024,Genetically predicted biomarkers of iron homeostasis and risk of non-ischemic cardiomyopathy: A mendelian randomization study.,"Nutrition, metabolism, and cardiovascular diseases : NMCD",1;2;10,,Journal Article
38736244,2024,Association between gut microbiota and central retinal artery occlusion: A two-sample Mendelian randomization study.,Indian journal of ophthalmology,2;10;18,,"Journal Article;Research Support, Non-U.S. Gov't"
38731833,2024,Strengthening the Evidence for a Causal Link between Type 2 Diabetes Mellitus and Pancreatic Cancer: Insights from Two-Sample and Multivariable Mendelian Randomization.,International journal of molecular sciences,1;2;5;10,,Journal Article
38729796,2024,Proteome-Wide Mendelian Randomisation Identifies Causal Links of Plasma Proteins With Periodontitis.,International dental journal,10,,Journal Article
38728475,2024,Association of dietary nutrient intake with type 2 diabetes: A Mendelian randomization study.,Medicine,1;2;10,,Journal Article
38728465,2024,Gene association analysis to determine the causal relationship between immune-mediated inflammatory diseases and frozen shoulder.,Medicine,1;2;9;12,,Journal Article
38726270,2024,Causal relationship between circulating cytokines and follicular lymphoma: a two-sample Mendelian randomization study.,American journal of cancer research,2;5;10,,Journal Article
38725647,2024,Investigation on the relationship between hemoglobin concentration and stroke risk: a bidirectional Mendelian randomization study.,Frontiers in neurology,1;2;10;14,14.2-stroke-cerebro,Journal Article
38720886,2024,Causal relationship between eosinophilic esophagitis and inflammatory bowel disease: a bidirectional two-sample Mendelian randomization study.,Frontiers in immunology,2;9;10,,"Journal Article;Research Support, Non-U.S. Gov't;Meta-Analysis"
38720515,2024,"Uncovering novel drug targets for bipolar disorder: a Mendelian randomization analysis of brain, cerebrospinal fluid, and plasma proteomes.",Psychological medicine,2;4;10,,Journal Article
38716069,2024,Evaluation of bi-directional causal association between periodontitis and benign prostatic hyperplasia: epidemiological studies and two-sample mendelian randomization analysis.,Frontiers in genetics,2;10,,Journal Article
38713537,2024,Causal association between urine albumin-to-creatinine ratio and risk of colorectal cancer: A two-sample Mendelian randomization study.,Physiology international,1;2;5;10,,Journal Article
38712163,2024,The Role of X Chromosome in Alzheimer's Disease Genetics.,medRxiv : the preprint server for health sciences,2;11,,Preprint;Journal Article
38711980,2024,"Inflammatory cytokines may mediate the causal relationship between gut microbiota and male infertility: a bidirectional, mediating, multivariate Mendelian randomization study.",Frontiers in endocrinology,2;10;15,,"Journal Article;Research Support, Non-U.S. Gov't"
38711527,2024,The causal relationship between sarcoidosis and autoimmune diseases: a bidirectional Mendelian randomization study in FinnGen.,Frontiers in immunology,1;2;9;10,,"Journal Article;Research Support, Non-U.S. Gov't"
38711464,2024,Assessing the causal association between sleep apnea and the human gut microbiome composition: A two-sample Mendelian randomization study.,SAGE open medicine,2;10;13,,Journal Article
38711061,2024,Elucidating the association of obstructive sleep apnea with brain structure and cognitive performance.,BMC psychiatry,2;13,,"Journal Article;Research Support, Non-U.S. Gov't"
38709755,2024,The causal role of multiple psycho-emotional disorders in gastroesophageal reflux disease: A two-sample Mendelian randomized study.,PloS one,2;10,,"Journal Article;Research Support, Non-U.S. Gov't"
38709145,2024,Causal association between circulating inflammatory cytokines and intracranial aneurysm and subarachnoid hemorrhage.,European journal of neurology,1;2;14,,Journal Article
38708455,2024,A Mendelian randomization study of the effect of selenium on autoimmune thyroid disease.,European review for medical and pharmacological sciences,2;9;10,,Journal Article
38707908,2024,Association between gut microbiota and spinal stenosis: a two-sample mendelian randomization study.,Frontiers in immunology,2;10,,"Journal Article;Research Support, Non-U.S. Gov't;Meta-Analysis"
38703417,2024,Impact of loss-of-function in angiopoietin-like 4 on the human phenome.,Atherosclerosis,1;2,,"Journal Article;Research Support, Non-U.S. Gov't"
38701500,2024,Association of glucagon-like peptide-1 receptor agonists with risk of cancers-evidence from a drug target Mendelian randomization and clinical trials.,"International journal of surgery (London, England)",1;2;5;10;12,,Journal Article;Meta-Analysis
38701321,2024,A causal analysis of the relationship between exposure to sunlight and colorectal cancer risk: A Mendelian randomization study.,Medicine,2;5;10,,Journal Article
38699385,2024,Alzheimer's disease as a causal risk factor for diabetic retinopathy: a Mendelian randomization study.,Frontiers in endocrinology,1;2;10;11;18,,"Journal Article;Research Support, Non-U.S. Gov't"
38697862,2024,Causal effect of serum matrix metalloproteinase levels on venous thromboembolism: a Mendelian randomization study.,Epidemiology and health,1;2;10,,Journal Article
38695130,2024,Two-sample Mendelian randomization analysis reveals causal relationships between blood lipids and venous thromboembolism.,Haematologica,1;2;10,,Journal Article
38694896,2024,Multiple reports on the causal relationship between various chronic pain and gut microbiota: a two-sample Mendelian randomization study.,Frontiers in neuroscience,2;4;10,,Journal Article
38689755,2024,"Causal Association Between Diabetes, Body Mass Index and Lichen Sclerosus: A Bidirectional Two-Sample Mendelian Randomization Analysis.","Clinical, cosmetic and investigational dermatology",1;2;10;12,,Journal Article
38686204,2024,Protective effect of higher free thyroxine levels within the reference range on biliary tract cancer risk: a multivariable mendelian randomization and mediation analysis.,Frontiers in endocrinology,1;2;5;10,,"Journal Article;Research Support, Non-U.S. Gov't"
38685730,2024,Causal influence of gut microbiota on small cell lung cancer: a Mendelian randomization study.,The clinical respiratory journal,2;5;10,,Journal Article
38685026,2024,Large-scale genome-wide association studies reveal the genetic causal etiology between air pollutants and autoimmune diseases.,Journal of translational medicine,2;9;19,,"Journal Article;Research Support, Non-U.S. Gov't"
38682722,2024,The protective role of water intake in age-related eye diseases: insights from a Mendelian randomization study.,Food & function,2;10;18,,Journal Article
38681769,2024,The genetic association between hyperthyroidism and heart failure: a Mendelian randomization study.,Frontiers in endocrinology,1;2;10,,"Journal Article;Research Support, Non-U.S. Gov't"
38681765,2024,Type 1 diabetes mellitus and non-alcoholic fatty liver disease: a two-sample Mendelian randomization study.,Frontiers in endocrinology,1;2;10,,"Journal Article;Research Support, Non-U.S. Gov't"
38681667,2024,Association of genetically predicted 486 blood metabolites on the risk of Alzheimer's disease: a Mendelian randomization study.,Frontiers in aging neuroscience,2;10;11,,Journal Article
38680919,2024,Genetic insights into gut microbiota and risk of prostatitis: a Mendelian randomization study.,Frontiers in microbiology,2;10,,Journal Article
38680495,2024,Inflammatory cytokine profiles in erectile dysfunction: a bidirectional Mendelian randomization.,Frontiers in immunology,2;10,,"Journal Article;Research Support, Non-U.S. Gov't"
38673519,2024,Exploring the Associations of Inflammatory and Oxidative Stress Biomarkers with Pancreatic Diseases: An Observational and Mendelian Randomisation Study.,Journal of clinical medicine,4;10,,Journal Article
38671184,2024,Mendelian randomization reveals association of gut microbiota with Henoch-Schönlein purpura and immune thrombocytopenia.,International journal of hematology,2;10,,Journal Article
38664229,2024,Genetic correlation between circulating cytokines and risk of three ophthalmic diseases: a bidirectional two-sample Mendelian randomization study.,Human molecular genetics,2;10;18,,"Journal Article;Research Support, Non-U.S. Gov't"
38663478,2024,"Identifying Atopic Dermatitis Risk Loci in 1,094,060 Individuals with Subanalysis of Disease Severity and Onset.",The Journal of investigative dermatology,2;12,,Journal Article;Meta-Analysis
38660492,2024,Mendelian randomization analysis identifies druggable genes and drugs repurposing for chronic obstructive pulmonary disease.,Frontiers in cellular and infection microbiology,2;10;13,,"Journal Article;Research Support, Non-U.S. Gov't"
38655262,2024,"Causal relationship between the immune cells and ankylosing spondylitis: univariable, bidirectional, and multivariable Mendelian randomization.",Frontiers in immunology,2;9;10,,"Journal Article;Research Support, Non-U.S. Gov't"
38654235,2024,Obstructive sleep apnea and mental disorders: a bidirectional mendelian randomization study.,BMC psychiatry,2;4;10;13,,"Journal Article;Research Support, Non-U.S. Gov't"
38650934,2024,Genetic causal relationship between immune diseases and migraine: a Mendelian randomization study.,Frontiers in immunology,1;2;9;10;12;13;14;18,,"Journal Article;Research Support, Non-U.S. Gov't"
38650858,2024,Exploring the immunological landscape of osteomyelitis through mendelian randomization analysis.,Frontiers in genetics,2;10,,Journal Article
38648753,2024,Systematic investigation of genetically determined plasma and urinary metabolites to discover potential interventional targets for colorectal cancer.,Journal of the National Cancer Institute,2;5,,Journal Article
38648391,2024,Periodontal disease and risk of Alzheimer's disease: A two-sample Mendelian randomization.,Brain and behavior,2;10;11,,"Journal Article;Research Support, Non-U.S. Gov't"
38646627,2024,Love-hate relationship between hepatitis B virus and type 2 diabetes: a Mendelian randomization study.,Frontiers in microbiology,1;2;8;10,,Journal Article
38644415,2024,Mendelian randomization of circulating proteome identifies IFN-γ as a druggable target in aplastic anemia.,Annals of hematology,2;10,,Journal Article
38634868,2024,Causal effects of neuroticism on postpartum depression: a bidirectional mendelian randomization study.,Archives of women's mental health,2;4;10;15,,Journal Article;Meta-Analysis
38634508,2024,Genetic Causal Relationship Between Alanine Aminotransferase Levels and Risk of Gestational Diabetes Mellitus: Mendelian Randomization Analysis Based on Two Samples.,Twin research and human genetics : the official journal of the International Society for Twin Studies,1;2;10;15,,"Journal Article;Research Support, Non-U.S. Gov't"
38632254,2024,Reverse causation between multiple sclerosis and psoriasis: a genetic correlation and Mendelian randomization study.,Scientific reports,2;9;10;12;14,,Journal Article
38628866,2024,Roles of gut microbiota in androgenetic alopecia: insights from Mendelian randomization analysis.,Frontiers in microbiology,2;10;12,,Journal Article
38628696,2024,Dual effects of serum urate on stroke risk and prognosis: insights from Mendelian randomization.,Frontiers in neurology,1;2;10;14,14.2-stroke-cerebro,Journal Article
38619404,2023,[The causal relationship between gut microbiota and male reproductive and sexual health].,Zhonghua nan ke xue = National journal of andrology,2;15,,English Abstract;Journal Article
38616612,2024,Body mass index and meniscal tears: Evidence from meta-analysis of observational studies and Mendelian randomization.,Obesity reviews : an official journal of the International Association for the Study of Obesity,1;2;10,,"Journal Article;Meta-Analysis;Review;Research Support, Non-U.S. Gov't"
38609963,2024,Genetically predicted dietary macronutrient intakes and atrial fibrillation risk: a Mendelian randomization study.,European journal of medical research,1;2;10,,Journal Article
38609009,2024,Matrix Metalloproteinase and Aortic Aneurysm: A Two-sample Mendelian Randomization Study.,Annals of vascular surgery,1;2;10,,Journal Article
38608311,2024,Human Genetics and Genomics for Drug Target Identification and Prioritization: Open Targets' Perspective.,Annual review of biomedical data science,2,,"Journal Article;Review;Research Support, Non-U.S. Gov't"
38608121,2024,Causal influence of celiac disease on the risk of sarcoidosis: A Mendelian randomization study.,Medicine,2;9;10,,Journal Article
38607442,2024,Genetic susceptibility of urolithiasis: comprehensive results from genome-wide analysis.,World journal of urology,2,,Journal Article
38606083,2024,Association of circulating inflammatory proteins with type 2 diabetes mellitus and its complications: a bidirectional Mendelian randomization study.,Frontiers in endocrinology,1;2;10,,Meta-Analysis;Journal Article
38601930,2024,"Association between gut microbiota and autoimmune cholestatic liver disease, a Mendelian randomization study.",Frontiers in microbiology,2;9;10,,Journal Article
38596649,2024,Association between gut microbiota and onset of type 2 diabetes mellitus: a two-sample Mendelian randomization study.,Frontiers in cellular and infection microbiology,1;2;10,,Journal Article
38591041,2024,Genetically predicted causal effects of gut microbiota on spinal pain: a two-sample Mendelian randomization analysis.,Frontiers in microbiology,2;4;10,,Journal Article
38590722,2024,Genetically determined metabolites in allergic conjunctivitis: A Mendelian randomization study.,The World Allergy Organization journal,2;10,,Journal Article
38590415,2024,"Multi-omics Mendelian randomization integrating GWAS, eQTL, and mQTL data identified genes associated with breast cancer.",American journal of cancer research,2;5;10,,Journal Article
38587181,2024,Interplay Between Plasma Glycine and Branched-Chain Amino Acids Contributes to the Development of Hypertension and Coronary Heart Disease.,"Hypertension (Dallas, Tex. : 1979)",1;2,,Journal Article
38586880,2025,Associations Between Ticagrelor Use and the Risk of Infections: A Mendelian Randomization Study.,The Journal of infectious diseases,1;2;8;10,,Journal Article;Retracted Publication
38585691,2024,A Mendelian randomization investigation of the causal association between the gut microbiota and sleep disorders.,Frontiers in microbiology,2;10,,Journal Article
38585265,2024,Association of autoimmune and allergic diseases with senile cataract: a bidirectional two-sample Mendelian randomization study.,Frontiers in immunology,1;2;9;10;12;13;18,,"Journal Article;Research Support, Non-U.S. Gov't"
38585146,2024,Causal relationship between gut microbiota and rosacea: a two-sample Mendelian randomization study.,Frontiers in medicine,2;10;12,,Journal Article
38584824,2024,No genetic causality between obesity and benign paroxysmal vertigo: A two-sample Mendelian randomization study.,"Open medicine (Warsaw, Poland)",1;2;10;14;18,,Journal Article
38583262,2024,"Sedentary lifestyle, physical activity, and gastrointestinal diseases: evidence from mendelian randomization analysis.",EBioMedicine,1;2;7;9;10,,Journal Article
38581229,2025,RETRACTED: Identification of potential therapeutic targets for breast cancer using Mendelian randomization analysis and drug target prediction.,Environmental toxicology,2;5;10,,Journal Article;Retracted Publication
38580943,2024,Investigating genetic links between blood metabolites and preeclampsia.,BMC women's health,1;2;15,,Meta-Analysis;Journal Article
38580915,2024,Serum albumin and cardiovascular disease: a Mendelian randomization study.,BMC cardiovascular disorders,1;2;10;14,,Journal Article
38578766,2024,Causal associations of particulate matter 2.5 and cardiovascular disease: A two-sample mendelian randomization study.,PloS one,1;2;10;14;19,,Journal Article
38578756,2024,Assessing the causal link between liver function and acute pancreatitis: A Mendelian randomisation study.,PloS one,2;10,,Journal Article
38577173,2024,Genetic correlation between circulating metabolites and chalazion: a two-sample Mendelian randomization study.,Frontiers in molecular biosciences,2;10,,Journal Article
38573543,2024,Causal effect of gut microbiota on the risk of prostatitis: a two-sample Mendelian randomization study.,International urology and nephrology,2;10,,Journal Article
38573314,2024,Identification of potential drug targets for allergic diseases from a genetic perspective: A mendelian randomization study.,Clinical and translational allergy,2;10;12;13;18,,Journal Article
38572516,2024,Identification of prospective aging drug targets via Mendelian randomization analysis.,Aging cell,2;10;11,,"Journal Article;Research Support, Non-U.S. Gov't"
38571956,2024,Causal relationship between inflammatory cytokines and autoimmune thyroid disease: a bidirectional two-sample Mendelian randomization analysis.,Frontiers in immunology,2;9;10,,"Meta-Analysis;Journal Article;Research Support, Non-U.S. Gov't"
38570925,2024,Potential Benefits of Statin Therapy in Reducing Osteoarthritis Risk: A Mendelian Randomization Study.,Arthritis care & research,1;2;10,,Journal Article
38566993,2024,Genetic insights into across pancreatitis types: the causal influence of immunoglobulin G N-glycosylation variants on disease risk.,Frontiers in immunology,2,,"Journal Article;Research Support, Non-U.S. Gov't"
38566359,2024,"Diet-derived circulating antioxidants, periodontitis and dental caries: A Mendelian randomization study.",Journal of periodontal research,2;10,,Journal Article;Meta-Analysis
38562485,2024,Cross-talk between the gut microbiota and hypothyroidism: a bidirectional two-sample Mendelian randomization study.,Frontiers in nutrition,2;10,,Journal Article
38562416,2024,Association between non-scarring alopecia and hypothyroidism: a bidirectional two-sample Mendelian randomization study.,Frontiers in endocrinology,2;10;12,,Journal Article
38561338,2024,Genetic associations of protein-coding variants in venous thromboembolism.,Nature communications,1;2,,Journal Article
38558850,2024,Causal associations between Helicobacter pylori infection and pregnancy and neonatal outcomes: a two-sample Mendelian randomization study.,Frontiers in cellular and infection microbiology,1;2;8;10;15,,Journal Article
38554235,2024,Osteoporosis and Primary Biliary Cholangitis: A Trans-ethnic Mendelian Randomization Analysis.,Clinical reviews in allergy & immunology,2;10,,Journal Article;Meta-Analysis;Review
38551704,2024,Assessment of bidirectional relationships between autoimmune diseases and primary ovarian insufficiency: insights from a bidirectional two-sample Mendelian randomization analysis.,Archives of gynecology and obstetrics,1;2;9;10,,Journal Article
38551043,2024,Mendelian Randomization Highlights Gut Microbiota of Short-chain Fatty Acids' Producer as Protective Factor of Cerebrovascular Disease.,Current neurovascular research,1;2;10;11;14,,Journal Article
38548111,2024,Causal relationship between gestational diabetes and preeclampsia: A bidirectional mendelian randomization analysis.,Diabetes research and clinical practice,1;2;10;15,,Journal Article
38548025,2024,"Genetic risk, adherence to healthy lifestyle behaviors, and risk of cholelithiasis: A population-based cohort study.",Preventive medicine,2,,Journal Article
38547239,2024,The causal effect of iron status on risk of anxiety disorders: A two-sample Mendelian randomization study.,PloS one,2;4;10,,Journal Article
38546604,2024,Genetic Associations of Primary Angle-Closure Disease: A Systematic Review and Meta-Analysis.,JAMA ophthalmology,2;18,,Journal Article;Meta-Analysis;Systematic Review
38545784,2024,Evaluation of Plasma Biomarkers for Causal Association With Peripheral Artery Disease.,"Arteriosclerosis, thrombosis, and vascular biology",1;2,,"Journal Article;Research Support, N.I.H., Extramural;Research Support, Non-U.S. Gov't;Research Support, U.S. Gov't, Non-P.H.S."
38545121,2024,Causal association between psoriasis vulgaris and bullous pemphigoid: a two-sample bidirectional Mendelian randomization study.,Frontiers in immunology,2;9;10;12,,"Journal Article;Research Support, Non-U.S. Gov't"
38542719,2024,Genetically Determined Circulating Lactase/Phlorizin Hydrolase Concentrations and Risk of Colorectal Cancer: A Two-Sample Mendelian Randomization Study.,Nutrients,2;5;10,,Meta-Analysis;Journal Article
38535961,2024,Investigation of the Association between Air Pollution and Non-Alcoholic Fatty Liver Disease in the European Population: A Mendelian Randomization Study.,Toxics,1;2;10;19,,Journal Article
38534495,2024,"Mendelian Randomisation Analysis of Causal Association between Lifestyle, Health Factors, and Keratoconus.","Bioengineering (Basel, Switzerland)",2;4;9;10;12;13,,Journal Article
38533503,2024,Unraveling the causal role of immune cells in gastrointestinal tract cancers: insights from a Mendelian randomization study.,Frontiers in immunology,2;5;10,,Journal Article
38533501,2024,Causal relationship between gut microbiota and diabetic nephropathy: a two-sample Mendelian randomization study.,Frontiers in immunology,1;2;10,,"Journal Article;Research Support, Non-U.S. Gov't"
38533250,2024,Causal Relationship of Obstructive Sleep Apnea with Bone Mineral Density and the Role of BMI.,Nature and science of sleep,1;2;13,,Journal Article
38532472,2024,Association between genetic risk and adherence to healthy lifestyle for developing age-related hearing loss.,BMC medicine,2;18,,"Journal Article;Research Support, N.I.H., Extramural"
38529201,2024,The Role of Inflammatory Biomarkers in Mediating the Effect of Inflammatory Bowel Disease on nonmalignant Digestive System Diseases: A Multivariable Mendelian Randomized Study.,Canadian journal of gastroenterology & hepatology,2;9;10,,Journal Article
38526151,2024,UNVEILING THE CAUSAL ASSOCIATION BETWEEN NONINFECTIOUS RESPIRATORY DISORDERS AND SEPSIS THROUGH MENDELIAN RANDOMIZATION ANALYSIS.,"Shock (Augusta, Ga.)",2;5;8;10;13,,Journal Article
38525495,2024,"Assessing the Role of Cortisol in Anxiety, Major Depression, and Neuroticism: A Mendelian Randomization Study Using SERPINA6/SERPINA1 Variants.",Biological psychiatry global open science,2;4;10,,Journal Article
38525244,2024,Neurodevelopmental disorders as a risk factor for temporomandibular disorder: evidence from Mendelian randomization studies.,Frontiers in genetics,2;4;10,,Journal Article
38525192,2024,Mendelian randomization supports genetic liability to hospitalization for COVID-19 as a risk factor of pre-eclampsia.,Frontiers in cardiovascular medicine,2;8;10;15,,Journal Article
38524522,2024,Investigating the causal associations between five anthropometric indicators and nonalcoholic fatty liver disease: Mendelian randomization study.,World journal of clinical cases,1;2;10,,Journal Article
38519926,2024,Inflammatory cytokines mediating the effect of oral lichen planus on oral cavity cancer risk: a univariable and multivariable mendelian randomization study.,BMC oral health,2;5;10;12,,Journal Article
38518854,2024,Genetically predicted mood swings increased risk of cardiovascular disease: Evidence from a Mendelian randomization analysis.,Journal of affective disorders,1;2;10;14,,"Journal Article;Research Support, Non-U.S. Gov't"
38518006,2024,Causal association of TSH with ischemic heart diseases and heart failure: A 2-sample Mendelian randomization study.,Medicine,1;2;10,,Journal Article
38516410,2024,Causal association between mTOR-dependent circulating protein levels and central precocious puberty: a Mendelian randomization study.,Frontiers in endocrinology,2;10,,Journal Article
38509724,2024,Causal relationships between Sjögren's syndrome and Parkinson's disease: A Mendelian randomization study.,International journal of rheumatic diseases,2;9;10;11,,Journal Article
38509615,2024,"Hemorrhoidal disease and its genetic association with depression, bipolar disorder, anxiety disorders, and schizophrenia: a bidirectional mendelian randomization study.",Human genomics,2;4;10,,"Journal Article;Research Support, Non-U.S. Gov't"
38507680,2024,"Dissecting causal links between gut microbiota, inflammatory cytokines, and DLBCL: a Mendelian randomization study.",Blood advances,2;5;10,,"Journal Article;Research Support, Non-U.S. Gov't"
38506069,2024,Mendelian randomization analysis reveals a causal effect of Streptococcus salivarius on diabetic retinopathy through regulating host fasting glucose.,Journal of cellular and molecular medicine,1;2;10;18,,"Journal Article;Research Support, Non-U.S. Gov't"
38505559,2024,Gut microbiota's causative relationship with peripheral artery disease: a Mendelian randomization study.,Frontiers in microbiology,2;10,,Journal Article
38504196,2024,Non-alcoholic fatty liver disease and gestational diabetes mellitus: a bidirectional two-sample mendelian randomization study.,BMC endocrine disorders,1;2;10;15,,Journal Article
38504175,2024,Diabetes mellitus and idiopathic pulmonary fibrosis: a Mendelian randomization study.,BMC pulmonary medicine,1;2;10;13,,Journal Article
38503741,2024,SCGB1D2 inhibits growth of Borrelia burgdorferi and affects susceptibility to Lyme disease.,Nature communications,,,Journal Article
38503356,2024,"Genetically predicted processed meat, red meat intake, and risk of mental disorders: A multivariable Mendelian randomization analysis.",Journal of affective disorders,2;4;10,,"Journal Article;Research Support, Non-U.S. Gov't"
38499600,2024,Unveiling potential drug targets for hyperparathyroidism through genetic insights via Mendelian randomization and colocalization analyses.,Scientific reports,2;10,,Journal Article
38498041,2024,Thrombosis risk in single- and double-heterozygous carriers of factor V Leiden and prothrombin G20210A in FinnGen and the UK Biobank.,Blood,1;2;14,,"Journal Article;Research Support, Non-U.S. Gov't;Research Support, N.I.H., Extramural"
38496761,2024,A causality between fruit consumption and colorectal cancer: a two-sample Mendelian randomization analysis.,Frontiers in oncology,2;5;10,,Journal Article
38496424,2024,"Large-scale genome-wide association study of 398,238 women unveils seven novel loci associated with high-grade serous epithelial ovarian cancer risk.",medRxiv : the preprint server for health sciences,2;5,,Journal Article;Preprint
38495789,2024,Causal relationship of genetically predicted gut microbiota with thyroid cancer: a bidirectional two-sample mendelian randomization study.,Frontiers in endocrinology,2;5;10,,Journal Article
38491971,2024,The association of circulating lipoprotein lipids and apolipoproteins with risk of endometriosis: a Mendelian randomization study.,Postgraduate medical journal,1;2;10;15,,Journal Article
38491418,2024,Causal association between helicobacter pylori and atherosclerosis: a two-sample Mendelian randomization.,BMC cardiovascular disorders,1;2;10,,Journal Article
38485964,2024,Mendelian randomization study on insulin resistance and risk of hypertension and cardiovascular disease.,Scientific reports,1;2;10,,Meta-Analysis;Journal Article
38484892,2024,Causal association between years of schooling and the risk of traumatic brain injury: A two-sample mendelian randomization analysis.,Journal of affective disorders,2;10;14,,"Journal Article;Research Support, Non-U.S. Gov't"
38481313,2024,Large-scale causal analysis of gut microbiota and six common complications of diabetes: a mendelian randomization study.,Diabetology & metabolic syndrome,1;2;10,,Journal Article
38479924,2024,Red and processed meat intake and risk of cardiovascular disease: A two-sample Mendelian randomization study.,Clinical nutrition ESPEN,1;2;10;14,,Meta-Analysis;Journal Article
38479056,2024,Associations between cytokines and the risk of female and male infertility: A two-sample Mendelian randomization analysis.,Journal of reproductive immunology,2;10;15,,Journal Article
38477908,2024,Cardiovascular Significance and Genetics of Epicardial and Pericardial Adiposity.,JAMA cardiology,1;2;3;14,,"Journal Article;Research Support, Non-U.S. Gov't"
38475866,2024,Epigenetic age acceleration and risk of aortic valve stenosis: a bidirectional Mendelian randomization study.,Clinical epigenetics,1;2;10;11,,"Journal Article;Research Support, Non-U.S. Gov't"
38472621,2024,Is thyroid function associated with polycystic ovary syndrome? A bidirectional Mendelian randomization study.,Endocrine,2;10;15,,Journal Article
38471132,2024,Causal relationship between iron status and preeclampsia-eclampsia: a Mendelian randomization analysis.,"Clinical and experimental hypertension (New York, N.Y. : 1993)",1;2;10;15,,Journal Article
38469141,2024,Serum fetuin-a and risk of thoracic aortic aneurysms: a two-sample mendelian randomization study.,Frontiers in endocrinology,1;2;10,,Journal Article
38466796,2024,Inhibition of sodium-glucose cotransporter-2 and liver-related complications in individuals with diabetes: a Mendelian randomization and population-based cohort study.,"Hepatology (Baltimore, Md.)",1;2;10,,"Journal Article;Research Support, Non-U.S. Gov't"
38464560,2024,"Genetic Insights into the Gut-Lung Axis: Mendelian Randomization Analysis on Gut Microbiota, Lung Function, and COPD.",International journal of chronic obstructive pulmonary disease,2;10;13,,"Journal Article;Research Support, Non-U.S. Gov't"
38464364,2024,Effect of viral hepatitis on type 2 diabetes: A Mendelian randomization study.,World journal of diabetes,1;2;8;10,,Journal Article
40217372,2024,Causal relationship between hypertension and epilepsy: a mendelian randomization study.,Acta epileptologica,1;2;10;14,,Journal Article
38457382,2024,"Sedentary behavior, physical activity, sleep duration and obesity risk: Mendelian randomization study.",PloS one,1;2;7;10,,Journal Article
38456156,2024,An inverse causal relationship between serum 25-hydroxyvitamin D levels and pulmonary hypertension: A two-sample Mendelian randomization study.,Pulmonary circulation,1;2;10;13,,Journal Article
38456064,2024,No evidence of a causal relationship between miscarriage and 25-hydroxyvitamin D: a Mendelian randomization study.,Human reproduction open,2;10;15,,Journal Article
38454350,2024,Genome-wide association studies highlight novel risk loci for septal defects and left-sided congenital heart defects.,BMC genomics,2;10,,Meta-Analysis;Journal Article
38451424,2024,The Role of the Gut-Joint Axis in the Care of Psoriatic Arthritis: A Two-Sample Bidirectional Mendelian Randomization Study.,Dermatology and therapy,2;9;10,,Journal Article
38451326,2024,"Blood metabolites mediate the impact of lifestyle factors on the risk of urolithiasis: a multivariate, mediation Mendelian randomization study.",Urolithiasis,2;10,,Journal Article
38451181,2024,Genetically determined telomere length as a risk factor for hematological malignancies: evidence from Mendelian randomization analysis.,Aging,2;5;10,,"Journal Article;Research Support, Non-U.S. Gov't"
38450701,2024,Genome-Wide Polygenic Score for Muscle Strength Predicts Risk for Common Diseases and Lifespan: A Prospective Cohort Study.,"The journals of gerontology. Series A, Biological sciences and medical sciences",2,,"Journal Article;Research Support, Non-U.S. Gov't"
38449867,2024,Diet-derived circulating antioxidants and risk of inflammatory bowel disease: a Mendelian randomization study and meta-analysis.,Frontiers in immunology,2;9;10,,"Meta-Analysis;Journal Article;Research Support, Non-U.S. Gov't"
38443833,2024,"Potential causal associations between leisure sedentary behaviors, physical activity, sleep traits, and myopia: a Mendelian randomization study.",BMC ophthalmology,2;7;10;18,,Journal Article
38441677,2024,Maternal periodontitis may cause lower birth weight in children: genetic evidence from a comprehensive Mendelian randomization study on periodontitis and pregnancy.,Clinical oral investigations,2;10;15,,Journal Article
38440060,2023,Effect of tea intake on genetic predisposition to gout and uric acid: a Mendelian randomization study.,Frontiers in endocrinology,2;10,,"Journal Article;Research Support, Non-U.S. Gov't;Systematic Review"
38439604,2024,Major depressive disorder and the risk of irritable bowel syndrome: A Mendelian randomization study.,Molecular genetics & genomic medicine,2;4;10,,Meta-Analysis;Journal Article
38438963,2024,Causal effects of gut microbiome on HIV infection: a two-sample mendelian randomization analysis.,BMC infectious diseases,2;8;10,,Journal Article
38438337,2024,Associations of 50 modifiable risk factors with atrial fibrillation using Mendelian randomization analysis.,European journal of clinical investigation,1;2;10;13;14,,Journal Article
38437213,2024,"Causal associations between rheumatoid arthritis, cataract and glaucoma in European and East Asian populations: A bidirectional two-sample mendelian randomization study.",PloS one,2;9;10;18,,Meta-Analysis;Journal Article
38435140,2024,Causal Associations of Modifiable Risk Factors With Migraine: Evidence From Mendelian Randomization Analysis.,Cureus,2;10;14,,Journal Article
38435062,2024,Circulating micronutrient levels and their association with sepsis susceptibility and severity: a Mendelian randomization study.,Frontiers in genetics,2;8;10,,Journal Article
38434974,2024,"Causal association of smoking, blood lipids, and bladder cancer: Insights from a multivariable and mediation mendelian randomization investigation.",Journal of Cancer,1;2;4;5;10,,Journal Article
38431915,2024,Causal relationship between gut microbiota and prostate cancer contributes to the gut-prostate axis: insights from a Mendelian randomization study.,Discover oncology,2;5;10,,Journal Article
38431707,2024,Negative causal exploration of systemic sclerosis: a Mendelian randomization analysis.,Scientific reports,2;9;10,,Journal Article
38429768,2024,Levels of 91 circulating inflammatory proteins and risk of lumbar spine and pelvic fractures and peripheral ligament injuries: a two-sample mendelian randomization study.,Journal of orthopaedic surgery and research,2;10,,Journal Article
38428885,2024,"Impact of habitual intake of glucosamine, fresh fruit, and tea on the risk of urolithiasis: A two-sample Mendelian randomization study.",Medicine,2;10,,Journal Article
38426001,2024,Assessing the causal relationship between psychiatric disorders and obstructive sleep apnea: a bidirectional Mendelian randomization.,Frontiers in psychiatry,2;4;10;13,,Journal Article
38425468,2024,The causal effect of air pollution on the risk of essential hypertension: a Mendelian randomization study.,Frontiers in public health,1;2;10;19,,Journal Article
38425433,2024,"Physical Activity, Sedentary Behavior, and Pancreatic Cancer Risk: A Mendelian Randomization Study.",Journal of the Endocrine Society,2;5;7;10,,Journal Article
38424453,2024,Relationship between circulating metabolites and diabetic retinopathy: a two-sample Mendelian randomization analysis.,Scientific reports,1;2;10;18,,Journal Article
38422475,2024,Comprehensive Inherited Risk Estimation for Risk-Based Breast Cancer Screening in Women.,Journal of clinical oncology : official journal of the American Society of Clinical Oncology,2;5,,"Journal Article;Research Support, Non-U.S. Gov't"
38420789,2024,Causal Relationship Between Branched-Chain Amino Acids and Hypertension: A Mendelian Randomization Study.,Journal of the American Heart Association,1;2;10,,Meta-Analysis;Journal Article
38419663,2024,Associations between gut microbiota and adverse neurodevelopmental outcomes in preterm infants: a two-sample Mendelian randomization study.,Frontiers in neuroscience,2;10,,Journal Article
38419189,2024,Investigating causal relationships between the gut microbiota and inflammatory skin diseases: A Mendelian randomization study.,The Australasian journal of dermatology,2;10;12,,Journal Article
38418465,2024,Applying a genetic risk score model to enhance prediction of future multiple sclerosis diagnosis at first presentation with optic neuritis.,Nature communications,2;9;14,,Journal Article
38416767,2024,Potential association of genetically predicted lipid and lipid-modifying drugs with rheumatoid arthritis: A Mendelian randomization study.,PloS one,1;2;9;10,,Journal Article
38414603,2024,Serum urate is associated with an increased risk of inflammatory bowel disease: A bidirectional Mendelian randomization study.,World journal of clinical cases,2;9;10,,Journal Article
38413695,2024,Associations of hyperthyroidism with epilepsy: a Mendelian randomization study.,Scientific reports,2;10;14,,Journal Article
38411971,2024,Assessment of Causality Between Diet-Derived Antioxidants and Primary Open-Angle Glaucoma: A Mendelian Randomization Study.,Translational vision science & technology,2;10;18,,Journal Article
38410634,2024,"IFN-γ, SCF, MIP1b and IL-16 Were Associated with Risk of Diabetic Nephropathy: A Mendelian Randomization Study.","Diabetes, metabolic syndrome and obesity : targets and therapy",1;2;10,,Journal Article
38408649,2024,Association between leisure sedentary behaviors and hypertension risk: A prospective cohort study and two-sample Mendelian randomization analysis in Europeans.,Preventive medicine,1;2;7;10,,Observational Study;Journal Article
38408068,2024,Causal Association Analysis of Periodontitis and Inflammatory Bowel Disease: A Bidirectional Mendelian Randomization Study.,Inflammatory bowel diseases,2;9;10,,Journal Article
38404289,2024,"Bacteroidaceae, Bacteroides, and Veillonella: emerging protectors against Graves' disease.",Frontiers in cellular and infection microbiology,2,,"Journal Article;Research Support, Non-U.S. Gov't"
38403592,2024,Unraveling the causality between chronic obstructive pulmonary disease and its common comorbidities using bidirectional Mendelian randomization.,European journal of medical research,1;2;4;5;10;12;13,,Journal Article
38397136,2024,"Dysregulation of the Skin-Liver Axis in Prurigo Nodularis: An Integrated Genomic, Transcriptomic, and Population-Based Analysis.",Genes,1;2;5;12,,"Journal Article;Research Support, N.I.H., Extramural"
38393908,2024,Causal Association Between Allergic Diseases and Dementia: Evidence from Multivariate Mendelian Randomization Study.,Journal of Alzheimer's disease : JAD,2;10;11;12;13;18,,"Journal Article;Meta-Analysis;Research Support, Non-U.S. Gov't"
38390325,2024,Inflammatory cytokines and oral lichen planus: a Mendelian randomization study.,Frontiers in immunology,2;10;12,,Meta-Analysis;Journal Article
38390322,2024,Causal association of gut microbiota on spondyloarthritis and its subtypes: a Mendelian randomization analysis.,Frontiers in immunology,2;9;10,,Journal Article
38390242,2024,Understanding the educational inequalities in suicide attempts and their mediators: a Mendelian randomisation study.,General psychiatry,2;4;6;10;13,,Journal Article
38386728,2024,An immunogenetic basis for lung cancer risk.,"Science (New York, N.Y.)",2;5,,"Journal Article;Research Support, U.S. Gov't, Non-P.H.S.;Research Support, Non-U.S. Gov't;Research Support, N.I.H., Extramural"
38385833,2024,Exploring causal correlations between circulating levels of cytokines and colorectal cancer risk: A Mendelian randomization analysis.,International journal of cancer,2;5;10,,"Journal Article;Research Support, Non-U.S. Gov't"
38383373,2024,Proteome-wide mendelian randomization investigates potential associations in heart failure and its etiology: emphasis on PCSK9.,BMC medical genomics,1;2;10,,"Journal Article;Research Support, Non-U.S. Gov't"
38382819,2024,Unraveling COVID-19 relationship with anxiety disorders and symptoms using genome-wide data.,Journal of affective disorders,2;4;8,,"Journal Article;Research Support, N.I.H., Extramural"
38382313,2024,Phenome-wide Mendelian randomization analysis reveals multiple health comorbidities of coeliac disease.,EBioMedicine,1;2;5;9;10,,Journal Article
38378549,2024,Causal relationships of metabolites with allergic diseases: a trans-ethnic Mendelian randomization study.,Respiratory research,2;10;12;13;18,,Meta-Analysis;Journal Article
38375439,2024,Genomics-Microbiome Based Assessment of Bidirectional Causality Between Gut Microbiota and Psoriasis.,"Clinical, cosmetic and investigational dermatology",2;9;12,,Journal Article
38375360,2024,Unraveling the mystery: a Mendelian randomized exploration of gut microbiota and different types of obesity.,Frontiers in cellular and infection microbiology,1;2;10,,"Journal Article;Research Support, Non-U.S. Gov't"
38375193,2024,Hypothyroidism is a causal determinant of age-related cataract risk in European population: a Mendelian randomization study.,Frontiers in endocrinology,2;10;18,,"Journal Article;Research Support, Non-U.S. Gov't"
38375191,2024,Effects of menstrual disorders and dysmenorrhea on cardiovascular disease: a Mendelian randomization study.,Frontiers in endocrinology,1;2;10;14;15,,"Journal Article;Research Support, Non-U.S. Gov't"
38374757,2024,The Impact of Testosterone on Alzheimer's Disease Are Mediated by Lipid Metabolism and Obesity: A Mendelian Randomization Study.,The journal of prevention of Alzheimer's disease,1;2;10;11,,Journal Article
38374751,2024,Fruit Intake and Alzheimer's Disease: Results from Mendelian Randomization.,The journal of prevention of Alzheimer's disease,2;10;11,,Journal Article
38369908,2024,No causal association between atopic dermatitis and COVID-19 outcomes: A Mendelian randomization study.,Skin research and technology : official journal of International Society for Bioengineering and the Skin (ISBS) [and] International Society for Digital Imaging of Skin (ISDIS) [and] International Society for Skin Imaging (ISSI),2;8;10;12,,Journal Article;Retracted Publication
38369514,2024,Associations between gut microbiota and three prostate diseases: a bidirectional two-sample Mendelian randomization study.,Scientific reports,2;5;10,,Journal Article
38366089,2024,Mineral Metabolism and Polycystic Ovary Syndrome and Metabolic Risk Factors: A Mendelian Randomization Study.,"Reproductive sciences (Thousand Oaks, Calif.)",1;2;10;15,,Journal Article
38364394,2024,The Causal Association Between Medication Intake and Increased Risk of Psoriasis.,Dermatology practical & conceptual,2;9;12,,Journal Article
38361503,2024,Identification of systemic biomarkers and potential drug targets for age-related macular degeneration.,Frontiers in aging neuroscience,2;18,,Journal Article
38356548,2024,Causal relationship between gut microbiota and autoimmune thyroiditis: A mendelian study.,Heliyon,2;9;10,,Journal Article
38351510,2024,Causality Assessment Between Idiopathic Inflammatory Myopathies and Lung Cancer: A Bidirectional 2-Sample Mendelian Randomization.,Journal of clinical rheumatology : practical reports on rheumatic & musculoskeletal diseases,2;5;10;12,,Journal Article
38349335,2025,Evaluation of a bidirectional causal association between cardiovascular diseases and pneumonia: a Mendelian randomization study.,European journal of preventive cardiology,1;2;10;14,,Journal Article
38347176,2024,"Disentangling the link between maternal influences on birth weight and disease risk in 36,211 genotyped mother-child pairs.",Communications biology,1;2;15,,"Journal Article;Research Support, Non-U.S. Gov't"
38343175,2024,Dietary factors and the risk of atopic dermatitis: a Mendelian randomisation study.,The British journal of nutrition,10;12,,Journal Article
38341813,2024,Genetically proxied PCSK9 inhibition is associated with reduced psoriatic arthritis risk.,Inflammation research : official journal of the European Histamine Research Society ... [et al.],2;9,,Journal Article
38341154,2024,Association between hypothyroidism subtypes and major depression: A two-sample Mendelian randomization study.,Journal of affective disorders,2;4;10,,Journal Article
38341150,2024,Assessing causality between chronic obstructive pulmonary disease with depression: A bidirectional Mendelian randomization study.,Journal of affective disorders,2;4;10;13,,"Journal Article;Research Support, Non-U.S. Gov't"
38336194,2024,Association between daytime napping and incident arrhythmias: A prospective cohort study and mendelian randomization analysis.,Heart rhythm,1;2;10,,"Journal Article;Multicenter Study;Research Support, Non-U.S. Gov't"
38335208,2024,Genetic link between primary biliary cholangitis and connective tissue diseases in European populations: A two-sample Mendelian randomization study.,PloS one,2;9;10,,Meta-Analysis;Journal Article
38332312,2024,Association between human blood metabolome and the risk of pre-eclampsia.,Hypertension research : official journal of the Japanese Society of Hypertension,1;2;15,,"Journal Article;Research Support, Non-U.S. Gov't"
38330803,2024,Causal association between adiponectin and risk of trigeminal neuralgia: A Mendelian randomization study.,Clinical neurology and neurosurgery,2;10,,Journal Article
38330144,2024,Genetic Analysis of Obstructive Sleep Apnea and Its Relationship with Severe COVID-19.,Annals of the American Thoracic Society,2;8;13,,Journal Article
38327884,2024,Association between inflammatory bowel disease and all-cause dementia: A two-sample Mendelian randomization study.,World journal of psychiatry,2;9;10;11,,Journal Article
38326796,2024,"Causal associations between gut microbiota, metabolites and asthma: a two-sample Mendelian randomization study.",BMC pulmonary medicine,2;10;13,,Journal Article
38319384,2024,Association between green tea intake and digestive system cancer risk in European and East Asian populations: a Mendelian randomization study.,European journal of nutrition,2;5;10,,Journal Article
38318294,2024,"Gut microbiota and polycystic ovary syndrome, focus on genetic associations: a bidirectional Mendelian randomization study.",Frontiers in endocrinology,2;10;15,,Meta-Analysis;Journal Article
38317496,2024,Identification of the VLDLR locus associated with giant cell arteritis and the possible causal role of low-density lipoprotein cholesterol in its pathogenesis.,"Rheumatology (Oxford, England)",1;2;9,,Journal Article;Meta-Analysis
38317018,2024,Identifying novel proteins for suicide attempt by integrating proteomes from brain and blood with genome-wide association data.,Neuropsychopharmacology : official publication of the American College of Neuropsychopharmacology,2;4,,Journal Article
38315350,2024,Evidence for Genetic Causal Relationships Between Multiple Immune-Mediated Inflammatory Diseases and Age-Related Macular Degeneration: A Univariable and Multivariable Mendelian Randomization Study.,Ophthalmology and therapy,2;9;10;14;18,,Journal Article
38310246,2024,Bidirectional two-sample Mendelian randomization analysis identifies causal associations between cardiovascular diseases and frozen shoulder.,Journal of orthopaedic surgery and research,1;2;10;14,,Journal Article
38308930,2024,Risk of cardiovascular comorbidities before and after the onset of rheumatic diseases.,Seminars in arthritis and rheumatism,1;9,,"Journal Article;Research Support, Non-U.S. Gov't"
38308812,2024,"The epidemiology of pregnancy loss: global burden, variable risk factors, and predictions.","Human reproduction (Oxford, England)",2;7;13;15,,"Journal Article;Review;Research Support, Non-U.S. Gov't"
38301482,2024,Association between circulating inflammatory markers and adult cancer risk: a Mendelian randomization analysis.,EBioMedicine,2;5;10;12,,Meta-Analysis;Journal Article
38298896,2024,"Genetically predicted causality between gut microbiota, blood metabolites, and intracerebral hemorrhage: a bidirectional Mendelian randomization study.",Frontiers in microbiology,2;10;14,,Journal Article
38297958,2024,Causal relationship between inflammatory bowel disease and erythema nodosum: A two-sample bidirectional Mendelian randomization study.,Skin research and technology : official journal of International Society for Bioengineering and the Skin (ISBS) [and] International Society for Digital Imaging of Skin (ISDIS) [and] International Society for Skin Imaging (ISSI),2;9;10,,Journal Article
38296956,2024,Potential causal association between gut microbiome and posttraumatic stress disorder.,Translational psychiatry,2;4,,Journal Article
38294056,2024,Genetically proxied low-density lipoprotein cholesterol lowering via PCSK9-inhibitor drug targets and risk of congenital malformations.,European journal of preventive cardiology,1;2;15,,Journal Article
38293274,2024,Mendelian randomization analysis of atopic dermatitis and esophageal cancer in East Asian and European populations.,The World Allergy Organization journal,2;5;10;12,,Journal Article
38291637,2024,[Genome-wide Mendelian randomization study of the pathogenic role of gut microbiota in benign biliary tract diseases].,Zhonghua wai ke za zhi [Chinese journal of surgery],2;10,,Observational Study;English Abstract;Journal Article
38290287,2024,Impact of weight loss on cancer-related proteins in serum: results from a cluster randomised controlled trial of individuals with type 2 diabetes.,EBioMedicine,1;2;5,,Randomized Controlled Trial;Journal Article
38290183,2024,Causal effects between gut microbiota and pulmonary arterial hypertension: A bidirectional Mendelian randomization study.,Heart & lung : the journal of critical care,1;2;10;13,,Journal Article
38287401,2024,Correlations between genetically predicted lipid-lowering drug targets and inflammatory bowel disease.,Lipids in health and disease,1;2;9,,Journal Article
38286567,2024,Effect of the gut microbiome in glaucoma risk from the causal perspective.,BMJ open ophthalmology,2;18,,Journal Article
38285276,2024,"Causal associations between gut microbiota with intervertebral disk degeneration, low back pain, and sciatica: a Mendelian randomization study.","European spine journal : official publication of the European Spine Society, the European Spinal Deformity Society, and the European Section of the Cervical Spine Research Society",2;4;10,,Journal Article
38283427,2023,"Unraveling the Complex Relationship Between Gastroesophageal Reflux Disease, Lifestyle Factors, and Interstitial Lung Disease: Insights From Two-Sample Mendelian Randomization Analyses.",Cureus,1;2;10;13,,Journal Article
38283337,2023,Two-sample Mendelian randomization to study the causal association between gut microbiota and atherosclerosis.,Frontiers in immunology,1;2;10,,"Journal Article;Research Support, Non-U.S. Gov't"
38279876,2024,Anxiety disorder and cardiovascular disease: a two-sample Mendelian randomization study.,ESC heart failure,1;2;4;10,,Journal Article
38276301,2024,The Impact of Different Intensities of Physical Activity on Serum Urate and Gout: A Mendelian Randomization Study.,Metabolites,2;7;10,,Journal Article
38274878,2023,Genetically predicted chronic rhinosinusitis and the risk of stroke: a two-sample Mendelian randomization study.,Frontiers in neurology,1;2;10;14;18,1.4-stroke-cardio;14.2-stroke-cerebro,Journal Article
38274819,2023,Ankylosing spondylitis: acute/subacute vs. chronic iridocyclitis - a bidirectional two-sample Mendelian randomization study.,Frontiers in immunology,2;9;10,,"Journal Article;Research Support, Non-U.S. Gov't"
38274744,2023,"Association between gut microbiota and peptic ulcer disease, particularly gastric ulcer and duodenal ulcer: a two-sample Mendelian randomization study.",Frontiers in microbiology,2;10,,Journal Article
38274231,2023,Association between human blood metabolome and the risk of delirium: a Mendelian Randomization study.,Frontiers in endocrinology,1;2;10,,"Journal Article;Research Support, Non-U.S. Gov't"
38274229,2023,Potential disease biomarkers for diabetic retinopathy identified through Mendelian randomization analysis.,Frontiers in endocrinology,1;2;10;18,,"Journal Article;Research Support, Non-U.S. Gov't"
38269249,2023,A two-sample mendelian randomization analysis excludes causal relationships between non-alcoholic fatty liver disease and kidney stones.,Frontiers in endocrinology,1;2;10,,"Journal Article;Research Support, U.S. Gov't, Non-P.H.S.;Research Support, Non-U.S. Gov't"
38268919,2023,"Causal relationship between the blood immune cells and intervertebral disc degeneration: univariable, bidirectional and multivariable Mendelian randomization.",Frontiers in immunology,2;10,,Journal Article
38264647,2023,Causal role of immune cells in generalized anxiety disorder: Mendelian randomization study.,Frontiers in immunology,2;4;10,,"Journal Article;Research Support, Non-U.S. Gov't"
38263233,2024,Causal relationship between gut microbiota and gastrointestinal diseases: a mendelian randomization study.,Journal of translational medicine,2;10,,"Journal Article;Research Support, Non-U.S. Gov't"
38263093,2024,The association between adipokines and pulmonary diseases: a mendelian randomization study.,BMC pulmonary medicine,2;5;8;9;10;13,,Journal Article
38260157,2023,Assessment of potential risk factors associated with gestational diabetes mellitus: evidence from a Mendelian randomization study.,Frontiers in endocrinology,1;2;10;15,,"Journal Article;Research Support, Non-U.S. Gov't"
38260127,2023,Controversial causal association between IGF family members and osteoporosis: a Mendelian randomization study between UK and FinnGen biobanks.,Frontiers in endocrinology,2;10,,"Journal Article;Research Support, Non-U.S. Gov't"
38260009,2023,Non-alcoholic fatty liver disease causally affects the brain cortical structure: a Mendelian randomization study.,Frontiers in neuroscience,1;2;10,,Journal Article
38259461,2023,A Mendelian randomization study of the effect of serum 25-hydroxyvitamin D levels on autoimmune thyroid disease.,Frontiers in immunology,2;9;10,,"Journal Article;Research Support, Non-U.S. Gov't"
38256693,2024,Association between Type 1 Diabetes Mellitus and Parkinson's Disease: A Mendelian Randomization Study.,Journal of clinical medicine,1;2;10;11,,Journal Article
38254956,2024,Population-Based Biobanking.,Genes,,,"Journal Article;Review;Research Support, Non-U.S. Gov't"
38254716,2024,"Potential Causal Association between Plasma Metabolites, Immunophenotypes, and Female Reproductive Disorders: A Two-Sample Mendelian Randomization Analysis.",Biomolecules,2;10;15,,"Meta-Analysis;Journal Article;Research Support, Non-U.S. Gov't"
38244790,2024,Causal associations between digital device use and suicide risk: A bidirectional Mendelian randomization study.,Journal of affective disorders,2;4;10,,Journal Article
38243929,2025,Causal Relationships of Chronic Constipation and Irritable Bowel Syndrome with Digestive Tract Cancers: A Mendelian Randomization Study.,Recent patents on anti-cancer drug discovery,2;5;10,,Journal Article
38243265,2024,The genetic etiology of body fluids on chronic obstructive airways disease.,Respiratory research,2;13,,Journal Article
38243041,2024,The causal effect of Helicobacter pylori infection on coronary heart disease is mediated by the body mass index: a Mendelian randomization study.,Scientific reports,1;2;8;10,,Journal Article
38242214,2024,"Association between alopecia areata, anxiety, and depression: Insights from a bidirectional two-sample Mendelian randomization study.",Journal of affective disorders,2;4;10;12,,"Journal Article;Research Support, Non-U.S. Gov't"
38240493,2024,Mendelian-randomization study revealed causal relationship between nonalcoholic fatty liver disease and osteoporosis/fractures.,Journal of gastroenterology and hepatology,1;2;10,,Journal Article
38240406,2024,Exploring the link between gut microbiota and alopecia areata: a two-sample Mendelian randomization analysis.,International journal of dermatology,2;10;12,,Journal Article
38240193,2024,Genetic association of circulating interleukins and risk of colorectal cancer: A bidirectional Mendelian randomization study.,Environmental toxicology,2;5;10,,Journal Article
38239508,2023,Exploring the intestinal ecosystem: from gut microbiota to associations with subtypes of inflammatory bowel disease.,Frontiers in cellular and infection microbiology,2;9,,"Journal Article;Research Support, Non-U.S. Gov't"
38232082,2024,Causal associations between liver enzymes and diabetic microvascular complications: A univariable and multivariable Mendelian randomization.,PloS one,1;2;10;18,,Journal Article
38225945,2024,Novel insights into the complex interplay of immune dysregulation and inflammatory biomarkers in preeclampsia and fetal growth restriction: A two-step Mendelian randomization analysis.,Journal of translational autoimmunity,1;2;9;10;15,,Journal Article
38224876,2024,"Cardiovascular diseases consequences of type 1, type 2 diabetes mellitus and glycemic traits: A Mendelian randomization study.",Diabetes research and clinical practice,1;2;10;14,,Journal Article
38223944,2024,Gastroesophageal reflux disease increases the risk of essential hypertension: results from the Nationwide Readmission Database and Mendelian randomization analysis.,Postgraduate medical journal,1;2;10,,Observational Study;Journal Article
38222321,2024,The Causal Relationship Between Gastroesophageal Reflux Disease and Chronic Obstructive Pulmonary Disease: A Bidirectional Two-Sample Mendelian Randomization Study.,International journal of chronic obstructive pulmonary disease,2;10;13,,Journal Article
38220361,2024,Assessing the journey of calcium supplementation: A mendelian randomization study on the causal link between calcium levels and sleep disorders.,Clinical nutrition ESPEN,2;10,,"Journal Article;Research Support, Non-U.S. Gov't"
38215086,2024,Causal association between rheumatoid arthritis and pregnancy loss and intrauterine growth retardation: A bidirectional two-sample Mendelian randomization study.,Medicine,2;9;10;15,,Journal Article
38212471,2024,Association between tea consumption and risk of kidney stones: results from dose-response meta-analysis of prospective studies and Mendelian randomization analysis.,International urology and nephrology,2;10,,Journal Article;Meta-Analysis
38211754,2024,"Exploring the causal relationships and mediating factors between depression, anxiety, panic, and atrial fibrillation: A multivariable Mendelian randomization study.",Journal of affective disorders,1;2;4;10;13,,"Journal Article;Research Support, Non-U.S. Gov't"
38211690,2024,Unraveling the link between plasma caffeine concentrations and inflammatory bowel disease risk through Mendelian randomization.,The American journal of clinical nutrition,2;9;10,,Journal Article
38211557,2024,Therapeutic Targets for Diabetic Kidney Disease: Proteome-Wide Mendelian Randomization and Colocalization Analyses.,Diabetes,1;2;10,,Journal Article
38205343,2023,Integration of Biomarker Polygenic Risk Score Improves Prediction of Coronary Heart Disease.,JACC. Basic to translational science,1;2,,Journal Article
38198782,2024,The Association of Glaucoma with Ischemic Stroke and Functional Outcome after Ischemic Stroke from the Perspective of Causality.,"Cerebrovascular diseases (Basel, Switzerland)",1;2;14;18,14.2-stroke-cerebro,Journal Article;Meta-Analysis
38198148,2024,Genetic support of the causal association between gut microbiota and peripheral artery disease: a bidirectional Mendelian randomization study.,Aging,2;10,,"Journal Article;Research Support, Non-U.S. Gov't"
38194289,2024,Mechanisms of thyrotropin receptor-mediated phenotype variability deciphered by gene mutations and M453T-knockin model.,JCI insight,,,"Journal Article;Research Support, Non-U.S. Gov't"
38194093,2024,Genetically predicted circulating concentrations of micronutrients and risk of hypertensive disorders of pregnancy: a Mendelian randomization study.,Archives of gynecology and obstetrics,1;2;10;15,,Journal Article
38193081,2023,Causal effects and immune cell mediators between prescription analgesic use and risk of infectious diseases: a Mendelian randomization study.,Frontiers in immunology,2;8;10,,"Journal Article;Research Support, Non-U.S. Gov't"
38192292,2023,Uncovering a causal connection between the Lachnoclostridium genus in fecal microbiota and non-alcoholic fatty liver disease: a two-sample Mendelian randomization analysis.,Frontiers in microbiology,1;2;10,,Journal Article
38191483,2024,Associations of fatty acids with the risk of biliary tract calculus and inflammation: a Mendelian randomization study.,Lipids in health and disease,2;10,,Journal Article
38188880,2023,Genetically predicted basal metabolic rate and venous thromboembolism risk: a Mendelian randomization study.,Frontiers in nutrition,1;2;4;10,,Journal Article
38188874,2023,"Blood lipids, lipid-regulatory medications, and risk of bladder cancer: a Mendelian randomization study.",Frontiers in nutrition,1;2;5;10,,Journal Article
38188872,2023,Sodium intake and the risk of various types of cardiovascular diseases: a Mendelian randomization study.,Frontiers in nutrition,1;2;10,,Journal Article
38188561,2023,The causal effects between gut microbiota and hemorrhagic stroke: a bidirectional two-sample Mendelian randomization study.,Frontiers in microbiology,1;2;10;14,14.2-stroke-cerebro,Journal Article
38183343,2024,Mendelian randomization study of lipid metabolism characteristics and migraine risk.,"European journal of pain (London, England)",1;2;10;14,,Journal Article
38182988,2024,Evaluation of the causal effects of blood metabolites on irritable bowel syndrome: Mendelian randomization.,BMC gastroenterology,2;10,,Journal Article
38182742,2024,Distinct and shared genetic architectures of gestational diabetes mellitus and type 2 diabetes.,Nature genetics,1;2;15,,Journal Article
38180560,2024,Genome-wide association and Mendelian randomization analysis provide insights into the shared genetic architecture between high-dimensional electrocardiographic features and ischemic heart disease.,Human genetics,1;2;3;10,,Journal Article
38178098,2024,Causal relationship between gut microbiota and tuberculosis: a bidirectional two-sample Mendelian randomization analysis.,Respiratory research,2;8;10,,Journal Article
38177695,2024,Exome sequencing identifies genes associated with sleep-related traits.,Nature human behaviour,2;13,,Journal Article
38176684,2025,No Causal Association Between Inguinal Hernia and Aortic Aneurysm Using Mendelian Randomization Analysis.,Angiology,1;2;10,,Journal Article
38174762,2024,Identification of bidirectional causal links between gut microbiota and narcolepsy type 1 using Mendelian randomization.,Sleep,2;10;13,,"Journal Article;Research Support, Non-U.S. Gov't"
38173728,2023,Associations of the circulating levels of cytokines with risk of ankylosing spondylitis: a Mendelian randomization study.,Frontiers in immunology,2;9;10,,"Journal Article;Research Support, Non-U.S. Gov't"
38173028,2024,Circulating inflammatory biomarkers and risk of intracranial aneurysm: a Mendelian randomization study.,European journal of medical research,1;2;10;14,,Journal Article
38169560,2024,Causal relationship between gut microbiota and glioblastoma: a two-sample Mendelian randomization study.,Journal of Cancer,2;5;10,,Journal Article
38167458,2024,A Mendelian randomization study on the effects of plasma lipids on irritable bowel syndrome and functional dyspepsia.,Scientific reports,1;2;10,,Journal Article
38167102,2024,Genetic prediction of antihyperglycemic drug targets and risk of epilepsy: a mendelian randomisation study.,BMC pharmacology & toxicology,10;14;16,,"Journal Article;Research Support, Non-U.S. Gov't"
38166915,2024,Association of serum vitamin C levels with Asthma in adults: results of NHANES 2003-2006 and mendelian randomization study.,BMC pulmonary medicine,2;10;13,,Observational Study;Journal Article
38162878,2023,Genetic association and bidirectional Mendelian randomization for causality between gut microbiota and six lung diseases.,Frontiers in medicine,1;2;10;13,,Journal Article
38161112,2024,Causal association between uric acid levels and the risk of aortic aneurysm and aortic dissection: A two-sample Mendelian randomization study.,"Nutrition, metabolism, and cardiovascular diseases : NMCD",1;2;10,,"Journal Article;Research Support, Non-U.S. Gov't"
38156091,2023,Causal relationship between levels of myeloperoxidase and obstructive sleep apnea: a bidirectional two-sample Mendelian randomization study.,Frontiers in neurology,2;10;13,,Journal Article
38152136,2023,Assessing causal associations of hyperparathyroidism with blood counts and biochemical indicators: a Mendelian randomization study.,Frontiers in endocrinology,2;10,,"Journal Article;Research Support, Non-U.S. Gov't"
38151753,2024,Mitochondrial DNA copy number and cancer risks: A comprehensive Mendelian randomization analysis.,International journal of cancer,2;5;10,,Meta-Analysis;Journal Article
38150231,2024,Variants at the Interleukin 1 Gene Locus and Pericarditis.,JAMA cardiology,2,,"Journal Article;Research Support, Non-U.S. Gov't"
38148419,2024,Causal relationship between cigarette smoking behaviors and the risk of hernias: a Mendelian randomization study.,Hernia : the journal of hernias and abdominal wall surgery,2;4;10,,Journal Article
38146147,2024,Psoriasis and gut microbiota: A Mendelian randomization study.,Journal of cellular and molecular medicine,2;9;10;12,,"Journal Article;Research Support, Non-U.S. Gov't"
38145126,2023,A bidirectional Mendelian randomization study investigating the causal role between gut microbiota and insomnia.,Frontiers in neurology,2;10;13,,Journal Article
38130638,2023,Short-term duration of diabetic retinopathy as a predictor for development of diabetic kidney disease.,Journal of translational internal medicine,1;2;18,,Journal Article
38128388,2024,Mendelian randomization reveals systemic lupus erythematosus and rheumatoid arthritis and risk of adverse pregnancy outcomes.,"European journal of obstetrics, gynecology, and reproductive biology",2;9;10;15,,Journal Article
38128266,2024,Causal relationship between frailty and chronic obstructive pulmonary disease or asthma: A two sample bidirectional Mendelian randomization study.,Archives of gerontology and geriatrics,2;10;11;13,,"Meta-Analysis;Journal Article;Research Support, Non-U.S. Gov't"
38125810,2023,Causal associations between common musculoskeletal disorders and dementia: a Mendelian randomization study.,Frontiers in aging neuroscience,2;9;10;11,,Journal Article
38125500,2023,Gut microbiota and risk of polycystic ovary syndrome: Insights from Mendelian randomization.,Heliyon,1;2;10;15,,Journal Article
38123520,2024,Psychological Distress and Meniere's Disease: A Bidirectional Two-Sample Mendelian Randomization Study.,Otolaryngology--head and neck surgery : official journal of American Academy of Otolaryngology-Head and Neck Surgery,2;4;10;18,,"Journal Article;Research Support, Non-U.S. Gov't"
38116537,2023,Sexual behavior and cardiovascular diseases: univariable and multivariable Mendelian randomization.,Frontiers in cardiovascular medicine,1;2;10;13;14,,Journal Article
38116129,2023,Genetically Determined Metabolites in Graves Disease: Insight From a Mendelian Randomization Study.,Journal of the Endocrine Society,2;9;10,,Journal Article
38114639,2023,Mendelian randomization study reveals the relationship between dietary factors and respiratory diseases.,Scientific reports,2;10;13,,Journal Article
38112721,2024,Causal associations of Insomnia and postpartum depression: a two-sample mendelian randomization study.,Archives of gynecology and obstetrics,2;4;10;13;15,,Journal Article
38111509,2023,Causal associations between inflammatory bowel disease and anxiety: A bidirectional Mendelian randomization study.,World journal of gastroenterology,2;4;9;10,,Journal Article
38110541,2023,Genetically predicted 486 blood metabolites concerning risk of systemic lupus erythematosus: a Mendelian randomization study.,Scientific reports,2;9;10,,Journal Article
38109907,2024,Circulating Cytokines and Venous Thromboembolism: A Bidirectional Two-Sample Mendelian Randomization Study.,Thrombosis and haemostasis,1;2;10,,Journal Article
38107467,2023,"The causal association between smoking, alcohol consumption and risk of upper urinary calculi: insights from a Mendelian randomization study.",Frontiers in genetics,2;4;10,,Journal Article
38106475,2023,Association between gut microbiota and NAFLD/NASH: a bidirectional two-sample Mendelian randomization study.,Frontiers in cellular and infection microbiology,1;2;10,,"Journal Article;Research Support, Non-U.S. Gov't"
38104164,2023,No evidence of genetic causality between diabetes and osteonecrosis: a bidirectional two-sample Mendelian randomization analysis.,Journal of orthopaedic surgery and research,1;2;10,,Meta-Analysis;Journal Article
38103512,2024,Multi-omic insight into the molecular networks of mitochondrial dysfunction in the pathogenesis of inflammatory bowel disease.,EBioMedicine,2;9,,Journal Article
38100139,2024,The causal relationship between osteoarthritis and bladder cancer: A Mendelian randomization study.,Cancer medicine,2;5;10,,"Journal Article;Research Support, Non-U.S. Gov't"
38099291,2023,Identification of heel bone mineral density as a risk factor of Alzheimer's disease by analyzing large-scale genome-wide association studies datasets.,Frontiers in cell and developmental biology,2;11,,Journal Article
38093177,2024,Genetic Association of Allergic Rhinitis with Sleep and Neuropsychological Disorders: A Mendelian Randomization Study.,American journal of rhinology & allergy,2;10;18,,Journal Article
38093001,2024,Genetic analysis of the causal relationship between gut microbiota and intervertebral disc degeneration: a two-sample Mendelian randomized study.,"European spine journal : official publication of the European Spine Society, the European Spinal Deformity Society, and the European Section of the Cervical Spine Research Society",2;10,,Journal Article
38090574,2023,Appraising the causal relationship between thyroid function and rheumatoid arthritis: a two-sample bidirectional Mendelian randomization study.,Frontiers in immunology,2;9;10,,Journal Article
38085646,2023,Association of modifiable risk factors with obstructive sleep apnea: a Mendelian randomization study.,Aging,1;2;10;13,,"Journal Article;Research Support, Non-U.S. Gov't"
38077385,2023,New insight into the causal relationship between Graves' disease liability and drug eruption: a Mendelian randomization study.,Frontiers in immunology,2;10,,"Journal Article;Research Support, Non-U.S. Gov't"
38076931,2023,Polygenic risk scores as a marker for epilepsy risk across lifetime and after unspecified seizure events.,medRxiv : the preprint server for health sciences,2;14,,Preprint;Journal Article
38075894,2023,Causal link between gut microbiota and four types of pancreatitis: a genetic association and bidirectional Mendelian randomization study.,Frontiers in microbiology,2;10,,Journal Article
38061975,2024,"Causal relationship between female reproductive factors, sex hormones and uterine leiomyoma: a Mendelian randomization study.",Reproductive biomedicine online,2;10;15,,Meta-Analysis;Journal Article
38057926,2023,Genetic effect of metformin use on risk of cancers: evidence from Mendelian randomization analysis.,Diabetology & metabolic syndrome,2;5;10;16,,Journal Article
38053214,2023,Association of autoimmune diseases with the occurrence and 28-day mortality of sepsis: an observational and Mendelian randomization study.,"Critical care (London, England)",1;2;8;9;10;12;14,,Observational Study;Journal Article
38051322,2024,The Association Between SHBG and Osteoporosis: A NHANES Cross-Sectional Study and A Bidirectional Mendelian Randomization.,Calcified tissue international,2;10,,Journal Article
38049831,2023,"Proteomic insights into the associations between obesity, lifestyle factors, and coronary artery disease.",BMC medicine,1;2,,"Journal Article;Research Support, Non-U.S. Gov't"
38042639,2023,Circulating Biomarkers and Risk of Hypertension: A Two-Sample Mendelian Randomisation Study.,"Heart, lung & circulation",1;10,,Journal Article
38040849,2024,"Causal relationships between coffee intake, apolipoprotein B and gastric, colorectal, and esophageal cancers: univariable and multivariable Mendelian randomization.",European journal of nutrition,2;5;10,,Journal Article
38037013,2023,Causal effects of gut microbiome on endometriosis: a two-sample mendelian randomization study.,BMC women's health,2;10;15,,"Journal Article;Research Support, Non-U.S. Gov't"
38036545,2023,NTHL1 is a recessive cancer susceptibility gene.,Scientific reports,2;5;12,,Journal Article
38035346,2023,Association of coffee and caffeine consumption with risk and prognosis of endometrial cancer and its subgroups: a Mendelian randomization.,Frontiers in nutrition,2;5;10;15,,Journal Article
38034019,2023,Serum uric acid and risk of diabetic neuropathy: a genetic correlation and mendelian randomization study.,Frontiers in endocrinology,1;2;10;14,,Journal Article
38031296,2024,Effect of Glucosamine on Intraocular Pressure and Risk of Developing Glaucoma.,Journal of glaucoma,18,,"Journal Article;Research Support, N.I.H., Extramural"
38029137,2023,Genetic causal relationship between gut microbiome and psoriatic arthritis: a bidirectional two-sample Mendelian randomization study.,Frontiers in microbiology,2;9;10,,Journal Article
38029073,2023,Effects of gut microbiota on prostatic cancer: a two-sample Mendelian randomization study.,Frontiers in microbiology,2;5;10,,Journal Article
38027162,2023,Correlation between diabetic retinopathy and diabetic nephropathy: a two-sample Mendelian randomization study.,Frontiers in endocrinology,1;2;10;18,,"Journal Article;Research Support, Non-U.S. Gov't"
38025973,2023,Investigating the gut microbiota's influence on psoriasis and psoriatic arthritis risk: a Mendelian randomization analysis.,Precision clinical medicine,2;9;10;12,,Journal Article
38022504,2023,No causal effect of genetically determined circulating homocysteine levels on psoriasis in the European population: evidence from a Mendelian randomization study.,Frontiers in immunology,2;9;10;12,,"Journal Article;Research Support, Non-U.S. Gov't"
38022400,2023,Genetically Predicted Causal Effects of Gut Microbiota and Gut Metabolites on Digestive Tract Cancer: A Two-Sample Mendelian Randomization Analysis.,World journal of oncology,2;5;10,,Journal Article
38019753,2023,Causal association between dietary factors and esophageal diseases: A Mendelian randomization study.,PloS one,2;5;10,,"Journal Article;Research Support, Non-U.S. Gov't"
38018286,2024,"The value of genetic data from 665,460 individuals in managing iron deficiency anaemia and suitability to donate blood.",Vox sanguinis,2,,Journal Article
38016486,2024,Exploring the causal relationship between periodontitis and gut microbiome: Unveiling the oral-gut and gut-oral axes through bidirectional Mendelian randomization.,Journal of clinical periodontology,2;10,,"Meta-Analysis;Journal Article;Research Support, Non-U.S. Gov't"
38016292,2024,Promising therapeutic targets for ischemic stroke identified from plasma and cerebrospinal fluid proteomes: a multicenter Mendelian randomization study.,"International journal of surgery (London, England)",1;2;10;14,14.2-stroke-cerebro,Meta-Analysis;Journal Article
38015883,2023,Mendelian randomization reveals no correlations between herpesvirus infection and idiopathic pulmonary fibrosis.,PloS one,2;8;10;13,,Meta-Analysis;Journal Article
38015384,2024,Patients with periodontitis might increase the risk of urologic cancers: a bidirectional two-sample Mendelian randomization study.,International urology and nephrology,2;5;10,,Journal Article
38014089,2023,Genome-wide association study analysis of disease severity in Acne reveals novel biological insights.,medRxiv : the preprint server for health sciences,2;12,,Preprint;Journal Article
38013660,2024,Body composition and risk of gestational diabetes mellitus: A univariable and multivariable Mendelian randomization study.,Journal of diabetes investigation,1;2;10;15,,Journal Article
38004211,2023,Causal Effect of Relative Carbohydrate Intake on Hypertension through Psychological Well-Being and Adiposity: A Mendelian Randomization Study.,Nutrients,1;2;4;10,,Journal Article;Meta-Analysis
37989345,2023,Unraveling shared risk factors for diabetic foot ulcer: a comprehensive Mendelian randomization analysis.,BMJ open diabetes research & care,1;2;10,,"Journal Article;Research Support, Non-U.S. Gov't"
37988105,2023,"Association of APOE Haplotypes With Common Age-Related Ocular Diseases in 412,171 Individuals.",Investigative ophthalmology & visual science,11;18,,Journal Article
37986064,2023,"The causal relationship between physical activity, sedentary time and idiopathic pulmonary fibrosis risk: a Mendelian randomization study.",Respiratory research,2;7;10;13,,Journal Article
37984746,2024,Roles of Human Gut Microbiota in Liver Cirrhosis Risk: A Two-Sample Mendelian Randomization Study.,The Journal of nutrition,1;2;10,,"Journal Article;Research Support, Non-U.S. Gov't"
37982563,2024,Genetics of sleep medication purchases suggests causality from sleep problems to psychiatric traits.,Sleep,2;4,,"Journal Article;Research Support, Non-U.S. Gov't"
37980884,2024,Gastroesophageal Reflux Disease and Rhinosinusitis: A Bidirectional Mendelian Randomization Study.,International archives of allergy and immunology,2;10,,Journal Article
37979213,2024,Exploring the causal relationship between inflammatory cytokines and inflammatory arthritis: A Mendelian randomization study.,Cytokine,2;9;10,,"Journal Article;Research Support, Non-U.S. Gov't"
37973425,2024,Association between circulating biomarkers and non-alcoholic fatty liver disease: An integrative Mendelian randomization study of European ancestry.,"Nutrition, metabolism, and cardiovascular diseases : NMCD",1;2;10,,Journal Article
37967698,2024,Brainwide Mendelian Randomization Study of Anxiety Disorders and Symptoms.,Biological psychiatry,2;4;10,,Journal Article
37965200,2023,TWINGEN - protocol for an observational clinical biobank recall and biomarker study to identify individuals with high risk of Alzheimer's disease.,medRxiv : the preprint server for health sciences,7;11;17,,Preprint;Journal Article
37964843,2023,Causal effects of gut microbiota on scoliosis: A bidirectional two-sample mendelian randomization study.,Heliyon,2;10,,Journal Article
37962888,2023,Mendelian Randomization Analysis of Genetic Proxies of Thiazide Diuretics and the Reduction of Kidney Stone Risk.,JAMA network open,1;2;10,,"Meta-Analysis;Journal Article;Research Support, U.S. Gov't, Non-P.H.S.;Research Support, N.I.H., Extramural"
37955011,2023,The association between thyroid and breast cancers: a bidirectional mendelian randomization study.,Frontiers in endocrinology,2;5;10,,"Journal Article;Research Support, Non-U.S. Gov't"
37952233,2024,Does gestational diabetes mellitus increase the risk of cardiovascular disease? A Mendelian randomization study.,Journal of endocrinological investigation,1;2;10;15,,Journal Article
37951389,2024,Causal Association between Tea Intake and Acute Cerebrovascular Events: A Multivariate Mendelian Randomized Study in European Populations.,The Journal of nutrition,1;2;10;14,,Meta-Analysis;Journal Article
37950809,2024,Proteome-wide Mendelian randomization highlights AIF1 and HLA-DQA2 as targets for primary sclerosing cholangitis.,Hepatology international,2;8;9;10,,Journal Article
37950180,2023,Causal effect between gut microbiota and pancreatic cancer: a two-sample Mendelian randomization study.,BMC cancer,2;5;10,,Journal Article
37950049,2023,Protective effect of uridine on atrial fibrillation: a Mendelian randomisation study.,Scientific reports,1;2;10,,Meta-Analysis;Journal Article
37940997,2023,"Roles of gut microbiota in atrial fibrillation: insights from Mendelian randomization analysis and genetic data from over 430,000 cohort study participants.",Cardiovascular diabetology,1;2;10;13,,"Journal Article;Research Support, Non-U.S. Gov't"
37939919,2024,Causal associations between modifiable risk factors and intervertebral disc degeneration.,The spine journal : official journal of the North American Spine Society,1;2;4;6,,Journal Article
37936124,2023,Causal relationship between gut microbiota and myasthenia gravis: a bidirectional mendelian randomization study.,Cell & bioscience,2;9;10,,Journal Article
37931855,2024,Therapeutic targets for endometriosis: Genome-wide Mendelian randomization and colocalization analyses.,Gene,2;10;15,,Journal Article
37928923,2023,"The relationship between COVID-19, depressive disorder, and anxiety: a bidirectional Mendelian randomization study.",Frontiers in psychiatry,2;4;8;10,,Journal Article
37922693,2023,Association of plasma branched-chain amino acid with multiple cancers: A mendelian randomization analysis.,"Clinical nutrition (Edinburgh, Scotland)",2;5;10,,"Journal Article;Research Support, Non-U.S. Gov't"
37920262,2023,The causality between gut microbiome and liver cirrhosis: a bi-directional two-sample Mendelian randomization analysis.,Frontiers in microbiology,1;2;3;10,,Journal Article
37916519,2024,Causal relationship between sleep apnea and non-alcoholic fatty liver disease: A Mendelian randomization study.,European journal of clinical investigation,1;2;10;13,,Meta-Analysis;Journal Article
37915857,2023,Association between gut microbiota and sensorineural hearing loss: a Mendelian randomization study.,Frontiers in microbiology,2;10;18,,Journal Article
37914780,2023,Causal effect of gallstone disease on the risk of coronary heart disease or acute myocardial infarction: a Mendelian randomization study.,Scientific reports,1;2;10,,"Journal Article;Research Support, Non-U.S. Gov't"
37910257,2023,Causal relationships between circulating inflammatory cytokines and diffuse large B cell lymphoma: a bidirectional Mendelian randomization study.,Clinical and experimental medicine,2;5;10,,Journal Article
37907536,2023,Genome-wide association analysis of plasma lipidome identifies 495 genetic associations.,Nature communications,1;2,,"Journal Article;Research Support, Non-U.S. Gov't"
37904677,2023,Inflammatory bowel disease and the risk of intracerebral hemorrhage: A Mendelian randomization study and meta-analysis.,"Immunity, inflammation and disease",1;2;9;10;14,,"Meta-Analysis;Journal Article;Research Support, Non-U.S. Gov't"
37899293,2024,Increased risk of dementia differs across cardiovascular diseases and types of dementia - Data from a nationwide study.,Journal of internal medicine,1;4;11;14,,"Journal Article;Research Support, Non-U.S. Gov't"
37886515,2023,Ensembled best subset selection using summary statistics for polygenic risk prediction.,bioRxiv : the preprint server for biology,2;3;5,,Preprint;Journal Article
37884785,2024,A Mendelian randomization study revealed a causal link between napping and deep vein thrombosis (DVT).,Sleep & breathing = Schlaf & Atmung,1;2;10,,Journal Article
37881804,2023,The causality between obstructive sleep apnea and ventricular structure and function: a bidirectional Mendelian randomization study.,Frontiers in genetics,1;2;10;13;14,,Journal Article
37877466,2023,Genome-wide association study meta-analysis supports association between MUC1 and ectopic pregnancy.,"Human reproduction (Oxford, England)",2;3;15,,"Meta-Analysis;Journal Article;Research Support, Non-U.S. Gov't"
37876873,2023,Gut microbiota causally affects cholelithiasis: a two-sample Mendelian randomization study.,Frontiers in cellular and infection microbiology,1;2;10,,"Journal Article;Research Support, Non-U.S. Gov't"
37876547,2023,Inflammatory arthritis and eye diseases: a Mendelian randomization study.,Frontiers in endocrinology,2;9;10,,Journal Article
37874242,2023,Association between Liver MRI Proton Density Fat Fraction and Liver Disease Risk.,Radiology,1;2;5,,"Journal Article;Observational Study;Research Support, Non-U.S. Gov't"
37869000,2023,Genome-wide Mendelian randomization identifies putatively causal gut microbiota for multiple peptic ulcer diseases.,Frontiers in immunology,2;10,,"Meta-Analysis;Journal Article;Research Support, Non-U.S. Gov't"
37866777,2023,Vitamin D and hyperemesis gravidarum: A mendelian randomization study.,Journal of gynecology obstetrics and human reproduction,2;10,,Journal Article
37856513,2023,The associations of alcoholic liver disease and nonalcoholic fatty liver disease with bone mineral density and the mediation of serum 25-Hydroxyvitamin D: A bidirectional and two-step Mendelian randomization.,PloS one,1;2;10,,"Journal Article;Research Support, Non-U.S. Gov't"
37849761,2023,Causality of occupational exposure on rheumatoid arthritis and ankylosing spondylitis: a two-sample mendelian randomization study.,Frontiers in immunology,2;9;10,,"Journal Article;Research Support, Non-U.S. Gov't"
37848822,2023,Association between gut microbiota and influenza: a bidirectional two-sample mendelian randomization study.,BMC infectious diseases,2;10,,Meta-Analysis;Journal Article
37848354,2023,Novel Finnish-enriched variants causing severe hypercholesterolemia and their clinical impact on coronary artery disease.,Atherosclerosis,1,,"Journal Article;Research Support, Non-U.S. Gov't"
37840448,2024,Associations of non-alcoholic fatty liver disease and cirrhosis with liver cancer in European and East Asian populations: A Mendelian randomization study.,"Cancer reports (Hoboken, N.J.)",1;2;5;10,,Journal Article
37840162,2023,[Obstructive sleep apnea and type 2 diabetes: a bidirectional Mendelian randomization study].,Zhonghua er bi yan hou tou jing wai ke za zhi = Chinese journal of otorhinolaryngology head and neck surgery,1;2;10;13,,Meta-Analysis;English Abstract;Journal Article
37829610,2023,Revealing a causal relationship between gut microbiota and lung cancer: a Mendelian randomization study.,Frontiers in cellular and infection microbiology,2;5;10,,"Journal Article;Research Support, Non-U.S. Gov't"
37829443,2023,Association between gut microbiota and endometriosis: a two-sample Mendelian randomization study.,Frontiers in microbiology,2;10;15,,Journal Article
37828993,2023,The causal relationship between gut microbiota and inflammatory dermatoses: a Mendelian randomization study.,Frontiers in immunology,2;10;12,,"Journal Article;Research Support, Non-U.S. Gov't"
37828486,2023,Causal effects of inflammatory bowel diseases on the risk of kidney stone disease: a two-sample bidirectional mendelian randomization.,BMC urology,1;2;9;10,,Journal Article
37827145,2023,The Causal Effect of Obesity on the Risk of 15 Autoimmune Diseases: A Mendelian Randomization Study.,Obesity facts,1;2;9;10;12;13,,"Journal Article;Research Support, Non-U.S. Gov't"
37823124,2023,The effects of unsaturated fatty acids on psoriasis: A two-sample Mendelian randomization study.,Food science & nutrition,2;9;10;12,,Journal Article
37822739,2023,Male infertility risk and gut microbiota: a Mendelian randomization study.,Frontiers in microbiology,2;10;15,,Journal Article
37822602,2023,Relationship between gut microbiota and thyroid function: a two-sample Mendelian randomization study.,Frontiers in endocrinology,2;10,,"Journal Article;Research Support, Non-U.S. Gov't"
37815300,2024,Visceral and ectopic fat are more predictively associated with primary liver cancer than overall obesity from genetic sights: A Mendelian randomization study.,International journal of cancer,1;2;5;10,,"Journal Article;Research Support, Non-U.S. Gov't"
37814277,2023,Low levels of small HDL particles predict but do not influence risk of sepsis.,"Critical care (London, England)",1;8,,Journal Article
37814219,2023,Correlation study of malignant lymphoma and breast Cancer in different gender European populations: mendelian randomization analysis.,BMC genomic data,2;5;10,,"Journal Article;Research Support, Non-U.S. Gov't"
37813992,2023,A Mendelian randomization-based approach to explore the relationship between leukocyte counts and breast cancer risk in European ethnic groups.,Scientific reports,2;5;10,,Journal Article
37810889,2023,"Lifestyle factors, serum parameters, metabolic comorbidities, and the risk of kidney stones: a Mendelian randomization study.",Frontiers in endocrinology,1;2;10,,"Meta-Analysis;Journal Article;Research Support, Non-U.S. Gov't"
37810867,2023,Therapeutic potential of single-nucleotide polymorphism-mediated interleukin-6 receptor blockade in cancer treatment: A Mendelian randomization study.,Heliyon,2;5;10;12,,Journal Article
37809092,2023,Potential drug targets for asthma identified in the plasma and brain through Mendelian randomization analysis.,Frontiers in immunology,2;10;13,,"Journal Article;Research Support, Non-U.S. Gov't"
37808821,2023,Household income does not affect the pleiotropy of schizophrenia genetic liability with mental and physical health outcomes.,medRxiv : the preprint server for health sciences,2;4;6,,Preprint;Journal Article
37807832,2024,The effect of metformin on urate metabolism: Findings from observational and Mendelian randomization analyses.,"Diabetes, obesity & metabolism",1;2;10;16,,"Journal Article;Research Support, Non-U.S. Gov't"
37805474,2023,Causal relationship between blood metabolites and risk of five infections: a Mendelian randomization study.,BMC infectious diseases,2;8;10,,Meta-Analysis;Journal Article
37800876,2024,"Genetically determined blood pressure, antihypertensive medications, and risk of intracranial aneurysms and aneurysmal subarachnoid hemorrhage: A Mendelian randomization study.",European stroke journal,1;2;10;14,,Journal Article
37799337,2023,Association between gut microbiota and benign prostatic hyperplasia: a two-sample mendelian randomization study.,Frontiers in cellular and infection microbiology,2;10,,"Journal Article;Research Support, Non-U.S. Gov't"
37795084,2023,"Multivariate Mendelian randomization provides no evidence for causal associations among both psoriasis and psoriatic arthritis, and skin cancer.",Frontiers in immunology,2;5;9;10;12,,"Journal Article;Research Support, Non-U.S. Gov't"
37791980,2023,Genome-Wide Association and Two-Sample Mendelian Randomization Analyses of Plasma Ghrelin and Gastrointestinal Cancer Risk.,"Cancer epidemiology, biomarkers & prevention : a publication of the American Association for Cancer Research, cosponsored by the American Society of Preventive Oncology",2;5;10,,"Meta-Analysis;Journal Article;Research Support, Non-U.S. Gov't"
37790979,2023,Association between age at first birth and postpartum depression: A two-sample mendelian randomization analysis.,Heliyon,2;4;10;15,,Journal Article
37789851,2023,Dissecting the association between gut microbiota and liver cancer in European and East Asian populations using Mendelian randomization analysis.,Frontiers in microbiology,2;5;10,,Journal Article
37789450,2023,Mendelian randomization analysis reveals fresh fruit intake as a protective factor for urolithiasis.,Human genomics,2;10,,"Journal Article;Research Support, Non-U.S. Gov't"
37788949,2023,Effect of genetically determined BCAA levels on cardiovascular diseases and their risk factors: A Mendelian randomization study.,"Nutrition, metabolism, and cardiovascular diseases : NMCD",1;2;10;14,,Journal Article
37788476,2024,Assessing Causality Between Second-Hand Smoking and Potentially Associated Diseases in Multiple Systems: A Two-Sample Mendelian Randomization Study.,Nicotine & tobacco research : official journal of the Society for Research on Nicotine and Tobacco,1;2;4;5;10;13;14,,Journal Article
37788000,2023,Investigating the Impact of Sun/UV Protection and Ease of Skin Tanning on the Risk of Pseudoexfoliation Glaucoma: A Mendelian Randomization Study.,Investigative ophthalmology & visual science,2;10;18,,"Journal Article;Research Support, Non-U.S. Gov't"
37787550,2023,Central Adiposity Increases Risk of Kidney Stone Disease through Effects on Serum Calcium Concentrations.,Journal of the American Society of Nephrology : JASN,1;2,,"Journal Article;Research Support, N.I.H., Extramural;Research Support, Non-U.S. Gov't"
37782172,2023,TNF inhibitors associated with cardiovascular diseases and cardiometabolic risk factors: a Mendelian randomization study.,European review for medical and pharmacological sciences,1;2;10,,Journal Article
37781392,2023,Therapeutic role of interleukin-1 receptor antagonist in pancreatic diseases: mendelian randomization study.,Frontiers in immunology,2;5;10,,Meta-Analysis;Journal Article
37781245,2023,The association between epilepsy and COVID-19: analysis based on Mendelian randomization and FUMA.,Frontiers in neuroscience,2;8;10;14,,Journal Article
37780623,2023,Assessment of common risk factors of diabetes and chronic kidney disease: a Mendelian randomization study.,Frontiers in endocrinology,1;2;10,,"Journal Article;Research Support, Non-U.S. Gov't"
37780571,2023,Risk relationship between leukocyte telomere length and constipation: a Mendelian randomization study.,Frontiers in medicine,2;10,,Journal Article
37779702,2023,Causality of anti-Helicobacter pylori IgG levels on myocardial infarction and potential pathogenesis: a Mendelian randomization study.,Frontiers in microbiology,1;2;10,,Journal Article
37777755,2023,KIF15 missense variant is associated with the early onset of idiopathic pulmonary fibrosis.,Respiratory research,13,,Observational Study;Journal Article
37771754,2023,BMI and plasma lipid levels with risk of proliferative diabetic retinopathy: a univariable and multivariable Mendelian randomization study.,Frontiers in nutrition,1;2;10;18,,Journal Article
37771125,2023,Assessing the Casual Association between Sex Hormone Levels and Fracture Risk: A Two-Sample Mendelian Randomization Study.,Orthopaedic surgery,2;10,,Journal Article
37768647,2024,Human Leukocyte Antigen Signatures as Pathophysiological Discriminants of Microscopic Colitis Subtypes.,Journal of Crohn's & colitis,2;9,,Meta-Analysis;Journal Article
37764869,2023,A Large Genetic Causal Analysis of the Gut Microbiota and Urological Cancers: A Bidirectional Mendelian Randomization Study.,Nutrients,2;5;10,,Journal Article
37760983,2023,Evaluating the Causal Association between Inflammatory Bowel Disease and Risk of Atherosclerotic Cardiovascular Disease: Univariable and Multivariable Mendelian Randomization Study.,Biomedicines,1;2;9;10;14,,Journal Article
37755256,2023,Lipid Metabolism Traits Mediate the Effect of Psoriasis on Myocardial Infarction Risk: A Two-Step Mendelian Randomization Study.,Metabolites,1;2;9;10;12,,Journal Article
37754355,2023,Causal Effects of Gut Microbiota on Sleep-Related Phenotypes: A Two-Sample Mendelian Randomization Study.,Clocks & sleep,2;10;13,,Journal Article
37753688,2023,Gut microbiota and acne: A Mendelian randomization study.,Skin research and technology : official journal of International Society for Bioengineering and the Skin (ISBS) [and] International Society for Digital Imaging of Skin (ISDIS) [and] International Society for Skin Imaging (ISSI),2;10;12,,Journal Article
37753071,2023,Causal relationships between circulating inflammatory factors and IgA vasculitis: a bidirectional Mendelian randomization study.,Frontiers in immunology,2;9;10,,"Journal Article;Research Support, Non-U.S. Gov't"
37752570,2023,"The causal relationship between COVID-19 and seventeen common digestive diseases: a two-sample, multivariable Mendelian randomization study.",Human genomics,1;2;8;10,,Journal Article
37752250,2023,Smoking and alcohol consumption with the risk of 11 common otolaryngological diseases: a bidirectional Mendelian randomization.,European archives of oto-rhino-laryngology : official journal of the European Federation of Oto-Rhino-Laryngological Societies (EUFOS) : affiliated with the German Society for Oto-Rhino-Laryngology - Head and Neck Surgery,2;4;5;10;18,,Journal Article
37751459,2023,Functional characterization of a single nucleotide polymorphism associated with Alzheimer's disease in a hiPSC-based neuron model.,PloS one,2;11,,Journal Article
37746910,2023,Cigarette smoking and thyroid cancer risk: A Mendelian randomization study.,Cancer medicine,2;4;5;10,,"Journal Article;Research Support, Non-U.S. Gov't"
37745546,2023,Brain-Wide Mendelian Randomization Study of Anxiety Disorders and Symptoms.,medRxiv : the preprint server for health sciences,2;4;10,,Preprint;Journal Article
37742224,2023,Investigating the causal effect of Dickkopf-1 on coronary artery disease and ischemic stroke: a Mendelian randomization study.,Aging,1;2;10;14,14.2-stroke-cerebro,"Journal Article;Research Support, Non-U.S. Gov't"
37741866,2023,Mechanosensitive ion channel gene survey suggests potential roles in primary open angle glaucoma.,Scientific reports,2;18,,"Journal Article;Research Support, N.I.H., Extramural;Research Support, Non-U.S. Gov't"
37736821,2024,Causal relationships between gut microbiota and hypothyroidism: a Mendelian randomization study.,Endocrine,2;10,,Meta-Analysis;Journal Article
37729413,2023,Association between frailty and depression: A bidirectional Mendelian randomization study.,Science advances,2;4;10;11,,Meta-Analysis;Journal Article
37726845,2023,Identification of novel protein biomarkers and drug targets for colorectal cancer by integrating human plasma proteome with genome.,Genome medicine,2;5,,"Meta-Analysis;Journal Article;Research Support, Non-U.S. Gov't"
37711902,2023,Obesity and risk for respiratory diseases: a Mendelian randomization study.,Frontiers in endocrinology,1;2;5;10;13,,Journal Article
37710281,2023,The causal association between systemic inflammatory regulators and primary ovarian insufficiency: a bidirectional mendelian randomization study.,Journal of ovarian research,2;10,,Journal Article
37704630,2023,Quantifying the causal impact of biological risk factors on healthcare costs.,Nature communications,2,,"Journal Article;Research Support, Non-U.S. Gov't"
37700350,2023,Causal effect of body mass index and physical activity on the risk of joint sports injuries: Mendelian randomization analysis in the European population.,Journal of orthopaedic surgery and research,2;7;10,,Journal Article
37698537,2023,Gut microbiota and hypertensive disorders in pregnancy: evidence from the Mendelian randomization study.,Aging,1;2;10;15,,"Journal Article;Research Support, Non-U.S. Gov't"
37697335,2023,"The causal relationship between thyroid function, autoimune thyroid dysfunction and lung cancer: a mendelian randomization study.",BMC pulmonary medicine,2;5;10,,Journal Article
37697271,2023,Causal associations between gut microbiota and urological tumors: a two-sample mendelian randomization study.,BMC cancer,2;5;10,,Journal Article
37691106,2023,Causal associations of 25-hydroxyvitamin D with functional gastrointestinal disorders: a two-sample Mendelian randomization study.,Genes & nutrition,2;10,,Journal Article
37690594,2024,Genome-wide meta-analysis implicates variation affecting mast cell biology in urticaria.,The Journal of allergy and clinical immunology,2;12,,"Meta-Analysis;Journal Article;Research Support, Non-U.S. Gov't"
37689221,2023,Causality of Diabetic Nephropathy and Age-Related Macular Degeneration: A Mendelian Randomization Study.,Gene,1;2;10;18,,Journal Article
37684631,2023,Long-term outcomes of offspring from multiple gestations: a two-sample Mendelian randomization study on multi-system diseases using UK Biobank and FinnGen databases.,Journal of translational medicine,1;2;4;10;13,,Journal Article
37680534,2023,Mendelian randomization analysis revealed a gut microbiota-mammary axis in breast cancer.,Frontiers in microbiology,2;5;10,,Journal Article
37678759,2023,Serum albumin and risk of incident diabetes and diabetic microvascular complications in the UK Biobank cohort.,Diabetes & metabolism,1;2,,Journal Article
37675772,2023,The Genetic Causal Association between Educational Attainment and Risk of 12 Common Musculoskeletal Disorders: A Two-Sample Mendelian Randomization.,Orthopaedic surgery,2;9;10,,Meta-Analysis;Journal Article
37671199,2023,Causal relationship of genetically predicted circulating micronutrients levels with the risk of kidney stone disease: a Mendelian randomization study.,Frontiers in nutrition,1;2;10,,Journal Article
37671135,2023,Transient ischemic attack and coronary artery disease: a two-sample Mendelian randomization analysis.,Frontiers in cardiovascular medicine,1;2;10,,Journal Article
37667670,2024,Genetically predicted body mass index and maternal outcomes of pregnancy: A two-sample Mendelian randomisation study.,BJOG : an international journal of obstetrics and gynaecology,1;2;4;10;15,,Journal Article
37664887,2023,"Birth weight, childhood obesity, adulthood obesity and body composition, and gastrointestinal diseases: a Mendelian randomization study.","Obesity (Silver Spring, Md.)",1;2;10,,"Journal Article;Research Support, Non-U.S. Gov't"
37664015,2023,The causal effect of serum micronutrients on malignant kidney neoplasm in European descent.,Frontiers in oncology,2;5,,Journal Article
37659996,2023,Causal associations between type 1 diabetes mellitus and cardiovascular diseases: a Mendelian randomization study.,Cardiovascular diabetology,1;2;10;14,,"Journal Article;Research Support, Non-U.S. Gov't"
37659917,2024,Mendelian randomization analysis reveals causality of inflammatory bowel disease on risks of Henoch-Schönlein purpura and immune thrombocytopenia.,Digestive and liver disease : official journal of the Italian Society of Gastroenterology and the Italian Association for the Study of the Liver,2;9;10,,"Journal Article;Research Support, Non-U.S. Gov't"
37656706,2023,Mendelian randomization study shows a causal effect of asthma on chronic obstructive pulmonary disease risk.,PloS one,2;10;13,,Journal Article
37654024,2023,Association between 23 drugs and Parkinson's disease: A two-sample Mendelian randomization study.,Brain and behavior,2;10;11,,"Journal Article;Research Support, Non-U.S. Gov't"
37652020,2023,Plasma proteins and onset of type 2 diabetes and diabetic complications: Proteome-wide Mendelian randomization and colocalization analyses.,Cell reports. Medicine,1;2;10,,Meta-Analysis;Journal Article
37649721,2023,Inflammatory biomarkers and delirium: a Mendelian randomization study.,Frontiers in aging neuroscience,2;10,,Journal Article
37640577,2024,Genetically Proxied Sarcopenia-Related Muscle Traits and Depression: Evidence from the FinnGen Cohort.,The American journal of geriatric psychiatry : official journal of the American Association for Geriatric Psychiatry,2;4;11,,Journal Article
37637178,2023,No genetic causal association between dental caries and Alzheimer's disease: a bidirectional two-sample Mendelian randomization analysis.,PeerJ,2;10;11,,"Journal Article;Research Support, Non-U.S. Gov't"
37634759,2024,Genome-Wide Meta-analysis Identifies Risk Loci and Improves Disease Prediction of Age-Related Macular Degeneration.,Ophthalmology,2;18,,"Meta-Analysis;Journal Article;Research Support, Non-U.S. Gov't"
37624788,2023,Univariable and multivariable mendelian randomization study revealed the modifiable risk factors of urolithiasis.,PloS one,2;10,,Meta-Analysis;Journal Article
37615800,2024,No evidence for a genetic causal effect of breast cancer on venous thromboembolism: a mendelian randomization study.,Journal of thrombosis and thrombolysis,1;2;5;10,,Meta-Analysis;Journal Article
37612215,2024,Investigation of the causal relationship between Interleukin-6 signaling and gastrointestinal tract cancers: A Mendelian randomization study.,Digestive and liver disease : official journal of the Italian Society of Gastroenterology and the Italian Association for the Study of the Liver,2;5;10,,Journal Article
37605959,2024,The relationship between sex hormone-binding protein and non-alcoholic fatty liver disease using Mendelian randomisation.,European journal of clinical investigation,1;2;10,,Meta-Analysis;Journal Article
37605651,2023,"Genetically predicted the causal relationship between gut microbiota and infertility: bidirectional Mendelian randomization analysis in the framework of predictive, preventive, and personalized medicine.",The EPMA journal,2;10;15,,Journal Article
37605270,2023,An atlas of associations between 14 micronutrients and 22 cancer outcomes: Mendelian randomization analyses.,BMC medicine,2;5;10,,"Journal Article;Research Support, Non-U.S. Gov't;Research Support, N.I.H., Extramural"
37600807,2023,Rheumatoid arthritis and hypothyroidism: a bidirectional Mendelian randomization study.,Frontiers in immunology,2;9;10,,Journal Article
37600718,2023,Univariable and multivariable Mendelian randomization investigating the effects of telomere length on the risk of adverse pregnancy outcomes.,Frontiers in endocrinology,1;2;10;15,,Journal Article
37599317,2023,Genetically determined circulating resistin concentrations and risk of colorectal cancer: a two-sample Mendelian randomization study.,Journal of cancer research and clinical oncology,2;5;10,,Meta-Analysis;Journal Article
37596566,2023,"Lipids, lipid-modifying drug target genes and migraine: a Mendelian randomization study.",The journal of headache and pain,1;2;10;14,,Journal Article
37592069,2023,Environmental and occupational risk factors for COPD and its prevalence among miners worldwide: a Mendelian randomization and meta-analysis study.,Environmental science and pollution research international,1;2;10;13;14,,Meta-Analysis;Journal Article
37583579,2023,Causal relationship between osteoarthritis with atrial fibrillation and coronary atherosclerosis: a bidirectional Mendelian randomization study of European ancestry.,Frontiers in cardiovascular medicine,1;2;10,,Journal Article
37581757,2023,Association between alcohol and urolithiasis: a mendelian randomization study.,Urolithiasis,2;10,,Journal Article
37580794,2023,Gut microbiota and intervertebral disc degeneration: a bidirectional two-sample Mendelian randomization study.,Journal of orthopaedic surgery and research,2;10,,Journal Article
37577704,2023,Integrating Genome-wide information and Wearable Device Data to Explore the Link of Anxiety and Antidepressants with Heart Rate Variability.,medRxiv : the preprint server for health sciences,1;2;3;4;7,,Preprint;Journal Article
37576957,2023,Genetic liability to multiple factors and uterine leiomyoma risk: a Mendelian randomization study.,Frontiers in endocrinology,1;2;10;15,,Meta-Analysis;Journal Article
37563810,2023,The Causal Effects of Cholelithiasis on Acute Pancreatitis and Pancreatic Cancer: A Large Sample Size Mendelian Randomization Analysis.,Recent patents on anti-cancer drug discovery,2;5;10,,Journal Article
37563724,2023,Identification of host gene-microbiome associations in colorectal cancer patients using mendelian randomization.,Journal of translational medicine,2;5;10,,"Meta-Analysis;Journal Article;Research Support, Non-U.S. Gov't"
37563569,2023,Causal associations of remnant cholesterol with cardiometabolic diseases and risk factors: a mendelian randomization analysis.,Cardiovascular diabetology,1;2;10,,"Journal Article;Research Support, Non-U.S. Gov't"
37559547,2023,Visceral adipose tissue and risk of nonalcoholic fatty liver disease: A Mendelian randomization study.,Clinical endocrinology,1;2;10,,"Journal Article;Research Support, Non-U.S. Gov't"
37556814,2023,Genetic Evidence Strongly Supports Managing Weight and Blood Pressure in Addition to Glycemic Control in Preventing Vascular Complications in People With Type 2 Diabetes.,Diabetes care,1;2;14,,"Journal Article;Research Support, Non-U.S. Gov't"
37553644,2023,Appraising the causal relationship between plasma caffeine levels and neuropsychiatric disorders through Mendelian randomization.,BMC medicine,2;4;10,,"Meta-Analysis;Journal Article;Research Support, Non-U.S. Gov't"
37550788,2023,Association between periodontitis and temporomandibular joint disorders.,Arthritis research & therapy,2,,"Meta-Analysis;Journal Article;Research Support, Non-U.S. Gov't"
37549427,2024,"Causal Roles of Lifestyle, Psychosocial Characteristics, and Sleep Status in Sarcopenia: A Mendelian Randomization Study.","The journals of gerontology. Series A, Biological sciences and medical sciences",2;4;10;11,,"Journal Article;Research Support, Non-U.S. Gov't"
37548289,2023,Genetically predicted childhood body mass index and lung cancer susceptibility: A two-sample Mendelian randomization study.,Cancer medicine,2;5;10;12,,"Journal Article;Research Support, Non-U.S. Gov't"
37547316,2023,"Associations between obesity, smoking behaviors, reproductive traits and spontaneous abortion: a univariable and multivariable Mendelian randomization study.",Frontiers in endocrinology,1;2;4;10,,"Journal Article;Research Support, Non-U.S. Gov't"
37544299,2023,A Common Genetic Factor Underlies Genetic Risk for Gynaecological and Reproductive Disorders and Is Correlated with Risk to Depression.,Neuroendocrinology,2;4;15,,"Journal Article;Research Support, Non-U.S. Gov't"
37543542,2023,Genetically predicted thyroid function and risk of colorectal cancer: a bidirectional Mendelian randomization study.,Journal of cancer research and clinical oncology,2;5;10,,Journal Article
37541187,2023,Combined CRISPRi and proteomics screening reveal a cohesin-CTCF-bound allele contributing to increased expression of RUVBL1 and prostate cancer progression.,American journal of human genetics,2;5,,"Journal Article;Research Support, Non-U.S. Gov't;Research Support, N.I.H., Extramural"
37537264,2023,A FinnGen pilot clinical recall study for Alzheimer's disease.,Scientific reports,11,,"Journal Article;Research Support, Non-U.S. Gov't"
37536998,2023,The relationship of fatty acids to ischaemic heart disease and lifespan in men and women using Mendelian randomization.,International journal of epidemiology,1;2;10,,Journal Article
37533011,2023,Two-sample Mendelian randomization study does not reveal a significant relationship between cytomegalovirus (CMV) infection and autism spectrum disorder.,BMC psychiatry,2;8;10,,Journal Article
37528547,2023,Genetic insights into the risk of metabolic syndrome and its components on psoriasis: A bidirectional Mendelian randomization.,The Journal of dermatology,1;2;9;10;12,,Journal Article
37522462,2024,Body mass index and risk of inflammatory breast disease: a Mendelian randomization study.,Nutricion hospitalaria,1;2;10,,Journal Article
37522206,2023,Causal Effects of Plasma Haptoglobin Levels on Alzheimer's Disease: A Two-Sample Mendelian Randomization Study.,Journal of Alzheimer's disease : JAD,2;10;11,,"Meta-Analysis;Journal Article;Research Support, Non-U.S. Gov't"
37516996,2023,Genetic variation in solute carrier family 5 member 2 mimicking sodium-glucose co-transporter 2-inhibition and risk of cardiovascular disease and all-cause mortality: reduced risk not explained by lower plasma glucose.,Cardiovascular research,1;14,,"Journal Article;Research Support, Non-U.S. Gov't"
37515404,2023,Association between the use of lipid-lowering drugs and the risk of inflammatory bowel disease.,European journal of clinical investigation,1;2;9,,Journal Article
37513548,2023,The Association between Circulating Lipids and Female Infertility Risk: A Univariable and Multivariable Mendelian Randomization Analysis.,Nutrients,1;2;10;15,,Meta-Analysis;Journal Article
37505304,2024,Immune-mediated inflammatory diseases and the risk of valvular heart disease: a Mendelian randomization study.,Clinical rheumatology,1;2;9;10;12;14,,Journal Article
37503035,2023,Unraveling COVID-19 Relationship with Anxiety Disorders and Symptoms.,medRxiv : the preprint server for health sciences,2;4;8,,Preprint;Journal Article
37502935,2023,The Cardiovascular Impact and Genetics of Pericardial Adiposity.,medRxiv : the preprint server for health sciences,1;2;3,,Journal Article;Preprint
37502408,2023,Causal relationship between kidney stones and gut microbiota contributes to the gut-kidney axis: a two-sample Mendelian randomization study.,Frontiers in microbiology,2;10,,Journal Article
37501926,2023,The causal associations between growth factors and constipation: a two-sample Mendelian randomization study.,Frontiers in physiology,2;10,,Journal Article
37499050,2024,Modifiable factors for benign salivary gland neoplasms: A Mendelian randomization study.,Oral diseases,2;10,,"Journal Article;Research Support, Non-U.S. Gov't"
37495778,2023,No evidence of genetic causal association between sex hormone-related traits and systemic lupus erythematosus: A two-sample Mendelian randomization study.,Clinical rheumatology,2;9;10,,Journal Article
37494057,2023,Genetic Variants Associated With Hidradenitis Suppurativa.,JAMA dermatology,2;12,,"Journal Article;Research Support, N.I.H., Extramural"
37492198,2023,Integrated multiple-microarray analysis and mendelian randomization to identify novel targets involved in diabetic nephropathy.,Frontiers in endocrinology,1;2;10,,"Journal Article;Research Support, Non-U.S. Gov't"
37487263,2023,The long-term mediation role of cytokines on the causal pathway from maternal gestational age to offspring eye diseases: Lifecourse-Network Mendelian randomization.,International immunopharmacology,2;10;15,,Journal Article
37484661,2023,Associations between attention-deficit/hyperactivity disorder and allergic diseases: a two-sample Mendelian randomization study.,Frontiers in psychiatry,2;10;13;18,,Journal Article
37480221,2023,"The causal relationship of depression, anxiety, and neuroticism with main indicators of sarcopenia: A Mendelian randomization study.",International journal of geriatric psychiatry,2;4;10;11,,Journal Article
37478287,2023,Atopic dermatitis and risk of 14 site-specific cancers: A Mendelian randomization study.,Journal of the European Academy of Dermatology and Venereology : JEADV,2;10;12,,Journal Article;Meta-Analysis
37475089,2023,Characterizing the polygenic architecture of complex traits in populations of East Asian and European descent.,Human genomics,2;5,,"Journal Article;Research Support, N.I.H., Extramural;Research Support, Non-U.S. Gov't"
37469984,2023,Coffee intake and risk of diabetic nephropathy: a Mendelian randomization study.,Frontiers in endocrinology,1;2;10,,"Journal Article;Research Support, Non-U.S. Gov't"
37468959,2023,A Mendelian randomization study of serum uric acid with the risk of venous thromboembolism.,Arthritis research & therapy,1;2;10,,Journal Article
37467250,2023,"Physical activity, sedentary behavior and pancreatitis risk: Mendelian randomization study.",PloS one,2;7;10,,"Journal Article;Research Support, Non-U.S. Gov't"
37465669,2023,Causal association between inflammatory bowel disease and herpes virus infections: a two-sample bidirectional Mendelian randomization study.,Frontiers in immunology,2;8;9;10,,"Journal Article;Research Support, Non-U.S. Gov't"
37464328,2023,Leisure sedentary behaviour increases the risk of venous thromboembolism: a Mendelian randomisation study.,BMC cardiovascular disorders,1;2;7;10,,Journal Article
37460956,2023,A causal effects of gut microbiota in the development of migraine.,The journal of headache and pain,2;14,,Journal Article
37457977,2023,Association between appendicular lean mass and chronic obstructive pulmonary disease: epidemiological cross-sectional study and bidirectional Mendelian randomization analysis.,Frontiers in nutrition,2;10;11;13,,Journal Article
37456363,2023,"Effect of bilirubin and Gilbert syndrome on health: cohort analysis of observational, genetic, and Mendelian randomisation associations.",BMJ medicine,1;2;10;12;13,,Journal Article
37453564,2023,Genome-Wide Association Study Identifies 4 Novel Risk Loci for Small Intestinal Neuroendocrine Tumors Including a Missense Mutation in LGR5.,Gastroenterology,2;5,,"Journal Article;Research Support, Non-U.S. Gov't"
37448488,2023,"An exploration of the correlations between seven psychiatric disorders and the risks of breast cancer, breast benign tumors and breast inflammatory diseases: Mendelian randomization analyses.",Frontiers in psychiatry,2;4;5;10,,Journal Article
37441684,2023,Atopic dermatitis and chronic kidney disease: a bidirectional Mendelian randomization study.,Frontiers in medicine,1;2;10;12,,Journal Article
37436694,2023,Evaluation of the Effect of Sodium-Glucose Cotransporter 2 Inhibition on Fracture Risk: Evidence From Mendelian Randomization and Genetic Association Study.,Journal of bone and mineral research : the official journal of the American Society for Bone and Mineral Research,1;2;10,,"Journal Article;Research Support, Non-U.S. Gov't"
37432894,2023,Maternal hypertensive traits and adverse outcome in pregnancy: a Mendelian randomization study.,Journal of hypertension,1;2;10;15,,"Journal Article;Research Support, Non-U.S. Gov't"
37426655,2023,The relationship between blood lipid and risk of psoriasis: univariable and multivariable Mendelian randomization analysis.,Frontiers in immunology,1;2;9;10;12,,"Journal Article;Research Support, Non-U.S. Gov't"
37425837,2023,Metabolome-wide Mendelian randomization characterizes heterogeneous and shared causal effects of metabolites on human health.,medRxiv : the preprint server for health sciences,1;2;10,,Journal Article;Preprint
37425302,2023,Gut microbiota and atopic dermatitis: a two-sample Mendelian randomization study.,Frontiers in medicine,2;10;12,,Journal Article
37424857,2023,Association between gut microbiota and primary ovarian insufficiency: a bidirectional two-sample Mendelian randomization study.,Frontiers in endocrinology,2;10,,"Meta-Analysis;Journal Article;Research Support, Non-U.S. Gov't"
37424726,2023,Prioritization of nasal polyp-associated genes by integrating GWAS and eQTL summary data.,Frontiers in genetics,2;13;18,,Journal Article
37415973,2023,The genetic associations of COVID-19 on genitourinary symptoms.,Frontiers in immunology,2;5;8,,"Journal Article;Meta-Analysis;Research Support, Non-U.S. Gov't"
37409353,2023,Causal impacts of educational attainment on chronic liver diseases and the mediating pathways: Mendelian randomization study.,Liver international : official journal of the International Association for the Study of the Liver,1;2;4;5;10,,"Meta-Analysis;Journal Article;Research Support, Non-U.S. Gov't"
37405157,2023,Gut microbiota and chronic obstructive pulmonary disease: a Mendelian randomization study.,Frontiers in microbiology,2;10;13,,Journal Article
37404328,2023,Major depressive disorder plays a vital role in the pathway from gastroesophageal reflux disease to chronic obstructive pulmonary disease: a Mendelian randomization study.,Frontiers in genetics,2;4;10;13,,Journal Article
37403021,2023,Assessing the genetic relationship between gastroesophageal reflux disease and chronic respiratory diseases: a mendelian randomization study.,BMC pulmonary medicine,2;10;13,,Journal Article
37400992,2023,Association of iron homeostasis biomarkers in type 2 diabetes and glycaemic traits: a bidirectional two-sample Mendelian randomization study.,International journal of epidemiology,1;2;10,,"Journal Article;Research Support, Non-U.S. Gov't"
37398225,2023,Characterizing the polygenic architecture of complex traits in populations of East Asian and European descent.,medRxiv : the preprint server for health sciences,2;5,,Preprint;Journal Article
37392033,2023,Genetic evidence for the causal linkage between telomere length and aortic aneurysm risk: A Mendelian randomisation study.,European journal of clinical investigation,1;2;10,,Journal Article
37363097,2023,"Genetically predicted hypertension, antihypertensive drugs, and risk of erectile dysfunction: a Mendelian randomization study.",Frontiers in cardiovascular medicine,1;2;10,,Journal Article
37350485,2023,Circulating Inflammatory Cytokines and Female Reproductive Diseases: A Mendelian Randomization Analysis.,The Journal of clinical endocrinology and metabolism,2;10;15,,"Meta-Analysis;Journal Article;Research Support, Non-U.S. Gov't"
37344162,2023,Causal relationship between gastro-esophageal reflux disease and risk of lung cancer: insights from multivariable Mendelian randomization and mediation analysis.,International journal of epidemiology,1;2;5;10,,"Journal Article;Research Support, Non-U.S. Gov't"
37333302,2023,Evaluating causal associations of chronotype with pregnancy and perinatal outcomes and its interactions with insomnia and sleep duration: a Mendelian randomization study.,medRxiv : the preprint server for health sciences,1;2;4;7;10;13;15,,Preprint;Journal Article
37324625,2023,A causal relationship between irritability and cardiovascular diseases: a Mendelian randomization study.,Frontiers in cardiovascular medicine,1;2;10;13;14,,Journal Article
37323297,2023,Circulating proteins and peripheral artery disease risk: observational and Mendelian randomization analyses.,European heart journal open,2;10,,Journal Article
37322504,2023,Mendelian randomization indicates that atopic dermatitis contributes to the occurrence of diabetes.,BMC medical genomics,1;2;10;12,,"Journal Article;Research Support, Non-U.S. Gov't"
37314756,2023,Exploring the Effect of the Gut Microbiome on the Risk of Age-Related Macular Degeneration From the Perspective of Causality.,Investigative ophthalmology & visual science,2;3;18,,"Journal Article;Research Support, Non-U.S. Gov't"
37313342,2023,Gut microbiota and type 1 diabetes: a two-sample bidirectional Mendelian randomization study.,Frontiers in cellular and infection microbiology,1;2;10,,"Journal Article;Research Support, Non-U.S. Gov't"
37304287,2023,Bidirectional two-sample Mendelian randomization analysis reveals a causal effect of interleukin-18 levels on postherpetic neuralgia risk.,Frontiers in immunology,2;4;10,,Journal Article
37302263,2023,Causal association of rheumatoid arthritis with obstructive lung disease: Evidence from Mendelian randomization study.,Heart & lung : the journal of critical care,2;9;10;13,,"Meta-Analysis;Journal Article;Research Support, Non-U.S. Gov't"
37301769,2023,Causal Association Between Anemia and Cardiovascular Disease: A 2-Sample Bidirectional Mendelian Randomization Study.,Journal of the American Heart Association,1;2;10;14,,"Meta-Analysis;Journal Article;Research Support, Non-U.S. Gov't"
37301713,2023,"The public health impact of poor sleep on severe COVID-19, influenza and upper respiratory infections.",EBioMedicine,2;8;13,,Journal Article
37300787,2023,Correlation between obstructive sleep apnea and cerebral small vessel disease: a mendelian randomization study.,Genes & genomics,2;10;13,,Journal Article
37289106,2023,The Effects of Fatty Acids on Primary Liver Cancer: A Two-Sample Mendelian Randomization Study.,Nutrition and cancer,2;5;10,,Journal Article
37288296,2023,Association between breast cancer and thyroid cancer risk: a two-sample Mendelian randomization study.,Frontiers in endocrinology,2;5;10,,"Journal Article;Research Support, Non-U.S. Gov't"
37287440,2023,"Causal relationship between gastroesophageal reflux disease, Barrett's esophagus, and epilepsy: A bidirectional Mendelian randomization study.",Brain and behavior,2;10;14,,"Meta-Analysis;Journal Article;Research Support, Non-U.S. Gov't"
37287058,2023,"Lifestyle factors, metabolic factors and socioeconomic status for pelvic organ prolapse: a Mendelian randomization study.",European journal of medical research,1;2;6;10;15,,Meta-Analysis;Journal Article
37285119,2023,Genetic Risk Factors Associated With Preeclampsia and Hypertensive Disorders of Pregnancy.,JAMA cardiology,1;2;15,,"Journal Article;Research Support, N.I.H., Extramural;Research Support, Non-U.S. Gov't"
37283573,2023,Using Mendelian randomization analysis to determine the causal connection between unpleasant emotions and coronary atherosclerosis.,Frontiers in cardiovascular medicine,1;2;10,,Journal Article
37275908,2023,The genetically predicted causal relationship of inflammatory bowel disease with bone mineral density and osteoporosis: evidence from two-sample Mendelian randomization.,Frontiers in immunology,2;9;10,,"Journal Article;Research Support, Non-U.S. Gov't"
37275161,2023,Causal relationship in gut microbiota and upper urinary urolithiasis using Mendelian randomization.,Frontiers in microbiology,2;10,,Journal Article
37270173,2023,Blood phytosterols in relation to cardiovascular diseases and mediating effects of blood lipids and hematological traits: a Mendelian randomization analysis.,Metabolism: clinical and experimental,1;2;10;14,,"Journal Article;Research Support, Non-U.S. Gov't"
37263540,2024,Relationship between daytime napping and cardiovascular disease: A two-sample mendelian randomization study.,Hellenic journal of cardiology : HJC = Hellenike kardiologike epitheorese,1;2;10,,Journal Article
37244544,2023,The relationship between major depression and delirium: A two-sample Mendelian randomization analysis.,Journal of affective disorders,2;4;10,,Journal Article
37237487,2023,Causal Effects of Modifiable Behaviors on Prostate Cancer in Europeans and East Asians: A Comprehensive Mendelian Randomization Study.,Biology,2;4;5;10,,Journal Article
37236906,2025,Alpha-1 antitrypsin deficiency and Pi*S and Pi*Z SERPINA1 variants are associated with asthma exacerbations.,Pulmonology,2;10;13,,Journal Article
37228614,2023,"Association between inflammatory bowel disease and interleukins, chemokines: a two-sample bidirectional mendelian randomization study.",Frontiers in immunology,2;9;10,,Journal Article
37226166,2023,The effects of coagulation factors on the risk of endometriosis: a Mendelian randomization study.,BMC medicine,2;10;15,,"Meta-Analysis;Journal Article;Research Support, Non-U.S. Gov't"
37223039,2023,Nonalcoholic fatty liver disease and type 2 diabetes: an observational and Mendelian randomization study.,Frontiers in endocrinology,1;2;10,,"Observational Study;Journal Article;Research Support, Non-U.S. Gov't"
37223029,2023,Mendelian randomization indicates a causal contribution of type 2 diabetes to retinal vein occlusion.,Frontiers in endocrinology,1;2;10;18,,Meta-Analysis;Journal Article
37213626,2023,Type 2 diabetes and the risk of synovitis-tenosynovitis: a two-sample Mendelian randomization study.,Frontiers in public health,1;2;10,,Journal Article
37212139,2023,Risk of Midlife Stroke After Adverse Pregnancy Outcomes: The FinnGen Study.,Stroke,1;14;15,14.2-stroke-cerebro,"Journal Article;Research Support, N.I.H., Extramural;Research Support, Non-U.S. Gov't"
37209418,2024,Identifying Potential Causal Effects of Telomere Length on Health Outcomes: A Phenome-Wide Investigation and Mendelian Randomization Study.,"The journals of gerontology. Series A, Biological sciences and medical sciences",1;2;10,,"Systematic Review;Journal Article;Research Support, Non-U.S. Gov't"
37206644,2023,Multiple sclerosis and breast cancer risk: a meta-analysis of observational and Mendelian randomization studies.,Frontiers in neuroinformatics,2;5;9;10;14,,Journal Article
37201114,2023,Causal effects between gut microbiota and IgA nephropathy: a bidirectional Mendelian randomization study.,Frontiers in cellular and infection microbiology,1;2;10,,"Journal Article;Research Support, Non-U.S. Gov't"
37189174,2023,Serum vitamin D levels and Sjogren's syndrome: bi-directional Mendelian randomization analysis.,Arthritis research & therapy,2;9;10,,Journal Article
37188918,2023,Is there an association between periodontitis and breast cancer?,Evidence-based dentistry,2;5,,Journal Article;Comment
37188663,2023,Narcolepsy risk loci outline role of T cell autoimmunity and infectious triggers in narcolepsy.,Nature communications,2;8;13,,"Journal Article;Research Support, N.I.H., Extramural;Research Support, Non-U.S. Gov't"
37183395,2023,Depression and risk of gastrointestinal disorders: a comprehensive two-sample Mendelian randomization study of European ancestry.,Psychological medicine,1;2;4;10,,Meta-Analysis;Journal Article
37182186,2023,Diseases of the musculoskeletal system and connective tissue and risk of breast cancer: Mendelian randomization study in European and East Asian populations.,Frontiers in oncology,2;5;9;10,,Journal Article
37173785,2023,Inflammatory bowel disease increases the levels of albuminuria and the risk of urolithiasis: a two-sample Mendelian randomization study.,European journal of medical research,1;2;9;10,,Meta-Analysis;Journal Article
37168108,2023,Two-sample Mendelian randomization analysis investigates causal associations between gut microbiota and attention deficit hyperactivity disorder.,Frontiers in microbiology,2;10,,Journal Article
37153321,2023,Exploration of the Causal Association Between Behavioral Risk Factors and Gallstone Disease Development in Two European Ancestry Populations.,Cureus,1;2,,Journal Article
37151969,2023,"Causal effects of opioids on postpartum depression: a bidirectional, two-sample Mendelian randomization study.",Frontiers in psychiatry,2;4;10;15,,Journal Article
37148705,2023,Causal relationship between Gut Microbiota and Obstructive sleep apnea.,Archives of gerontology and geriatrics,2;13,,"Journal Article;Research Support, Non-U.S. Gov't"
37144591,2023,The impact of serum magnesium and calcium on the risk of epilepsy: A mendelian randomization study.,CNS neuroscience & therapeutics,2;10;14,,"Meta-Analysis;Journal Article;Research Support, Non-U.S. Gov't"
37143736,2023,Genetically predicted alterations in thyroid function are associated with the risk of benign prostatic disease.,Frontiers in endocrinology,2,,Journal Article;Meta-Analysis
37142593,2023,Depression and 24 gastrointestinal diseases: a Mendelian randomization study.,Translational psychiatry,1;2;4;9;10,,"Journal Article;Research Support, Non-U.S. Gov't"
37140068,2023,Genetic analysis of probable sleep bruxism and its associations with clinical and behavioral traits.,Sleep,2;3;4,,Journal Article
37139230,2023,Immune-mediated inflammatory diseases and leukocyte telomere length: A Mendelian randomization study.,Frontiers in genetics,1;2;9;10;12;13,,Journal Article
37138734,2023,Inflammatory bowel disease is causally related to irritable bowel syndrome: a bidirectional two-sample Mendelian randomization study.,Frontiers in medicine,2;9;10,,Journal Article
37130759,2023,Polymorphic variants involved in methylation regulation: a strategy to discover risk loci for pancreatic ductal adenocarcinoma.,Journal of medical genetics,2;5,,"Meta-Analysis;Journal Article;Research Support, Non-U.S. Gov't"
37125171,2023,"Genetically supported causality between gut microbiota, gut metabolites and low back pain: a two-sample Mendelian randomization study.",Frontiers in microbiology,2;4;10,,Journal Article
37118290,2022,Immune system-wide Mendelian randomization and triangulation analyses support autoimmunity as a modifiable component in dementia-causing diseases.,Nature aging,2;10;11,,"Journal Article;Research Support, N.I.H., Extramural;Research Support, Non-U.S. Gov't"
37113988,2023,Association of the gut microbiota with coronary artery disease and myocardial infarction: A Mendelian randomization study.,Frontiers in genetics,1;2;10,,Journal Article
37091260,2023,Causal effects of circulating vitamin levels on the risk of heart failure: a Mendelian randomization study.,Journal of geriatric cardiology : JGC,1;2;10,,Journal Article
37082118,2023,Roles of sex hormones in mediating the causal effect of vitamin D on osteoporosis: A two-step Mendelian randomization study.,Frontiers in endocrinology,2;10,,"Journal Article;Research Support, Non-U.S. Gov't"
37081554,2023,Causal effects of modifiable risk factors on kidney stones: a bidirectional mendelian randomization study.,BMC medical genomics,2;10,,"Meta-Analysis;Journal Article;Research Support, Non-U.S. Gov't"
37079300,2023,Overlap of Genetic Loci for Central Serous Chorioretinopathy With Age-Related Macular Degeneration.,JAMA ophthalmology,2;3;18,,"Journal Article;Research Support, N.I.H., Extramural;Research Support, Non-U.S. Gov't"
37077358,2023,The causal effect of obesity on diabetic retinopathy: A two-sample Mendelian randomization study.,Frontiers in endocrinology,1;2;10;18,,Journal Article
37074353,2023,Childhood obesity and hypertension in pregnancy: a two-sample Mendelian randomization analysis.,Journal of hypertension,1;2;10;15,,Journal Article
37065754,2023,Causal relationship between type 1 diabetes mellitus and six high-frequency infectious diseases: A two-sample mendelian randomization study.,Frontiers in endocrinology,1;2;10;15,,"Journal Article;Research Support, Non-U.S. Gov't"
37049421,2023,Association of Circulating Branched-Chain Amino Acids with Cardiovascular Diseases: A Mendelian Randomization Study.,Nutrients,1;2;10;14,,Journal Article
37047000,2023,GWAS-Identified Variants for Obesity Do Not Influence the Risk of Developing Multiple Myeloma: A Population-Based Study and Meta-Analysis.,International journal of molecular sciences,1;2;5,,Meta-Analysis;Journal Article
37035310,2023,Genetically predicted green tea intake and the risk of arterial embolism and thrombosis.,Frontiers in medicine,1;2,,Journal Article
37033949,2023,Assessing the association of leukocyte telomere length with ankylosing spondylitis and rheumatoid arthritis: A bidirectional Mendelian randomization study.,Frontiers in immunology,2;9;10,,"Journal Article;Research Support, Non-U.S. Gov't"
37032771,2023,No evidence of a genetic causal relationship between ankylosing spondylitis and iron homeostasis: A two-sample Mendelian randomization study.,Frontiers in nutrition,2;9;10,,Journal Article
37032770,2023,Dried fruit intake causally protects against low back pain: A Mendelian randomization study.,Frontiers in nutrition,2;4;10,,Journal Article
37020515,2023,Twenty-three medication-taking traits and stroke: A comprehensive Mendelian randomization study.,Frontiers in cardiovascular medicine,1;2;10;14,1.4-stroke-cardio;14.2-stroke-cerebro,Journal Article
37014457,2023,Causal association of genetically predicted urinary sodium-potassium ratio and upper urinary calculi.,Urolithiasis,1;2,,Journal Article
37012460,2023,Causal relationship between Type 1 diabetes and osteoporosis and fracture occurrence: a two-sample Mendelian randomization analysis.,Osteoporosis international : a journal established as result of cooperation between the European Foundation for Osteoporosis and the National Osteoporosis Foundation of the USA,1;2;10,,Meta-Analysis;Journal Article
37008911,2023,"The role of plasma cortisol in dementia, epilepsy, and multiple sclerosis: A Mendelian randomization study.",Frontiers in endocrinology,2;9;10;11;14,,"Journal Article;Research Support, Non-U.S. Gov't"
36999014,2023,Causal associations between modifiable risk factors and pancreatitis: A comprehensive Mendelian randomization study.,Frontiers in immunology,1;2;9;10,,"Journal Article;Research Support, Non-U.S. Gov't"
36989840,2023,Genome-wide association study of obstructive sleep apnoea in the Million Veteran Program uncovers genetic heterogeneity by sex.,EBioMedicine,2,,Meta-Analysis;Journal Article
36988189,2023,Phenome-wide Mendelian randomization study of plasma triglyceride levels and 2600 disease traits.,eLife,1;2;10,,"Journal Article;Research Support, N.I.H., Extramural"
36971839,2023,The Association Between Insulin Use and Asthma: An Epidemiological Observational Analysis and Mendelian Randomization Study.,Lung,2;10;13,,"Journal Article;Research Support, Non-U.S. Gov't"
36967997,2023,Evaluating the causal relationship between five modifiable factors and the risk of spinal stenosis: a multivariable Mendelian randomization analysis.,PeerJ,2;10;14,,"Journal Article;Research Support, Non-U.S. Gov't"
36966123,2023,Osteoarthritis and risk of cardiovascular diseases: A Mendelian randomization study.,Injury,1;2;10;14,,Journal Article
36958971,2023,Statins and risk of venous thromboembolic diseases: A two-sample mendelian randomization study.,"Nutrition, metabolism, and cardiovascular diseases : NMCD",1;2;10,,"Journal Article;Research Support, Non-U.S. Gov't"
36949158,2023,A genome-wide association study identifies a possible role for cannabinoid signalling in the pathogenesis of diabetic kidney disease.,Scientific reports,1;2,,"Journal Article;Research Support, Non-U.S. Gov't"
36947680,2023,Associations of polygenic risk scores for preeclampsia and blood pressure with hypertensive disorders of pregnancy.,Journal of hypertension,1;2;15,,"Journal Article;Research Support, Non-U.S. Gov't;Research Support, N.I.H., Extramural"
36936261,2023,"Appraisal of the causal effect of plasma caffeine on adiposity, type 2 diabetes, and cardiovascular disease: two sample mendelian randomisation study.",BMJ medicine,1;2;10;14,,Journal Article
36928379,2023,Iron homeostasis governs erythroid phenotype in polycythemia vera.,Blood,2;5,,"Journal Article;Research Support, Non-U.S. Gov't"
36928028,2023,"Potential causal association between leisure sedentary behaviors, physical activity and musculoskeletal health: A Mendelian randomization study.",PloS one,2;7;9;10,,"Journal Article;Research Support, Non-U.S. Gov't"
36927824,2023,Identification of Novel Genetic Markers for the Risk of Spinal Pathologies: A Genome-Wide Association Study of 2 Biobanks.,The Journal of bone and joint surgery. American volume,2,,Journal Article
36924037,2023,Association of atopic dermatitis with conjunctivitis and other ocular surface diseases: A bidirectional two-sample Mendelian randomization study.,Journal of the European Academy of Dermatology and Venereology : JEADV,2;10;12,,Journal Article
36923957,2023,Genetic liability to mental disorders in relation to the risk of hypertension.,Frontiers in cardiovascular medicine,1;2;4,,Journal Article
36922970,2023,Roles of gut microbiome in epilepsy risk: A Mendelian randomization study.,Frontiers in microbiology,2;10;14,,Journal Article
36911941,2023,The Associations Between Cataracts and Alzheimer's Disease: A Bidirectional Two-Sample Mendelian Randomization Study.,Journal of Alzheimer's disease : JAD,2;10;11;18,,"Journal Article;Research Support, Non-U.S. Gov't"
36910522,2023,Constipation and cardiovascular disease: A two-sample Mendelian randomization analysis.,Frontiers in cardiovascular medicine,1;2;10;14,,Journal Article
36908593,2023,Inflammatory markers and the risk of idiopathic sudden sensorineural hearing loss: A Mendelian randomization study.,Frontiers in neurology,2;10;18,,Journal Article
36908397,2023,LAVAA: a lightweight association viewer across ailments.,Bioinformatics advances,2,,Journal Article
36904153,2023,Association between Dietary Habits and Pancreatitis among Individuals of European Ancestry: A Two-Sample Mendelian Randomization Study.,Nutrients,2;10,,Journal Article
36902778,2023,Genetic Association between the Levels of Plasma Lipids and the Risk of Aortic Aneurysm and Aortic Dissection: A Two-Sample Mendelian Randomization Study.,Journal of clinical medicine,1;2;10,,Journal Article
36899398,2023,Testing relationship between tea intake and the risk of rheumatoid arthritis and systemic lupus erythematosus: a Mendelian randomization study.,"Advances in rheumatology (London, England)",2;4;9;10,,Journal Article
36896238,2023,Type 2 diabetes and glycemic traits are not causal factors of delirium: A two-sample mendelian randomization analysis.,Frontiers in genetics,1;2;10,,Journal Article
36889308,2023,Variation in ERAP2 has opposing effects on severe respiratory infection and autoimmune disease.,American journal of human genetics,2;8;9,,"Journal Article;Research Support, Non-U.S. Gov't"
36882828,2023,Circulating levels of micronutrients and risk of infections: a Mendelian randomization study.,BMC medicine,2;8;10,,"Journal Article;Research Support, Non-U.S. Gov't"
36873417,2023,"Causal relationship between atrial fibrillation and leukocyte telomere length: A two sample, bidirectional Mendelian randomization study.",Frontiers in cardiovascular medicine,1;2;10,,Journal Article
36869294,2023,Processing genome-wide association studies within a repository of heterogeneous genomic datasets.,BMC genomic data,2,,"Journal Article;Research Support, Non-U.S. Gov't"
36866422,2023,Apparent treatment-resistant hypertension associated lifetime cardiovascular risk in a longitudinal national registry.,European journal of preventive cardiology,1;14,,"Journal Article;Research Support, N.I.H., Extramural;Research Support, Non-U.S. Gov't"
36865330,2023,Distinct and shared genetic architectures of Gestational diabetes mellitus and Type 2 Diabetes Mellitus.,medRxiv : the preprint server for health sciences,1;2;15,,Preprint;Journal Article
36864689,2023,Potential drug targets for multiple sclerosis identified through Mendelian randomization analysis.,Brain : a journal of neurology,2;9;10;14,,"Journal Article;Research Support, Non-U.S. Gov't"
36864090,2023,Effect of tissue-grouped regulatory variants associated to type 2 diabetes in related secondary outcomes.,Scientific reports,1;2,,"Journal Article;Research Support, Non-U.S. Gov't"
36860869,2023,Mendelian randomization study shows a causal effect of asthma on epilepsy risk.,Frontiers in immunology,2;10;13;14,,"Meta-Analysis;Journal Article;Research Support, Non-U.S. Gov't"
36860687,2023,"Processed meat, red meat, white meat, and digestive tract cancers: A two-sample Mendelian randomization study.",Frontiers in nutrition,2;5;10,,Journal Article
36860363,2023,Causal associations between site-specific cancer and diabetes risk: A two-sample Mendelian randomization study.,Frontiers in endocrinology,1;2;5;10,,"Journal Article;Research Support, Non-U.S. Gov't"
36860142,2023,Causal effect of psychiatric disorders on epilepsy: A two-sample Mendelian randomization study.,Brain and behavior,2;4;10;13;14,,"Meta-Analysis;Journal Article;Research Support, Non-U.S. Gov't"
36857861,2023,Therapeutic targets for inflammatory bowel disease: proteome-wide Mendelian randomization and colocalization analyses.,EBioMedicine,2;9;10,,Journal Article
36851046,2023,Causal Associations of PM2.5 and GDM: A Two-Sample Mendelian Randomization Study.,Toxics,1;2;10;15;19,,Journal Article
36849086,2023,Sphingolipids Are Depleted in Alcohol-Related Liver Fibrosis.,Gastroenterology,1;2;4,,"Observational Study;Journal Article;Research Support, Non-U.S. Gov't"
36845092,2023,Systemic inflammatory regulators and proliferative diabetic retinopathy: A bidirectional Mendelian randomization study.,Frontiers in immunology,1;2;10;18,,"Meta-Analysis;Journal Article;Research Support, Non-U.S. Gov't"
36842216,2023,Mendelian randomization and clinical trial evidence supports TYK2 inhibition as a therapeutic target for autoimmune diseases.,EBioMedicine,2;5;9;10;12,,Systematic Review;Journal Article
36839415,2023,No Evidence of a Genetic Causal Relationship between Ankylosing Spondylitis and Gut Microbiota: A Two-Sample Mendelian Randomization Study.,Nutrients,2;9;10,,Clinical Study;Journal Article
36835939,2023,Does Having Rheumatoid Arthritis Increase the Dose of Depression Medications? A Mendelian Randomization Study.,Journal of clinical medicine,2;4;9;10,,Journal Article
36835817,2023,Association between Inflammatory Bowel Disease and Iridocyclitis: A Mendelian Randomization Study.,Journal of clinical medicine,2;9;10,,Journal Article
36826573,2023,Genetic Predisposition to a Higher Whole Body Water Mass May Increase the Risk of Atrial Fibrillation: A Mendelian Randomization Study.,Journal of cardiovascular development and disease,1;2;10,,Journal Article
36806752,2023,Mendelian randomization approach shows no causal effects of gestational age on epilepsy in offspring.,Epilepsy research,2;10;14;15,,"Meta-Analysis;Journal Article;Research Support, Non-U.S. Gov't"
36802911,2023,Genetic Risk of Primary Aldosteronism and Its Contribution to Hypertension: A Cross-Ancestry Meta-Analysis of Genome-Wide Association Studies.,Circulation,1;2;10,,"Meta-Analysis;Journal Article;Research Support, Non-U.S. Gov't"
36800955,2023,The hepato-ovarian axis: genetic evidence for a causal association between non-alcoholic fatty liver disease and polycystic ovary syndrome.,BMC medicine,1;2;15,,"Meta-Analysis;Journal Article;Research Support, Non-U.S. Gov't"
36800530,2023,Gastrointestinal Consequences of Type 2 Diabetes Mellitus and Impaired Glycemic Homeostasis: A Mendelian Randomization Study.,Diabetes care,1;2;9;10,,"Journal Article;Research Support, Non-U.S. Gov't"
36800181,2023,Association of Hypertensive Disorders of Pregnancy With Future Cardiovascular Disease.,JAMA network open,1;2;14;15,,"Research Support, Non-U.S. Gov't;Journal Article"
36798520,2022,Association between genetically predicted leukocyte telomere length and non-scarring alopecia: A two-sample Mendelian randomization study.,Frontiers in immunology,2;10;12,,"Journal Article;Research Support, Non-U.S. Gov't"
36791018,2023,Maladaptive Neuroplasticity in Corticospinal Tract after Ankle Sprain: Causal Links Established by Mendelian Randomization.,Medicine and science in sports and exercise,2;10,,"Journal Article;Research Support, Non-U.S. Gov't"
36773317,2023,Increasing serum iron levels and their role in the risk of infectious diseases: a Mendelian randomization approach.,International journal of epidemiology,2;8;10,,"Journal Article;Research Support, Non-U.S. Gov't"
36765336,2023,Association between diverticular disease and colorectal cancer: a bidirectional mendelian randomization study.,BMC cancer,2;5;10,,Journal Article
36747475,2023,Genetic variants associated with syncope implicate neural and autonomic processes.,European heart journal,1;2;4;14,,"Meta-Analysis;Journal Article;Research Support, Non-U.S. Gov't"
36747004,2023,The FinnGen study: disease insights from a 'bottlenecked' population.,Nature reviews. Genetics,,,Journal Article;Comment
36742400,2023,The association of alanine aminotransferase and diabetic microvascular complications: A Mendelian randomization study.,Frontiers in endocrinology,1;2;10;18,,"Journal Article;Research Support, Non-U.S. Gov't"
36741373,2022,Impact of ankylosing spondylitis on stroke limited to specific subtypes: Evidence from Mendelian randomization study.,Frontiers in immunology,1;2;9;10;14,1.4-stroke-cardio;14.2-stroke-cerebro,"Journal Article;Research Support, Non-U.S. Gov't"
36737746,2023,Glucagon-like peptide-1 receptor agonists and diabetic retinopathy: nationwide cohort and Mendelian randomization studies.,BMC medicine,1;2;10;18,,"Journal Article;Research Support, Non-U.S. Gov't"
36736025,2023,Causal association of leisure sedentary behavior with arthritis: A Mendelian randomization analysis.,Seminars in arthritis and rheumatism,2;7;9;10,,"Journal Article;Research Support, Non-U.S. Gov't"
36734038,2023,Plasma protein and venous thromboembolism: prospective cohort and mendelian randomisation analyses.,British journal of haematology,1;2;10,,"Meta-Analysis;Journal Article;Research Support, Non-U.S. Gov't;Research Support, U.S. Gov't, Non-P.H.S."
36733309,2023,Ten interleukins and risk of prostate cancer.,Frontiers in oncology,2;5,,Journal Article
36727839,2023,"Smoking, alcohol consumption, and 24 gastrointestinal diseases: Mendelian randomization analysis.",eLife,1;2;4;5;9;10,,"Journal Article;Research Support, Non-U.S. Gov't"
36726022,2023,Evidence of a causal effect of genetic tendency to gain muscle mass on uterine leiomyomata.,Nature communications,2,,"Journal Article;Research Support, Non-U.S. Gov't"
36717884,2023,Genetic association and causal inference between lung function and venous thromboembolism.,Respiratory research,1;2,,Meta-Analysis;Journal Article
36716318,2023,Therapeutic potential of IL6R blockade for the treatment of sepsis and sepsis-related death: A Mendelian randomisation study.,PLoS medicine,8;10,,"Meta-Analysis;Journal Article;Research Support, Non-U.S. Gov't"
36713835,2023,Modifiable factors for migraine prophylaxis: A mendelian randomization analysis.,Frontiers in pharmacology,2;4;10;14,,Journal Article
36713081,2023,Genetically determined serum bilirubin level and the risk of heart failure: A mendelian randomization study.,Frontiers in genetics,1;2;10,,Journal Article
36711639,2023,Combined CRISPRi and proteomics screening reveal a cohesin-CTCF-bound allele contributing to increased expression of RUVBL1 and prostate cancer progression.,bioRxiv : the preprint server for biology,2;5,,Preprint;Journal Article
36696131,2023,Association of Lipid-Lowering Drugs With Risk of Psoriasis: A Mendelian Randomization Study.,JAMA dermatology,1;2;9;10;12,,"Journal Article;Research Support, Non-U.S. Gov't"
36677034,2023,Appraising the Effects of Metabolic Traits on the Risk of Glaucoma: A Mendelian Randomization Study.,Metabolites,1;2;10;18,,Journal Article
36671024,2023,Dissecting Causal Associations of Diet-Derived Circulating Antioxidants with Six Major Mental Disorders: A Mendelian Randomization Study.,"Antioxidants (Basel, Switzerland)",2;4;10,,Journal Article
36669485,2023,Virus exposure and neurodegenerative disease risk across national biobanks.,Neuron,8;9;11;14,,"Journal Article;Research Support, N.I.H., Intramural"
36653562,2023,FinnGen provides genetic insights from a well-phenotyped isolated population.,Nature,2,,"Journal Article;Research Support, Non-U.S. Gov't"
36653534,2023,Genetic analyses implicate complex links between adult testosterone levels and health and disease.,Communications medicine,1;2;14;15,,Journal Article
36653479,2023,Genetic predictors of lifelong medication-use patterns in cardiometabolic diseases.,Nature medicine,1;2,,"Journal Article;Research Support, Non-U.S. Gov't"
36653477,2023,Genome-wide association study of varicose veins identifies a protective missense variant in GJD3 enriched in the Finnish population.,Communications biology,2,,"Journal Article;Research Support, Non-U.S. Gov't"
36653354,2023,Inflammatory and infectious upper respiratory diseases associate with 41 genomic loci and type 2 inflammation.,Nature communications,2;3;9;12;13,,"Journal Article;Research Support, N.I.H., Extramural;Research Support, Non-U.S. Gov't"
36652249,2023,"Epidemiologic and Genetic Associations of Endometriosis With Depression, Anxiety, and Eating Disorders.",JAMA network open,2;4;15,,"Journal Article;Research Support, Non-U.S. Gov't;Research Support, N.I.H., Extramural"
36645152,2023,"Antioxidants, minerals and vitamins in relation to Crohn's disease and ulcerative colitis: A Mendelian randomization study.",Alimentary pharmacology & therapeutics,2;9;10,,"Journal Article;Research Support, Non-U.S. Gov't"
36633787,2023,Circulating Copper and Liver Cancer.,Biological trace element research,2;5,,Meta-Analysis;Journal Article
36595107,2023,Causal relationship between moderate to vigorous physical activity and venous thromboembolism.,Journal of thrombosis and thrombolysis,1;2;7,,Journal Article
36593707,2023,Vitamin D Levels and Risk of Male Factor Infertility: A Mendelian Randomization Study.,The world journal of men's health,1;2;10;15,,Journal Article
36582224,2022,Immune-mediated inflammatory diseases and risk of venous thromboembolism: A Mendelian randomization study.,Frontiers in immunology,1;2;9;10;12,,"Journal Article;Research Support, Non-U.S. Gov't"
36580444,2022,Associations of genetically predicted fatty acid levels across the phenome: A mendelian randomisation study.,PLoS medicine,1;2;10,,"Journal Article;Research Support, Non-U.S. Gov't"
36576600,2023,Mendelian randomization analysis reveals causal relationships between gut microbiome and optic neuritis.,Human genetics,2;10,,Journal Article
36570466,2022,Causal association between adiponectin and the risk of Alzheimer's disease: A Mendelian randomization study.,Frontiers in neurology,2;10;11,,Journal Article
36561528,2022,Genetically predicted iron status was associated with the risk of prostate cancer.,Frontiers in oncology,2;5,,Journal Article
36561351,2022,Effects of homocysteine on nonalcoholic fatty liver related disease: A mendelian randomization study.,Frontiers in molecular biosciences,1;2;10,,Journal Article
36561321,2022,Physical activity and risk of gallstone disease: A Mendelian randomization study.,Frontiers in genetics,2;7;10,,Journal Article
36553537,2022,No Evidence to Support a Causal Relationship between Circulating Adiponectin Levels and Ankylosing Spondylitis: A Bidirectional Two-Sample Mendelian Randomization Study.,Genes,2;9;10,,"Journal Article;Research Support, Non-U.S. Gov't"
36553520,2022,Aggregation of Genome-Wide Association Data from FinnGen and UK Biobank Replicates Multiple Risk Loci for Pregnancy Complications.,Genes,1;2;15,,"Meta-Analysis;Journal Article;Research Support, Non-U.S. Gov't"
36542873,2023,Tea intake and risk of kidney stones: A mendelian randomization study.,"Nutrition (Burbank, Los Angeles County, Calif.)",2;10,,Meta-Analysis;Journal Article
36540997,2023,Predictive models for abdominal aortic aneurysms using polygenic scores and PheWAS-derived risk factors.,Pacific Symposium on Biocomputing. Pacific Symposium on Biocomputing,1;2;3;6,,"Journal Article;Research Support, N.I.H., Extramural"
36529488,2023,Mendelian Randomization Study Does Not Support a Bidirectional Link between Atherosclerosis and Venous Thromboembolism.,Journal of atherosclerosis and thrombosis,1;2;10,,Meta-Analysis;Journal Article
36523358,2022,Sex differences in coronary artery bypass grafting-related morbidity and mortality.,Frontiers in cardiovascular medicine,1;11,,Journal Article
36521586,2023,Mendelian randomization investigation highlights different roles of selenium status in mental disorders.,Progress in neuro-psychopharmacology & biological psychiatry,2;4;10,,"Journal Article;Research Support, Non-U.S. Gov't"
36514134,2022,Rheumatoid arthritis and risk of site-specific cancers: Mendelian randomization study in European and East Asian populations.,Arthritis research & therapy,2;5;9;10,,"Meta-Analysis;Journal Article;Research Support, Non-U.S. Gov't"
36505230,2022,Causal effects of B vitamins and homocysteine on obesity and musculoskeletal diseases: A Mendelian randomization study.,Frontiers in nutrition,1;2;10,,Journal Article
36480010,2023,Causal associations of obstructive sleep apnea with cardiovascular disease: a Mendelian randomization study.,Sleep,1;2;10;13,,"Journal Article;Research Support, Non-U.S. Gov't"
36473423,2023,Milk consumption and risk of twelve cancers: A large-scale observational and Mendelian randomisation study.,"Clinical nutrition (Edinburgh, Scotland)",2;5;10,,"Journal Article;Research Support, Non-U.S. Gov't"
36459845,2023,Plasma phospholipid arachidonic acid in relation to non-alcoholic fatty liver disease: Mendelian randomization study.,"Nutrition (Burbank, Los Angeles County, Calif.)",1;2;5;10,,Meta-Analysis;Journal Article
36450729,2022,Whole-exome sequencing study identifies rare variants and genes associated with intraocular pressure and glaucoma.,Nature communications,2;18,,Journal Article
36448979,2023,Noncoding rare variants in PANX3 are associated with chronic back pain.,Pain,2;4,,"Journal Article;Research Support, N.I.H., Extramural;Research Support, Non-U.S. Gov't"
36441335,2023,Body mass index and the risk of abdominal hernia: a Mendelian randomization study.,Hernia : the journal of hernias and abdominal wall surgery,1;2;10,,"Journal Article;Research Support, Non-U.S. Gov't"
36440396,2022,A genetic association study reveals the relationship between the oral microbiome and anxiety and depression symptoms.,Frontiers in psychiatry,2;4,,Journal Article
36437950,2022,Causal associations between CD40/CD40L and aortic diseases: A mendelian randomization study.,Frontiers in genetics,1;2;10,,Journal Article
36424608,2022,Health effects of milk consumption: phenome-wide Mendelian randomization study.,BMC medicine,1;2;5;9;10;11;13;14;18,,"Systematic Review;Journal Article;Research Support, Non-U.S. Gov't"
36419128,2022,White blood cells and chronic rhinosinusitis: a Mendelian randomization study.,"Allergy, asthma, and clinical immunology : official journal of the Canadian Society of Allergy and Clinical Immunology",2;10;18,,Journal Article
36407516,2022,The causal association between iron status and the risk of autism: A Mendelian randomization study.,Frontiers in nutrition,2;10,,Journal Article
36407459,2022,Assessing the causal role of hypertension on left atrial and left ventricular structure and function: A two-sample Mendelian randomization study.,Frontiers in cardiovascular medicine,1;2;10,,Systematic Review;Journal Article
36406444,2022,No evidence for a causal link between Helicobacter pylori infection and nonalcoholic fatty liver disease: A bidirectional Mendelian randomization study.,Frontiers in microbiology,1;2;8;10,,Journal Article
36396079,2022,Circulating lipoprotein(a) levels and health outcomes: Phenome-wide Mendelian randomization and disease-trajectory analyses.,Metabolism: clinical and experimental,1;2;10;14,,"Journal Article;Research Support, Non-U.S. Gov't;Research Support, N.I.H., Extramural"
36386930,2022,Genetic estimation of correlations and causalities between multifaceted modifiable factors and gastro-oesophageal reflux disease.,Frontiers in nutrition,2;4;13,,Journal Article
36384228,2023,Genetic Predisposition of Both Waist Circumference and Hip Circumference Increased the Risk of Venous Thromboembolism.,Thrombosis and haemostasis,1;2,,Journal Article
36383675,2022,Human genetics uncovers MAP3K15 as an obesity-independent therapeutic target for diabetes.,Science advances,1,,Journal Article
36380372,2022,Association between gut microbiota and preeclampsia-eclampsia: a two-sample Mendelian randomization study.,BMC medicine,1;2;10;15,,"Meta-Analysis;Journal Article;Research Support, Non-U.S. Gov't"
36367831,2023,Evaluating the role of non-alcoholic fatty liver disease in cardiovascular diseases and type 2 diabetes: a Mendelian randomization study in Europeans and East Asians.,International journal of epidemiology,1;2;10;14,,"Journal Article;Research Support, Non-U.S. Gov't"
36353998,2023,"Independent Associations of Education, Intelligence, and Cognition With Hypertension and the Mediating Effects of Cardiometabolic Risk Factors: A Mendelian Randomization Study.","Hypertension (Dallas, Tex. : 1979)",1;2;4;10,,"Meta-Analysis;Journal Article;Research Support, Non-U.S. Gov't"
36348399,2022,Vascular endothelial growth factor and the risk of venous thromboembolism: a genetic correlation and two-sample Mendelian randomization study.,Thrombosis journal,1;2;10,,Journal Article
36347255,2022,Systematic comparison of family history and polygenic risk across 24 common diseases.,American journal of human genetics,1;2;18,,"Journal Article;Research Support, Non-U.S. Gov't"
36309747,2022,"Causal relationship between obesity, lifestyle factors and risk of benign prostatic hyperplasia: a univariable and multivariable Mendelian randomization study.",Journal of translational medicine,1;2;10,,Meta-Analysis;Journal Article
36302037,2023,Causal relationships of excessive daytime napping with atherosclerosis and cardiovascular diseases: a Mendelian randomization study.,Sleep,1;2;10;14,,"Journal Article;Research Support, Non-U.S. Gov't;Network Meta-Analysis"
36299997,2022,Mendelian randomization in blood metabolites identifies triglycerides and fatty acids saturation level as associated traits linked to pancreatitis risk.,Frontiers in nutrition,1;2;10,,Journal Article
36299452,2022,Plasma lipid levels and risk of retinal vascular occlusion: A genetic study using Mendelian randomization.,Frontiers in endocrinology,1;2;10;18,,"Journal Article;Meta-Analysis;Research Support, Non-U.S. Gov't"
36297117,2022,"Role of Inflammatory Factors in Mediating the Effect of Lipids on Nonalcoholic Fatty Liver Disease: A Two-Step, Multivariable Mendelian Randomization Study.",Nutrients,1;2;10,,Meta-Analysis;Journal Article
36285626,2022,The Finnish genetic heritage in 2022 - from diagnosis to translational research.,Disease models & mechanisms,10,,"Review;Journal Article;Research Support, Non-U.S. Gov't"
36277795,2022,Genetically predicted phosphate and cardiovascular disease: A Mendelian randomization study.,Frontiers in cardiovascular medicine,1;2;10,,Journal Article
36276143,2022,"Genetic risk, incident colorectal cancer, and the benefits of adhering to a healthy lifestyle: A prospective study using data from UK Biobank and FinnGen.",Frontiers in oncology,2;5,,Journal Article
36267743,2022,Frailty index and risk of cardiovascular diseases: a mendelian randomization study.,Annals of translational medicine,1;2;10;11,,Journal Article
36267398,2022,Association of insomnia and daytime sleepiness with low back pain: A bidirectional mendelian randomization analysis.,Frontiers in genetics,2;4;10;13,,Journal Article
36253440,2023,Genome-wide association study meta-analysis of suicide death and suicidal behavior.,Molecular psychiatry,2;4,,"Meta-Analysis;Journal Article;Research Support, N.I.H., Extramural;Research Support, Non-U.S. Gov't"
36246584,2022,Exploring the casual association between coffee intake and bladder cancer risk using Mendelian Randomization.,Frontiers in genetics,2;5;10,,Journal Article
36213644,2022,Body shape and risk of glaucoma: A Mendelian randomization.,Frontiers in medicine,2;10;18,,Journal Article
36212159,2022,The association between vitamin D and uterine fibroids: A mendelian randomization study.,Frontiers in genetics,2;10;15,,Journal Article
36211516,2022,Association between omega-3/6 fatty acids and cholelithiasis: A mendelian randomization study.,Frontiers in nutrition,2;10,,Journal Article
36204379,2022,"The relationship between processed meat, red meat, and risk of types of cancer: A Mendelian randomization study.",Frontiers in nutrition,2;5;10,,Journal Article
36198465,2022,"Recontacting biobank participants to collect lifestyle, behavioural and cognitive information via online questionnaires: lessons from a pilot study within FinnGen.",BMJ open,2,,"Journal Article;Research Support, Non-U.S. Gov't"
36185655,2022,Genetic effects of iron levels on liver injury and risk of liver diseases: A two-sample Mendelian randomization analysis.,Frontiers in nutrition,1;2;10,,Journal Article
36184738,2023,Age at Menarche Mediating Visceral Adipose Tissue's Influence on Pre-eclampsia: A Mendelian Randomization Study.,The Journal of clinical endocrinology and metabolism,2;10;15,,"Journal Article;Research Support, Non-U.S. Gov't"
36180952,2022,Assessing the causal association between human blood metabolites and the risk of epilepsy.,Journal of translational medicine,2;14,,"Journal Article;Meta-Analysis;Research Support, Non-U.S. Gov't"
36163216,2022,Genetic liability to sedentary behavior in relation to myocardial infarction and heart failure: A mendelian randomization study.,"Nutrition, metabolism, and cardiovascular diseases : NMCD",1;2;7;10,,"Journal Article;Research Support, Non-U.S. Gov't"
36161993,2022,"SGLT2 Inhibition, Choline Metabolites, and Cardiometabolic Diseases: A Mediation Mendelian Randomization Study.",Diabetes care,1;2;10,,"Meta-Analysis;Journal Article;Research Support, Non-U.S. Gov't"
36159877,2022,Causal effects of gut microbiota on diabetic retinopathy: A Mendelian randomization study.,Frontiers in immunology,1;2;10;18,,"Journal Article;Research Support, Non-U.S. Gov't"
36159460,2022,The causal association of polyunsaturated fatty acids with allergic disease: A two-sample Mendelian randomization study.,Frontiers in nutrition,2;10;12;13;18,,Journal Article
36158846,2022,No causal effect of tea consumption on cardiovascular diseases: A two-sample Mendelian randomization study.,Frontiers in cardiovascular medicine,1;2;10,,Journal Article
36156818,2022,Childhood asthma and type 1 diabetes mellitus: A meta-analysis and bidirectional Mendelian randomization study.,Pediatric allergy and immunology : official publication of the European Society of Pediatric Allergy and Immunology,1;2;10;13,,"Journal Article;Meta-Analysis;Research Support, Non-U.S. Gov't"
36114182,2022,Efficient and accurate frailty model approach for genome-wide survival association analysis in large-scale biobanks.,Nature communications,2;11,,"Journal Article;Research Support, Non-U.S. Gov't;Research Support, N.I.H., Extramural"
36093575,2023,Morning chronotype and digestive tract cancers: Mendelian randomization study.,International journal of cancer,2;5;10;13,,"Meta-Analysis;Journal Article;Research Support, Non-U.S. Gov't"
36092251,2022,"Screening for potential undiagnosed Gaucher disease patients: Utilisation of the Gaucher earlier diagnosis consensus point-scoring system (GED-C PSS) in conjunction with electronic health record data, tissue specimens, and small nucleotide polymorphism (SNP) genotype data available in Finnish biobanks.",Molecular genetics and metabolism reports,2;3;10,,Journal Article
36089592,2022,Investigating causal relations between sleep duration and risks of adverse pregnancy and perinatal outcomes: linear and nonlinear Mendelian randomization analyses.,BMC medicine,1;2;4;7;10;15,,"Journal Article;Research Support, N.I.H., Extramural;Research Support, Non-U.S. Gov't"
36082445,2023,A pleiotropic variant in DNAJB4 is associated with multiple myeloma risk.,International journal of cancer,2;5,,"Journal Article;Research Support, Non-U.S. Gov't"
36072663,2022,Circulating adipokine levels and preeclampsia: A bidirectional Mendelian randomization study.,Frontiers in genetics,1;2;10;15,,Journal Article
36071939,2022,Coffee and caffeine consumption and risk of renal cell carcinoma: A Mendelian randomization study.,Frontiers in nutrition,1;2;5;10,,Journal Article
36071849,2022,Alleviating insomnia should decrease the risk of irritable bowel syndrome: Evidence from Mendelian randomization.,Frontiers in pharmacology,2;10;13,,Journal Article
36067251,2022,Associations between insomnia and pregnancy and perinatal outcomes: Evidence from mendelian randomization and multivariable regression analyses.,PLoS medicine,1;2;4;10;13;15,,"Journal Article;Observational Study;Research Support, N.I.H., Extramural;Research Support, Non-U.S. Gov't"
36055244,2022,"Integrating transcriptomics, metabolomics, and GWAS helps reveal molecular mechanisms for metabolite levels and disease risk.",American journal of human genetics,2;18,,"Journal Article;Research Support, Non-U.S. Gov't;Research Support, N.I.H., Extramural;Research Support, N.I.H., Intramural"
36051507,2022,A Mendelian randomization-based exploration of red blood cell distribution width and mean corpuscular volume with risk of hemorrhagic strokes.,HGG advances,1;2;10;14,,Journal Article
36042675,2022,Noncausal effects of genetic predicted depression and colorectal cancer risk: A Mendelian randomization study.,Medicine,2;4;5;10,,Journal Article
36042048,2023,Tea consumption and risk of lower respiratory tract infections: a two-sample mendelian randomization study.,European journal of nutrition,2;10,,Journal Article
36040623,2023,Causal relationship of sugar-sweetened and sweet beverages with colorectal cancer: a Mendelian randomization study.,European journal of nutrition,2;5;10,,Meta-Analysis;Journal Article
36018815,2023,Large registry-based analysis of genetic predisposition to tuberculosis identifies genetic risk factors at HLA.,Human molecular genetics,2;8,,"Journal Article;Research Support, Non-U.S. Gov't"
36014859,2022,Plasma Phospholipid Fatty Acids and Risk of Venous Thromboembolism: Mendelian Randomization Investigation.,Nutrients,1;2;10,,Journal Article
36005441,2022,Protective Effects of Circulating TIMP3 on Coronary Artery Disease and Myocardial Infarction: A Mendelian Randomization Study.,Journal of cardiovascular development and disease,1;2;10,,Journal Article
36003339,2022,Association of cardiovascular risk factors and lifestyle behaviors with aortic aneurysm: A Mendelian randomization study.,Frontiers in genetics,1;2;4;7;10,,Journal Article
35986965,2022,Circulating vitamin C and digestive system cancers: Mendelian randomization study.,"Clinical nutrition (Edinburgh, Scotland)",2;5;10,,"Journal Article;Meta-Analysis;Research Support, Non-U.S. Gov't"
35984822,2022,Genetically predicted cortisol levels and risk of venous thromboembolism.,PloS one,1;2,,"Journal Article;Research Support, Non-U.S. Gov't"
35983488,2022,A putative causality of vitamin D in common diseases: A mendelian randomization study.,Frontiers in nutrition,2;5;10;18,,Journal Article
35978133,2022,Inframe insertion and splice site variants in MFGE8 associate with protection against coronary atherosclerosis.,Communications biology,1;2,,"Journal Article;Meta-Analysis;Research Support, Non-U.S. Gov't"
35968571,2022,Genome-Wide 3'-UTR Single Nucleotide Polymorphism Association Study Identifies Significant Prostate Cancer Risk-Associated Functional Loci at 8p21.2 in Chinese Population.,"Advanced science (Weinheim, Baden-Wurttemberg, Germany)",2;5,,Journal Article
35967305,2022,A Cross-Tissue Transcriptome-Wide Association Study Identifies Novel Susceptibility Genes for Juvenile Idiopathic Arthritis in Asia and Europe.,Frontiers in immunology,2,,"Journal Article;Research Support, Non-U.S. Gov't"
35957680,2022,Genetic liability to asthma and risk of cardiovascular diseases: A Mendelian randomization study.,Frontiers in genetics,1;2;10;13;14,,Journal Article
35956413,2022,Investigating Causal Associations of Diet-Derived Circulating Antioxidants with the Risk of Digestive System Cancers: A Mendelian Randomization Study.,Nutrients,2;5;10,,Journal Article
35952493,2022,Genetic insights into therapeutic targets for aortic aneurysms: A Mendelian randomization study.,EBioMedicine,1;2;10,,Journal Article
35932494,2022,Causal association of diet-derived circulating antioxidants with the risk of rheumatoid arthritis: A Mendelian randomization study.,Seminars in arthritis and rheumatism,2;9;10,,Journal Article;Meta-Analysis
35923199,2022,Association between dried fruit intake and pan-cancers incidence risk: A two-sample Mendelian randomization study.,Frontiers in nutrition,2;5;10;15,,Journal Article
35904850,2022,"The causal association between smoking, alcohol consumption and risk of bladder cancer: A univariable and multivariable Mendelian randomization study.",International journal of cancer,2;4;5;10,,Journal Article
35879402,2022,Genome-wide association study in individuals of European and African ancestry and multi-trait analysis of opioid use disorder identifies 19 independent genome-wide significant risk loci.,Molecular psychiatry,2;4,,"Meta-Analysis;Journal Article;Research Support, U.S. Gov't, Non-P.H.S.;Research Support, Non-U.S. Gov't;Research Support, N.I.H., Extramural"
35876003,2022,Association of Nap Frequency With Hypertension or Ischemic Stroke Supported by Prospective Cohort Data and Mendelian Randomization in Predominantly Middle-Aged European Subjects.,"Hypertension (Dallas, Tex. : 1979)",1;2;10;14,14.2-stroke-cerebro,"Journal Article;Observational Study;Research Support, Non-U.S. Gov't"
35867128,2022,Assessment of the bi-directional relationship between blood mitochondrial DNA copy number and type 2 diabetes mellitus: a multivariable-adjusted regression and Mendelian randomisation study.,Diabetologia,1;10,,"Journal Article;Research Support, Non-U.S. Gov't"
35861629,2022,A Mendelian randomization study to assess the genetic liability of gastroesophageal reflux disease for cardiovascular diseases and risk factors.,Human molecular genetics,1;2;4;10;14,,"Journal Article;Research Support, Non-U.S. Gov't"
35838494,2022,Multinational Genome-Wide Association Study and Functional Genomics Analysis Implicates Decreased SIRT3 Expression Underlying Intracranial Aneurysm Risk.,Neurosurgery,1;2,,"Journal Article;Meta-Analysis;Research Support, Non-U.S. Gov't"
35812273,2022,ACLY and CKD: A Mendelian Randomization Analysis.,Kidney international reports,1;2;10,,Journal Article
35811520,2022,Assessment of the Causal Effect of IgG N-Glycosylation Level on Risk of Dementia: A 2-Sample Mendelian Randomization Study.,Journal of Alzheimer's disease : JAD,2;10;11,,"Journal Article;Research Support, Non-U.S. Gov't"
35793595,2022,The association between mitochondrial DNA abundance and stroke: A combination of multivariable-adjusted survival and Mendelian randomization analyses.,Atherosclerosis,1;2;10;14,14.2-stroke-cerebro,"Journal Article;Research Support, Non-U.S. Gov't"
35783285,2022,Self-Reported Walking Pace and Risk of Cardiovascular Diseases: A Two-Sample Mendelian Randomization Study.,Frontiers in genetics,1;2;10;14,,Journal Article
35769993,2022,GDF-15 as a Therapeutic Target of Diabetic Complications Increases the Risk of Gallstone Disease: Mendelian Randomization and Polygenic Risk Score Analysis.,Frontiers in genetics,1;2;10,,Journal Article
35765714,2022,Causal associations between sleep traits and four cardiac diseases: a Mendelian randomization study.,ESC heart failure,1;2;10;13,,"Journal Article;Research Support, Non-U.S. Gov't"
35764530,2022,Alcohol consumption and smoking in relation to psoriasis: a Mendelian randomization study.,The British journal of dermatology,2;4;9;10;12,,Meta-Analysis;Journal Article
35758857,2022,Maternal Testosterone and Offspring Birth Weight: A Mendelian Randomization Study.,The Journal of clinical endocrinology and metabolism,2;10;15,,Journal Article
35747747,2022,Interleukin-6 Receptor Blockade can Increase the Risk of Nonalcoholic Fatty Liver Disease: Indications From Mendelian Randomization.,Frontiers in pharmacology,1;2;9;10,,Journal Article
35727232,2022,Causal Association between Whole-Body Water Mass and Sleep Apnea: A Mendelian Randomization Study.,Annals of the American Thoracic Society,2;10;13,,"Journal Article;Research Support, Non-U.S. Gov't"
35717579,2022,Rare germline deleterious variants increase susceptibility for lung cancer.,Human molecular genetics,2;5;10,,"Journal Article;Research Support, N.I.H., Intramural"
35704268,2022,Identification of blood metabolites linked to the risk of cholelithiasis: a comprehensive Mendelian randomization study.,Hepatology international,2;10,,Journal Article
35694671,2022,Genetically Predicted Obesity Causally Increased the Risk of Hypertension Disorders in Pregnancy.,Frontiers in cardiovascular medicine,1;2;15,,Journal Article
35679284,2022,Causality of anthropometric markers associated with polycystic ovarian syndrome: Findings of a Mendelian randomization study.,PloS one,1;2;10;15,,"Journal Article;Research Support, Non-U.S. Gov't"
35640639,2022,Serum Fetuin-A and Risk of Gestational Diabetes Mellitus: An Observational Study and Mendelian Randomization Analysis.,The Journal of clinical endocrinology and metabolism,1;2;10;15,,"Journal Article;Research Support, Non-U.S. Gov't;Observational Study"
35637384,2022,High heritability of ascending aortic diameter and trans-ancestry prediction of thoracic aortic disease.,Nature genetics,1;2,,"Journal Article;Research Support, Non-U.S. Gov't;Research Support, N.I.H., Extramural;Research Support, U.S. Gov't, Non-P.H.S."
35625981,2022,Type 2 Diabetes-Related Variants Influence the Risk of Developing Prostate Cancer: A Population-Based Case-Control Study and Meta-Analysis.,Cancers,1;2;5,,Journal Article
35604428,2022,Multi-Trait Genetic Analysis Reveals Clinically Interpretable Hypertension Subtypes.,Circulation. Genomic and precision medicine,1;2;9,,"Journal Article;Research Support, Non-U.S. Gov't"
35601498,2022,The Association Between Vitamin C and Cancer: A Two-Sample Mendelian Randomization Study.,Frontiers in genetics,2;5;10,,Journal Article
35594287,2022,Mendelian randomization analysis of plasma levels of CD209 and MICB proteins and the risk of varicose veins of lower extremities.,PloS one,2;10,,"Journal Article;Meta-Analysis;Research Support, N.I.H., Extramural;Research Support, Non-U.S. Gov't"
35583917,2022,Genetic Liability to Rheumatoid Arthritis in Relation to Coronary Artery Disease and Stroke Risk.,"Arthritis & rheumatology (Hoboken, N.J.)",1;2;9;14,14.2-stroke-cerebro,"Journal Article;Meta-Analysis;Research Support, Non-U.S. Gov't"
35578763,2022,Serum urate and heart failure: a bidirectional Mendelian randomization study.,European journal of preventive cardiology,1;2;10,,"Journal Article;Research Support, Non-U.S. Gov't"
35565667,2022,Plasma Caffeine Levels and Risk of Alzheimer's Disease and Parkinson's Disease: Mendelian Randomization Study.,Nutrients,2;10;11,,Journal Article
35558741,2022,Causal Association Between Tea Consumption and Bone Health: A Mendelian Randomization Study.,Frontiers in nutrition,2;9;10,,Journal Article
35499407,2022,Differentiating Associations of Glycemic Traits With Atherosclerotic and Thrombotic Outcomes: Mendelian Randomization Investigation.,Diabetes,1;2;10;14,,"Journal Article;Research Support, Non-U.S. Gov't"
35498031,2022,Varicose Veins and Risk of Venous Thromboembolic Diseases: A Two-Sample-Based Mendelian Randomization Study.,Frontiers in cardiovascular medicine,1;2;10,,Journal Article
35429337,2022,Higher genetically predicted low-density lipoprotein levels increase the renal cancer risk independent of triglycerides and high-density lipoprotein levels: A Mendelian randomization study.,International journal of cancer,1;2;5;10,,"Journal Article;Research Support, Non-U.S. Gov't"
35419428,2022,Genetically Predicted Atrial Fibrillation and Valvular Heart Disease: A Two-Sample Mendelian Randomization Study.,Frontiers in cardiovascular medicine,1;2;10,,Journal Article
35384380,2022,An atlas of genetic correlations between gestational age and common psychiatric disorders.,Autism research : official journal of the International Society for Autism Research,2;4;15,,"Journal Article;Research Support, Non-U.S. Gov't"
35366326,2022,Appraising the Effect of Potential Risk Factors on Thyroid Cancer: A Mendelian Randomization Study.,The Journal of clinical endocrinology and metabolism,1;2;5;10,,"Journal Article;Research Support, Non-U.S. Gov't"
35346416,2022,Assessing the causal role of epigenetic clocks in the development of multiple cancers: a Mendelian randomization study.,eLife,2;5;10;11,,"Journal Article;Meta-Analysis;Research Support, Non-U.S. Gov't;Research Support, N.I.H., Extramural;Research Support, U.S. Gov't, Non-P.H.S."
35334809,2022,"Alcohol, Coffee, and Milk Intake in Relation to Epilepsy Risk.",Nutrients,14,,Journal Article
35333923,2022,Causal Association between Chronic Kidney Disease and Risk of 19 Site-Specific Cancers: A Mendelian Randomization Study.,"Cancer epidemiology, biomarkers & prevention : a publication of the American Association for Cancer Research, cosponsored by the American Society of Preventive Oncology",1;2;5;10,,"Journal Article;Research Support, Non-U.S. Gov't"
35299622,2022,Mendelian Randomization Analysis Suggests No Associations of Herpes Simplex Virus Infections With Multiple Sclerosis.,Frontiers in neuroscience,2;8;9;10;14,,Journal Article
35242384,2022,Educational attainment could be a protective factor against obstructive sleep apnea: a study based on Mendelian randomization.,Journal of thoracic disease,2;4;10;13,,Journal Article
35233224,2022,Assessment of causal direction between thyroid function and cardiometabolic health: a Mendelian randomization study.,Journal of geriatric cardiology : JGC,1;2;10;14,,Journal Article
35228855,2022,Smoking behavior might affect allergic rhinitis and vasomotor rhinitis differently: A mendelian randomization appraisal.,The World Allergy Organization journal,2;4;10;18,,Journal Article
35221124,2022,"HLA-disease association and pleiotropy landscape in over 235,000 Finns.",Human immunology,2;8,,Journal Article
35220625,2022,"Association of smoking, lung function and COPD in COVID-19 risk: a two-step Mendelian randomization study.","Addiction (Abingdon, England)",2;4;8;10;13,,"Journal Article;Research Support, Non-U.S. Gov't"
35198002,2022,Low Intelligence Predicts Higher Risks of Coronary Artery Disease and Myocardial Infarction: Evidence From Mendelian Randomization Study.,Frontiers in genetics,1;2;10,,Journal Article
35197637,2022,Genetic associations of protein-coding variants in human disease.,Nature,2,,"Journal Article;Research Support, Non-U.S. Gov't"
35197564,2022,Integration of questionnaire-based risk factors improves polygenic risk scores for human coronary heart disease and type 2 diabetes.,Communications biology,1;2,,"Journal Article;Research Support, Non-U.S. Gov't"
35197211,2022,Sex-specific effect of serum urate levels on coronary heart disease and myocardial infarction prevention: A Mendelian randomization study.,"Nutrition, metabolism, and cardiovascular diseases : NMCD",1;2;10,,"Journal Article;Research Support, Non-U.S. Gov't"
35194621,2022,"The public health impact of poor sleep on severe COVID-19, influenza and upper respiratory infections.",medRxiv : the preprint server for health sciences,2;3;8;13,,Preprint;Journal Article
35186940,2022,"Associations of Visceral Adipose Tissue, Circulating Protein Biomarkers, and Risk of Cardiovascular Diseases: A Mendelian Randomization Analysis.",Frontiers in cell and developmental biology,1;2;10;14,,Journal Article
35166138,2022,NCOR2 is a novel candidate gene for migraine-epilepsy phenotype.,Cephalalgia : an international journal of headache,2;14,,Journal Article
35113855,2022,Genetically proxied therapeutic inhibition of antihypertensive drug targets and risk of common cancers: A mendelian randomization analysis.,PLoS medicine,2;5;10,,"Journal Article;Research Support, N.I.H., Extramural;Research Support, Non-U.S. Gov't"
35101633,2023,Inverse Association Between Serum 25-Hydroxyvitamin D and Nonalcoholic Fatty Liver Disease.,Clinical gastroenterology and hepatology : the official clinical practice journal of the American Gastroenterological Association,1;2,,Meta-Analysis;Journal Article
35082834,2021,Causal Association Between Periodontitis and Type 2 Diabetes: A Bidirectional Two-Sample Mendelian Randomization Analysis.,Frontiers in genetics,1;2;10,,Journal Article
35070816,2021,Kidney stone disease and cardiovascular events: a study on bidirectional causality based on mendelian randomization.,Translational andrology and urology,1;2;10,,Journal Article
35066242,2022,Interleukins and rheumatoid arthritis: bi-directional Mendelian randomization investigation.,Seminars in arthritis and rheumatism,2;9;10,,"Journal Article;Meta-Analysis;Research Support, Non-U.S. Gov't"
35029599,2022,"Alcohol, coffee consumption, and smoking in relation to migraine: a bidirectional Mendelian randomization study.",Pain,2;4;10;14,,"Journal Article;Meta-Analysis;Research Support, Non-U.S. Gov't"
35013517,2022,Metabolic and lifestyle factors in relation to senile cataract: a Mendelian randomization study.,Scientific reports,1;2;10;18,,"Journal Article;Research Support, Non-U.S. Gov't"
34993217,2021,Diet-Derived Antioxidants and Risk of Kidney Stone Disease: Results From the NHANES 2007-2018 and Mendelian Randomization Study.,Frontiers in nutrition,1;2;10,,Journal Article
34958182,2022,The rs429358 Locus in Apolipoprotein E Is Associated With Hepatocellular Carcinoma in Patients With Cirrhosis.,Hepatology communications,1;2;5;11,,Journal Article;Meta-Analysis
34956075,2021,"Causal Associations of Obesity With the Intervertebral Degeneration, Low Back Pain, and Sciatica: A Two-Sample Mendelian Randomization Study.",Frontiers in endocrinology,1;2;4;10,,"Journal Article;Research Support, Non-U.S. Gov't"
34918120,2022,Urticaria and increased risk of rheumatoid arthritis: a two-sample Mendelian randomisation study in European population.,Modern rheumatology,9;10;12,,Journal Article;Meta-Analysis
34910310,2022,Selenium and cancer risk: Wide-angled Mendelian randomization analysis.,International journal of cancer,2;5;10,,"Journal Article;Research Support, Non-U.S. Gov't"
34906131,2021,Causal role of high body mass index in multiple chronic diseases: a systematic review and meta-analysis of Mendelian randomization studies.,BMC medicine,1;2;5;9;10;11;13;14,,"Journal Article;Meta-Analysis;Research Support, Non-U.S. Gov't;Systematic Review"
34869686,2021,"Causal Relationship Between Lung Function and Atrial Fibrillation: A Two Sample Univariable and Multivariable, Bidirectional Mendelian Randomization Study.",Frontiers in cardiovascular medicine,1;2;10,,Journal Article
34862199,2022,Recessive Genome-Wide Meta-analysis Illuminates Genetic Architecture of Type 2 Diabetes.,Diabetes,1;2,,"Journal Article;Meta-Analysis;Research Support, N.I.H., Extramural;Research Support, Non-U.S. Gov't"
34859025,2021,Serum Albumin and Circulating Metabolites and Risk of Venous Thromboembolism: A Two-Sample Mendelian Randomization Study.,Frontiers in nutrition,1;2;10,,Journal Article
34856371,2022,Commonly occurring genetic polymorphisms with a major impact on the risk of nonsyndromic strabismus: replication in a sample from Finland.,Journal of AAPOS : the official publication of the American Association for Pediatric Ophthalmology and Strabismus,3;18,,Journal Article
34796734,2021,Diet-Derived Antioxidants Do Not Decrease Risk of Ischemic Stroke: A Mendelian Randomization Study in 1 Million People.,Journal of the American Heart Association,1;2;10;14,14.2-stroke-cerebro,"Journal Article;Research Support, Non-U.S. Gov't"
34791234,2022,Leveraging Northern European population history: novel low-frequency variants for polycystic ovary syndrome.,"Human reproduction (Oxford, England)",2;3;15,,"Journal Article;Meta-Analysis;Research Support, Non-U.S. Gov't"
34763054,2022,Risk of lower respiratory tract infections: a genome-wide association study with Mendelian randomization analysis in three independent European populations.,Clinical microbiology and infection : the official publication of the European Society of Clinical Microbiology and Infectious Diseases,1;2;10,,Journal Article;Meta-Analysis
34739073,2022,Depression and Inflammatory Bowel Disease: A Bidirectional Two-sample Mendelian Randomization Study.,Journal of Crohn's & colitis,2;4;9;10,,Journal Article;Meta-Analysis
34704651,2021,A trans-omic Mendelian randomization study of parental lifespan uncovers novel aging biology and therapeutic candidates for chronic diseases.,Aging cell,2;10;11,,"Journal Article;Research Support, N.I.H., Extramural;Research Support, Non-U.S. Gov't"
34690004,2022,Coffee and Caffeine Consumption and Risk of Kidney Stones: A Mendelian Randomization Study.,American journal of kidney diseases : the official journal of the National Kidney Foundation,2;10,,"Journal Article;Meta-Analysis;Research Support, Non-U.S. Gov't"
34668383,2021,Genetic Profile of Endotoxemia Reveals an Association With Thromboembolism and Stroke.,Journal of the American Heart Association,1;2;14,14.2-stroke-cerebro,"Journal Article;Research Support, N.I.H., Extramural;Research Support, Non-U.S. Gov't"
34666504,2021,"Cardiometabolic, Lifestyle, and Nutritional Factors in Relation to Varicose Veins: A Mendelian Randomization Study.",Journal of the American Heart Association,1;2;10,,"Journal Article;Research Support, Non-U.S. Gov't;Research Support, U.S. Gov't, Non-P.H.S."
34651315,2022,Genome-wide analysis identifies gallstone-susceptibility loci including genes regulating gastrointestinal motility.,"Hepatology (Baltimore, Md.)",1;2,,"Journal Article;Meta-Analysis;Research Support, Non-U.S. Gov't"
34650087,2021,"Serum calcium and 25-hydroxyvitamin D in relation to longevity, cardiovascular disease and cancer: a Mendelian randomization study.",NPJ genomic medicine,1;2;5;10;11,,Journal Article
34630505,2021,No Causal Association Between Adiponectin and the Risk of Rheumatoid Arthritis: A Mendelian Randomization Study.,Frontiers in genetics,2;9;10,,Journal Article
34624136,2022,Insights into modifiable risk factors of cholelithiasis: A Mendelian randomization study.,"Hepatology (Baltimore, Md.)",1;2;10,,Journal Article;Meta-Analysis
34597274,2021,Age-dependent impact of the major common genetic risk factor for COVID-19 on severity and mortality.,The Journal of clinical investigation,1;2;8,,"Clinical Trial;Journal Article;Multicenter Study;Research Support, N.I.H., Extramural;Research Support, Non-U.S. Gov't"
34594039,2021,A cross-population atlas of genetic associations for 220 human phenotypes.,Nature genetics,2,,"Journal Article;Research Support, N.I.H., Extramural;Research Support, Non-U.S. Gov't"
34559723,2022,Polygenic Score for Physical Activity Is Associated with Multiple Common Diseases.,Medicine and science in sports and exercise,1;2;7,,"Journal Article;Research Support, Non-U.S. Gov't"
34507265,2021,Genetically predicted obesity and risk of deep vein thrombosis.,Thrombosis research,1;2,,Journal Article
34469433,2021,Identification of novel genetic susceptibility loci for thoracic and abdominal aortic aneurysms via genome-wide association study using the UK Biobank Cohort.,PloS one,1;2,,Journal Article
34459406,2021,Genetically Predicted Coffee Consumption and Risk of Alzheimer's Disease and Stroke.,Journal of Alzheimer's disease : JAD,1;2;11;14,14.2-stroke-cerebro,"Journal Article;Research Support, Non-U.S. Gov't"
34454985,2022,Uniting biobank resources reveals novel genetic pathways modulating susceptibility for atopic dermatitis.,The Journal of allergy and clinical immunology,2;12,,"Journal Article;Meta-Analysis;Research Support, Non-U.S. Gov't"
34454843,2021,Assessing causal associations of obesity and diabetes with kidney stones using Mendelian randomization analysis.,Molecular genetics and metabolism,1;2;10,,"Journal Article;Research Support, Non-U.S. Gov't"
34445060,2021,Genetically Predicted Milk Intake and Risk of Neurodegenerative Diseases.,Nutrients,2;9;11;14,,Journal Article
34397416,2021,A Novel Genetic Marker for the C9orf72 Repeat Expansion in the Finnish Population.,Journal of Alzheimer's disease : JAD,2;11;14,,"Journal Article;Research Support, Non-U.S. Gov't"
34386016,2021,Genetically Determined Chronic Low-Grade Inflammation and Hundreds of Health Outcomes in the UK Biobank and the FinnGen Population: A Phenome-Wide Mendelian Randomization Study.,Frontiers in immunology,2;5;10;11;13;14;18,,"Journal Article;Research Support, Non-U.S. Gov't"
34371827,2021,Coffee Consumption and Prostate Cancer Risk: Results from National Health and Nutrition Examination Survey 1999-2010 and Mendelian Randomization Analyses.,Nutrients,2;5;10,,Journal Article;Observational Study
34367258,2021,"Genetically Predicted Fibroblast Growth Factor 23 and Major Cardiovascular Diseases, Their Risk Factors, Kidney Function, and Longevity: A Two-Sample Mendelian Randomization Study.",Frontiers in genetics,1;2;10;11,,Journal Article
34367246,2021,"Obesity, Type 2 Diabetes, and the Risk of Carpal Tunnel Syndrome: A Two-Sample Mendelian Randomization Study.",Frontiers in genetics,1;2;10;14,,Journal Article
34344703,2021,Lifetime risk of rheumatoid arthritis-associated interstitial lung disease in MUC5B mutation carriers.,Annals of the rheumatic diseases,2;9;13,,"Journal Article;Observational Study;Research Support, Non-U.S. Gov't"
34340725,2021,Genetic Susceptibility to Pneumonia: A GWAS Meta-Analysis Between the UK Biobank and FinnGen.,Twin research and human genetics : the official journal of the International Society for Twin Studies,2;4,,"Journal Article;Meta-Analysis;Research Support, Non-U.S. Gov't"
34316022,2021,Assessing the role of cortisol in cancer: a wide-ranged Mendelian randomisation study.,British journal of cancer,2;5;10;12;15,,"Journal Article;Research Support, Non-U.S. Gov't"
34232692,2021,Clinical Conditions and Their Impact on Utility of Genetic Scores for Prediction of Acute Coronary Syndrome.,Circulation. Genomic and precision medicine,1;2,,"Clinical Trial;Journal Article;Research Support, Non-U.S. Gov't"
34203356,2021,Coffee Consumption and Cardiovascular Diseases: A Mendelian Randomization Study.,Nutrients,1;2;10;14,,Journal Article
34187701,2021,"Smoking, alcohol and coffee consumption and pregnancy loss: a Mendelian randomization investigation.",Fertility and sterility,2;4;10;15,,"Journal Article;Meta-Analysis;Research Support, Non-U.S. Gov't"
34139333,2022,"Genetically Predicted Adiposity, Diabetes, and Lifestyle Factors in Relation to Diverticular Disease.",Clinical gastroenterology and hepatology : the official clinical practice journal of the American Gastroenterological Association,1;2,,Journal Article
34111113,2021,A genome-wide association study identifies 5 loci associated with frozen shoulder and implicates diabetes as a causal risk factor.,PLoS genetics,1;2,,"Journal Article;Research Support, Non-U.S. Gov't"
34098570,2021,Genome-Wide Association Study Identifies Genetic Risk Factors for Spastic Cerebral Palsy.,Neurosurgery,2;14,,"Journal Article;Research Support, N.I.H., Extramural;Research Support, Non-U.S. Gov't"
34093435,2021,Screening for Mutations in Isolated Central Hypothyroidism Reveals a Novel Mutation in Insulin Receptor Substrate 4.,Frontiers in endocrinology,2,,"Journal Article;Research Support, Non-U.S. Gov't"
34081096,2021,Association of the MYOC p.(Gln368Ter) Variant With Glaucoma in a Finnish Population.,JAMA ophthalmology,2;18,,"Journal Article;Research Support, Non-U.S. Gov't"
34057996,2022,Genetically predicted circulating vitamin C in relation to cardiovascular disease.,European journal of preventive cardiology,1;2;14,,"Journal Article;Research Support, Non-U.S. Gov't"
34045744,2021,Bi-ancestral depression GWAS in the Million Veteran Program and meta-analysis in >1.2 million individuals highlight new therapeutic directions.,Nature neuroscience,2;4,,"Journal Article;Meta-Analysis;Research Support, Non-U.S. Gov't;Research Support, U.S. Gov't, Non-P.H.S."
34043151,2022,Causal effect of renal function on venous thromboembolism: a two-sample Mendelian randomization investigation.,Journal of thrombosis and thrombolysis,1;2;10,,Journal Article;Meta-Analysis
33947878,2021,Genetic factors affect the susceptibility to bacterial infections in diabetes.,Scientific reports,1;2,,"Journal Article;Meta-Analysis;Research Support, Non-U.S. Gov't"
33934986,2021,"Predictors and Outcomes of Coronary Artery Bypass Grafting: A Systematic and Untargeted Analysis of More Than 120,000 Individuals and 1,300 Disease Traits.",Journal of cardiothoracic and vascular anesthesia,1;5;11,,Journal Article
33909604,2021,ANGPTL8 protein-truncating variant associated with lower serum triglycerides and risk of coronary disease.,PLoS genetics,1,,"Journal Article;Research Support, Non-U.S. Gov't"
33888102,2021,"Homocysteine, B vitamins, and cardiovascular disease: a Mendelian randomization study.",BMC medicine,1;2;10;14,,"Journal Article;Research Support, Non-U.S. Gov't"
33837300,2021,Genetically predicted circulating B vitamins in relation to digestive system cancers.,British journal of cancer,5,,"Journal Article;Research Support, Non-U.S. Gov't"
33834859,2021,Genetically Proxied Inhibition of Coagulation Factors and Risk of Cardiovascular Disease: A Mendelian Randomization Study.,Journal of the American Heart Association,1;2;10;14,,"Journal Article;Multicenter Study;Research Support, Non-U.S. Gov't"
33822969,2021,Plasma Cortisol and Risk of Atrial Fibrillation: A Mendelian Randomization Study.,The Journal of clinical endocrinology and metabolism,1;2;10,,"Journal Article;Meta-Analysis;Research Support, Non-U.S. Gov't"
33818779,2021,Educational attainment protects against epilepsy independent of cognitive function: A Mendelian randomization study.,Epilepsia,2;10;14,,"Journal Article;Meta-Analysis;Research Support, Non-U.S. Gov't"
33794208,2021,Genetic variation in cervical preinvasive and invasive disease: a genome-wide association study.,The Lancet. Oncology,2;5;15,,"Journal Article;Research Support, Non-U.S. Gov't"
33782414,2021,"Gallstone disease, diabetes, calcium, triglycerides, smoking and alcohol consumption and pancreatitis risk: Mendelian randomization study.",NPJ genomic medicine,1;2;4;10,,Journal Article
33768119,2021,Loss-of-Function Variants in the SYNPO2L Gene Are Associated With Atrial Fibrillation.,Frontiers in cardiovascular medicine,1;2,,Journal Article
33758299,2021,Identification of a missense variant in SPDL1 associated with idiopathic pulmonary fibrosis.,Communications biology,2;13,,"Journal Article;Research Support, Non-U.S. Gov't"
33693708,2021,Circulating Galectin-3 Levels Are Not Associated With Nonalcoholic Fatty Liver Disease: A Mendelian Randomization Study.,The Journal of clinical endocrinology and metabolism,1;2;10,,"Journal Article;Research Support, Non-U.S. Gov't"
33655641,2021,Modifiable risk factors for epilepsy: A two-sample Mendelian randomization study.,Brain and behavior,2;4;10;13;14,,"Journal Article;Research Support, Non-U.S. Gov't"
33611940,2021,Polygenic Risk Scores Predict Hypertension Onset and Cardiovascular Risk.,"Hypertension (Dallas, Tex. : 1979)",1;2,,"Journal Article;Research Support, N.I.H., Extramural;Research Support, Non-U.S. Gov't"
33608734,2021,Mendelian randomization highlights insomnia as a risk factor for pain diagnoses.,Sleep,2;3;4;10;13,,"Journal Article;Research Support, Non-U.S. Gov't"
33575586,2020,Increasing accuracy of HLA imputation by a population-specific reference panel in a FinnGen biobank cohort.,NAR genomics and bioinformatics,2;8,,Journal Article
33462484,2021,Genetics of 35 blood and urine biomarkers in the UK Biobank.,Nature genetics,1;2;14,,"Journal Article;Research Support, N.I.H., Extramural;Research Support, Non-U.S. Gov't;Research Support, U.S. Gov't, Non-P.H.S."
33436406,2021,Sleep apnoea is a risk factor for severe COVID-19.,BMJ open respiratory research,1;8,,"Journal Article;Research Support, Non-U.S. Gov't"
33418501,2021,The associations of plasma phospholipid arachidonic acid with cardiovascular diseases: A Mendelian randomization study.,EBioMedicine,1;2;10;14,,Journal Article
33418132,2022,"Obesity, Type 2 Diabetes, Lifestyle Factors, and Risk of Gallstone Disease: A Mendelian Randomization Investigation.",Clinical gastroenterology and hepatology : the official clinical practice journal of the American Gastroenterological Association,1;2;10,,"Journal Article;Meta-Analysis;Research Support, Non-U.S. Gov't"
33413940,2021,Diet-Derived Circulating Antioxidants and Risk of Coronary Heart Disease: A Mendelian Randomization Study.,Journal of the American College of Cardiology,1;2;10,,"Journal Article;Research Support, Non-U.S. Gov't"
33384720,2020,Investigating Causal Relations Between Sleep-Related Traits and Risk of Type 2 Diabetes Mellitus: A Mendelian Randomization Study.,Frontiers in genetics,1;2;10;13,,Journal Article
33382884,2020,HeartBioPortal2.0: new developments and updates for genetic ancestry and cardiometabolic quantitative traits in diverse human populations.,Database : the journal of biological databases and curation,1;2;6,,"Journal Article;Research Support, Non-U.S. Gov't"
33318493,2020,The role of polygenic risk and susceptibility genes in breast cancer over the course of life.,Nature communications,2;5,,"Journal Article;Research Support, Non-U.S. Gov't"
33310085,2021,Association of Genetic Variation With Cirrhosis: A Multi-Trait Genome-Wide Association and Gene-Environment Interaction Study.,Gastroenterology,1;2;11,,"Journal Article;Research Support, N.I.H., Extramural;Research Support, Non-U.S. Gov't"
33275596,2020,"Evaluating the relationship between alcohol consumption, tobacco use, and cardiovascular disease: A multivariable Mendelian randomization study.",PLoS medicine,1;2;4;10,,Journal Article;Observational Study
33261611,2020,"Genetically proxied milk consumption and risk of colorectal, bladder, breast, and prostate cancer: a two-sample Mendelian randomization study.",BMC medicine,2;5;10,,"Journal Article;Research Support, Non-U.S. Gov't"
33243845,2021,Genetic analysis of obstructive sleep apnoea discovers a strong association with cardiometabolic health.,The European respiratory journal,1;2;4;13;14,,"Journal Article;Research Support, Non-U.S. Gov't"
33199044,2021,Genetically predicted plasma phospholipid arachidonic acid concentrations and 10 site-specific cancers in UK biobank and genetic consortia participants: A mendelian randomization study.,"Clinical nutrition (Edinburgh, Scotland)",2;5;10,,"Journal Article;Research Support, Non-U.S. Gov't"
33179380,2021,Overall and abdominal obesity in relation to venous thromboembolism.,Journal of thrombosis and haemostasis : JTH,1;2,,"Journal Article;Research Support, Non-U.S. Gov't"
33131310,2020,Association of Cardiovascular Risk Factors and Lifestyle Behaviors With Hypertension: A Mendelian Randomization Study.,"Hypertension (Dallas, Tex. : 1979)",1;2;7;10;13,,"Journal Article;Research Support, Non-U.S. Gov't"
33110245,2021,An expanded analysis framework for multivariate GWAS connects inflammatory biomarkers to functional variants and disease.,European journal of human genetics : EJHG,2,,"Journal Article;Research Support, Non-U.S. Gov't"
32895918,2021,Sleep duration and risk of overall and 22 site-specific cancers: A Mendelian randomization study.,International journal of cancer,2;5;7;10,,"Journal Article;Multicenter Study;Research Support, Non-U.S. Gov't"
32895727,2020,An atlas on risk factors for type 2 diabetes: a wide-angled Mendelian randomisation study.,Diabetologia,1;4;10;13,,"Journal Article;Research Support, Non-U.S. Gov't"
32649856,2020,A Platelet Function Modulator of Thrombin Activation Is Causally Linked to Cardiovascular Disease and Affects PAR4 Receptor Signaling.,American journal of human genetics,1;2;14,,"Journal Article;Research Support, N.I.H., Extramural;Research Support, Non-U.S. Gov't"
32369491,2020,Rare protein-altering variants in ANGPTL7 lower intraocular pressure and protect against glaucoma.,PLoS genetics,18,,"Journal Article;Research Support, N.I.H., Extramural;Research Support, Non-U.S. Gov't"
32277175,2020,Genome-wide meta-analysis identifies novel loci associated with age-related macular degeneration.,Journal of human genetics,2;11;18,,Journal Article;Meta-Analysis
32273609,2020,Polygenic and clinical risk scores and their impact on age at onset and prediction of cardiometabolic diseases and common cancers.,Nature medicine,1;2;5,,"Journal Article;Research Support, Non-U.S. Gov't"
32251405,2020,"Trans-biobank analysis with 676,000 individuals elucidates the association of polygenic risk scores of complex traits with human lifespan.",Nature medicine,1;2,,"Journal Article;Research Support, Non-U.S. Gov't"
32154731,2020,Polygenic Hyperlipidemias and Coronary Artery Disease Risk.,Circulation. Genomic and precision medicine,1;2;10,,"Journal Article;Research Support, N.I.H., Extramural;Research Support, Non-U.S. Gov't"
32066667,2020,Genomic prediction of alcohol-related morbidity and mortality.,Translational psychiatry,2,,"Journal Article;Research Support, Non-U.S. Gov't"
