workspaceId,themes,focus_areas,n_focus_areas,is_orphan_proj,title
35015,1;2;14;16,FA1;FA4;FA8,3,0,20251024_rs7636910
32979,1;2;14,FA1;FA8,2,0,Adrenalectomy V8
35014,5;10;11,FA1;FA3;FA4;FA8,4,0,XPC Analysis Workspace
34835,4;15,FA1;FA2;FA5,3,0,PPD Dataset
35013,10,FA1;FA4;FA8,3,0,Vit. D Deficiency and Ehlers Danlos and Osteogenesis Imperfecta
35012,,,0,1,Identification of New Genetic Associations with Vascular Disorders (N3)
31950,,,0,1,Identification of New Genetic Associations with Vascular Disorders (N)
34811,,,0,1,Identification of New Genetic Associations with Vascular Disorders (N2)
35009,2;3,FA8,1,0,Proteomics
30582,2,FA8,1,0,Genomic_Analysis_Reg_other
35008,3;5;6,FA1;FA7;FA8,3,0,Predictors of PSA Testing and Screening Patterns
31813,2,FA8,1,0,v8_PheWAS analysis for Tandem Repeat Expansions
35007,,,0,1,Pain_Prediction
35006,1;15,FA1;FA2;FA8,3,0,PreE_Omics
28851,1,FA1;FA8,2,0,WUSM Bolton Lab - IDH Clonal Hematopoiesis and CVD (v8)
35004,2,FA8,1,0,SepsisAKI
35003,2;8;10,FA1;FA4;FA8,3,0,Pathogenic Variant Detection in Common Variable Immunodeficiency Patients
18633,4;13,FA1;FA5,2,0,COPD and Nicotine/Tobacco Use (Controlled Tier)
33256,1;2;3,FA1;FA8,2,0,Machine learning for genetic risk prediction of Blood Pressure and hypertension
26467,1;2;3,FA1;FA8,2,0,Rare_genetic_variations_in_a_diverse_population_v8
7955,1;2;3,FA1;FA8,2,0,Rare_genetic_variations_in_a_diverse_population_v7
25652,1;4;6;15,FA1;FA2;FA5;FA7;FA8,5,0,Aim 1: Psychosocial Stress and PreE
31036,1;2,FA1;FA8,2,0,ObesityandCancer
31630,16,FA4;FA8,2,0,CYP2C19_50k
27195,2,FA8,1,0,PheWAS v8
34999,5;10;11,FA1;FA3;FA4;FA8,4,0,PTEN Workspace
21483,1;3;5,FA1;FA8,2,0,Cancer Risk Prediction
34998,1;3;6,FA1;FA7;FA8,3,0,Duplicate of Duplicate of Readmission in Heart Failure V8
32567,5;10;11,FA1;FA3;FA4;FA8,4,0,Main Analysis Workspace
34996,2;3;11,FA1;FA3;FA8,3,0,Duplicate of HypertensionUKBB
34991,1,FA1;FA8,2,0,AIM-AHEAD-UVA-RISE
26868,1;2;3;14,FA1;FA8,2,0,Stroke
33838,5;12,FA1;FA7;FA8,3,0,VCOM SRC - Pod #1
34989,1;15,FA1;FA2;FA8,3,0,Pepin-Polli
32674,1;4;7,FA1;FA5;FA8,3,0,"Step count, mental illness, cardiovascular risk factors and cognition"
27375,2;4;6,FA1;FA5;FA7;FA8,4,0,OUD GWAS v8
34562,3;7,,0,1,Physical Activity/Sleep Duration on Health (Yizhou)
34987,1;4,FA1;FA5;FA8,3,0,Duplicate of Duplicate of NAFLD and mental Health
34873,2,FA8,1,0,GReX_PheWAS
33141,7,,0,1,"Duplicate of Physical activity, diet, and weight loss medications"
24091,7,,0,1,"Physical activity, diet, and weight loss medications"
33633,2,FA8,1,0,Study of Immune Mediated and Infectious GI Diseases
34986,2;4,FA1;FA5;FA8,3,0,Multi-PGS AUD
34984,12,FA1;FA7,2,0,Derm_Research
34983,1;2;3,FA1;FA8,2,0,Unsupervised subtyping of disease variants validation
34982,2;12,FA1;FA7;FA8,3,0,Duplicate of Pruritus_ControlledTier
34980,2;3,FA8,1,0,phewas
33358,3;9,FA1,1,0,Sarcoidosis
33876,1;2;5,FA1;FA8,2,0,Associations of Genetics with AIMSS
34977,2,FA8,1,0,Duplicate of How to Work with All of Us Genomic Data (Hail - Plink)(v8)
34975,2;3,FA8,1,0,AMI Genetic Risk Analysis
34973,2;5;6,FA1;FA7;FA8,3,0,genomic and SES in cancer survival
30202,2,FA8,1,0,All of US saliva sample
34972,,,0,1,APOE_neutrophil_correlation
33206,1;2;3,FA1;FA8,2,0,Duplicate of All of Us v7 GWAS on LDL Cholesterol with Regenie
24385,2,FA8,1,0,RGC Workspace 4: Study of genetic association of health-related traits
34968,3;4,FA1;FA5,2,0,Duplicate of Demo Project: Mental Health and Well Being
31166,2,FA8,1,0,Data-driven weights for power
29214,5;6,FA1;FA7;FA8,3,0,V8 Cancer - Racial Disparities
34961,3;4,FA1;FA5,2,0,Suicidal Ideation
34960,5;6,FA1;FA7;FA8,3,0,Disparities associated with the uptake of Integrative Oncology (version 8)
33537,,,0,1,Exploratory_project_Bahram
34959,2;3;4,FA1;FA5;FA8,3,0,Apical Periodontitis vs. Smoke Genetic Association
9227,1;2;8,FA1;FA8,2,0,Metabolism v7 mfd
31571,3;7,,0,1,Early Chronic Disease prediction
34929,,,0,1,H. pylori (v8)
34957,2;4,FA1;FA5;FA8,3,0,Genomics of different types of tobacco use
25828,11,FA1;FA3,2,0,Duplicate of Alzheimer's Disease and Related Dementias (with V8 dataset)
33995,1;14,FA1;FA8,2,0,Glu and Neuro
34955,1;5;15,FA1;FA2;FA8,3,0,Post-menopausal breast cancer risk
34954,3;4;9;12,FA1;FA5;FA7,3,0,PTSD and ASD
34953,3;6,FA7,1,0,Prevalence of Congenital Urology Diseases
34952,6;18,FA1;FA7,2,0,Cataract and SES
34950,3;15,FA2,1,0,[Giulia] Pregnancy episodes in All of Us V8
34162,2;3;7,FA8,1,0,COL5A1 Variation in Physical Activity and Injury
34947,2;3,FA8,1,0,FinnGen meta-analysis
34945,3,,0,1,Summarizing survey data v7
34652,3;6,FA7,1,0,PE Risk Factors in Women
34939,2;3,FA8,1,0,aoutools
34938,1,FA1;FA8,2,0,Hyst and metaboloc syndrome
33716,2;3,FA8,1,0,aoutools_dev
34935,3;5;6,FA1;FA7;FA8,3,0,Duplicate of Cohort HPV Patients 03-27-2025
34933,2,FA8,1,0,SCD_Iron_Overload
34932,2;3;16,FA4;FA8,2,0,20251022_MRP5
34928,2,FA8,1,0,Bone gSOS
34802,4;12,FA1;FA5;FA7,3,0,Association of keloid with depressive disorder
29637,4,FA1;FA5,2,0,Wearable_circadian_sleep_psychiatric_risks
26655,2;3;4;5,FA1;FA5;FA8,3,0,Cancer PheTK v8
29231,2;3;5;6,FA1;FA7;FA8,3,0,v8 of Breast cancer risk prediction in Asian American women
34926,1;3;15,FA1;FA2;FA8,3,0,Marvin's Preeclampsia Prediction Workspace
34924,1;2;15,FA1;FA2;FA8,3,0,Duplicate of Duplicate of Reproductive and Metabolic Subtypes of PCOS v8
34925,1;2,FA1;FA8,2,0,Duplicate of NHLBI-ECHB-LoGICO
34136,1;11,FA1;FA3;FA8,3,0,PREVENT-CAC Dementia Study
34923,2;3,FA8,1,0,FinnGen meta-analysis testing
25865,1;2,FA1;FA8,2,0,NHLBI-ECHB-LoGICO
34534,3;15,FA2,1,0,AALERT-P
34915,2,FA8,1,0,v8_PheWAS analysis for Tandem Repeat Expansions_AI_AN
34914,15,FA2,1,0,Endometriosis
28313,3;5;6,FA1;FA7;FA8,3,0,Cohort HPV Patients 03-27-2025
34913,1,FA1;FA8,2,0,AoU - CKD-GeneticRisk
33857,4,FA1;FA5,2,0,Mental Health Outcomes in Adults with Congenital Disorders
34912,1;18,FA1;FA7;FA8,3,0,Intraocular pressure
29898,3;4,FA1;FA5,2,0,Demo Project: Mental Health and Well Being
28944,2,FA8,1,0,BCX PRS adjustments for disease associations (V8)
34911,1;3;6;7,FA1;FA7;FA8,3,0,Generalized Synthetic Learning
34573,4;7,FA1;FA5,2,0,Passive Sensory - Social Isolation
33754,3;4;6,FA1;FA5;FA7,3,0,Advancing Firearm Injury Exposure Surveillance (Controlled Tier)
26676,4;6,FA1;FA5;FA7,3,0,D_Behavioral Health & Service Utilization Among Autistic Adults and Families
34814,2,FA8,1,0,Duplicate of AoU_PRS_v8
32938,3;5;6,FA1;FA7;FA8,3,0,Genotypes: Cancer vs Non-Cancer
34519,2,FA8,1,0,CVD_pheno
34901,6,FA7,1,0,Health Literacy in HPT
34900,3,,0,1,Nutrition Note Harmonization
33630,2,FA8,1,0,Womens Health Time-to-Event GWAS
34899,2,FA8,1,0,NLRP3 Missense Variants and Blood Trait Associations
34898,,,0,1,rotator cuff tears
10004,3;5;6,FA1;FA7;FA8,3,0,Self Reported Cancer in Deep South
34897,1;2,FA1;FA8,2,0,workspace_v8_synonymous_model
34896,16,FA4;FA8,2,0,PPI Pharmacogenetics
34894,11,FA1;FA3,2,0,PD dopamine
26745,4;6,FA1;FA5;FA7,3,0,D_v7Behavioral Health & Service Utilization Among Autistic Adults and Families
34890,,,0,1,Drug cost
32607,1;5;6,FA1;FA7;FA8,3,0,Duplicate of V8_Asian Americans with Hep B Cohort
34887,2,FA8,1,0,GENIAL_ALC-HCC_CG
34882,5;6,FA1;FA7;FA8,3,0,"SDOH, Allostatic load, and early-onset Cancer"
34883,1;2,FA1;FA8,2,0,Duplicate of V8 Cardiac PheWAS
25386,1;2,FA1;FA8,2,0,V8 Cardiac PheWAS
34851,3;4,FA1;FA5,2,0,"Classifying SZ, BD, and SZA Using Biomarkers, SDoH, and Clinical Data"
34879,3;6;7;11,FA1;FA3;FA7,3,0,Shujun
13589,2;4;11;18,FA1;FA3;FA5;FA7;FA8,5,0,dataset0
21478,4;6,FA1;FA5;FA7,3,0,DT
33298,1;2;3;6;10;15,FA1;FA2;FA4;FA7;FA8,5,0,anemia G6PD
34878,1;6,FA1;FA7;FA8,3,0,T2D Causal Decomp
32326,3,,0,1,Duplicate of Getting started with Researcher Workbench
34876,4,FA1;FA5,2,0,V4 - Pain-OUD Estimation Workspace
34874,3;4;7,FA1;FA5,2,0,BE223A
34872,3;4;6;7,FA1;FA5;FA7,3,0,"Early Differentiation of SZ, BD, and SZA Using SDoH and Wearable Data"
34871,2,FA8,1,0,Investigate the phenotypic spectrum of anorexia nervosa and bulimia
34870,2;5;6;15,FA1;FA2;FA7;FA8,4,0,Genetic Risk Factors Associated with Cancer Risk_V2
34869,1;14,FA1;FA8,2,0,Young Stroke Project
34866,5,FA1;FA8,2,0,Senior Thesis project
34864,6;11,FA1;FA3;FA7,3,0,Gastrointestinal Complications-Age
34863,6,FA7,1,0,Social isolation among older Asian American adults
34862,11,FA1;FA3,2,0,Duplicate of Head and Neck Manifestations in Parkinson's Disease
31517,11,FA1;FA3,2,0,Head and Neck Manifestations in Parkinson's Disease
25810,2;11,FA1;FA3;FA8,3,0,Alzheimer's Disease APOE Prevalence vs Incidence (v8)
34859,3;4;7,FA1;FA5,2,0,Mental health with mobile devices
34858,5;15,FA1;FA2;FA8,3,0,BRCA Study
27592,1;2;10,FA1;FA4;FA8,3,0,Rare_variant_monogenic_diabetes_V2
34854,1;2;3;6,FA1;FA7;FA8,3,0,Novel Design and Analysis Development in Electronic Health Record Studies
24060,1,FA1;FA8,2,0,CHIP in All of Us v7
34853,2;12,FA1;FA7;FA8,3,0,CCCA
34852,,,0,1,Clinician Compensation Project
33252,1;2,FA1;FA8,2,0,PGRS_CT
33771,2,FA8,1,0,PRS Validation - Ricky
34849,1;6,FA1;FA7;FA8,3,0,Duplicate of HCAU Disparities in Southern US Women
28729,1;3,FA1;FA8,2,0,CORE_Murugiah_v8
32957,2;3,FA8,1,0,Genetics underlying lab value trajectories
34843,1;6;14,FA1;FA7;FA8,3,0,Heart Rhythm
32862,,,0,1,Exploring Substance Abuse Risk Factors
34822,2;5,FA1;FA8,2,0,AOU_cedars_controlled_tier
34841,11,FA1;FA3,2,0,Parkinsons_Laryngeal_Disorders
34839,1;6,FA1;FA7;FA8,3,0,Prescription Disparities
26244,2;9;14,FA1;FA8,2,0,MS PheRS (V8)
32827,4;6,FA1;FA5;FA7,3,0,Duplicate of Social Determinants of Health in Laryngological Disorders
20181,4;18,FA1;FA5;FA7,3,0,Hearing Loss and Mental Health
34059,2;6;10,FA1;FA4;FA7;FA8,4,0,Estimating rare variant contributions to complex disease
30979,1;6,FA1;FA7;FA8,3,0,HCAU Disparities in Southern US Women
34838,11,FA1;FA3,2,0,virus_ndd_autoimmune
34837,3;11;13,FA1;FA3,2,0,OSA_CPAP
24158,2,FA8,1,0,Duplicate of June2024_PheRSWAS_pTL_gTL
29302,2;9,FA1;FA8,2,0,Duplicate of MS GWAS/PheWAS2_v8
34833,1;4;13,FA1;FA5;FA8,3,0,Duplicate of Insomnia among Adults With Obesity 1
34789,9;14,FA1,1,0,Stratification of patients with IMIDs based on cell specific genetic variation
26309,4;18,FA1;FA5;FA7,3,0,Duplicate of Hearing Loss and Mental Health
20808,4;10,FA1;FA4;FA5;FA8,4,0,Variation in ED care and outcomes for young adults with suicide attempts V7
26838,4;6,FA1;FA5;FA7,3,0,Variation in outcomes for young adults with suicide attempts v8
26203,1;2,FA1;FA8,2,0,Duplicate of PR GWAS - v8
34831,2,FA8,1,0,PMCN
34830,1;7;13,FA1;FA8,2,0,GERD and Sleep
34829,,,0,1,Reclass Vars
34827,5;6,FA1;FA7;FA8,3,0,Asian-American Head and Neck Cancer Outcomes
34825,1,FA1;FA8,2,0,nitroglycerin use in STEMIs
33844,4;18,FA1;FA5;FA7,3,0,"Hearing Loss, Mental Health, & Cognition - SDP"
34823,1;3,FA1;FA8,2,0,Duplicate of Demo - Cardiovascular Risk Scoring
34821,2;3;4,FA1;FA5;FA8,3,0,Duplicate of Demo - PheWAS Smoking
34815,1;3;5,FA1;FA8,2,0,Type 2 Diabetes and its Connections with Cancer
33989,14,FA1,1,0,neuromuscular  genetic diseases - google batch
13875,14,FA1,1,0,neuromuscular genetic diseases
33416,1;3;6;14,FA1;FA7;FA8,3,0,Stroke-Project-Share
34816,2,FA8,1,0,cvd_analysis_new
32697,,,0,1,conditions
34813,5,FA1;FA8,2,0,Kit/Pediatric Cancer Genetic Review
34812,5,FA1;FA8,2,0,KIT/Pediatric Cancer
34810,3;19,FA6,1,0,Climate change and thyroid
34808,2;3;13,FA1;FA8,2,0,Sleep Apnea Project
34806,1;2;14,FA1;FA8,2,0,DADA2
34807,18,FA1;FA7,2,0,Co-morbidities of Vocal Cord Paralysis
27431,6,FA7,1,0,Duplicate of Effective therapeutic hypotheses
33029,3;4;9;12,FA1;FA5;FA7,3,0,PsychoDerm
33164,12,FA1;FA7,2,0,Ichthyosis Studies
34804,2;4;14,FA1;FA5;FA8,3,0,v7 Pharmacogenetics - Migraine 2025
34803,1;2;3,FA1;FA8,2,0,SPTLC3 PheWAS using PheTK
26317,1;2,FA1;FA8,2,0,Kanishk's Workspace v8
34801,6,FA7,1,0,PBC SDOH
34800,3;5,FA1;FA8,2,0,Colonoscopy_DNA_
32277,3;4,FA1;FA5,2,0,Factors_Observation
34798,4;7,FA1;FA5,2,0,Data-Driven Approaches to Early Detection and Treatment of Psychiatric Disorders
31855,1;6;7,FA1;FA7;FA8,3,0,Sleep patterns in Diabetes 2
34797,4,FA1;FA5,2,0,substance use disorder
34796,1;6,FA1;FA7;FA8,3,0,t5dm
34795,2;4,FA1;FA5;FA8,3,0,Polysubstance use genomics
34698,1;3;15,FA1;FA2;FA8,3,0,GLP1-1 and GWG Study
34792,4;13,FA1;FA5,2,0,Asthma and Depression
34791,2,FA8,1,0,How to Work with All of Us Genomic Data (Hail - Plink)(v8)
34788,1,FA1;FA8,2,0,Fat and Lean Body Mass Changes During GLP-1 Receptor Agonist Therapy
34777,,,0,1,train the trainer space
34767,2;6;7,FA7;FA8,2,0,Quantifying genetic risk across CV risk factors and outcomes V2 CTDv8
34766,2;5;6;10,FA1;FA4;FA7;FA8,4,0,Genomic Sickle Cell and Colorectal Cancer
34762,18,FA1;FA7,2,0,Recurrent Laryngeal nerve injury
29061,1;2;15,FA1;FA2;FA8,3,0,Genetic Analyses of Blood Cell Traits - Release 8
8354,1;2;15,FA1;FA2;FA8,3,0,Genetic Analyses of Blood Cell Traits - Release 7
34526,3;6;15,FA2;FA7,2,0,AoU_Training_Interns
34757,3;7,,0,1,Preoperative Activity and Surgical Outcomes
34754,2;3,FA8,1,0,Identifying and Characterizing Potassium Channel Variants
24069,7,,0,1,Pollution and Physical Activity
34752,3,,0,1,Data Exploration Workspace
34748,2;6,FA7;FA8,2,0,Duplicate of Multi-ancestry Genetic Studies for Complex Traits
34747,11,FA1;FA3,2,0,Repurposing of PPAR modulators
34746,,,0,1,All of Us: A Look Into Physical Measurement Discrepancies
30113,2;5;15,FA1;FA2;FA8,3,0,Genetic_Analysis_FGT_Polyps
34745,5,FA1;FA8,2,0,Dissertation
34738,7;11,FA1;FA3,2,0,Aging and Health
34400,1;6,FA1;FA7;FA8,3,0,Liver Outcomes and Equity Research (LOER)
34675,10,FA1;FA4;FA8,3,0,CFTR PEP
12426,2,FA8,1,0,PRS_diverse_ancestry
34085,3;6;16,FA4;FA7;FA8,3,0,Pharmacogenomics and Adverse Drug Effect
27149,1;2,FA1;FA8,2,0,Ling's workspace
34731,13;15,FA1;FA2,2,0,Oct25_Duplicate_MenopauseOnsetAsthma
26538,5;6,FA1;FA7;FA8,3,0,Duplicate of Benign Breast Disease and Breast Cancer
27385,11,FA1;FA3,2,0,"Duplicate of Infectious Diseases, Inflammatory Markers and Cognition"
34322,,,0,1,Master's Thesis Controlled
26945,1,FA1;FA8,2,0,CHIP in All of Us v8
34724,1;15,FA1;FA2;FA8,3,0,Pregnancy
25831,5;6,FA1;FA7;FA8,3,0,Epidemiology and Racial Disparity in Hematuria Workup
34718,6;7,FA7,1,0,Fitness Tracker Use in Rural Areas
34714,1;2;5,FA1;FA8,2,0,Clonal hematopoiesis of indeterminate potential in pan-cancer new CDRV8
28842,4;5;6,FA1;FA5;FA7;FA8,4,0,KC_ Investigating the effect of MetS-C on MHD among those with a history of BC
34398,2;5,FA1;FA8,2,0,IL6 signaling and sleep disruption in cancer cachexia
28433,5;9,FA1;FA8,2,0,Celiac Disease and B-Cell Lymphoma
34711,2,FA8,1,0,Validating Phenotypes and Genotype-Phenotype Associations in AllofUS
33020,5,FA1;FA8,2,0,Cancer Project
26145,6,FA7,1,0,Patient Perception of Care in the Treatment of Erectile Dysfunction
33599,4,FA1;FA5,2,0,Duplicate of Duplicate of Retrospective study -MH and QoL in HNC v8
24287,1;2,FA1;FA8,2,0,Predicting lipoprotein(a) levels in diverse populations - CDR v7
32816,,,0,1,Predictive Models Using AI CTDv8
34708,2;14,FA1;FA8,2,0,Migraine-Study
34706,2;3;14,FA1;FA8,2,0,migraine analysis
31406,2;3,FA8,1,0,Use of Genetic and Health Data to Develop New Medicines-Old
34073,2,FA8,1,0,Use of Genetic and Health Data to Develop New Medicines
34669,2,FA8,1,0,STR Instability - Praveena
34705,6,FA7,1,0,Limb Preservation Project
31094,2,FA8,1,0,drug_selection (Controlled Tier Dataset v8)
33678,2;3,FA8,1,0,Duplicate of AoUPRS: A Cost-Effective PRS Calculator for the All of Us Program
34701,2;16;17,FA4;FA7;FA8,3,0,Duplicate Demo - (PGx) variant frequency and medication exposures
34699,2;16;17,FA4;FA7;FA8,3,0,Duplicate of Demo - Pharmacogenomics (PGx) variant frequency and ME
34696,6,FA7,1,0,Healthcare Disparity Controlled Tier
34695,6,FA7,1,0,Duplicate of Comprehensive Nutrition Status Report_v8
30928,12,FA1;FA7,2,0,Porokeratosis & Ichthyosis Associations
34052,4;7,FA1;FA5,2,0,physical
34692,4;11;18,FA1;FA3;FA5;FA7,4,0,RCMAR
34685,4;7;15,FA1;FA2;FA5,3,0,Maternal Mental Health
25358,1;2;14,FA1;FA8,2,0,VariantRisk_APOL1_v8
34677,,,0,1,GLP-1s and GI Disorders
23159,2,FA8,1,0,EXT_GWAS
31977,2;15,FA2;FA8,2,0,APO & LT_CVD_contributing factors_v7_dis
34674,2;4;7;13,FA1;FA5;FA8,3,0,Sleep Genomics
34672,2,FA8,1,0,Lifespan GWAS
34671,1;2;5;6;13,FA1;FA7;FA8,3,0,Duplicate of Demo - Polygenic_Risk_Score_Genetic_Ancestry_Calibration
27949,2;3,FA8,1,0,Genome-Phenome Foundation Model (V8)
34670,2;3;5,FA1;FA8,2,0,Polygenic Risk Scores and Cancer Risk Across Diverse Populations
34668,1,FA1;FA8,2,0,Longitudinal Model
25418,1,FA1;FA8,2,0,"Metabolic Syndrome, MASH & MASLD (v8)"
34666,3;4;6;12,FA1;FA5;FA7,3,0,Pediatric Hidradenitis Suppurativa
21089,1;3;6,FA1;FA7;FA8,3,0,C-Tier Predictive Model of Cardiovascular Risk in People with Type II Diabetes
34661,8,FA1,1,0,Copy: Effectiveness of SARS-COV-2 Immunizations in non-high risk younger adultsg
28388,6,FA7,1,0,Asian American Subgroup Health
34656,,,0,1,Test
31798,8,FA1,1,0,Effectiveness of SARS-COV-2 Immunizations in non-high risk younger adultsg
34654,1;6,FA1;FA7;FA8,3,0,Neighborhoods and Diabetes
27930,1;2,FA1;FA8,2,0,SATVAIschemicHeartDiseaseGenomics_V8
34653,4;5;13,FA1;FA5;FA8,3,0,AYA Cancer and Medical Cannabis Use
34651,1;13,FA1;FA8,2,0,Pulmonary Hypertension and Geography
8256,3;4;6;8,FA1;FA5;FA7,3,0,HIV outcomes in the context of the COVID-19 pandemic
32558,,,0,1,CVD_Cohort
26528,1;2,FA1;FA8,2,0,Lp(a) genetic associations
33757,11,FA1;FA3,2,0,Post-Surgical Neurocognitive Disorders
34644,3;6,FA7,1,0,SDOHs and Craniofacial Fractures
34643,2,FA8,1,0,BAP_lrmethyl_KD
2911,2,FA8,1,0,Secure Genomic Analysis and Collaboration
33042,5;6,FA1;FA7;FA8,3,0,Duplicate of Social Support and the Hispanic Paradox
26237,1;2,FA1;FA8,2,0,"AFib, HF, PFO, mtDNA Analysis Project"
34642,2,FA8,1,0,WGS_typing
34641,1;14;15,FA1;FA2;FA8,3,0,Gestational Diabetes and Neurodevelopment
34640,1;2;3,FA1;FA8,2,0,Duplicate of All of Us v6 GWAS on LDL Cholesterol with Regenie and dsub
34109,1;7,FA1;FA8,2,0,Genetic Insights Into MASLD/MASH progression
34639,14,FA1,1,0,Epilepsy
25417,2;6,FA7;FA8,2,0,Polygenic Risk Scores and Social Determinants of Health (v8)
25406,1;3;14,FA1;FA8,2,0,Timeseries Modeling Disease Risk
34636,5,FA1;FA8,2,0,Male breast cancer
34634,3,,0,1,Female_HCC
34633,9;15,FA1;FA2,2,0,Duplicate of Crohn's Disease
34632,1;2;16,FA1;FA4;FA8,3,0,"Leveraging the clinical, genetic, and molecular heterogeneity of type 2 diabetes"
34629,2;5,FA1;FA8,2,0,AOU_Cedars
34627,1;4,FA1;FA5;FA8,3,0,Duplicate of Impact of childhood mental health disorders
33402,3,,0,1,liver-disease-eda
34623,11,FA1;FA3,2,0,Early signs of cognitive loss/decline
33881,2;3;5;16,FA1;FA4;FA8,3,0,TKI_hepatotoxicity
28643,1;2;6,FA1;FA7;FA8,3,0,CHD PRS & statin effectiveness on ASCVD (control tierV8)
30921,2;5,FA1;FA8,2,0,Duplicate of Lung Cancer and CMD
34622,2;14,FA1;FA8,2,0,Rare Genetic Factors in Concussion Susceptibility and Clinical Outcomes
34620,5;15,FA1;FA2;FA8,3,0,Reproductive Illnesses and Cancer Risk - Thesis
33438,6,FA7,1,0,ACDF-SDOH
34617,2;3,FA8,1,0,mradwin test on VWB
23635,1;2,FA1;FA8,2,0,GWAS of CMB
34615,6;7,FA7,1,0,Sleep Analysis
34611,2;4;14,FA1;FA5;FA8,3,0,Genetics of Antidepressant Response
34602,2;6,FA7;FA8,2,0,Appendicitis Omics and Environment
7546,1;2;10;14,FA1;FA4;FA8,3,0,Gene-First Cardiovascular Disease Study
28993,2;5,FA1;FA8,2,0,VCU Account: Cancer Rare Variant Analysis
21922,1,FA1;FA8,2,0,Impact of Blood Pressure Control and TTR  on Clinical Outcomes
25529,1;6,FA1;FA7;FA8,3,0,HTN in MENA
29966,1;3;4,FA1;FA5;FA8,3,0,Vascular surgery
31652,1;6,FA1;FA7;FA8,3,0,Para Sleep
34607,,,0,1,Hormonal Therapy Use for Sexual Dysfunction Disorders
34606,3;6;11,FA1;FA3;FA7,3,0,Alzheimer's Disease
19201,2;6,FA7;FA8,2,0,Multi-ancestry Genetic Studies for Complex Traits
34604,2,FA8,1,0,Duplicate of Sunitinib Cardiomyopathy Case Report
26527,6;14,FA1;FA7,2,0,Spinal cord injury and food insecurity
34489,2;3,FA8,1,0,EHR-scDRS
34600,4;11,FA1;FA3;FA5,3,0,Duplicate of DementiaLithium
33086,3;4;12,FA1;FA5;FA7,3,0,Predictive Modeling for Atopic Dermatitis
34595,7;8,FA1,1,0,Sleep in HIV patients
34594,5,FA1;FA8,2,0,Breast Cancer Survivors
34312,2;3;5;6;10,FA1;FA4;FA7;FA8,4,0,African American Hereditary Prostate Cancer - Unique Variants
26358,1;2;16,FA1;FA4;FA8,3,0,V8 PRS Metformin Analysis
34592,1;2,FA1;FA8,2,0,workspace_v8_ptv_model
34591,3;4;5;6,FA1;FA5;FA7;FA8,4,0,GIC Study
34589,1,FA1;FA8,2,0,Lipids - research prep (v8)
33607,14,FA1,1,0,Semaglutide epilepsy seizure risk (Cont 2)
33823,2;3;11,FA1;FA3;FA8,3,0,ADRD Attention-Based Classifier
34566,1;2;16,FA1;FA4;FA8,3,0,Duplicate of V8 PRS Metformin Analysis
34584,6;7,FA7,1,0,Sleep Data
34582,3;6;7;8,FA1;FA7,2,0,Sepsis and Wearables V2 CTDv8
34580,1;2;3;15,FA1;FA2;FA8,3,0,SCFA Pathway Genetics and Risk of Preeclampsia - Neha Devineni
34242,4;10,FA1;FA4;FA5;FA8,4,0,Heathcare Utilization SCD Project
25728,7,,0,1,Development of Methods to Predict Health Outcomes
34057,11,FA1;FA3,2,0,ADRD and Multimorbidity Cross-classified Multilevel modeling
21499,6;8;9,FA1;FA7,2,0,Corneal Ulcer / Keratitis Research
32504,6,FA7,1,0,"Cervical CA screening & SF, HCAU"
34576,2;12,FA1;FA7;FA8,3,0,hs_gwas
25071,,,0,1,Genetic Associations of Degenerative and Chronic Spine Pathologies (v7)
34575,,,0,1,Neurosurgery Research Sandbox (v8)
30067,1;6;14,FA1;FA7;FA8,3,0,Semaglutide / GLP-1-agonist / Epilepsy & Seizures
30422,2;14,FA1;FA8,2,0,Duplicate of Statistical and Genomic Epidemiology Laboratory (SGEL)
34068,2;3;5;6,FA1;FA7;FA8,3,0,GI malignancy outcomes
34571,15,FA2,1,0,Maternal HTN
26377,3;7;14,FA1,1,0,Multimodal AI for disease risk prediction in All of Us participants-v8
31595,1;2;16,FA1;FA4;FA8,3,0,<1yr duration: Duplicate of V8 PRS Metformin Analysis
30827,1;2,FA1;FA8,2,0,what is going on
34569,1;2,FA1;FA8,2,0,Duplicate of SATVAIschemicHeartDiseaseGenomics
28429,6,FA7,1,0,Ophtho_Case_Controlv8
13276,1;3;14;18,FA1;FA7;FA8,3,0,Risk Estimation Model for T2DM
32491,,,0,1,Drugs on Osteoporosis
34565,5,FA1;FA8,2,0,rs2204985 and cancer incidence
34564,4;15,FA1;FA2;FA5,3,0,Perinatal Mental Health Disorders
34558,,,0,1,rs2204985 and checkpoint inhibitors
34556,,,0,1,Day 2
34555,3;7;11,FA1;FA3,2,0,Predicting Falls Using Wearable Metrics
34553,,,0,1,GI Disorders and GLP-1s
32808,4;6,FA1;FA5;FA7,3,0,Data overlap
34550,4,FA1;FA5,2,0,Substance use-related outcomes and risk factors
33189,,,0,1,Identifying Predictors of Functional GI Disorders
25666,4;7,FA1;FA5,2,0,Sleep spectrogram (v8)
34549,,,0,1,Proposal_Data_Characterization
11376,5,FA1;FA8,2,0,Cancer Risk Based on longitudinal data
19273,2,FA8,1,0,Cross-population multi-trait genetic analysis
33875,1;5;18,FA1;FA7;FA8,3,0,RCC and diabetic retinopathy
30849,2;3,FA8,1,0,Epistasis- JAK/STAT pathway
34543,2;11,FA1;FA3;FA8,3,0,Parkinson's Disease
34546,,,0,1,Genetic analysis for complex traits
28943,2,FA8,1,0,AoU_PRS_v8
34316,2;3,FA8,1,0,CERC All of Us v8
32359,4,FA1;FA5,2,0,Smoking History and Fracture Incidence
32810,1;6,FA1;FA7;FA8,3,0,Allostatic Load and Fatigue
32944,6;9,FA1;FA7,2,0,Duplicate of Digestive diseases among SGM individuals
34541,4;15,FA1;FA2;FA5,3,0,Neural drugs effects on pregnancy outcomes
34539,1;12,FA1;FA7;FA8,3,0,Duplicate of GLP-1
33103,2,FA8,1,0,DOAC Validation
26743,2;10,FA1;FA4;FA8,3,0,CDR8 Duplicate of Studying the penetrance and diagnosis rate of genetic diseases
34537,2,FA8,1,0,tractor_burden
34535,1;19,FA1;FA6;FA8,3,0,Air Pollution and Cardiovascular Risk
17822,1;4;7;13,FA1;FA5;FA8,3,0,Allostatic Load Profiles Related to Cognition from Mid-age to Later Adulthood
32102,7,,0,1,Wearable use analysis
26103,2,FA8,1,0,A Case-Control Analysis of Genetic Variants in ADHD Patients
31575,,,0,1,V8 Identifying Genetic Variants associated with Undiagnosed Rare Diseases v2_DB
12669,2,FA8,1,0,TL_SAS
15795,2,FA8,1,0,TL_RVAS
12495,2,FA8,1,0,TL_mid
13333,2,FA8,1,0,TL_master
9335,1;2,FA1;FA8,2,0,TL_lr
13905,2,FA8,1,0,TL_GAS
13519,2,FA8,1,0,TL_EUR3
13486,2,FA8,1,0,TL_EUR2
13326,2,FA8,1,0,TL_EUR
10887,2,FA8,1,0,TL_est2
8867,2,FA8,1,0,TL_est
13339,2,FA8,1,0,TL_EAS
13770,2,FA8,1,0,TL_assoc
13338,2,FA8,1,0,TL_AMR
13350,2,FA8,1,0,TL_AFR
12218,2,FA8,1,0,TL_10k
15664,2,FA8,1,0,TL_master2
34532,4;6;15,FA1;FA2;FA5;FA7,4,0,PCOS study
34531,,,0,1,Vishnu Maddipatla
34530,5;15,FA1;FA2;FA8,3,0,Association of Hormone Therapy to Breast Cancer
34529,5,FA1;FA8,2,0,HBOC RAD51D Risk
25608,1,FA1;FA8,2,0,T1D Model - v8 Dataset
34418,2,FA8,1,0,IPF genomic foundation model
34525,1;2;5,FA1;FA8,2,0,Rare variant PheWAS
27781,2;14,FA1;FA8,2,0,GWAS of Migraine
34524,3,,0,1,Micronutrient  and inflammation status in adults
34523,2;3,FA8,1,0,Duplicate of Aggregate Health Patterns With Polygenic Risk Scores
26831,2,FA8,1,0,Duplicate of Cross-population multi-trait genetic analysis
34516,2,FA8,1,0,Duplicate of How to Work with Genomics Data (CRAM and IGV)_v8
34513,6;8,FA1;FA7,2,0,Understanding the role of NELP among sepsis patients
34512,2,FA8,1,0,AoU Test Workspace
34511,2,FA8,1,0,STR Instability
34371,3,,0,1,HI 786 Workshop
34508,1;2;3;11,FA1;FA3;FA8,3,0,Blessing Mukumbi-AD/CVD Causal Inference Study
34505,2;3;5;16,FA1;FA4;FA8,3,0,CSSB Ovarian Cancer
34502,5,FA1;FA8,2,0,Postoperative Complications by Neoadjuvant Cancer Therapy Type
27483,3;5;12,FA1;FA7;FA8,3,0,Squamous Cell Carcinoma and AK (Dataset v8)
34501,6;13,FA1;FA7,2,0,Duplicate of COPD - Among Non-smokers
34498,2;5,FA1;FA8,2,0,GSK_CRC_PRS
34499,,,0,1,T.I MECFS
30777,1;4;6,FA1;FA5;FA7;FA8,4,0,Duplicate x3 of Dissertation_Test
30817,1;4;6,FA1;FA5;FA7;FA8,4,0,Duplicate x3 of Dissertation_Test (Data v7)
34496,9;14,FA1,1,0,Multiple Sclerosis
34494,1;9;15,FA1;FA2;FA8,3,0,Wilkie GLP-1 RA Therapies in the Perinatal Period
31748,3;7;9;12,FA1;FA7,2,0,Physical activity and risk of inflammatory arthritis
29197,2;5;6,FA1;FA7;FA8,3,0,V8 Integrated Analysis of Cancer Risk Drivers in Diverse Populations
34491,,,0,1,ClinicalTrialMatch
12890,2;6,FA7;FA8,2,0,Differential weight gain response to atypical antipsychotics
29124,1;2,FA1;FA8,2,0,HeartFailureAgeOnsetGWAS
26115,7,,0,1,EHR_Wearable_v8_2025
31122,5,FA1;FA8,2,0,VCR exposed
26188,2;4,FA1;FA5;FA8,3,0,VCU Account: Major Depressive Disorder: CTD v8
24017,3,,0,1,rare-disease-early-detection
34490,4;6;14,FA1;FA5;FA7,3,0,Migraine_Project_V8
34488,1;2,FA1;FA8,2,0,Chahal Shared Workspace
34487,,,0,1,Wellness
34482,1;3;6;14,FA1;FA7;FA8,3,0,Machine Learning on ECG for Cardiometabolic Risk
32521,2;15,FA2;FA8,2,0,pcos
34478,2;3;10;17,FA1;FA4;FA7;FA8,4,0,Hetrozygouscarriersselectionadvantage
34214,6,FA7,1,0,Health Care Disparity
34063,15,FA2,1,0,Menopause and Pregnancy Project
18651,1;6,FA1;FA7;FA8,3,0,HF Symptom Cluster_for_Test
24658,1;6,FA1;FA7;FA8,3,0,HF Symptom Cluster_finalAnalysis
34432,2,FA8,1,0,MGBPM-PRSMIX
32518,4;6,FA1;FA5;FA7,3,0,Chronic Back Pain
34472,1;2;9,FA1;FA8,2,0,Autoimmune and Autoinflammatory Cardiology Mechanisms
33889,3,,0,1,HAP_Project
25881,1;2;10,FA1;FA4;FA8,3,0,FH and ancestry - All variants V8
9106,2;7,FA8,1,0,Investigation of desmosome variant carriers by ancestry group NEW DATA FREEZE
34470,6,FA7,1,0,Social Determinants of Healthcare Utilization (v7)
14764,6,FA7,1,0,Social Determinants of Healthcare Utilization
30819,16,FA4;FA8,2,0,FINAL V8 METFORMIN
34468,6;9,FA1;FA7,2,0,SDOH and QOL in SGM with IBD
27995,1;14,FA1;FA8,2,0,Utilization patterns of ambulatory cardiac monitoring devices
34467,2,FA8,1,0,CommonSVimputation
34409,3,,0,1,SupervisedWeight
34464,,,0,1,Duplicate of Data Exploring in AoU
29981,6,FA7,1,0,Individual Level Deprivation Index (v8)
27251,2;3;15,FA2;FA8,2,0,Genomic and Clinical Analysis of Postpartum Hemorrhage in Von Willebrand Disease
34378,1;2;5,FA1;FA8,2,0,3.0 Duplicate of Predicting EOCRC: Trans-Ancestry PRS and Lifestyle Interactions
34462,2;3;11,FA1;FA3;FA8,3,0,EHR-Age
34459,1,FA1;FA8,2,0,TTN variants and heart disease risk
34458,2;3,FA8,1,0,Duplicate of Evaluation and exploration of genetic capabilities
34457,11,FA1;FA3,2,0,Dementia and Anticholinergics
27319,2,FA8,1,0,Genomic Risk Factors for ME/CFS v8
30851,2;9;11;13,FA1;FA3;FA8,3,0,AllofUS-HG_v8_RV_pipeline
34334,2,FA8,1,0,Measurement of structural variation and association to phenotype
34455,14,FA1,1,0,Migraine Subtypes and Treatment Patterns
29890,2,FA8,1,0,Methylation_Variation
34454,4,FA1;FA5,2,0,Pain Management in Patients with Blunt and Penetrating Trauma
32557,1;2;10,FA1;FA4;FA8,3,0,FH and ASCVD PREVENT v8
34453,2;4,FA1;FA5;FA8,3,0,Opioids
34223,4,FA1;FA5,2,0,Pain management in Traumatically Injured Patients
34452,2;6;7,FA7;FA8,2,0,Duplicate of Polygenic Risk Scores and Physical Activity CW
34451,10;11,FA1;FA3;FA4;FA8,4,0,Epigenetic age
34450,3;7,,0,1,HealthAI
17161,2;3;4;6,FA1;FA5;FA7;FA8,4,0,predictive models for OUD
25698,2;3;4;6,FA1;FA5;FA7;FA8,4,0,predictive models for OUD v8 dataset
34401,3;7;9;12,FA1;FA7,2,0,Digital phenotyping of inflammatory arthritis
34448,1;2,FA1;FA8,2,0,GWAS Kidney Disease
32967,2,FA8,1,0,GWAS Ocular
33036,5;8,FA1;FA8,2,0,V8 Controlled Tier HIV and Cancer Screening
33137,1;2,FA1;FA8,2,0,vQTL
34047,7,,0,1,OccupationTimeLLM
32122,2,FA8,1,0,mgbpm-prs-mix
34443,9;15,FA1;FA2,2,0,Crohn's Disease
34442,3;9;16,FA1;FA4;FA8,3,0,EHR Metformin Query
33740,2;3,FA8,1,0,Genetic analysis pipeline development
31191,1;4;6;14;15,FA1;FA2;FA5;FA7;FA8,5,0,"BioStat Circle Assessing Pregnancy, Stress, and Cardiovascular Health"
34441,2;7,FA8,1,0,STAARpipeline for fitbit data
34440,2;3;9;12,FA1;FA7;FA8,3,0,Genetic factors influencing pustular forms of psoriasis
34149,1;3;6;7,FA1;FA7;FA8,3,0,HAP 786 Project
34362,2;3,FA8,1,0,HCC_GWAS_Oct25
34436,3;5,FA1;FA8,2,0,anti-CD38 and MM
34437,4;7;13,FA1;FA5,2,0,Analyzing Sleep Patterns and Circadian Phases from Wearable Health Data
34254,2,FA8,1,0,the crosstalk between genetic and environmental factor in brain disorders
34435,3;6;18,FA1;FA7,2,0,Fong ENT Research
34434,2,FA8,1,0,Genomic Workspace TBD CH
34433,1;3;6;15,FA1;FA2;FA7;FA8,4,0,"Multimodal, Fairness-Aware Deep Survival Learning for Preeclampsia Prediction"
34431,3;5;8;18,FA1;FA7;FA8,3,0,Sepsis v. CRS Research Model
34430,3,,0,1,HI 786
30209,,,0,1,LFTs
34428,3;4;15,FA1;FA2;FA5,3,0,ML for Endometriosis Diagnosis Using EHR Data
34422,2,FA8,1,0,Duplicate of ALDH2 Data Exploration
31430,2;3;5,FA1;FA8,2,0,EHR cancer model evaluation
26416,2,FA8,1,0,BAP_lrmethyl
31054,5,FA1;FA8,2,0,Cocaine & CRC (CT)
34427,7,,0,1,Duplicate of Fitbit Number of Sleep Days Estimation V8 version
28890,7,,0,1,EnvBehavior
13173,18,FA1;FA7,2,0,Glaucoma Pre-Screening - billingupdate
34426,2;6,FA7;FA8,2,0,Exploration of characterizing FMR1 alleles in the United States
26055,7,,0,1,Fitbit Cohort Characterization v8
34424,1;3;6;14,FA1;FA7;FA8,3,0,Stroke and Racial Disparities
32223,1;2,FA1;FA8,2,0,Improving causal inference in immune-mediated inflammatory diseases
25176,4;6;8,FA1;FA5;FA7,3,0,aimaheadnga
34208,1;7,FA1;FA8,2,0,Sleep's Role in CVD Risk and Mortality
34163,1;3;5,FA1;FA8,2,0,"Cardiometabolic Conditions, Their Treatments, and Risk of Benign Lesions"
34415,2,FA8,1,0,Duplicate_of_BAP_lrmethyl
34414,,,0,1,Varicose Veins
34411,4;6,FA1;FA5;FA7,3,0,Psychiatric Disorders
34410,2,FA8,1,0,HAIL SGAs
25415,1;5;15,FA1;FA2;FA8,3,0,Endometrial cancer and GLP1 agonists
34407,2;5,FA1;FA8,2,0,BTC GWAS Updated
34406,2;3;4;11,FA1;FA3;FA5;FA8,4,0,Genomics of Behavioral and Psychological Symptoms of Dementia
34354,1;8,FA1;FA8,2,0,Type 2 Diabetes & HIV-related Outcomes
34405,3;5;6,FA1;FA7;FA8,3,0,Duplicate of Self Reported Cancer in Deep South
34016,4;6,FA1;FA5;FA7,3,0,The BRAVO Study
8319,1,FA1;FA8,2,0,Trends in Obesity Diagnosis - Controlled Tier
34392,2;14,FA1;FA8,2,0,Statistical and Genomic Epidemiology Laboratory (SGEL)_Shared
34399,3;14,FA1,1,0,VitDEpilepsy
34096,5;6,FA1;FA7;FA8,3,0,Disparities associated with the uptake of Integrative Oncology (replication)
34394,2;5;6,FA1;FA7;FA8,3,0,Subjects_V8
34393,6;11;14,FA1;FA3;FA7,3,0,Anti-seizure medications on dementia risk
34388,1;6,FA1;FA7;FA8,3,0,Lp(a) contributors to atherosclerotic outcomes
34383,11,FA1;FA3,2,0,ADRD
34385,3;4;9,FA1;FA5,2,0,Lupus and Chronic Overlapping Pain Conditions
34384,3,,0,1,workshop project
34382,2,FA8,1,0,Genomic Data Analysis - TBD CH
33619,14;18,FA1;FA7,2,0,Glaucoma and non-glaucomatous optic neuropathy phenotypes
11349,4,FA1;FA5,2,0,Sleep and psychiatric traits
34379,3;4;12,FA1;FA5;FA7,3,0,Keloid comorbidities
34313,2;3,FA8,1,0,PheWAS Example
30493,1;3,FA1;FA8,2,0,CarDS Lab - dataset v8
27571,7,,0,1,Wearable Data Analysis 2
34203,,,0,1,Workspace 1
34374,6;7,FA7,1,0,Duplicate of Wearables and The Human Phenome (Published Work)
34373,2;12;17,FA1;FA4;FA7;FA8,4,0,STS_CNV_PheWAS_2025
33492,3;18,FA1;FA7,2,0,CRS and Pneumonia
34370,3;4;7;15,FA1;FA2;FA5,3,0,Digital phenotyping maternal health
34299,1;7,FA1;FA8,2,0,Duplicate of NYUGSOM PMED 2.0_v8_DU_NEW_BILLING
34365,2;3,FA8,1,0,Decoding the Non-Coding Genome with Deep Learning and High-Resolution Genomics
29666,2;3,FA8,1,0,Improving prediction of outcomes from the DNA
34364,,,0,1,Duplicate of How to Work with Cognitive Data in All of Us - Demo Project
34361,2;3,FA8,1,0,Duplicate of Workshop: Intro to All of Us Genomics Data_2025
14551,1;16,FA1;FA4;FA8,3,0,Statin related myotoxicity
34360,3,,0,1,Duplicate of Nutrition and Chronic Diseases SRA 2025
34359,3;6,FA7,1,0,Duplicate of Demo - Social Determinants of Health
7718,2,FA8,1,0,Genotype Imputation (v7)
7675,1;2;6,FA1;FA7;FA8,3,0,CHD PRS  & statin effectiveness on ASCVD (control tierV7)
34353,1;3;11,FA1;FA3;FA8,3,0,Dementia and CVD Characterization Project
34352,18,FA1;FA7,2,0,Azelastine Test
30714,2,FA8,1,0,MAGMA_V8
34351,4,FA1;FA5,2,0,V3 - Pain-OUD Estimation Workspace
34349,,,0,1,RP Prevalence with Respect To SLC7A14 and Other Metabolic Variants
34181,1;2,FA1;FA8,2,0,Rare Genes CKD
34345,3;5;13;15,FA1;FA2;FA8,3,0,PAH–Immune Interactions in Endometrial Cancer
34286,1;2,FA1;FA8,2,0,Fine-mapping
33769,3,,0,1,Obesity_Incidence_Prediction
34340,3;7,,0,1,fitbit
34339,15,FA2,1,0,PCOS Research Workspace
34337,3,,0,1,obesity_ prediction
34336,,,0,1,TRP Gene2
34335,,,0,1,TRP sleep
34333,,,0,1,Malignant Hyperthermia
34115,7,,0,1,WEAR for FitBit_Controlled_RTI
34331,3;7,,0,1,Fitbit_EHR
34330,4,FA1;FA5,2,0,Duplicate of Pain-OUD Estimation Workspace
34329,1;15,FA1;FA2;FA8,3,0,Actionable Risk and Preterm Birth
33151,2;9,FA1;FA8,2,0,RA_Polygenic_Kathryn
34328,3;5,FA1;FA8,2,0,Predictive Modeling for Cancer
34327,3;4;12,FA1;FA5;FA7,3,0,Healthcare utilization
33082,1;2,FA1;FA8,2,0,Genotype
34325,3;5;6,FA1;FA7;FA8,3,0,Neighborhood scale score and colonoscopy
34324,,,0,1,Predicting Health Outcomes Using Behavioral Phenotypes
34306,1;4,FA1;FA5;FA8,3,0,Duplicate of NAFLD and mental Health
29253,6;15,FA2;FA7,2,0,"Menopause, Hormone Replacement, and Intervention V8"
25178,6;15,FA2;FA7,2,0,"Menopause, Hormone Replacement, and Intervention"
17201,6,FA7,1,0,"Latent Class Analysis (LCA), SDOH in All of Us"
19224,1;6,FA1;FA7;FA8,3,0,"Congestive Heart Failure, Gender Identity, and Unstable Housing"
17120,1,FA1;FA8,2,0,Acute Myocardial Infarction Exploratory Data Analysis
17121,1,FA1;FA8,2,0,Acute Myocardial Infarction Time to Treat Exploratory Analysis
22076,4;6,FA1;FA5;FA7,3,0,"Neighborhood Disorder, Anxiety, and Depression"
28551,3;4;6;11,FA1;FA3;FA5;FA7,4,0,Applying 4M Model
26871,1,FA1;FA8,2,0,Hyperthyroidism and Cardiovascular Complications
25596,3;6,FA7,1,0,Healthcare Access and Utilization for Veterans v8
26357,3,,0,1,SDoH Latent Classes v8
29478,1;2;3;15,FA1;FA2;FA8,3,0,Perimenopause Genomic Study
27278,12,FA1;FA7,2,0,Congenital Ichthyosis
28634,12,FA1;FA7,2,0,Mycosis Fungoides (Duplicated SS)
34318,2,FA8,1,0,Y_chrom
33345,1;2;3;7,FA1;FA8,2,0,TF PheWAS Analysis with Rest-Activity Rhythm Polygenic Risk Scores
34315,2,FA8,1,0,AoU_LR_phase2_analysis
34311,2,FA8,1,0,Alcohol Genomics
28856,2;4,FA1;FA5;FA8,3,0,Genetics of complex diseases and comorbidities in multiple ancestries (v8)
34308,18,FA1;FA7,2,0,ENT research
34307,2;11,FA1;FA3;FA8,3,0,Duplicate of Alzheimer's Disease APOE Prevalence vs Incidence (v8)
34060,1;4,FA1;FA5;FA8,3,0,NAFLD and mental Health
34305,3;4;6;15,FA1;FA2;FA5;FA7,4,0,MCH project
34304,2,FA8,1,0,All of Us rDNA Sequence Variation
34303,4;14,FA1;FA5,2,0,Duplicate of Jensen et al 16p12.1 Deletion Analyses
34302,1;3,FA1;FA8,2,0,Vitamin D and Wart Prevalence Study
34301,,,0,1,Tandem Repeats
26974,2;3;13,FA1;FA8,2,0,Asthma  PheWAS
30707,,,0,1,Duplicate of Interindividual variability in liver toxicity
30952,5,FA1;FA8,2,0,Prediction of Toxicity in Cancer Patients
34298,,,0,1,PKHD1
34297,2,FA8,1,0,CHD7 Genotype-Phenotype
30250,2;4;6,FA1;FA5;FA7;FA8,4,0,MDD Age of Onset
34296,3;4;7;13,FA1;FA5,2,0,Sleep_monitoring_project
31190,2,FA8,1,0,MAGACD V8
34291,1;3,FA1;FA8,2,0,Obesity
27843,1;2,FA1;FA8,2,0,Non-additive genetic effects
32610,3;4,FA1;FA5,2,0,"Medication Effectiveness for Anxiety, Depression, and Psychosis"
33804,,,0,1,WhoisAllofUs_Project2
34289,2;3;4;14,FA1;FA5;FA8,3,0,Multisite Chronic Pain
32094,2;3;5,FA1;FA8,2,0,Utilising genetics for complex diseases’ associations & risk prediction
34187,1;2;4;6,FA1;FA5;FA7;FA8,4,0,Heritability and SDoH Estimation
23899,12;18,FA1;FA7,2,0,Vitiligo and Associated Conditions
34288,2;3;4;6,FA1;FA5;FA7;FA8,4,0,Diagnostic Transition from Unipolar Depression to Bipolar Disorder
34124,3;4;6,FA1;FA5;FA7,3,0,Social Factors of Craniofacial Trauma Complications
31762,2;4;7,FA1;FA5;FA8,3,0,spakala
34280,1,FA1;FA8,2,0,Duplicate of Effects of Evolocumab on Lipid Profiles
27902,2,FA8,1,0,PRS_GxE
34278,3,,0,1,Trial1
34275,3,,0,1,HAP 786
33180,1;4;6,FA1;FA5;FA7;FA8,4,0,Health Begins with Education: Tackling Socioeconomic Inequalities
34274,1,FA1;FA8,2,0,Duplicate of SOLUR Apprentice
34273,2,FA8,1,0,Duplicate of Genetic diversity in All of Us
17747,2,FA8,1,0,Genetic diversity in All of Us
34272,6;15,FA2;FA7,2,0,Maternal Nativity and Adverse Perinatal Outcomes
33451,3;6,FA7,1,0,Epidurals related to SES
29725,,,0,1,Synthetic selection bias
14144,2,FA8,1,0,PRS phasing-lai_YSL
32274,3;5,FA1;FA8,2,0,Cervical Cancer
30877,7,,0,1,Pollution and Avoidance Behavior v8
30285,2,FA8,1,0,Autoimmune_disease_GWAS
31374,5;6,FA1;FA7;FA8,3,0,Exploring Social Determinants of Health in Early Onset Colorectal Cancer
24337,,,0,1,iPGS evaluation
34270,5,FA1;FA8,2,0,cancer_diagnosis
34269,2;5,FA1;FA8,2,0,Early onset Head and neck cancer
34268,6,FA7,1,0,Patient Perspective of Care in the Treatment of Organ Prolapse
24792,,,0,1,Inflammatory (SS)
25398,1;2,FA1;FA8,2,0,Calculate PRS to Mimic Drug Efficacy - v8 Release
34264,2,FA8,1,0,Margaret_LipidsAOUdata_WithVersion8DataSets_ACAF
33273,5,FA1;FA8,2,0,Early OnsetnHNC Biomarkers
34263,1,FA1;FA8,2,0,Inflammation and CVD
34261,2,FA8,1,0,PRS Validation - Ray (cloned)
33344,2,FA8,1,0,PRS Validation
28312,1;2,FA1;FA8,2,0,Copy of Calculate PRS to Mimic Drug Efficacy - v8 Release
27869,2;18,FA1;FA7;FA8,3,0,v8_exome
34258,9;18,FA1;FA7,2,0,Association between common CFB gene variants and complement-mediated disease
34257,4;6,FA1;FA5;FA7,3,0,Mental Health and SDOH
34256,1;2;15,FA1;FA2;FA8,3,0,JG Genetics of reproductive ageing and relationship with health across life (v8)
26300,1;2;15,FA1;FA2;FA8,3,0,Genetics of reproductive ageing and relationship with health across life (v8)
34255,1,FA1;FA8,2,0,Resistant hypertension
34253,1;2;6;13,FA1;FA7;FA8,3,0,Admixture Mapping - 42 traits
28588,1;4,FA1;FA5;FA8,3,0,Allostatic Load in Congenital Heart Disease
32239,1;2,FA1;FA8,2,0,Long BP GWAS
34252,6,FA7,1,0,Arab American Study
34250,1;2;17,FA1;FA4;FA7;FA8,4,0,2q24.3 Deletion Analysis
33484,2,FA8,1,0,NMOSD
31493,1;4;6;15,FA1;FA2;FA5;FA7;FA8,5,0,Adverse Childhood Events Project
29875,2;4,FA1;FA5;FA8,3,0,Duplicate of PGS Pipeline Workspace v8
34247,2;4,FA1;FA5;FA8,3,0,subjective effects prs
34244,2;3;4,FA1;FA5;FA8,3,0,Association of Rare Genetic Variants with Cognitive and Psychiatric Phenotypes
27722,5;6,FA1;FA7;FA8,3,0,AWV SES
34245,3;9;12,FA1;FA7,2,0,Immunologically Relevant Lab Markers Before and After First HS Diagnosis
8254,2,FA8,1,0,[v7] General
32380,2,FA8,1,0,PhD Thesis
34240,1,FA1;FA8,2,0,CAD Model - v8 Dataset
33343,18,FA1;FA7,2,0,Primary Open Angle Glaucoma Vascular Risk Factors
34100,4;6;8,FA1;FA5;FA7,3,0,"Stress, Psychosocial Factors, and Cognitive Health"
33779,2;6;7,FA7;FA8,2,0,PRS Ancestry
34236,2,FA8,1,0,Odyssey Therapeutics GWAS
27520,2,FA8,1,0,Science v8
34197,1;2;3,FA1;FA8,2,0,Genetic Risk Residual Analysis
34231,7,,0,1,Duplicate of Investigating wearable phenotypes (CDRv8)
25350,7,,0,1,Investigating wearable phenotypes (CDRv8)
33913,3;6;7,FA7,1,0,Lifestyle Intervention
34229,2;6,FA7;FA8,2,0,Duplicate of Demo - Genetic Ancestry
34227,4;7;13,FA1;FA5,2,0,"Sleep, Substance Use, Chronic Pain"
27492,2;8,FA1;FA8,2,0,HLA PheWas V8
33175,3;15,FA2,1,0,Duplicate of Life Cycle Disease Patterns A+
33968,3;15,FA2,1,0,Life Cycle Disease Patterns_DDI
34224,,,0,1,Warts and Immune Markers
11351,3;4;6,FA1;FA5;FA7,3,0,"Emotional distress, low back pain and opioid use in black adults"
34210,2;3;12,FA1;FA7;FA8,3,0,Vitamin D dermatology
32612,1;2,FA1;FA8,2,0,LPA genetics
34189,4;5;6,FA1;FA5;FA7;FA8,4,0,Adverse Childhood events and Cancer
34222,1;3,FA1;FA8,2,0,Duplicate of AF_MLTC
29919,1;2;5;9,FA1;FA8,2,0,Duplicate of Multi-trait GWAS in admixed populations
33988,2;5;12,FA1;FA7;FA8,3,0,GWAS_insitu_invasive_melanoma
34220,6;12,FA1;FA7,2,0,Prurigo Nodularis and Food Insecurity
34219,1;2;5;6,FA1;FA7;FA8,3,0,All of Us Champion Project v8
18193,1;2;16,FA1;FA4;FA8,3,0,Polygenics and Pharmacogenetics in Drug Efficacy #2
27181,6,FA7,1,0,Transportation access health disparities
34217,,,0,1,All of Us Atopy
34215,1,FA1;FA8,2,0,Copy of CETP/GLP1 Combination Therapy MR Workspace
34212,4,FA1;FA5,2,0,Fuchs & Oxidative Stress
34209,7;15,FA2,1,0,Maternal Health v4
11781,1;6,FA1;FA7;FA8,3,0,Association of race with Hypertrophic Cardiomyopathy
31287,2;4,FA1;FA5;FA8,3,0,Psychiatric_exome_v8
31911,1;3;7,FA1;FA8,2,0,HeartSteps Digital Twin
15304,5,FA1;FA8,2,0,Cancer susceptibility germline genetic variants
34204,10,FA1;FA4;FA8,3,0,HD Progression w/ Concurrent Etiologies
30237,1,FA1;FA8,2,0,HDL and CVD Risk
34202,6,FA7,1,0,SCAR disparities
34179,2;18,FA1;FA7;FA8,3,0,Cataract test
34200,2,FA8,1,0,Duplicate of Main_LeeLab
34199,10,FA1;FA4;FA8,3,0,Duplicate of Assessment of the genetic underpinnings of lymphedema
34198,2,FA8,1,0,TRV Cohort Exploration
27945,1;2;6,FA1;FA7;FA8,3,0,T2D iPRS (MK)
30562,2;3;5;7;16,FA1;FA4;FA8,3,0,Wearable Devices with Cancer for Adverse Effects(Controlled Tier)
33165,6;8,FA1;FA7,2,0,Intersectionality Study - New Parameters 01- Original
28753,3;6;11,FA1;FA3;FA7,3,0,Social Environments and Inflammatory Pathways to Alzheimer's Risk
34084,1,FA1;FA8,2,0,Hyperparathyroidism Diagnosis and Treatment
34196,,,0,1,Pharma Precision Medicine
32724,,,0,1,Genetics of Immunoglobulin Production
31900,3;7,,0,1,HeartStep
32400,2,FA8,1,0,HHT Genome First
34194,,,0,1,Betablocker_cancer
29099,3;8,FA1,1,0,Host Genetic Determinants of Molecular Subphenotypes in Critical Illness - V8
16141,2;3,FA8,1,0,PGS_methodology_evaluation
30917,2,FA8,1,0,Duplicate of CAST
34176,,,0,1,Practice_space
25539,2,FA8,1,0,Optimising how we study the Genetic Architecture of Diverse Individuals
34110,1;3;6;15,FA1;FA2;FA7;FA8,4,0,Phenotypes for Heart Failure in Women
34192,2,FA8,1,0,Trial PRS
34191,1;14,FA1;FA8,2,0,AF_medications
34188,2;3;4;9;12,FA1;FA5;FA7;FA8,4,0,Duplicate of HS genomics
11972,6,FA7,1,0,Neurotrauma
34186,,,0,1,Gender Affirming
34175,3;4;6,FA1;FA5;FA7,3,0,Social Determinants Of Health & Prevalent Opioid Use Disorder
34185,,,0,1,Selection bias
34183,,,0,1,Limb deformity
30478,2;10,FA1;FA4;FA8,3,0,EvidGen Collaboration
34182,2;10,FA1;FA4;FA8,3,0,AOU Pancreatitis Study
9264,2,FA8,1,0,phasing-lai-resource
11970,2,FA8,1,0,disease-admixure-mapping
34178,2,FA8,1,0,Duplicate of Hypothyroidism genomics v6
34174,1;3;6;15,FA1;FA2;FA7;FA8,4,0,SMM and Community
34170,1;3;4;7,FA1;FA5;FA8,3,0,Wearable
34171,1,FA1;FA8,2,0,Adra1a SNPs and cardiometabolic traits
34103,6;8,FA1;FA7,2,0,Duplicate of Intersectionality Study - New Parameters 01
18274,2,FA8,1,0,RVAS and GWAS Templates and Tutorials
34169,2;11,FA1;FA3;FA8,3,0,Duplicate of APOE PheWAS
25852,2,FA8,1,0,Duplicate of GABBR1_ASD (V8)
34137,2,FA8,1,0,AoU Quality Control
24803,2;14,FA1;FA8,2,0,Genomic analysis of traumatic brain injury (TBI) occurrence and outcomes
14582,1,FA1;FA8,2,0,Variant Annotation Pipeline (Chahal Lab #1 )
30797,3;8,FA1,1,0,Complement genetics in pneumonia
34167,4;6;7,FA1;FA5;FA7,3,0,"SDOH, healthy lifestyles, and pain symptoms"
30963,1;2,FA1;FA8,2,0,Landstrom Lab (Duplicate of Kanishk's WS v8)
24098,2;7,FA8,1,0,Duplicate Geisinger collaboration desmosomal gene ancestry (VEP)
34165,2;11,FA1;FA3;FA8,3,0,Cognitive Decline GWAS Study
34164,7,,0,1,Sleep Genetics
26248,4;15,FA1;FA2;FA5,3,0,GDM
34161,4;6;18,FA1;FA5;FA7,3,0,Smoking - Glaucoma Study
33937,4;5,FA1;FA5;FA8,3,0,Estrogen Prescriptions and Thyroid Malignancy
34157,2,FA8,1,0,Examining frequency variation of variants in PIEZO1 v8
33342,1;4;5;6,FA1;FA5;FA7;FA8,4,0,Duplicate of Social stress - v8 - bz
34155,1;2;5,FA1;FA8,2,0,Duplicate of Cardio-Oncology GWAS
34154,1;4;7,FA1;FA5;FA8,3,0,Heart rate and sleep quality
34151,11,FA1;FA3,2,0,Duplicate of PD exercise/diet
34153,2;3;4;9;12,FA1;FA5;FA7;FA8,4,0,HS genomics
34150,1;2,FA1;FA8,2,0,CRM_Multimorbidity
34148,3;4,FA1;FA5,2,0,Genetic-based Classification of Substabce Use Disorder (SUD)
34147,4;6,FA1;FA5;FA7,3,0,Asian American access to mental health services
34143,4,FA1;FA5,2,0,Health Professionals Mental Health
34142,1;3;11;14,FA1;FA3;FA8,3,0,Lipid-Modifying Agents and Neurological Outcomes
34140,1;3;18,FA1;FA7;FA8,3,0,Biomarkers and hearing loss
33063,7,,0,1,Colorectal_Diseases_Outcomes
34138,,,0,1,MGB_Retina_Projects
28987,1;6,FA1;FA7;FA8,3,0,Disparities Among Patients with Afib
31547,2;5;6,FA1;FA7;FA8,3,0,Duplicate of A Comprehensive Analysis of Lung Cancer in Hispanic Women
32928,13;14,FA1,1,0,Sleep Disorders & Neuropathy
34123,,,0,1,UTR Variant
34122,1;5,FA1;FA8,2,0,Oral cavity cancer
34119,2;3;4,FA1;FA5;FA8,3,0,Demo - PheWAS Smoking
34069,5;6,FA1;FA7;FA8,3,0,Disparities associated with the uptake of Integrative Oncology
30997,7,,0,1,AIM-AHEAD All of Us Developmental Health 2.0
33530,2;4;11,FA1;FA3;FA5;FA8,4,0,SCZ_Genetics
34106,1;14,FA1;FA8,2,0,Duplicate of fitbit_t2d Jad
25639,1;14,FA1;FA8,2,0,fitbit_t2d v8
34101,2;5,FA1;FA8,2,0,Identifying genetic variants contributing to high-risk breast cancer
29573,1;12,FA1;FA7;FA8,3,0,GLP-1
34097,2;5,FA1;FA8,2,0,Association analysis of noncoding variants in female breast cancer
34098,1,FA1;FA8,2,0,NAFLD and CVD
33996,2;10,FA1;FA4;FA8,3,0,Genetic modifiers of Mendelian disease risk
34095,4;14,FA1;FA5,2,0,Jensen et al 16p12.1 Deletion Analyses
26694,4;14,FA1;FA5,2,0,16p12.1 Deletion Analysis
34094,6;8,FA1;FA7,2,0,Alecia - Duplicate of Intersectionality Study - New Parameters 01
34080,6;8,FA1;FA7,2,0,Duplicate of Intersectionality Study - New Parameters 02
34093,,,0,1,UBE3A_and_psychosis
34091,1,FA1;FA8,2,0,Effects of Evolocumab on Lipid Profiles
34090,1;2,FA1;FA8,2,0,Landstrom Genomic Analysis
34089,2;3;14,FA1;FA8,2,0,Headache Genetics
31252,1;2;3,FA1;FA8,2,0,PRS in cardiovascular diseases 2
34088,2,FA8,1,0,research_workspace
34087,1,FA1;FA8,2,0,Sex difference in GLP-1
32702,2,FA8,1,0,ARGs on All of Us
21489,1;2,FA1;FA8,2,0,PRS of BP traits
26524,2,FA8,1,0,Duplicate of Sign bias GWAS analyses
34081,2,FA8,1,0,Develop mechanism-based precision medicine tools for CNS indications CDRv8
34082,,,0,1,Sleep Study - Cadence Redo
34026,6,FA7,1,0,The Unified 4
26181,2;4;15;18,FA1;FA2;FA5;FA7;FA8,5,0,PolimanTEAM Workspace v8
25470,1;4,FA1;FA5;FA8,3,0,Effects of GLP-1 RAs on Depression Outcomes in Patients with MDD and TRD (V8)
34079,5,FA1;FA8,2,0,Myeloma-Project
34078,2;9,FA1;FA8,2,0,Pan-Autoimmune GWAS
33975,2,FA8,1,0,Pilot of KIR and MHC Characterization in All of Us
34076,2;4;15,FA1;FA2;FA5;FA8,4,0,PTSD_endometriosis
34074,,,0,1,Test Workspace v8- various disease reserach
29989,1;2,FA1;FA8,2,0,MASLD_annotated_PGS
27988,2;10;13,FA1;FA4;FA8,3,0,Duplicate of Variation in Lung Illness
34071,,,0,1,Spinal Degenerative Disease
33800,1;4;14,FA1;FA5;FA8,3,0,Duplicate of Stroke Marijuana
34070,3,,0,1,EMR Colon
34045,3;6;13,FA1;FA7,2,0,COPD and Fin Tox
34066,2,FA8,1,0,Oral Microbiome 2025
34065,1;6,FA1;FA7;FA8,3,0,HFpEF and SDoH
31683,1;2;11;14,FA1;FA3;FA8,3,0,Genetics of Cardiometabolic and Neurological Diseases
34064,,,0,1,Trends in IMT for NIU
17460,2;6;11,FA1;FA3;FA7;FA8,4,0,Multiple Chronic Conditions
34062,1;3,FA1;FA8,2,0,SDoH & Obesity
33833,1;6;8;11,FA1;FA3;FA7;FA8,4,0,Quantifying dementia-related outcomes among patients with viral infections
25577,2,FA8,1,0,Purine and Pyrimidine Disorders – CDR8
26808,2,FA8,1,0,Speliotes_Lab_2024_v8
25783,1;2,FA1;FA8,2,0,natarajanlab_v8_process
26027,2;3;5;10;11,FA1;FA3;FA4;FA8,4,0,PrecisionGenomics
31904,2,FA8,1,0,RUNX2 Genotype Phenotype Study
19915,1;4;15,FA1;FA2;FA5;FA8,4,0,Maternal psychiatric diagnoses and pregnancy induced hypertension
34055,,,0,1,Duplicate of Neurosurgery Research
27575,1;10,FA1;FA4;FA8,3,0,Iron Overload
34054,,,0,1,RB Urology Research
31515,2,FA8,1,0,PheWAScope
25583,,,0,1,BMI_monogenic_v8
24750,,,0,1,BMI_monogenic
17482,2;10,FA1;FA4;FA8,3,0,Oligogenic architecture of complex disorders
34049,,,0,1,data-review
34048,1;2,FA1;FA8,2,0,T1D_PGS_uncertainty
34046,1;2,FA1;FA8,2,0,heart_failure
34040,7,,0,1,Duplicate of Degenerative Spine
28664,6;18,FA1;FA7,2,0,Disparities in Cataract Care and Social Determinants of Health - 2
34042,1;4;14,FA1;FA5;FA8,3,0,Cardiovascular complications of stress
27647,4;6;7,FA1;FA5;FA7,3,0,Duplicate of Long-term irregular sleep duration patterns measured by Fitbit
34041,2;3;4;18,FA1;FA5;FA7;FA8,4,0,ARC_SG
31576,1;3;11,FA1;FA3;FA8,3,0,GLP1RA
34039,,,0,1,Disease Phenotype
34038,2;3;10;17,FA1;FA4;FA7;FA8,4,0,LZTR1
34037,,,0,1,Autoimmune_Study
34035,1;12,FA1;FA7;FA8,3,0,Duplicate of GLP-1_JX
34034,8,FA1,1,0,Effect of IL-6 on infection and acute respiratory failure
34033,,,0,1,AntiDiabetics_Periodontitis
34031,7,,0,1,Degenerative Spine
34029,4;7,FA1;FA5,2,0,Wearable-SSL
33887,3;8,FA1,1,0,all of us - sepsis incidence
34028,9,FA1,1,0,Connective Tissue Disorders and Urology
20189,2,FA8,1,0,Duplicate of How to Work with Genomics Data (CRAM_Processing and IGV)_v7HC
8334,2;3;9,FA1;FA8,2,0,Duplicate of Association between gynecological and autoimmune disease
5904,2;3;9,FA1;FA8,2,0,Assoication between gynecological and autoimmune disease
34025,18,FA1;FA7,2,0,SUN Classification Criteria for Uveitis
30323,2;14,FA1;FA8,2,0,Migraine_EAS
32876,2;3;5;6,FA1;FA7;FA8,3,0,2025 Internship - Lung Cancer (Genomics)
34020,1;3,FA1;FA8,2,0,Obesity and Liver v3
34019,1,FA1;FA8,2,0,diabetes
27645,2;13,FA1;FA8,2,0,V7Duplicate of PRSxtra AoU
27134,1;2,FA1;FA8,2,0,Genetics and cardiometabolic traits in US Populations
15816,1,FA1;FA8,2,0,Genetics and cardiometabolic traits in Hispanics/Latinos
34007,3;4;8,FA1;FA5,2,0,HIV mental health and comorbidities
33287,2;4;6,FA1;FA5;FA7;FA8,4,0,Associations of genomics and social determinants with depression
34017,,,0,1,Duplicate of Iron levels in pre and postmenopausal women
34014,4,FA1;FA5,2,0,CT Surgery Recovery Psychosocial Factors
14366,1;4;6,FA1;FA5;FA7;FA8,4,0,Association between SDoH and Genetics on the Severity of Type 2 Diabetes
18548,1;6,FA1;FA7;FA8,3,0,Discrimination & Type 2 Diabetes
34013,1,FA1;FA8,2,0,Diabetes Precision Health
34012,2;8,FA1;FA8,2,0,Genomics_HIV_SUD research
34011,1,FA1;FA8,2,0,Controlled Tier Pharmacogenomics
34009,1,FA1;FA8,2,0,Assessing the Association Between Routine Laboratory Tests and Obesity
33391,1;2;3;4;6;7,FA1;FA5;FA7;FA8,4,0,Mental Health
19903,2;13;16,FA1;FA4;FA8,3,0,Asthma&depre-PRSMR
31289,1;2;4,FA1;FA5;FA8,3,0,SMI and cardiometabolic traits
32175,2;10,FA1;FA4;FA8,3,0,Genetics of human diseases
34004,1;7;14,FA1;FA8,2,0,Evan Grant Feasibility Check
34003,3;4;5;6,FA1;FA5;FA7;FA8,4,0,Depression
34002,2;3;5,FA1;FA8,2,0,Breast_Cancer_GWANN_09_2025
34000,1;3;6;15,FA1;FA2;FA7;FA8,4,0,TGD sleep
33999,1;6;7;14,FA1;FA7;FA8,3,0,SDoH and Sleep Research
33265,1;12,FA1;FA7;FA8,3,0,Congenital Ichthyosis Metabolic Disorders
26609,2;4;7,FA1;FA5;FA8,3,0,Exercise - Addiction
33994,1;3,FA1;FA8,2,0,BP and CVD by Gender
33993,4,FA1;FA5,2,0,Mental Health Multimorbidity
33498,2,FA8,1,0,Quantifying the Average Human Genome
25685,2;3;15,FA2;FA8,2,0,Genetic Landscape Of Endometriosis in Ancestrally Diverse Populations (CDR v8)
25536,1;2,FA1;FA8,2,0,PhD Workstream 1 v8
32516,,,0,1,Spondylosis V8
33992,4,FA1;FA5,2,0,Duplicate of Duplicate of HS_And Antidepression/Anxiolytic
28342,3;6;7,FA7,1,0,trash2
33552,2;10,FA1;FA4;FA8,3,0,Sickle Cell Trait Prevalence
33987,3;6,FA7,1,0,PolySocial Risk Score
29188,3;6,FA7,1,0,Allostatic Load Validation Study
33983,1;4;13,FA1;FA5;FA8,3,0,Duplicate of Insomnia among Adults With Obesity
32247,2;3,FA8,1,0,PPI+EHR 2025
33985,1,FA1;FA8,2,0,HFrEF GDMT pharmacogenomics
33583,4;7,FA1;FA5,2,0,Knee Condition + Physical Activity
33972,1;7;9;14;15,FA1;FA2;FA8,3,0,GuNi-PA
33981,2;10,FA1;FA4;FA8,3,0,NF Hypothesis Generation: Genomic Data
29198,2;5;6;15,FA1;FA2;FA7;FA8,4,0,V8 Genetic and Non-Genetic Risk Factors Associated with Endometrial Cancer Risk
33976,1,FA1;FA8,2,0,CHIP Analysis
25381,,,0,1,LDLR rare variants V8
29837,,,0,1,Duplicate of LDLR rare variants V8
26638,1,FA1;FA8,2,0,Version 8 dup of Genetics and Triglycerides
29826,2,FA8,1,0,Immunogenomic Associations with Disease and Differential Risk (v8)
20146,1;2;10;14,FA1;FA4;FA8,3,0,Polygenic risk in lipid disorders
33971,1;2;16,FA1;FA4;FA8,3,0,Duplicate of <1yr duration: Duplicate of V8 PRS Metformin Analysis
33969,7,,0,1,Senior Fitbit Analysis
29025,1;7,FA1;FA8,2,0,Heart Failure Fitbit Analysis
29229,1,FA1;FA8,2,0,Duplicate of Lactase persistence and glycemic control
33967,2;3,FA8,1,0,AI for precision medicine
33966,2,FA8,1,0,Age-related neurodegenerative diseases
26495,2,FA8,1,0,sleep study - redo
33963,2,FA8,1,0,WGS_TLtyping_explore
31548,1;2,FA1;FA8,2,0,PGS_Uncertainty_Estimation
33962,2;11,FA1;FA3;FA8,3,0,Alzheimer's disease prediction
27270,4;5,FA1;FA5;FA8,3,0,GU Pathology
33959,2;3,FA8,1,0,ExploringAncestrySpace
33958,1;4;7,FA1;FA5;FA8,3,0,"Lifestyle, Social and Genetic Interplay in Cardiometabolic and Mental Health"
33957,11,FA1;FA3,2,0,PD exercise/diet
33956,1;2,FA1;FA8,2,0,Duplicate of PGS_Uncertainty_Estimation_v2
33954,2,FA8,1,0,disease-admixure-mapping-v7
33909,3;4;6;10,FA1;FA4;FA5;FA7;FA8,5,0,All Sickle Cell
33949,2,FA8,1,0,Duplicate of disease-admixure-mapping
33947,4;6;15,FA1;FA2;FA5;FA7,4,0,Social Determinants and Relational Indicators of Postpartum Depression
33946,6;8,FA1;FA7,2,0,HIV/AIDS environmental factor influence
33945,2,FA8,1,0,Duplicate of Create aGDS for all of US srWGS v8
32730,4;6,FA1;FA5;FA7,3,0,Control Group
19969,1;6;15,FA1;FA2;FA7;FA8,4,0,Healthcare Utilization and Access Among Women with GDM Hx
33944,2;3;5;10;11,FA1;FA3;FA4;FA8,4,0,Duplicate of PrecisionGenomics
33943,1;5;12,FA1;FA7;FA8,3,0,Obesity/Photosensitive Drugs & Skin Cancer
33879,3;5,FA1;FA8,2,0,Lynch Syndrome
33940,7,,0,1,Wearable modality
25849,2;4;6;11;18,FA1;FA3;FA5;FA7;FA8,5,0,Assessing loneliness and hearing loss in the development of dementia
27462,1,FA1;FA8,2,0,v8 Mechanisms for cardiac fibroblast activation after myocardial infarction
33935,1;15,FA1;FA2;FA8,3,0,Application of Multiscale Model to Heart Growth in Pregnancy
33098,1,FA1;FA8,2,0,Estimating Prevalence of Chronic Kidney Disease
33933,10,FA1;FA4;FA8,3,0,Interpreting the impact of genetic variants
33931,5,FA1;FA8,2,0,Incidence of Early Onset Kidney Cancer
33929,1;5;15,FA1;FA2;FA8,3,0,Famuyide
33928,1;3;6;14,FA1;FA7;FA8,3,0,Duplicate of Demo - Hypertension Prevalence
33923,1,FA1;FA8,2,0,SOLUR Apprentice
33924,2,FA8,1,0,Duplicate of Methods
27857,2;4,FA1;FA5;FA8,3,0,lrWGS analysis of pain phenotypes
33922,1;3;6,FA1;FA7;FA8,3,0,SDoH and Obesity (Research)
33920,2,FA8,1,0,CW_Duplicate of A+P4 Collaboration - CDR8 Identifying targets for new medicines
33919,2,FA8,1,0,CW_Duplicate of CDR8 Identifying targets for new medicines
33918,3;5,FA1;FA8,2,0,Pancreatic Cancer Prediction Model
33735,1;15,FA1;FA2;FA8,3,0,CKD in Pregnancy - v8
25873,2,FA8,1,0,CDR8 Identifying targets for new medicines using genetics and health data
29069,2,FA8,1,0,A+P4 Collaboration - CDR8 Identifying targets for new medicines using genetics
25688,2;9,FA1;FA8,2,0,Duplicate of Genomics of autoimmune disease
27279,1,FA1;FA8,2,0,HTN_Dementia
33910,2;9;14,FA1;FA8,2,0,MS GRS (V8)
33911,4;7,FA1;FA5,2,0,explore the factors that influence changes in sleep patterns over time
33908,6,FA7,1,0,Multimorbidity
26849,1;2;3;10,FA1;FA4;FA8,3,0,Statistical genetics methods for risk prediction and target discovery
33907,1,FA1;FA8,2,0,Diabetes ll
31534,2,FA8,1,0,Autoimmune_disease_GWAS_M
33904,8,FA1,1,0,HIV/AIDS
26893,2;11,FA1;FA3;FA8,3,0,statin_coq7
11951,5;6,FA1;FA7;FA8,3,0,"SDOH, HRQoL, and Cancer"
33900,15,FA2,1,0,Pregnancy Work
33899,11,FA1;FA3,2,0,Alzheimer's Research
33897,7;11,FA1;FA3,2,0,Apnea & Alzheimer’s
33896,3,,0,1,HI786 AoU Course Project
25811,2;9;10,FA1;FA4;FA8,3,0,IBD related genes
33893,1,FA1;FA8,2,0,MASLD_hypertension
33894,5;6,FA1;FA7;FA8,3,0,LGBT Cancer Incidence
28962,1;2;3,FA1;FA8,2,0,IGCN Diabetes
5795,1;3,FA1;FA8,2,0,Recent: Type 2 Diabetes Subtyping (Tier 6)
33891,3,,0,1,sleep-behavior-exploration
33888,4;7,FA1;FA5,2,0,Sleep/PTSD
33885,2;14,FA1;FA8,2,0,Genomic Variations in Patient's W/ Bell's Palsy
28499,2;5,FA1;FA8,2,0,GWAS and PGS
21513,2;3;5;6,FA1;FA7;FA8,3,0,Internship - Lung Cancer (Genomics)
33883,1;3,FA1;FA8,2,0,Predicting Incident Obesity Project
33882,4;12,FA1;FA5;FA7,3,0,Duplicate of Evaluating Psychosocial Impacts of PFB
33795,4;5;6,FA1;FA5;FA7;FA8,4,0,BIO 340 Bonus Project
33877,2;11,FA1;FA3;FA8,3,0,Alzheimer's Polygenic Risk Score Project
33874,5,FA1;FA8,2,0,Pod 8 (:) Cancer Study
33872,7,,0,1,Duplicate of WEAR FitBit Demo Project
28529,4;6,FA1;FA5;FA7,3,0,DD_Behavioral Health & Service Utilization Among Autistic Adults and Families
33843,1;9,FA1;FA8,2,0,Glucagon-Like Peptide-1 (GLP-1) Agonists and Inflammatory Bowel Disease
28487,4;13,FA1;FA5,2,0,Duplicate of Insomnia participants with cannabis usage 2025
33869,5;6,FA1;FA7;FA8,3,0,Pancreatic Cancer Exploratory Analysis
33867,1;7,FA1;FA8,2,0,Pericarditis
33866,3;4;6,FA1;FA5;FA7,3,0,Hawkes model
33865,5,FA1;FA8,2,0,EnvirPanc
33864,,,0,1,Long read deconvolution feasibility
33744,7,,0,1,Marathons (CDRv8)
33863,1;2;3,FA1;FA8,2,0,Complex trait prediction
33861,4,FA1;FA5,2,0,Autistic Adult Mental Health - Controlled
33177,3,,0,1,ProjectDiabetes
33860,1;6;7,FA1;FA7;FA8,3,0,How is diagnosis of T2D associated with changes in physical activity patterns
33859,1;3;14,FA1;FA8,2,0,Subgrouping functional outcomes in stroke population
25886,2;9;11;13,FA1;FA3;FA8,3,0,AllofUS-HG_CT_V8
29405,4;6,FA1;FA5;FA7,3,0,Duplicate of Depression disparities v8
33853,2,FA8,1,0,MES PRS
24537,1;2,FA1;FA8,2,0,Calculate PRS to Mimic Drug Efficacy
33852,6;13,FA1;FA7,2,0,Asthma Billing Code/Provision of Care
33850,2,FA8,1,0,Duplicate of All by All - Lab Measurements Phenotypes Curation
33849,1;4,FA1;FA5;FA8,3,0,Substance Use and Cardiac Outcomes
26623,2,FA8,1,0,Insmed Main
33847,3;4;7,FA1;FA5,2,0,Early Warning of Depression through Wearable-Derived Activity and Sleep Patterns
33846,8,FA1,1,0,HIV study with ML
33845,4;18,FA1;FA5;FA7,3,0,Duplicate of Duplicate of Hearing Loss and Mental Health
33539,4;19,FA1;FA5;FA6,3,0,DS4HP controlled v2
33840,1;3;6,FA1;FA7;FA8,3,0,Diabetes and Wound Healing
25840,2,FA8,1,0,Gene-Phenotype Studies v8
27074,9,FA1,1,0,Sarcoid Genetics
33810,11,FA1;FA3,2,0,PPI Research
33837,1;3,FA1;FA8,2,0,Predicting Incident Obesity Using All of Us Data
33835,2;6,FA7;FA8,2,0,Dup (V7) Duplicate of Genetic Substructure in the All of Us Biobank
32083,4,FA1;FA5,2,0,Procedure Type and Comorbidities with poor Opioid Outcomes
33832,1,FA1;FA8,2,0,CHIP and Cardiovascular disease
33831,2;6,FA7;FA8,2,0,Dup (V8) Duplicate of Genetic Substructure in the All of Us Biobank
33830,6,FA7,1,0,"Compassion, SDOH, and physical rehabilitation in spine surgery"
28325,2;6,FA7;FA8,2,0,(VERSION 8) Duplicate of Genetic Substructure in the All of Us Biobank
33829,6;9;12;13,FA1;FA7,2,0,Chronic Urticaria Comorbidity and Treatment Patterns
21273,2;6,FA7;FA8,2,0,(VERSION 7) Duplicate of Genetic Substructure in the All of Us Biobank
31925,1;2;9;14,FA1;FA8,2,0,Genetic_contributions
33826,1;15,FA1;FA2;FA8,3,0,De novo late postpartum hypertension
8284,8,FA1,1,0,The impact of Long COVID on complex daily routines
33824,3,,0,1,Aggregate Health Patterns
33822,,,0,1,ITSN 1 and ADHD Association
27670,,,0,1,PQOLGrantV1
33819,3;6,FA7,1,0,Medication Hyperpigmentation
33817,1;3,FA1;FA8,2,0,LDL Research
23816,6,FA7,1,0,Multilevel social determinants of health
33815,1;6,FA1;FA7;FA8,3,0,Duplicate of HF Symptom Cluster_for_Test
33814,1;6,FA1;FA7;FA8,3,0,Duplicate of HF Symptom Cluster_finalAnalysis
31662,2;10;15,FA1;FA2;FA4;FA8,4,0,Burden of Carriers for Autosomal Recessive Conditions in All of Us Genomes
25803,2,FA8,1,0,PRS-MPN
33813,1;6,FA1;FA7;FA8,3,0,Duplicate of Heart Failure Test
33812,2;7,FA8,1,0,Current v8 Weather and Activity Association
18261,2;4;9;14;15;18,FA1;FA2;FA5;FA7;FA8,5,0,Increased Risk for Postpartum Depression in IMID-affected Women mfd 052124
28111,2;7,FA8,1,0,v8 Weather and Activity Association
33808,15,FA2,1,0,Duplicate of SRC Endometriosis Project
33803,,,0,1,Nutrigenomics/Nutrigenetics Research Project
25405,10;11,FA1;FA3;FA4;FA8,4,0,_v8_ Sickle cell disease and chronic comorbidities
33798,1;4;14,FA1;FA5;FA8,3,0,Stroke Marijuana
33792,1;2,FA1;FA8,2,0,Statin-induced myopathy
31354,1,FA1;FA8,2,0,DLallosus
33789,4;6,FA1;FA5;FA7,3,0,Analyzing Neighbourhood Disparities in Smoking and Socioeconomic Influences
26294,1;3;5,FA1;FA8,2,0,Reverse_cardio Ongology
31972,3;7,,0,1,Parkinsons Disease
33785,4,FA1;FA5,2,0,Psychosocial Clusters OAC
33783,1;2;5,FA1;FA8,2,0,Duplicate of Associations of Obesity and Genetics with AIMSS
33080,,,0,1,GXE_cannabis
30843,11,FA1;FA3,2,0,Duplicate of Searching known Alzheimer's disease causing genes
13021,11,FA1;FA3,2,0,Searching known Alzheimer's disease causing genes
21388,1;15,FA1;FA2;FA8,3,0,CKD in Pregnancy
33245,2;3,FA8,1,0,RAWG
33778,1,FA1;FA8,2,0,Heart transplant
31917,,,0,1,Alcohol Use Explorations v8
26238,,,0,1,PGx study V8 data
20997,5,FA1;FA8,2,0,cytochrome variance in cancer patients
32836,2;13;15,FA1;FA2;FA8,3,0,Menopausal Onset Asthma-Genomic Workspace Sept 2025
17585,5,FA1;FA8,2,0,Cancer healthcare utilization_dsv6_huo
33777,1;2,FA1;FA8,2,0,Blood traits PRS
33775,3;18,FA1;FA7,2,0,Duplicate of Demo - Systemic Disease and Glaucoma
33774,5,FA1;FA8,2,0,PCa_bone_health
33748,3;6,FA7,1,0,Rural mental
33773,1;12,FA1;FA7;FA8,3,0,ichthyosis
33772,7,,0,1,met_event_risk
28678,2;18,FA1;FA7;FA8,3,0,Cross Ancestry POAG GWAS Meta-Analysis_V8
33770,1,FA1;FA8,2,0,Exercising Blood Pressure in PAD
33768,3;5;7,FA1;FA8,2,0,Studying cardiopulmonary outcome of cancer patients
33767,5,FA1;FA8,2,0,Germline Variants and Breast Cancer Risk in Diverse Populations
33766,1;5;14,FA1;FA8,2,0,"Breast cancer, stroke, and brain metastasis"
26382,2,FA8,1,0,SequoiaGenetics
23265,4;12,FA1;FA5;FA7,3,0,Evaluating Psychosocial Impacts of PFB
33761,2;8,FA1;FA8,2,0,Genome-wide Association Study of Susceptibility to Herpes Zoster
33760,1,FA1;FA8,2,0,ASCVD & PREVENT Score Calculations
33755,,,0,1,prostate2
33069,4;6;18,FA1;FA5;FA7,3,0,Cannabis-Glaucoma Study
33753,3;6,FA7,1,0,Survivors of Critical Illness
26310,2;3;10,FA1;FA4;FA8,3,0,V8_Mendelian
33750,2;3;11,FA1;FA3;FA8,3,0,ABPRS2
33578,2;3;11,FA1;FA3;FA8,3,0,ABPRS
11819,1;2,FA1;FA8,2,0,PRS in populations across the epidemiological transition
33747,1;3;15,FA1;FA2;FA8,3,0,Predicting preeclampsia using cvd indicators
33746,1,FA1;FA8,2,0,Cardiovascular risk factors analysis
33745,2;10,FA1;FA4;FA8,3,0,"Assessing the prevalence, penetrance and pathogenicity of variants in AllOfUs."
33743,6,FA7,1,0,Aim2_control_tier
33741,1;14,FA1;FA8,2,0,Neuropathy Prediction
33301,2;5;10,FA1;FA4;FA8,3,0,Duplicate x2 NF1-Breast Cancer Genomic Analysis
14436,2;3;10,FA1;FA4;FA8,3,0,V7_Mendelian_Diseases
33737,,,0,1,short-course-test
30360,7;11,FA1;FA3,2,0,Analysis of Physical Activity Levels
30215,2;6;10;15,FA1;FA2;FA4;FA7;FA8,5,0,v8_CFTR_hypomophic allele
22971,6;13,FA1;FA7,2,0,COPD - Among Non-smokers
32921,,,0,1,PRIMED_Phenotypes_Controlled
33731,5,FA1;FA8,2,0,Epigenetics and cancer-related outcome
31243,,,0,1,PRIMED_Phenotypes
27910,18,FA1;FA7,2,0,Version 8 Glaucoma and systemic disease
33727,4;5;6,FA1;FA5;FA7;FA8,4,0,Mental Health Utilization among people with Gastric Cancer
33725,2;9;12,FA1;FA7;FA8,3,0,PsO.test3
33724,,,0,1,accelerometry_nelson
17608,,,0,1,Identify diagnoses discrepancies_dsv7_huo
33720,11;18,FA1;FA3;FA7,3,0,Parkinson's and AMD
33722,2,FA8,1,0,Duplicate of Ascertainment bias study
33721,5,FA1;FA8,2,0,Sickle_cell_RMC
33436,1;2;3,FA1;FA8,2,0,Duplicate of Statin Response
33308,1,FA1;FA8,2,0,Obesity and Incretin Receptor Variants
26551,1;2;10,FA1;FA4;FA8,3,0,Polygenic and monogenic risk in cardiometabolic disease
33717,4,FA1;FA5,2,0,Exploration of repeated mental health measures
33715,1;3,FA1;FA8,2,0,FlexFi - CAD
28233,1,FA1;FA8,2,0,Hypercholesterolemia_V8
7674,2;10,FA1;FA4;FA8,3,0,Sickle Cell Trait (CDR v7)
33710,,,0,1,Retina Project
33709,1;7,FA1;FA8,2,0,Physical activity and cardiovascular risk
33707,4,FA1;FA5,2,0,"Loneliness, Systemic Inflammation, and Suicidality in Veterans"
33663,1;3;4,FA1;FA5;FA8,3,0,MDD Risk in DM1 vs DM2
29020,2,FA8,1,0,Phenotypic and Genetic Correlates of Mitochondrial Copy Number
29534,1;2,FA1;FA8,2,0,Genomics of Clinical Obesity
33704,1,FA1;FA8,2,0,MHO vs. MUN analysis
33702,1,FA1;FA8,2,0,aou-workshop-test
33696,,,0,1,Social Support and Health Outcomes
33694,1;2,FA1;FA8,2,0,Alport_Syndrome
29544,2;7,FA8,1,0,Pheiron - General
33690,2;10,FA1;FA4;FA8,3,0,Rare disease genetics
29706,1,FA1;FA8,2,0,OmicsPredDiabetes
16765,1;2;4,FA1;FA5;FA8,3,0,Genetics of long term conditions
33687,1;3;7,FA1;FA8,2,0,Prediction
27706,1;2,FA1;FA8,2,0,Replication Study of SHS GWAS
33686,1;6;14,FA1;FA7;FA8,3,0,SGLT2 VS GLP1
32887,5,FA1;FA8,2,0,H. pylori outcomes
23677,2;3,FA8,1,0,GC
33675,3;4,FA1;FA5,2,0,Chronic Lumbar Back Pain
33677,4,FA1;FA5,2,0,Tap Blocks Controlled
33674,2;9,FA1;FA8,2,0,Duplicate of Systemic v Ocular Sarcoidosis GWAS
9670,2;3,FA8,1,0,FitbitCardio
33673,1;2;14,FA1;FA8,2,0,T2D-CVD
13048,1;2;10,FA1;FA4;FA8,3,0,Mani-Lab
33672,2,FA8,1,0,Long-read de novo assembly algorithms development
33671,3;4;7,FA1;FA5,2,0,depression detection with genome data
29217,2;4,FA1;FA5;FA8,3,0,Suicide-CNV
33668,9;12,FA1;FA7,2,0,Psoriasis & Ocular Complications
33666,1,FA1;FA8,2,0,EA Duplicate of Effect of antidiabetic medication for Liver disease Progression
14792,8;9,FA1,1,0,Diagnosis Patterns of EBV and Positive ANA in SLE Patients
33660,2,FA8,1,0,Interaction of HMGB1 genotype with ARD
33659,3;6;14,FA1;FA7,2,0,TBI Social Determinants and Treatment Outcomes
23877,2;3,FA8,1,0,Exploring relationship between genomic and EHR data
33655,1;2,FA1;FA8,2,0,HHD_HamptonU v8
33623,2,FA8,1,0,inflammatory muscle disease for precision medicine
33653,3;4,FA1;FA5,2,0,SIG - Drug Addiction Research
33652,2;3;6;7,FA7;FA8,2,0,REF. Sleep PheWAS RTv7 Community Workspace
33650,2;3,FA8,1,0,Ver_7_OUD
32237,2;3,FA8,1,0,Ver_7_Duplicate of Duplicate of All by All - PhecodeX Phenotypes Curation
33648,1;15,FA1;FA2;FA8,3,0,Patterns and Trends in Menopause Hormone Therapy
33644,7;11,FA1;FA3,2,0,Parkinson's Sequencial Modeling
33646,1;3;7;11,FA1;FA3;FA8,3,0,PA Composite
33645,7,,0,1,Fitbit LE8
9098,18,FA1;FA7,2,0,DB7 of CRS study
26101,18,FA1;FA7,2,0,DB8 of CRS study
33638,1;6,FA1;FA7;FA8,3,0,How Patient Care Trends are Associated with Transition from T2D to CKD
33637,3,,0,1,Duplicate of EHR_transformer_baseline_CDR8_2
31349,,,0,1,HPV v8 controlled
33487,3;9;13,FA1,1,0,Risk Factors and Disease Outcomes in Autoimmune Disease
33207,4;11,FA1;FA3;FA5,3,0,"Aging, Social Engagement, and Emotion"
32868,,,0,1,EHR_Drug
31996,3,,0,1,"OUD, health and service utilization"
22836,2;13,FA1;FA8,2,0,Duplicate of Clinical Insomnia -KUMC
33631,1;3;6,FA1;FA7;FA8,3,0,Aim2
26243,1;3,FA1;FA8,2,0,T2DM GxE
32015,1;3;15,FA1;FA2;FA8,3,0,Duplicate of Contraception Medication Sequencing - Controlled Tier - V8
33600,2;9,FA1;FA8,2,0,Phenotypes associated with DNASE1L3 coding variants by PheWAS
33628,2;3;15,FA2;FA8,2,0,GWAS findings in sub-fertile men
33626,6,FA7,1,0,"Mohan - Cervical CA screening & SF, HCAU"
33625,,,0,1,NIDA Project Controlled Tier
33624,1;3;14,FA1;FA8,2,0,AED_Special_Indication
30487,2,FA8,1,0,Burden testing
33622,2;3;10;18,FA1;FA4;FA7;FA8,4,0,CF and CRS
27464,1;2,FA1;FA8,2,0,(YK) PheWAS on T2D Patients with Fibrosis-4 index
25437,2;4;11,FA1;FA3;FA5;FA8,4,0,PGC CNV calling JacquemontLab Tier_v8
33620,,,0,1,NHPI_BH
27524,2;3,FA8,1,0,Duplicate of GBS 2
33614,,,0,1,PA_Stone
33611,3,,0,1,Panc
33606,2;12,FA1;FA7;FA8,3,0,Pruritus_ControlledTier
33580,1,FA1;FA8,2,0,Cardiovascular Kidney Metabolic Disease Prevalence
33604,6;7,FA7,1,0,Physical Activity Patterns
33602,1;3,FA1;FA8,2,0,InflScore
32992,2;15,FA2;FA8,2,0,Fibroid subtypes GWAS
33055,1;7,FA1;FA8,2,0,EDA for Diabetic study
33596,2;6,FA7;FA8,2,0,PRS*SDOH (V8) Cleaned
32943,2;4,FA1;FA5;FA8,3,0,Exploration of data related to Substance Use Disorder (SUD)
25991,6;15,FA2;FA7,2,0,Preterm Birth Tier Data
33543,2,FA8,1,0,COPY- How to Work with All of Us Genomic Data (Hail - Plink)(v8)
31375,2;4;8,FA1;FA5;FA8,3,0,Substance use disorder spectrum and related traits - v7.3
33515,,,0,1,OAB medication Avery
33594,1;6,FA1;FA7;FA8,3,0,Cardiovascular Kidney Metabolic Disease and Social Determinants of Health
33592,1;6,FA1;FA7;FA8,3,0,Capstone
33590,4,FA1;FA5,2,0,Duplicate of HS_And Antidepression/Anxiolytic
31250,2,FA8,1,0,Duplicate of HHT v8
26166,2;4,FA1;FA5;FA8,3,0,Identification of Susceptibility Genes for Anx and Related Disorders V8
31988,2,FA8,1,0,carrie version HHT v8
33431,9;14,FA1,1,0,Factors influencing Multiple Sclerosis and neuron degradation
33584,15,FA2,1,0,Prostaglandins
32763,2;3;4;6,FA1;FA5;FA7;FA8,4,0,Opioid Pain Signature
17837,2;6,FA7;FA8,2,0,Multiancestry_heritability
31468,1;2;10,FA1;FA4;FA8,3,0,Duplicate of v8 controls for genotype_sequence and endocrine disorders_traits_IG
33577,6;15,FA2;FA7,2,0,Maternal Mortality
23097,15,FA2,1,0,Data Analysis Maternal Mortality Rate-v7
33576,5;6,FA1;FA7;FA8,3,0,SDOH and Black Health Outcomes
28003,2;9,FA1;FA8,2,0,Duplicate of Study of Therapeutic Response and Adverse Events in IBD (v8)
28870,1;2,FA1;FA8,2,0,"Study of the combined effects of CNVs , PGS, and environment on height and BMI"
8704,3;6;7,FA7,1,0,Fairness in Wearable-Based Health Models
33570,3;5,FA1;FA8,2,0,Exercise and Cancer
33186,2,FA8,1,0,CNV GWAS
31301,4,FA1;FA5,2,0,Chronic pain and severe mental illness
29900,3;7,,0,1,foundation_model_ehr
33555,1;2;3;6,FA1;FA7;FA8,3,0,All of Us in CKD
33554,15,FA2,1,0,V8 Data OBGYN Access
12351,15,FA2,1,0,Maternal Outcomes Pre and Post Roe v. Wade
32458,2;3;7,FA8,1,0,aou_fm_genomics
33551,10,FA1;FA4;FA8,3,0,Duplicate of Duplicate of Variants indicative of lymphedema and lipedema Para4
33550,1;2,FA1;FA8,2,0,Single Cell SPrediXcan
33549,10,FA1;FA4;FA8,3,0,Duplicate of Duplicate of Variants indicative of lymphedema and lipedema Para3
33548,3,,0,1,09102025_GD_AxSpa_Cohort_v0.1
33547,5;12,FA1;FA7;FA8,3,0,Hypothyroidism_skin_cancer
33546,10,FA1;FA4;FA8,3,0,Duplicate of Variants indicative of lymphedema and lipedema Para2
33545,1;3,FA1;FA8,2,0,TyG-ABSI
31723,2;10;15,FA1;FA2;FA4;FA8,4,0,VS - Burden of Carriers for Autosomal Recessive Conditions in All of Us Genomes
33542,4;6,FA1;FA5;FA7,3,0,Opioid Use_JK
33541,4;6;13,FA1;FA5;FA7,3,0,Cognitive Functioning
33540,2;4;14,FA1;FA5;FA8,3,0,Genetics of difficult to treat depression
29813,2;5,FA1;FA8,2,0,Duplicate of Thyroid Cancer Genetics v8
29931,10,FA1;FA4;FA8,3,0,Variants indicative of lymphedema and lipedema
27496,2;9,FA1;FA8,2,0,Study of Therapeutic Response and Adverse Events in IBD (v8)
27081,1;2,FA1;FA8,2,0,Genetics of Anthropometric Traits v8
33524,2,FA8,1,0,Duplicate of ML of HZ (HZV-naive) + bDMARDs + Rheumatic disease
26184,5,FA1;FA8,2,0,Workspace for JL UChicago V8
33523,6,FA7,1,0,Surgery and Health Disparities Research
33520,1;5;6,FA1;FA7;FA8,3,0,Colon Cancer Risk Factors in Patient's Under 50
32064,3;4;12,FA1;FA5;FA7,3,0,Atopic Dermatitis and Dyspareunia
33514,1;16,FA1;FA4;FA8,3,0,Metformin Use in Type 1 Diabetes v2
33519,,,0,1,Cohort explore and codes
33517,2;3;4;5,FA1;FA5;FA8,3,0,Genetics of Breast Hypertrophy
33089,1;3,FA1;FA8,2,0,Real-World Evidence on GLP-1s and Sleep Quality [control tier]
33516,2,FA8,1,0,Methods
33512,3;4,FA1;FA5,2,0,psych hemifacial spasm
16735,3;5,FA1;FA8,2,0,AllofUs Germline Solid Tumor Predisposition
21766,1;2;14,FA1;FA8,2,0,Stroke Polygenic Risk Scores 2025 (Production Version)
25611,,,0,1,Barriers to Care v8 Data
33506,2,FA8,1,0,Methods Workspace
20098,1;3;9;14,FA1;FA8,2,0,ISB Intern Research
26803,1,FA1;FA8,2,0,BRAVO GO
33475,,,0,1,Somatic Mutations and InflammationV8
33502,1;5;6,FA1;FA7;FA8,3,0,Fatty Liver Disease
21169,1;2;18,FA1;FA7;FA8,3,0,The orexin neurotransmitter system in eye pressure regulation
33499,3;5,FA1;FA8,2,0,E-Cigs and Associated Diseases
33187,2;3;6,FA7;FA8,2,0,SVimputation-2
33497,2,FA8,1,0,Duplicate of Genomic Risk Factors for ME/CFS v8
33496,10,FA1;FA4;FA8,3,0,Marfan Oligogenic Pattern Identification
32465,2;15,FA2;FA8,2,0,Genetics of IHH
21979,2;3;4,FA1;FA5;FA8,3,0,Subgrouping of SCZ and BPD Patients - v7
33406,,,0,1,Evaluating the utility of variant effect prediction models
33494,2;4,FA1;FA5;FA8,3,0,Vape Smoke Phewas
33491,5,FA1;FA8,2,0,Cancer Research
29122,9,FA1,1,0,Celiac Disease
33155,2;4,FA1;FA5;FA8,3,0,Internalizing psychiatric Disorders GWAS
33425,7;19,FA6,1,0,"Duplicate of Environment, Sleep and health Test Project"
27907,3,,0,1,ME/CFS biomarker replication study
32537,1;2,FA1;FA8,2,0,GenoMLizer Validation
20398,7;19,FA6,1,0,"Environment, Sleep and health Test Project"
29953,12;15,FA1;FA2;FA7,3,0,Burden of Care in patients with HS vs PCOS vs Both
14394,2;3;8,FA1;FA8,2,0,Genomics of infectious disease susceptibility
33480,2,FA8,1,0,2025_Smoking_PRS_controlled_tier_2
33465,2;6,FA7;FA8,2,0,Duplicate of CCDGS_AoU_codeBk_sep2025
32934,1;18,FA1;FA7;FA8,3,0,Diabetic Retinopathy Risk Factors
33477,10,FA1;FA4;FA8,3,0,17q12 deletion syndrome
33476,,,0,1,16p12.1 Segmental Duplication Architecture
28217,7;8,FA1,1,0,Activity and sleep differences in wearable data
33473,,,0,1,Drug Products
33472,2;10,FA1;FA4;FA8,3,0,Analysis to facilitate the discovery/development of base editing therapies (dup)
33467,1;3;4,FA1;FA5;FA8,3,0,All of Us Data: Drug Addiction Research
33466,1;3;6,FA1;FA7;FA8,3,0,Diet Metabolome and Cardiometabolic Health
33115,1,FA1;FA8,2,0,V8 FI Renal Controlled Tier
33415,3;4;6,FA1;FA5;FA7,3,0,NIDA Challenge
33407,1;2;19,FA1;FA6;FA8,3,0,AoU Methylation Calling
33365,2;4;11,FA1;FA3;FA5;FA8,4,0,APOE and pain
31756,1;6,FA1;FA7;FA8,3,0,Gene-Environment Interaction in Type-2 Diabetes
15610,3;6;7;15,FA2;FA7,2,0,Pregnancy and Wearable CTDv7
33464,1;5,FA1;FA8,2,0,Factors associated with GLP-1 use
10957,2;15,FA2;FA8,2,0,Fibroid Characteristics
33463,2;10,FA1;FA4;FA8,3,0,Hypothesis Generation: Neurofibromatosis and Schwannomatosis
25921,2;13,FA1;FA8,2,0,Duplicate of Genetic Analysis of Fibrosis
33462,4;6,FA1;FA5;FA7,3,0,MKK SDoH Risk Assessment for Multiple Indications
33461,4;6,FA1;FA5;FA7,3,0,MKK SDOH Mental Health Risk Assessment v7
33460,1;2;15,FA1;FA2;FA8,3,0,Genetics of reproductive ageing and relationship with health across life (v8)TMP
15537,2,FA8,1,0,FSU_CON
27119,2;11,FA1;FA3;FA8,3,0,CPSHE
33457,6,FA7,1,0,Neuro Project
33291,1;2,FA1;FA8,2,0,Functional founder effect variant validation
28400,3;4;9;18,FA1;FA5;FA7,3,0,ASCRS - Cataracts vs Marijuana and Vaping
33453,5;9;12,FA1;FA7;FA8,3,0,Duplicate of Localized Scleroderma and Hematological Malignancies
33452,5,FA1;FA8,2,0,Prostate-Research
33450,4;6;7,FA1;FA5;FA7,3,0,"SDoH, Sleep, Substance Use- Dissertation"
33449,6;7;18,FA1;FA7,2,0,Duplicate of UAMS
33448,2,FA8,1,0,PD_yzy
33445,4,FA1;FA5,2,0,Duplicate of Facilitating Sustainable OUD Tx in Acute Care Settings
33446,,,0,1,Exploratory Workspace
33443,2;6;7,FA7;FA8,2,0,Duplicate of PheWAS fitbit
33442,9,FA1,1,0,IBD_Genomics_Feasibility_2025
32409,2;18,FA1;FA7;FA8,3,0,Uveitis Study
32932,4,FA1;FA5,2,0,2025 SUDs
33433,1;7,FA1;FA8,2,0,Fitbit and biomarkers
33432,1;3;6;14,FA1;FA7;FA8,3,0,Stroke-Project
33430,4;15,FA1;FA2;FA5,3,0,Duplicate of Endometriosis 1
33429,3;4;6,FA1;FA5;FA7,3,0,Substance Use Phenotyping and Clustering (Controlled Tier)
33428,4;6,FA1;FA5;FA7,3,0,Mental Health and Urologic Conditions
29482,1,FA1;FA8,2,0,Cardiovascular and Adiposity (V8)
33426,1;3;6;14,FA1;FA7;FA8,3,0,Stroke- Project
33211,,,0,1,Investigation of Valley Fever
33423,3;5;6,FA1;FA7;FA8,3,0,20250905 Genetic testing utilization in nephrology
24666,1;2;6,FA1;FA7;FA8,3,0,phenomewise association study of SNP RS5491 in African American populations
33422,6,FA7,1,0,Demographics and feasibility
33421,2,FA8,1,0,Duplicate of RVAS and GWAS Templates and Tutorials
33419,,,0,1,Blepharospasm
33418,2,FA8,1,0,Duplicate of G6PDD Validation Study
33414,12,FA1;FA7,2,0,Duplicate of Keloid 2
33413,1;3;4;9,FA1;FA5;FA8,3,0,GLP-1 RA and Substance Use
33412,2;5,FA1;FA8,2,0,Germline KRAS variants and cancer onset
16935,2;5,FA1;FA8,2,0,breast cancer srWGS asn euro afr replicate gwas
33411,6;7,FA7,1,0,Social Determinants of Health and Average Steps v8
26304,,,0,1,DST Analysis with missingness v8
33410,4;6,FA1;FA5;FA7,3,0,Spatial determinants of subjective wellbeing
17185,4;6,FA1;FA5;FA7,3,0,Neighborhood Characteristics and Stress/Inflammation
28267,2,FA8,1,0,PTOA_AoU_Osteoarthritis_2025_v8
33408,6;11,FA1;FA3;FA7,3,0,Sarcopenia and Osteoporosis
33401,18,FA1;FA7,2,0,Uveitis
33400,6,FA7,1,0,"Duplicate of Cervical CA screening & SF, HCAU"
33306,2;3;18,FA1;FA7;FA8,3,0,Duplicate of ERM GWAS
33398,1,FA1;FA8,2,0,OxLDL-Platelet Link
33397,4,FA1;FA5,2,0,HS_And Antidepression/Anxiolytic
33396,2,FA8,1,0,Family history and PRS for CMB traits V8
33394,7,,0,1,Fitbit Sleep
17417,4;15,FA1;FA2;FA5,3,0,Endometriosis 1
33318,2,FA8,1,0,2025_Smoking_PRS_controlled_tier
33387,2,FA8,1,0,Chronic Fatigue Syndrome
19393,2,FA8,1,0,WGS_TLtyping_3
33388,2;3;7;10,FA1;FA4;FA8,3,0,AVID_GENOMICS_RESEARCH
33385,9;11;14;18,FA1;FA3;FA7,3,0,Glaucoma and Neurodegeneration
33384,2,FA8,1,0,workspace_allofus_recombmix
28984,1;4;11;14,FA1;FA3;FA5;FA8,4,0,AD trajectory
33377,3;7;16,FA4;FA8,2,0,Digital Twin Data
33378,3;4,FA1;FA5,2,0,Substance Use  Risk Assessment
30774,3,,0,1,NeuroDisease Inference cs
33379,3;4;6,FA1;FA5;FA7,3,0,"NIDA NIH Challenge, Drug Abuse & Addiction Misclassification"
33279,1;2;14,FA1;FA8,2,0,Stroke PRS v8 - Recreated
33337,7;18,FA1;FA7,2,0,CRS and Sleep
19697,2;16,FA4;FA8,2,0,PolimanTEAM Workspace
33374,1;3,FA1;FA8,2,0,Cardiovacular disease recurrence
13852,4;13,FA1;FA5,2,0,depression&asthma-DL
31173,6,FA7,1,0,SDOH v7
33373,1;5,FA1;FA8,2,0,Cardiovascular toxicities associated with ibrutinib in patients with lymphoma
26318,2;9;14,FA1;FA8,2,0,ndd_gwas
27655,2;4,FA1;FA5;FA8,3,0,Duplicate of AUD ExWAS
33371,2,FA8,1,0,BAP_lrmethyl_v2
30232,1;2;5;11,FA1;FA3;FA8,3,0,CH in Cancer and Age-Related Disease v8
33368,,,0,1,ACHD with systemic RV patients
33367,6,FA7,1,0,SBU Trauma
27966,2,FA8,1,0,G6PDD Validation Study
33366,7,,0,1,TN Fitbit Study
30769,1;3;6;18,FA1;FA7;FA8,3,0,iERM Inflammatory Markers
33364,2;13,FA1;FA8,2,0,Rare variant analysis of fibrosis
31787,2;5,FA1;FA8,2,0,benign_cancer
33362,1;3;6;10;15,FA1;FA2;FA4;FA7;FA8,5,0,Diabetes Disparities
33360,2;9,FA1;FA8,2,0,IBD VDZ Score Validation
33357,5;15,FA1;FA2;FA8,3,0,PCOS & Cancer
33099,1,FA1;FA8,2,0,Response in beta-blocker (V8 Dataset) - NEVEN
33355,1;3;6;9;14,FA1;FA7;FA8,3,0,Inflammatory Bowel Disease
30433,,,0,1,Heart and Brain Health Project
33351,6;9;14,FA1;FA7,2,0,SLE and neurological conditions
33204,4;8,FA1;FA5,2,0,NIDA Competition
30594,1;3;6;14,FA1;FA7;FA8,3,0,Neurogenic Bladder Epidemiology in All of Us: A Cross-sectional Analysis
33048,1,FA1;FA8,2,0,GLP1
32969,1;4,FA1;FA5;FA8,3,0,Blood Markers as a Predictor of ERM
33035,8;16,FA1;FA4;FA8,3,0,Metformin Association with PASC (v8)
33349,1;3,FA1;FA8,2,0,Right Heart Catheterization and Hemodynamic Measurements
33348,1;2;5,FA1;FA8,2,0,Duplicate of GxE Interactions between Statin Use and YAP SNPs in PCa V8
33347,,,0,1,ALEE
31594,2;3;4,FA1;FA5;FA8,3,0,Suicide resilience
18773,2,FA8,1,0,Examining frequency variation of variants in PIEZO1
27103,2,FA8,1,0,GWAS comparingosteoporosis condition vs non-osteoporosis condition
26301,2,FA8,1,0,Examining frequency variation of variants in PIEZO1 -  From Bjoernar
25498,2;4;14;18,FA1;FA5;FA7;FA8,4,0,"Genomic Architecture of PTSD, Tinnitus, and TBI II (v8)"
31929,6;7;15,FA2;FA7,2,0,Pre-Eclampsia and Aspirin Use in Minorities
33214,1;3;9;12,FA1;FA7;FA8,3,0,Cardiovascular Risk Prediction in Immune Disorders - Neha Devineni
26084,1;18,FA1;FA7;FA8,3,0,Diabetic Retinopathy and Neurodegenerative Diseases v8
33330,1;2;3,FA1;FA8,2,0,Marea Therapeutics CAD - Controlled Access Tier
30567,1;4;5;6,FA1;FA5;FA7;FA8,4,0,Social stress - v8
16027,2,FA8,1,0,Gulf War Illness
33341,1;2;3,FA1;FA8,2,0,CVD phenotype replication
27577,2;11,FA1;FA3;FA8,3,0,PGS in Early Onset Dementia
33340,3,,0,1,cluster_correlate_conquer
33339,2;5,FA1;FA8,2,0,Investigating DNA Double-Strand Break Repair and Lung Cancer Risk
33338,2;4,FA1;FA5;FA8,3,0,Duplicate x2 of Integrating the genetic and environmental risk factors for OUD
33336,3;12,FA1;FA7,2,0,HS_CD_Project
33335,2;8;9;14,FA1;FA8,2,0,Duplicate of Duplicate of Duplicate of EBV from genomic data
26958,4;6;8,FA1;FA5;FA7,3,0,Risk factors for herpes zoster
33331,7;11,FA1;FA3,2,0,Parkinson's Anomaly Detection
29134,2,FA8,1,0,PRS analyses
33326,1;18,FA1;FA7;FA8,3,0,glaucoma and obesity
33322,4,FA1;FA5,2,0,Depression treatment adherence
32185,2,FA8,1,0,ALDH2 Data Exploration
33321,1;2;5,FA1;FA8,2,0,NAFLD_AA
33317,2,FA8,1,0,2025_Smoking_PRS
33316,1;15,FA1;FA2;FA8,3,0,GDM risk score
33292,1;3;7;15,FA1;FA2;FA8,3,0,Fitbit Foundation Model
33315,10,FA1;FA4;FA8,3,0,SCD Exploratory Analysis
33313,,,0,1,lab-explore
33312,7;9,FA1,1,0,Sleep and RA_CT
26224,2;4;6,FA1;FA5;FA7;FA8,4,0,"Neighborhoods, FKBP5, and Psychiatric Disorders (V8_Controlled)"
24828,1,FA1;FA8,2,0,Duplicate of Genetics and cardiometabolic traits in Hispanics/Latinos
28895,18,FA1;FA7,2,0,Allergic Diseases and Glaucoma
33302,6,FA7,1,0,Research Project
25540,2;8;9;14,FA1;FA8,2,0,Duplicate of Duplicate of EBV from genomic data
31299,2;6,FA7;FA8,2,0,Multi_population_model
29877,,,0,1,ARO-PLOF
33294,,,0,1,ARROW_HEAD-PLOF
32066,,,0,1,ARROWHEAD-PLOF
33289,2,FA8,1,0,Rare blood groups
30362,5,FA1;FA8,2,0,Rare Cancer
33284,4;7,FA1;FA5,2,0,wellness_using_fitbit
33283,3;14,FA1,1,0,ALS in All of Us
31924,4;19,FA1;FA5;FA6,3,0,Air pollution and mental health
31183,2;3,FA8,1,0,AoUPRS: A Cost-Effective PRS Calculator for the All of Us Program
33278,2;3,FA8,1,0,Duplicate of Workshop: Intro to All of Us Genomics Data
27128,2,FA8,1,0,Developing workflows to enable efficient analysis of AoU data
33277,2;4,FA1;FA5;FA8,3,0,Duplicate of Integrating the genetic and environmental risk factors for OUD
27083,1;2,FA1;FA8,2,0,Genetics of Diabetes and its related Metabolic Traits v8
33275,3;5;7,FA1;FA8,2,0,EHR_wearable device
33274,1;3;7,FA1;FA8,2,0,Duplicate of Fitbit project
29600,1;2,FA1;FA8,2,0,Objective 1- GWAS
33270,3;4,FA1;FA5,2,0,Assessing Alcohol Use Disorder using Machine Learning Techniques-updated with v8
33267,2;3,FA8,1,0,Duplicate of Ver_8_Duplicate of Duplicate of All by All
33266,1,FA1;FA8,2,0,GIP-1 on MASLD
32691,1;3;7,FA1;FA8,2,0,Fitbit project
32348,1;2,FA1;FA8,2,0,Resilience
33264,2;9;10,FA1;FA4;FA8,3,0,Duplicate of Participation bias
33263,11,FA1;FA3,2,0,age distri
33261,1;5,FA1;FA8,2,0,A1c & Breast Cancer Subtype
32859,5,FA1;FA8,2,0,"Cancer, Survivorship, and Intellectual and Developmental Disabilities"
33257,8,FA1,1,0,Seizures and HIV
33253,2,FA8,1,0,Duplicate_Create_Nucleus_PRS
33153,2;3;6,FA7;FA8,2,0,SVimputation
33251,2;3,FA8,1,0,Autism
8960,2,FA8,1,0,SLC6A3 hVNTR Phenotype Association Study
29836,,,0,1,pancreatitis associated studies with registered V8
33250,1;7,FA1;FA8,2,0,Fitbit and HF
26899,1,FA1;FA8,2,0,Lipids Investigation
33249,9;12,FA1;FA7,2,0,Cutaneous manifestations of non-celiac gluten senitivity
33248,4,FA1;FA5,2,0,Autistic Adult Mental Health
7792,2;3;11,FA1;FA3;FA8,3,0,Dementia Genetics v7
33243,1;2,FA1;FA8,2,0,COPY of Nuclear genetic control of mtDNA copy number and heteroplasmy in humans
33242,4,FA1;FA5,2,0,PITE
33240,3;4;7,FA1;FA5,2,0,The NOW (Navigating Opioid Withdrawal) Study: Investigating Hospital Readmission
33238,1;2;3;7,FA1;FA8,2,0,PheWAS Analysis with Rest-Activity Rhythm Polygenic Risk Scores
33239,2;5,FA1;FA8,2,0,Identifying risk variants for interval-censored time-to-event outcomes
32668,1;2;3;7,FA1;FA8,2,0,PheWAS Analysis with Sleep Polygenic Risk Scores
33236,3;4;6;8,FA1;FA5;FA7,3,0,"Social determinants of health, drug use, and HIV"
33235,18,FA1;FA7,2,0,portwine
33234,2;4,FA1;FA5;FA8,3,0,Genomic Contributions to Stimulant Use Disorder Vulnerability
33233,14,FA1,1,0,Semaglutide epilepsy seizure risk (Cont)
33232,13,FA1,1,0,Duplicate of Social and Environmental Determinants of Chronic Conditions
29620,3,,0,1,Objective vs Subjective Data Analysis - Summer 2025
8021,1;2,FA1;FA8,2,0,Nuclear genetic control of mtDNA copy number and heteroplasmy in humans
33231,1;3;4;6;7,FA1;FA5;FA7;FA8,4,0,Weight and Health
28066,13,FA1,1,0,Social and Environmental Determinants of Chronic Conditions
33114,2;6,FA7;FA8,2,0,Missense Variant Pathogenicity Predictor
33229,5;6;11,FA1;FA3;FA7;FA8,4,0,"Cumulative Social Determinants Burden, Cancer, and Accelerated Aging"
33224,9;12;15,FA1;FA2;FA7,3,0,PCOS and Skin -- CT
33225,1;3;4;6,FA1;FA5;FA7;FA8,4,0,drug-addiction-research-challenge
29501,16,FA4;FA8,2,0,population_genetic_stratification
33223,8;9,FA1,1,0,HIV/IBD
33220,2;10,FA1;FA4;FA8,3,0,CFTR F508DEL
33219,2,FA8,1,0,Developing Multi-ancestry Conditional and Joint Analysis Method
33218,,,0,1,Migration
33217,2;4,FA1;FA5;FA8,3,0,Duplicate of Internalizing psychiatric Disorders GWAS
26133,2,FA8,1,0,Sampling and viability selection v8 CDR
33215,4;6,FA1;FA5;FA7,3,0,Link Between SUD & PGx Genes - Feedback Engine - V8
32391,,,0,1,GxE moderator methods
33213,2,FA8,1,0,Old_V7_Controlled
33210,3;4;6,FA1;FA5;FA7,3,0,Assessing biases in multimodal assessment of AUD using Neural Networks
33208,1;4,FA1;FA5;FA8,3,0,cocaine use in PCI
32959,,,0,1,Test - v8
32960,,,0,1,Test - v7
25427,1;2;14;18,FA1;FA7;FA8,3,0,Genetics of Diabetes and Diabetic Complications
31948,1;3;6;9;18,FA1;FA7;FA8,3,0,Autoimmune Disorders
31033,2;5,FA1;FA8,2,0,Rare variants associated with prostate cancer
32560,3,,0,1,EMR Lab Work Predictive Model
23808,3;5;6;10;17,FA1;FA4;FA7;FA8,4,0,Cancer Health History and Disparities in Screening
22447,1;4;6;15,FA1;FA2;FA5;FA7;FA8,5,0,Duplicate of Uterine Fibroids in Underrepresented Populations
33185,1;3;6,FA1;FA7;FA8,3,0,Duplicate of Readmission in Heart Failure V8
26940,4;6,FA1;FA5;FA7,3,0,Duplicate of The Intersectionality of Discrimination and Substance Use Behaviors
33190,1;15,FA1;FA2;FA8,3,0,Preeclampsia_v8
32974,,,0,1,TARSL2
32980,2;18,FA1;FA7;FA8,3,0,Personal Testing for Glaucoma genetic analyses_2_V8
33199,1;2,FA1;FA8,2,0,Genetics & Associated Phenotypes of BMI
30186,10,FA1;FA4;FA8,3,0,jklab_AoU_population_genomics
33198,2;7,FA8,1,0,Duplicate of Pheiron - General
33058,3;18,FA1;FA7,2,0,Open‑Angle Glaucoma (OAG)
33195,11,FA1;FA3,2,0,Understanding Dementia Risk for TGD Adults
33191,9;12;15,FA1;FA2;FA7,3,0,PCOS Skin Comorbidities
16431,6;15,FA2;FA7,2,0,"Social Determinants of Health, Healthcare Access, and Pregnancy Loss"
26502,4;8,FA1;FA5,2,0,Improving Substance Use Prediction
19467,3;5;6,FA1;FA7;FA8,3,0,lung cancer
32851,3,,0,1,StonyBrookAI4OE
33184,3;7;15,FA2,1,0,Wearable Data during Menopause
33138,7;9,FA1,1,0,Sleep and RA_RT
25779,2;3;4,FA1;FA5;FA8,3,0,Duplicate of West Haven Lab Workbench (v8)
33178,1;3,FA1;FA8,2,0,DKD Risk Prediction in T2D
31333,1;15,FA1;FA2;FA8,3,0,Preeclampsia
29466,7,,0,1,MBH Deviation Detection (with Verily billing account)
30477,18,FA1;FA7,2,0,Trends in Dysphonia Care
16871,3;15,FA2,1,0,Life Cycle Disease Patterns
33173,2;12,FA1;FA7;FA8,3,0,Pruritus
33171,1;2;6;13,FA1;FA7;FA8,3,0,Social Determinants of Health Measurement Models V8 Private
33172,2;3;7,FA8,1,0,aou_fm_genomics_0827
26698,1;2;6;13,FA1;FA7;FA8,3,0,Social Determinants of Health Measurement Models V8
27409,4;6;15,FA1;FA2;FA5;FA7,4,0,Women's health DK
33170,6;11,FA1;FA3;FA7,3,0,Alzheimer
32667,4,FA1;FA5,2,0,New user workspace to browse data and design study
33169,1;14,FA1;FA8,2,0,Polyvascular Disease
31197,4,FA1;FA5,2,0,Alcohol use disorder
33168,7,,0,1,Brain Disease
29414,1,FA1;FA8,2,0,Gene Interactions v8
33166,2,FA8,1,0,Glyceamic Trait Research
33163,,,0,1,Genetics of Amyloidosis
33162,2;9,FA1;FA8,2,0,IBD association study
33161,4,FA1;FA5,2,0,Postoperative opioid use
33158,5;12,FA1;FA7;FA8,3,0,Duplicate of OG -- Workspace2
33060,5;12,FA1;FA7;FA8,3,0,Derm Projects
31899,2;6,FA7;FA8,2,0,CARE Scholars ALDH2
33156,2,FA8,1,0,All of Us - Platelet Crit PGS
33157,2,FA8,1,0,Testing Polygenic Score calculation tools in All of Us
33154,3;4;6,FA1;FA5;FA7,3,0,Drug abuse study
30109,4,FA1;FA5,2,0,Langholm Research
33152,3;4;5,FA1;FA5;FA8,3,0,Social_molecular_marker_in_lung_cancer
26313,1;2,FA1;FA8,2,0,stochastic statistics_v8
30044,10,FA1;FA4;FA8,3,0,Underdiagnosed Disease
33149,2;4;10,FA1;FA4;FA5;FA8,4,0,SCZ_TandemRepeats_v8
18100,1;2;3,FA1;FA8,2,0,"Genomic clustering of Asians, Native Hawaiians, and other Pacific Islanders"
26259,2;3,FA8,1,0,"Genomic clustering of Asians, Native Hawaiians, and other Pacific Islanders v8"
33146,,,0,1,Variant Interp
26703,1;2;7,FA1;FA8,2,0,Common metabolic disease genetic association analysis (v8)
33142,6,FA7,1,0,Duplicate of Dental Health Disparities Project
33139,,,0,1,CHARGE_GLI_LDA
28229,2,FA8,1,0,PRS Variability
33136,3;10,FA1;FA4;FA8,3,0,Duplicate of Demo - Family History in EHR & PPI Data
33135,,,0,1,Triumeq Clinical Chemistry
29398,3;4,FA1;FA5,2,0,Exploring MDD medications & treatment efficacy
33134,1;6;7,FA1;FA7;FA8,3,0,CKD genomics_v8
33133,3;6;12,FA1;FA7,2,0,Hidradenitis
33132,1;14,FA1;FA8,2,0,AF management in Heart Failure
33131,1;7,FA1;FA8,2,0,Wearable HR Analysis
25890,6,FA7,1,0,V8 ASCVD
33129,1;2,FA1;FA8,2,0,Partitioned polygenic risk scores for atherosclerosis
25600,1;2,FA1;FA8,2,0,Diabetic Kidney Disease Genetics
31266,2,FA8,1,0,pilot
33127,4,FA1;FA5,2,0,Duplicate of LowBackPain
26736,4,FA1;FA5,2,0,LowBackPain
33126,6,FA7,1,0,BackPain
25497,7,,0,1,Duplicate of Fitbit data for disease prediction
33124,,,0,1,AoU_test_large_summary_statistics3
33122,,,0,1,AoU_test_large_summary_statistics2
33121,,,0,1,AoU_test_large_summary_statistics1
31000,2,FA8,1,0,AoU_Lab_Commons
33120,1;6;15,FA1;FA2;FA7;FA8,4,0,Menstrual health
27761,2,FA8,1,0,v8 Duplicate of June2024_PheRSWAS_pTL_gTL
33116,1;5,FA1;FA8,2,0,Investigation of Pancreatic Cancer
31238,1;5,FA1;FA8,2,0,Dup 0: Long term CVD - in 3 cancers 20250619
33113,1;13,FA1;FA8,2,0,Pulmonary Arterial Hypertension Genetics Project
33112,1;2;5;8,FA1;FA8,2,0,ABO PheWAS - v8
30656,3;11;13,FA1;FA3,2,0,Bronchiectasis and Frailty
28262,1;3;6,FA1;FA7;FA8,3,0,Readmission in Heart Failure V8
33107,1;3,FA1;FA8,2,0,Real-World Evidence on GLP-1s and Sleep Quality [Registered Tier]
33105,2;3,FA8,1,0,FedGene4
33104,2;4,FA1;FA5;FA8,3,0,Duplicate of RIBO GWAS
33102,2;3;9;10,FA1;FA4;FA8,3,0,rare_variant_validation
28705,2;4,FA1;FA5;FA8,3,0,RIBO GWAS MDD
33095,6;18,FA1;FA7,2,0,Disparities Dry Eye Disease
24119,3;14,FA1,1,0,TBI (Controlled Tier-EHR and SElf Report)
33094,2;3;4,FA1;FA5;FA8,3,0,Duplicate of v8 Cross-Disorder WGS Analysis of Psychiatric Disorders
33091,1;3;4;11,FA1;FA3;FA5;FA8,4,0,Generalizability Analysis Driver Project (with EDA)
12137,6,FA7,1,0,Dental Health Disparities Project
32996,2;9;14,FA1;FA8,2,0,Duplicate of ndd_gwas
28566,2;9,FA1;FA8,2,0,XZ_RA_Chung_V8
27954,6,FA7,1,0,hypertrophic cardiomyopathy (social determinants of health) V8
33079,1,FA1;FA8,2,0,GIP/GLP-1 RAs use for T2D and/or Obesity
33077,1;2;11;14,FA1;FA3;FA8,3,0,GWAS
27046,2;9,FA1;FA8,2,0,Celiac disease v8
32047,4;6,FA1;FA5;FA7,3,0,SDoH Risk Assessment for Multiple Indications
33067,3;4,FA1;FA5,2,0,Drug Addiction Factors
33065,,,0,1,ED Priapism
33064,4;6,FA1;FA5;FA7,3,0,Ibrahim Alfayoumi Health Equity Project
33062,2;5,FA1;FA8,2,0,Contributions to inflammatory tongue condition and tongue cancer occurrence
33061,6,FA7,1,0,Chronic condition assessment
33008,5;12,FA1;FA7;FA8,3,0,OG -- Workspace2
33059,2;10,FA1;FA4;FA8,3,0,Pancreatitis Test
32806,1;3;6;15,FA1;FA2;FA7;FA8,4,0,TGD statins
33057,1;3;7,FA1;FA8,2,0,Pre diabetic1
33056,2;5,FA1;FA8,2,0,ICI_skin
32675,5;7,FA1;FA8,2,0,Urinary Incontinence
32709,4,FA1;FA5,2,0,Facilitating Sustainable Opioid Use Disorder Treatment in Acute Care Settings
26963,2,FA8,1,0,Create aGDS for all of US srWGS v8
27790,2,FA8,1,0,STARRpipeline for srWGS v8
26867,2,FA8,1,0,[v8] Injeong
33050,1;3;7;17,FA1;FA4;FA7;FA8,4,0,ChronicDigitalTwin
33028,1;10;14,FA1;FA4;FA8,3,0,Determining the true prevalence of HHT
33049,,,0,1,AoU-LR Mitochondrial Genome Analysis
28415,4;6,FA1;FA5;FA7,3,0,Subtype-Tang
33045,3;15,FA2,1,0,HMB_HTeq
33009,2;4,FA1;FA5;FA8,3,0,Integrating the genetic and environmental risk factors for OUD
27289,2;4;6,FA1;FA5;FA7;FA8,4,0,Weill Cornell Thyroidism
29178,1;2;6,FA1;FA7;FA8,3,0,SNUH_genetic
33019,3;4,FA1;FA5,2,0,From chronic pain to substance use
10972,2,FA8,1,0,RTI OUD GWAS analysis
33038,9,FA1,1,0,Duplicate of COVID + Autoimmune Disease (zasca copy)
32891,9,FA1,1,0,COVID + Autoimmune Disease V2
22817,6;8,FA1;FA7,2,0,Duplicate Covid Project - New parameters
28214,1,FA1;FA8,2,0,LDL-HC
31755,5;8,FA1;FA8,2,0,Duplicate of V7 Controlled Tier HIV and Cancer Screening
33034,2;11;14,FA1;FA3;FA8,3,0,ET and ET-Plus
27841,1;2;14,FA1;FA8,2,0,"Sex- differences in cardiovascular diseases (e.g., HF)"
32738,6;12,FA1;FA7,2,0,Vitiligo and Food Insecurity
29744,1;2;5;18,FA1;FA7;FA8,3,0,Exploring the genetic contributions to complex diseases
33031,1;3;4,FA1;FA5;FA8,3,0,Drug Abuse Project
29495,7,,0,1,Digital biomarker extraction from FitBit data
29609,5,FA1;FA8,2,0,ATLL
33030,1;3,FA1;FA8,2,0,Predicting Heart Failure After Kidney Transplant
33026,4;6;18,FA1;FA5;FA7,3,0,Duplicate of Duplicate of V6 Duplicate of Cannabis-glaucoma study
33018,1;3;5;6;15,FA1;FA2;FA7;FA8,4,0,Defining co-occurring SDoH endometrial cancer disparities
33024,1;5,FA1;FA8,2,0,Dup 1: Long term CVD - in 3 cancers
33023,4;10,FA1;FA4;FA5;FA8,4,0,Sickle cell disease and suicidality
33021,,,0,1,Test-research-all-of-us-seanbc
25829,1;2,FA1;FA8,2,0,Duplicate of BP GWAS
29509,2;15,FA2;FA8,2,0,Endometriosis: phewas and genetic exploration
33015,1;4;7,FA1;FA5;FA8,3,0,sleep-analysis
25844,15,FA2,1,0,Data Analysis Maternal Mortality Rate-v8
33014,1;3;4,FA1;FA5;FA8,3,0,MDD ketamine treatment: GPCR-Active Adjunct Exposures and Short-Term Outcomes
30214,1;5,FA1;FA8,2,0,cohorts
26639,2,FA8,1,0,Lysosomal Function and Disease v8
9185,1;2;15,FA1;FA2;FA8,3,0,Mechanistic determinants of endometriosis and cardiovascular disease
7121,1;2,FA1;FA8,2,0,PRS for cardiovascular risk factors
17835,1;2,FA1;FA8,2,0,Duplicate of PRS for cardiovascular risk factors
31399,1;2;3,FA1;FA8,2,0,PRS for EHObesity 2
28960,1;2;3,FA1;FA8,2,0,PRS in cardiovascular diseases
32952,2;11,FA1;FA3;FA8,3,0,LRRK2
32370,2;4,FA1;FA5;FA8,3,0,GSCAN3 v8 GWAS
31905,2;3;18,FA1;FA7;FA8,3,0,ERM GWAS
33011,3;4;6,FA1;FA5;FA7,3,0,Substance Use Phenotyping and Clustering
30863,9,FA1,1,0,Autoimmune_V8
16071,2,FA8,1,0,Sleep quality - Health
32922,4;5,FA1;FA5;FA8,3,0,AYA Cancer Survivors Behavioral Health
27900,6;7,FA7,1,0,New Analysis: Everyday Discrimination & Sleep Analysis
33007,1;15,FA1;FA2;FA8,3,0,Identification of de novo late postpartum hypertension_v7
33002,2,FA8,1,0,Duplicate of Count of ME/CFS Cases with genetic data2
33001,1;3,FA1;FA8,2,0,DKD Risk Prediction
32764,,,0,1,Meth and metals
28765,10,FA1;FA4;FA8,3,0,Alpha-1 Antitrypsin Genotypes and Phenotypes
32997,2;3;4,FA1;FA5;FA8,3,0,GWAS-test
32994,1;6,FA1;FA7;FA8,3,0,Approaches to Reduce Healthcare Disparities in Hypertension
32993,1;2;5;6,FA1;FA7;FA8,3,0,Racial Disparities in Hepatocellular Carcinoma Risk and Mortality-V8
32927,4,FA1;FA5,2,0,NIDA - WCM Jalali Lab
32990,6,FA7,1,0,Social Determinants of Health Profiles among Young Adults
32989,6,FA7,1,0,Socioeconomic Influences of Complementary and Integrative Health Utilization
32986,3;7;15,FA2,1,0,PCOS/Women's Health
32332,1;7,FA1;FA8,2,0,Duplicate of NYUGSOM PMED 2.0_v8_DU
32985,3,,0,1,Duplicate of Investigating CIH approaches - New Billing Account
32983,5;6,FA1;FA7;FA8,3,0,Urban and rural differences on healthcare utilization for women with cancer
25464,3,,0,1,V8 PFHH/EHR Project
32949,3,,0,1,Combining Survey and Phecode Data
32508,,,0,1,Exploratory Study on Psychotropic Medication Use in Targeted Adult Subgroups
29107,2;15,FA2;FA8,2,0,womens_health_genomic_analyses
26605,1;5;6,FA1;FA7;FA8,3,0,V8_Asian Americans with Hep B Cohort
26603,1;4;6;14,FA1;FA5;FA7;FA8,4,0,V8_R21 Allostatic Load and Chronic Diseases
32976,4;7,FA1;FA5,2,0,Digital phenotyping of mental disorders (CT)
32971,3;4;7,FA1;FA5,2,0,sleep_PHQ
32970,1,FA1;FA8,2,0,Drug repurposing for eGFR
27123,2,FA8,1,0,GWAS_REGENIE_V8
32966,1;7,FA1;FA8,2,0,URAP
32780,,,0,1,Test Workspace
32963,2,FA8,1,0,Validating Polygenic Risk Scores on Diverse Ancestries and Within Families
32961,1;7;15,FA1;FA2;FA8,3,0,Women's Health
32954,5,FA1;FA8,2,0,Genetics of Von Hippel Lindau syndrome
32953,1;7;12,FA1;FA7;FA8,3,0,pso_fitbit_01
31989,2,FA8,1,0,HHT v8(Clesson)
32908,2,FA8,1,0,Exploring Genetic Variation Associated with Weight Loss
32951,5;18,FA1;FA7;FA8,3,0,Duplicate of cataract and chemo
32950,2;3;6;7,FA7;FA8,2,0,Duplicate of Sleep PheWAS RTv7 Community Workspace
26959,3;6;7,FA7,1,0,trash
32942,1;2;6;18,FA1;FA7;FA8,3,0,Development of a Novel Genetic Diabetic Retinopathy Risk Stratification Model
22065,6;10,FA1;FA4;FA7;FA8,4,0,Postdoc
28612,2,FA8,1,0,Kember Lab
23212,1;2,FA1;FA8,2,0,PASK and T2D
27130,2,FA8,1,0,Anemia and WA Ancestry
32742,3;4,FA1;FA5,2,0,Analyzing All of Us Data for Drug Addiction Research Challenge
32936,2;5,FA1;FA8,2,0,Resilience GWAS to find protective variants for prostate and colorectal cancer
32935,1;18,FA1;FA7;FA8,3,0,Diabetic Retinopathy Cohort Study#2
32931,3;4,FA1;FA5,2,0,Duplicate of Analyzing All of Us Data for Drug Addiction Research Challenge
32930,1;2,FA1;FA8,2,0,HFpEF-Cohort
32929,,,0,1,Duplicate of Meth and metals
26314,3;5;6,FA1;FA7;FA8,3,0,Duplicate of Genotypes - Cancer - controlledv8
32753,1;4;6;7,FA1;FA5;FA7;FA8,4,0,SDOH impacting physical activity in rural and urban communities
9247,2;3,FA8,1,0,multimodal-gwas-v7
25604,2;3,FA8,1,0,multimodal-gwas-v8
32925,2;6;12;13;18,FA1;FA7;FA8,3,0,Genetic etiology of allergic march
32924,4,FA1;FA5,2,0,SI to SA
32918,2;3;5;6,FA1;FA7;FA8,3,0,CLAN18 characterization in Gastric Cancer
32917,2,FA8,1,0,global_ancestry_projection
8453,1;2;13;14,FA1;FA8,2,0,OSA PRS
32916,5;6,FA1;FA7;FA8,3,0,Racial Disparities im Healthcare by Older Patients with PCA
32432,4;5,FA1;FA5;FA8,3,0,Mental health prevalence rates across cancer diagnostic groups
32915,9;15,FA1;FA2,2,0,IBD + Endometriosis
32914,4;7,FA1;FA5,2,0,Inflammation and Depression
32493,1;2,FA1;FA8,2,0,Autism Spectrum Disorder (ASD)
26086,6,FA7,1,0,selection_bias_cdr8
32913,6;7;14,FA1;FA7,2,0,Amyotrophic Lateral Sclerosis (ALS) study
12372,1;2,FA1;FA8,2,0,blood phenotypes and CH USA
32422,3,,0,1,Explore EHR
31491,2,FA8,1,0,PTOA_AoU_Osteoarthritis_2025_v8_GWAS
32906,15,FA2,1,0,Endometriosis/Infertility & Cilia
32722,3;4;7,FA1;FA5,2,0,NIH NIDA Challenge
32848,,,0,1,RBM20
26716,2,FA8,1,0,Understanding the genetic architecture of complex diseases
32905,4,FA1;FA5,2,0,Polysubstance opioid use
32903,,,0,1,Titin_August2025
32901,2,FA8,1,0,Gabapentin-CPP-Females-controlled
27467,1;2,FA1;FA8,2,0,Cardiomyopathy Multi-omics V8
32899,2,FA8,1,0,Gabapentin-CPP-Females
32160,4,FA1;FA5,2,0,Associations between Cognitive Tasks and Opioid Use in the All of Us
32895,1;2;5,FA1;FA8,2,0,Associations of Obesity and Genetics with AIMSS
32894,2;3,FA8,1,0,fedgene3
32892,3;4,FA1;FA5,2,0,All Of Us Opioid Data
28294,9,FA1,1,0,COVID + Autoimmune Disease
32889,12,FA1;FA7,2,0,Inflammatory skin disease and IPV
32888,,,0,1,Current Status Project
32886,1;3;5;6;15,FA1;FA2;FA7;FA8,4,0,Duplicate of Defining co-occurring SDoH endometrial cancer disparities
12842,2,FA8,1,0,CAC Requests
11257,1;2,FA1;FA8,2,0,TTR and amyloidosis v1
32884,1;3,FA1;FA8,2,0,(YK) Bleeding Risk Prediction in DOAC+AF
32883,6,FA7,1,0,Research Exploration
32882,3;4,FA1;FA5,2,0,vaibav_opoid_data_hail
32881,1,FA1;FA8,2,0,Validation of insulin sensitivity and fat mass
32878,1,FA1;FA8,2,0,Duplicate of FI Renal Controlled Tier
32877,1;7;14,FA1;FA8,2,0,"Variability in Physical activity, and fatigue in healthy and stroke participants"
22134,1;2,FA1;FA8,2,0,Cardiomyopathies
32874,9,FA1,1,0,Duplicate of COVID + Autoimmune Disease
32871,4;6;8,FA1;FA5;FA7,3,0,Hepatitis C treatment and substance use
32870,3,,0,1,V8 Patient phenotyping for All of Us
32865,4;8,FA1;FA5,2,0,Substance use disorder and HIV
31284,2;3,FA8,1,0,Rel v8 Phenotypic Consequences of Elastin Related Genes
32864,7;12,FA1;FA7,2,0,Physical Activity and HS
32028,,,0,1,Multi-trait Association Testing in AoU
32823,6,FA7,1,0,AoU NIDA Challenge - V8
28941,2;5;6;12,FA1;FA7;FA8,3,0,LC_PRS_v8
32858,12,FA1;FA7,2,0,Steroid-induced avascular necrosis
32857,10,FA1;FA4;FA8,3,0,Sequelae of basophilia
32856,5,FA1;FA8,2,0,Duplicate of Military and Cancer
32169,2;3,FA8,1,0,AllByAll
32854,2;3,FA8,1,0,Cardio-Kidney-Metabolic (CKM)
32852,2;6;7;11;13,FA1;FA3;FA7;FA8,4,0,APOE Genotypes Sleep outcomes
18913,2;9,FA1;FA8,2,0,MS GWAS/PheWAS2_v7
30091,1;5,FA1;FA8,2,0,BRCA1/2 Morbidity Project
26876,2;5,FA1;FA8,2,0,8q24 African Ancestry Prostate Cancer
32850,2,FA8,1,0,Neurogenetics_of_Addiction
25771,2;4,FA1;FA5;FA8,3,0,Workspace-v8-0205
32843,1;3;14,FA1;FA8,2,0,Duplicate of CVD prediction
32840,,,0,1,Exploratory_Project
32841,9;12,FA1;FA7,2,0,AVN_1
32807,1;3;9;12,FA1;FA7;FA8,3,0,Cardiovascular Risk Prediction in Autoimmune Disease
32838,2;18,FA1;FA7;FA8,3,0,Retinal Disease Variants
30059,3;4;6;9,FA1;FA5;FA7,3,0,Ophthalmic Conditions and Psychosocial Outcomes
32786,1;2;3,FA1;FA8,2,0,EHR_Supplement
32835,1;2;6,FA1;FA7;FA8,3,0,Duplicate of TTR_rs76992529_Clincal_characteristics_and _association
21351,2;7,FA8,1,0,Sleep Outcomes and Geographical Locations
32834,2;6;11,FA1;FA3;FA7;FA8,4,0,Genetic
32833,3;6;18,FA1;FA7,2,0,SDoH Meniere's Disease
31659,2;7,FA8,1,0,Duplicate of Clean v8 Sleep Outcomes and Geographical Locations
32832,3,,0,1,psu_test
29785,2;7,FA8,1,0,Clean v8 Sleep Outcomes and Geographical Locations
32831,6,FA7,1,0,Neighborhoods and CKMS
32830,6;18,FA1;FA7,2,0,Hearing loss dataset
32829,,,0,1,Health Behaviors and Medical Interventions
32826,4,FA1;FA5,2,0,Drug Addiction and Hyperphagia
32820,5,FA1;FA8,2,0,Duplicate of Association between lifestyle and oral cavity cancer
27234,1;2;5,FA1;FA8,2,0,Duplicate of Integrated risk score models for human traits and disease v8
32818,9,FA1,1,0,Autoimmunity and Immunodeficiency
32817,2,FA8,1,0,SQH-How to Work with All of Us Genomic Data (Hail - Plink)(v8)
31462,6;16,FA4;FA7;FA8,3,0,Warfarin Analyses with the PGx Feedback Engine - V8
32811,4,FA1;FA5,2,0,unlockinginsights_datachallenge
30308,1;4;6,FA1;FA5;FA7;FA8,4,0,Revision lumbar discectomy or fusion
32643,1;2;3;6,FA1;FA7;FA8,3,0,Duplicate of Phenome-wide association study of Sleep deprivation
31143,1;2;4,FA1;FA5;FA8,3,0,Genetic and Cardiovascular Risk in MDD
25142,3;6;7;15,FA2;FA7,2,0,Dup (V6 data) Female reproductive disorders across diverse patient populations
28649,7;13,FA1,1,0,Metabolic flexibility and circadian rhythms
32645,1;2;3,FA1;FA8,2,0,Duplicate of PheWAS mitochondrial dynamics
30655,1;14,FA1;FA8,2,0,Triggered AF
32677,3;4,FA1;FA5,2,0,Drug Addiction Research Challenge
24220,1;3;11,FA1;FA3;FA8,3,0,Baseline_models_for_data_challenge
30974,2,FA8,1,0,Aaron_CDR8 Identifying targets for new medicines using genetics and health data
32805,7,,0,1,Gastroparesis and Functional Dyspepsia
32804,3,,0,1,My research
32803,1;2;3;4;6,FA1;FA5;FA7;FA8,4,0,SDOH and Genetic Risk for VTE in All of Us
32802,,,0,1,Assessing the effect of diuretics on the risk of dental caries
32801,5;9,FA1;FA8,2,0,Duplicate of AoU_tutorial
32800,4;9;12,FA1;FA5;FA7,3,0,Ulcerative Colitis & Erythema Nodosum Exacerbation
32799,1;3;4;7,FA1;FA5;FA8,3,0,cardiac-health-depression-wearables
32798,5;7,FA1;FA8,2,0,Duplicate of Fitbit data and urological cancer outcomes
32797,4,FA1;FA5,2,0,Joint Pain
32796,3;6;12,FA1;FA7,2,0,Vitiligo
13732,3,,0,1,AoU to IPM Claims Analysis
31085,1;3,FA1;FA8,2,0,Predicting DVT and PE
32795,3,,0,1,Patient Access Dimensions
32689,2,FA8,1,0,Duplicate of DaSAW Weighted GWAS-PheWAS (CT) V8
29343,1,FA1;FA8,2,0,Blood Pressure
32792,4,FA1;FA5,2,0,Drug Addiction
26380,1;2;11,FA1;FA3;FA8,3,0,Alzheimer's Disease Gene-Environment Relationship (v8)
29762,3;5;6,FA1;FA7;FA8,3,0,20250508 Genetic testing utilization in nephrology
28836,11,FA1;FA3,2,0,Hormonal Medications and Alzheimer's Disease Risk
32788,6,FA7,1,0,Caregiving_invisible disabilites
21360,2;4,FA1;FA5;FA8,3,0,PGC CNV Project
32779,3;11,FA1;FA3,2,0,Exploring Factors Related to Dysphagia and AD/PD
32781,3;6,FA7,1,0,Utilization+EMR
32777,2;5,FA1;FA8,2,0,Bsun_PCa_germline_WGS_test
21209,1;2,FA1;FA8,2,0,Cardiomegaly exploration
28991,2,FA8,1,0,Early Check T1D v8
32776,,,0,1,Gene test
25015,2;3,FA8,1,0,Loeys-Dietz CAC/RPC
30160,2,FA8,1,0,Genetic modifiers of neurodivergence phenotypes
32775,9;13,FA1,1,0,Bronchiectasis
22636,2,FA8,1,0,outcome_extraction_PdD
17792,4;6;11,FA1;FA3;FA5;FA7,4,0,"Dysphagia and Cognition, Social Support, Mental Health"
4571,11;18,FA1;FA3;FA7,3,0,Hearing Loss and Cognition
30340,1;2,FA1;FA8,2,0,C Investigation of genetic variation underlying real-world weight loss
32773,1;5;7,FA1;FA8,2,0,Physical Activity and Sleep
32564,2,FA8,1,0,Whole-genome sequence analyses for anthoropometric traits
32771,2;3;5;6,FA1;FA7;FA8,3,0,Duplicate of Internship - Lung Cancer (Genomics)
32770,12,FA1;FA7,2,0,Radiation Dermatitis and Connective Tissue Diseases
32767,2;6;11,FA1;FA3;FA7;FA8,4,0,JYP_250812
32762,3;11,FA1;FA3,2,0,Dementia
32761,3;7,,0,1,FitBit Missingness and Acute Events
32760,5;7,FA1;FA8,2,0,Fitbit data and urological cancer outcomes
25477,2;18,FA1;FA7;FA8,3,0,Duplicate of Glaucoma genetic analyses_V8
32759,1;2,FA1;FA8,2,0,T2D complications GWAS
7475,1;2;3,FA1;FA8,2,0,PheWAS mitochondrial dynamics
20067,1,FA1;FA8,2,0,glp1 agonists
32758,3;5,FA1;FA8,2,0,Breast Cancer_ Omics
11243,5,FA1;FA8,2,0,Duplicate of Cancer healthcare utilization
7314,5,FA1;FA8,2,0,Cancer healthcare utilization
32757,,,0,1,POL-III-Genes-Analysis
32756,4,FA1;FA5,2,0,"Interaction between age of AUD Diagnosis, Exercise and Health Outcomes"
31867,1;2;3;15,FA1;FA2;FA8,3,0,Preeclampsia V7
32752,2,FA8,1,0,Exploring the contribution of complex genomic variation to fibrosis risk
16819,2;5,FA1;FA8,2,0,DFCI_G2C_intake_qc
32749,1;13;14,FA1;FA8,2,0,OSA and CMD shared genetics
32747,3;8,FA1,1,0,Determinants of recovery after sepsis and acute respiratory failure
30388,7;13,FA1,1,0,FitbitLLM
32743,2,FA8,1,0,SparseGRM for srWGS v8
28281,2;3;6,FA7;FA8,2,0,Medical Phenome of Speech and Language Problems and Disorders - Dataset v8
25461,1;2,FA1;FA8,2,0,GWAS for cardiac disease V8
32740,2,FA8,1,0,Export Common Variants for srWGS v8
32736,2;9;15,FA1;FA2;FA8,3,0,Lloyd Uterine Fibroid Study
32613,5,FA1;FA8,2,0,Military and Cancer
15572,10,FA1;FA4;FA8,3,0,Immunogenetic determinants in bone marrow diseases
32734,5;6,FA1;FA7;FA8,3,0,Sociodemographic Disparities in Cancer Screening
32733,6;9;12;18,FA1;FA7,2,0,Association of Psoriasis and Ocular Inflammatory Conditions
24307,2,FA8,1,0,Clinical Insomnia_3
29626,2,FA8,1,0,Clinical Insomnia_4_v8
29480,2,FA8,1,0,IA_2025_run2
32729,5;12,FA1;FA7;FA8,3,0,Duplicate of Skin Cancer in Solid Organ Transplant Recipients of Skin of Color
32727,1;5,FA1;FA8,2,0,cirrhosis and hcc
29082,1;2,FA1;FA8,2,0,GxE Replication for Cardiovascular traits
32726,2;4,FA1;FA5;FA8,3,0,genetic contribution to alcohol use disorder
32725,2;3;5;6,FA1;FA7;FA8,3,0,Colorectal Cancer African American Population
31167,1;3,FA1;FA8,2,0,Cardiovascular Disease Risk Model
32713,4;7,FA1;FA5,2,0,Duplicate of Allostatic Load relationships with common measures V.8
14837,8;18,FA1;FA7,2,0,COVID-19 Anosmia ML Analysis
32719,1;2,FA1;FA8,2,0,ECG GWAS
32717,2;4;10,FA1;FA4;FA5;FA8,4,0,Duplicate of TandemRepeats_SCZ
26544,2,FA8,1,0,IPF
32715,1;2;15,FA1;FA2;FA8,3,0,Duplicate of Reproductive and Metabolic Subtypes of PCOS v8
32714,2,FA8,1,0,Duplicate of RMS How to Work with AllofUs Genomic Data (Hail - Plink)(v7)
27953,2;4,FA1;FA5;FA8,3,0,Mood disorder dimensionality (v8)
32451,2,FA8,1,0,Pterygium GWAS
32711,1,FA1;FA8,2,0,Patterns in CGM
32710,1;2;3;15,FA1;FA2;FA8,3,0,Thoracic Aortic Aneurysm
27985,2;15,FA2;FA8,2,0,ULpredisposition (CTDv8)
32708,18,FA1;FA7,2,0,allergy testing
30438,5;12,FA1;FA7;FA8,3,0,Preventing Skin Cancer in Immunocompromised
32705,2;3;8,FA1;FA8,2,0,EBV DNA PheWAS V7
14925,2;3;8,FA1;FA8,2,0,EBV DNA PheWAS V7 old
32704,6;12,FA1;FA7,2,0,HS and Education Analysis (v8)
32698,3;6,FA7,1,0,Sun Safety Project
32695,,,0,1,Evaluating the Impact of NSAIDs on Periodontitis
32694,4,FA1;FA5,2,0,Substance use
23272,11,FA1;FA3,2,0,Dementia and AMD
32693,,,0,1,Inflammatory Skin Diseases Reg
32692,,,0,1,Inflammatory Skin Diseases
32686,2;3;10;17,FA1;FA4;FA7;FA8,4,0,Pompe Disease
32228,2;3;10;17,FA1;FA4;FA7;FA8,4,0,Glycogen Storage Disease II
31804,2,FA8,1,0,Test_Nucleus_PRS
25952,1;2,FA1;FA8,2,0,MI cohort
32684,6;11,FA1;FA3;FA7,3,0,dementia burden and treatment in rural residents
31975,5,FA1;FA8,2,0,Head and neck cancer genes
32680,3,,0,1,EHR Data
32679,2;3;8,FA1;FA8,2,0,EBV DNA PheWAS
27956,11,FA1;FA3,2,0,"V8 Genetic variation, mitochondrial microproteins, aging health and disease"
32676,3;7,,0,1,Neuro Projects
31501,1;2;5,FA1;FA8,2,0,AL- Blood Cancer Controlled Tier
32672,18,FA1;FA7,2,0,cacna2d1 & Cacnad1
18673,2,FA8,1,0,sTWAS
26100,2,FA8,1,0,v8_med_tok
32671,11,FA1;FA3,2,0,Duplicate of Pascoal Lab v8 - ADHD
32108,4,FA1;FA5,2,0,Up on EHS Controlled
28573,2,FA8,1,0,Investigating Multiethnic Polygenic Risk Scores (PRS) Attempt 2
32666,2,FA8,1,0,VIralSearch
32561,7;9,FA1,1,0,Autoimmune_Fitbit
32665,2;9,FA1;FA8,2,0,XIST in Sex-Biased Autoimmune Disease
29760,,,0,1,Genetics of chronic disease - controlled tier
19520,4;6;13;15,FA1;FA2;FA5;FA7,4,0,Exploring Preterm Birth Health Disparities
32663,1,FA1;FA8,2,0,ML model for cardiovascular desease prediction
27899,2;13,FA1;FA8,2,0,Asthma GWAS - V8
29319,3;9,FA1,1,0,Oral Health & Autoimmune Diseases
29161,1;2;3,FA1;FA8,2,0,GIMAP6 V65I
32658,2;3;5;14,FA1;FA8,2,0,Chemo
32655,2;3,FA8,1,0,Ver_7_AUD
32652,5;6,FA1;FA7;FA8,3,0,V8 Breast Cancer in African American and Caucasian Women - Layja Grant
23649,5;6,FA1;FA7;FA8,3,0,Breast Cancer in African American Women
32246,5;10,FA1;FA4;FA8,3,0,Effects of Sickle Cell Disease on Breast Cancer Patients 24-Jul-2025
31827,1;3;6,FA1;FA7;FA8,3,0,Food Insecurity Prevalence among Disaggregated Asian American Groups
32647,3,,0,1,Benchmarking Models for Clinical Prediction Using OMOP-Formatted EHR Data
32646,5;15,FA1;FA2;FA8,3,0,IFN Lambda Variants and Uterine Cancer
27541,,,0,1,Propensity Prediction
32644,,,0,1,HD Modifier Haplotypes from Longread Sequencing
32582,2;3,FA8,1,0,Functional Evidence Validation Pilot
18631,,,0,1,temp temp
32640,3;7;11,FA1;FA3,2,0,Duplicate of Aging prediction in v8
32639,,,0,1,Create Graphs Control
25443,2;6,FA7;FA8,2,0,gnomAD v5 production
32638,4;15,FA1;FA2;FA5,3,0,Hormones and Mood Disroders
32637,2,FA8,1,0,HAIL analysis
31910,2,FA8,1,0,Create_Nucleus_PRS
32636,1;2;4;11,FA1;FA3;FA5;FA8,4,0,Gene-Environment Interactions in Alzheimer’s Disease-v8
27946,1,FA1;FA8,2,0,Metabolic Syndrome in SCI
32635,,,0,1,AD TRIM11
32634,2;11,FA1;FA3;FA8,3,0,Duplicate of SVs
32632,13,FA1,1,0,Pollution-Linked Metabolomics: Identifying Pathways of Risk and Protection
32631,2;3,FA8,1,0,Genomic Foundation Models
32628,5,FA1;FA8,2,0,Shared Lung Cancer v8
32430,1;2;4,FA1;FA5;FA8,3,0,Genetics of long term conditions v8 (Leicester billing)
32627,2,FA8,1,0,workspace_03_v8
32525,2;10,FA1;FA4;FA8,3,0,Investigating the interplay between common and rare variation on complex traits
32626,3;5,FA1;FA8,2,0,Predicting Immunotherapy Response in Triple-Negative Breast Cancer
32619,2;7,FA8,1,0,Duplicate of Sleep Genomics and Activity
32172,15,FA2,1,0,Pregnancy and postpartum v8
32616,,,0,1,CLPTM1 disease status
32615,1;2;6;15,FA1;FA2;FA7;FA8,4,0,ROOTED: Rural-Urban Outcomes of Obstetric Trends & Environmental Data
31412,2;3;9,FA1;FA8,2,0,SLE Driver
32445,3;14;18,FA1;FA7,2,0,vestibular disorders
32197,1;3;4,FA1;FA5;FA8,3,0,GLP-1 Receptor Agonists and Substance Use Disorder Outcomes
16851,3;6;11,FA1;FA3;FA7,3,0,Sleeping Disease and Alzheimer's Disease 1
32609,2;3;15,FA2;FA8,2,0,Genomics Of Pregnancy Loss
27380,3;7,,0,1,Early-onset Cancers V8
32606,1;2;3;6;13;14,FA1;FA7;FA8,3,0,Calcium Signaling PheGWAS
29670,1;5;6,FA1;FA7;FA8,3,0,Biomarkers in Prostate Cancer
21868,2;4;6,FA1;FA5;FA7;FA8,4,0,"Neighborhood Dimensions, FKBP5 variants, and Psychiatric Disorders"
32604,12;13;18,FA1;FA7,2,0,biologics v7
32603,2;5;18,FA1;FA7;FA8,3,0,Genetics of Chronic Rhinosinusitis - Controlled
15984,1;4;6;14,FA1;FA5;FA7;FA8,4,0,Allostatic Load and Chronic Diseases
31366,5;6;11,FA1;FA3;FA7;FA8,4,0,Determinants of prostate cancer overscreening
27348,4,FA1;FA5,2,0,Cannabinoid Hyperemesis Syndrome
30691,2;6,FA7;FA8,2,0,Identifying DMPK Expansions in WGS Data
32596,,,0,1,Leveraging human genetics to validate RNAi therapeutic targets
32111,2;7,FA8,1,0,Duplicate of Sleep Stage Genomics
31554,4,FA1;FA5,2,0,Duplicate of Cannabinoid Hyperemesis Syndrome
32384,2;10,FA1;FA4;FA8,3,0,Duplicate of long-read seq control set
30591,1,FA1;FA8,2,0,GLP-1 adherence and persistence
31298,1;7;14,FA1;FA8,2,0,GLP-1 and Physical Activity
32590,6,FA7,1,0,English Language Proficiency and Post-Surgical Outcomes
27815,4;6,FA1;FA5;FA7,3,0,K01 Aim 1: Black Adults w/Chronic Pain
28683,2;5,FA1;FA8,2,0,Pca SNP Analysis
31118,,,0,1,G-prof-Enrichment
31663,1;3,FA1;FA8,2,0,Diabetes control and SDoH
32583,3;5;6,FA1;FA7;FA8,3,0,Head and Neck Cancer Project
32581,1;11;14,FA1;FA3;FA8,3,0,BMRE_CVD
32580,1,FA1;FA8,2,0,Safety and Efficacy of DOACs
32578,3;5;6,FA1;FA7;FA8,3,0,CRC Study
28362,2;3,FA8,1,0,Duplicate Workshop v2: Intro to All of Us Genomics Data
32573,7;18,FA1;FA7,2,0,Glaucoma
31522,2,FA8,1,0,edQTL
32572,5;12,FA1;FA7;FA8,3,0,Extramammary Paget's Disease
29027,3;4;6;15,FA1;FA2;FA5;FA7,4,0,Predicting Undiagnosed  PTSD
32128,1;6;15,FA1;FA2;FA7;FA8,4,0,Triple i - Preeclampsia and SDOH
25368,2;8,FA1;FA8,2,0,PF4/Heparin Antibody GWAS/NN
32569,1;7;14,FA1;FA8,2,0,Physical Activity
28160,2,FA8,1,0,PRIMED_PRSmix_legacy_project
32542,2;6;18,FA1;FA7;FA8,3,0,Duplicate of Duplicate of Age related cataract
32562,1;2;6,FA1;FA7;FA8,3,0,admixObesity
32556,2,FA8,1,0,Genotype First
26060,4;6,FA1;FA5;FA7,3,0,Duplicate of Differences in AUD Utilization (V8)
29113,5;10,FA1;FA4;FA8,3,0,Duplicate of v8_Germline mutations in cancer susceptibility genes - Working WS
32552,1;3;6;14,FA1;FA7;FA8,3,0,Social Determinants of Health and Cardiovascular Disease
32551,2;3,FA8,1,0,Try new identifying variants associated with traits- v8
32464,1;2;6,FA1;FA7;FA8,3,0,PNPLA3 SNP
20270,2;5,FA1;FA8,2,0,Prostate
32550,6;9,FA1;FA7,2,0,Access to Rheumatology Care
32547,1;6,FA1;FA7;FA8,3,0,Hispanic Cardiovascular Risk in Rural Settings
27389,1;2,FA1;FA8,2,0,Sex_Stratified_BP_PRS_Analysis_And_Interaction_v8
3237,1;2;14,FA1;FA8,2,0,Blood Pressure Polygenic Risk Score
14523,1;2;14,FA1;FA8,2,0,BP_PRS_UPDATED
25595,1;2;6,FA1;FA7;FA8,3,0,TTR_rs76992529_Clincal_characteristics_and _association_v8
29435,1;2;6,FA1;FA7;FA8,3,0,TTR_rs76992529_Clincal_characteristics_and _association_v8_v1
29925,2,FA8,1,0,Aaron - All by All - Lab Measurements Phenotypes Curation
32546,1;2;3,FA1;FA8,2,0,ASCVD PRS v PCE David
31572,3;10,FA1;FA4;FA8,3,0,Neurofibromatosis 1 and @
32032,13,FA1,1,0,Allergic vs. Non-allergic Asthma Epidemiology
9330,4,FA1;FA5,2,0,"v7 Genetics, social environment, and depression research"
25860,2,FA8,1,0,AoU_Osteoarthritis_2024_CC_V8
32543,5;7,FA1;FA8,2,0,Glioblastoma Outcomes
32540,5;6,FA1;FA7;FA8,3,0,MAIHDA models and an application to cancer epidemiology
32538,3;9,FA1,1,0,Ulcerative Colitis Sibling Study
28904,1;6;14,FA1;FA7;FA8,3,0,Recurrent Stroke - Sandbox
28888,1,FA1;FA8,2,0,CH Calling for v8
31743,4;7,FA1;FA5,2,0,Allostatic Load relationships with common measures V.8
32534,5,FA1;FA8,2,0,Mucosal Melanoma
30356,2,FA8,1,0,rv_association
29458,11,FA1;FA3,2,0,med_project_v8
32530,1;2;5,FA1;FA8,2,0,Predicting EOCRC: Trans-Ancestry PRS and Lifestyle Interactions
30915,6,FA7,1,0,HPV related cancers Epidemiology
32527,1;6,FA1;FA7;FA8,3,0,Duplicate of ComputerCraft Capstone Project
28319,2,FA8,1,0,Bronchiectasis GWAS validation
28226,2,FA8,1,0,AOU_PAD_for_Alyssa_Version8
31788,2,FA8,1,0,Duplicate of Mooreforall
32523,2,FA8,1,0,RL4MR
27931,1;2,FA1;FA8,2,0,Statin NODM
23002,4;6,FA1;FA5;FA7,3,0,Social Determinants of Health in Laryngological Disorders
32519,6;9;12,FA1;FA7,2,0,Bullous Pemphigoid Underdiagnosis
25520,5,FA1;FA8,2,0,V8 Prostate ADT
32514,3;6;13,FA1;FA7,2,0,OSA Project
32513,3;4;6;18,FA1;FA5;FA7,3,0,Hearing Loss Project
32512,7;12,FA1;FA7,2,0,Sleep and HS
32510,1;8,FA1;FA8,2,0,Sepsis-Induced Cardiac Injury
28481,2;3,FA8,1,0,Quebec Population Chronic Diseases Prediction and Prevention
32494,4;6,FA1;FA5;FA7,3,0,Understanding Nicotine Dependence and Quit Intentions
32505,,,0,1,Secondary Analysis of Resiliency Levels
32498,4;7,FA1;FA5,2,0,Digital Phenotype
32497,,,0,1,PHOX2B variants
32495,6;12,FA1;FA7,2,0,Treatment Disparities
23642,3;5;6,FA1;FA7;FA8,3,0,Healthcare utilization in women diagnosed with cervical cancer
32492,3;4;7,FA1;FA5,2,0,"Sleep, cognitive functions, and substance use disorder"
32489,2;3;12,FA1;FA7;FA8,3,0,COSMAX skin disorder project
27912,1;3;7,FA1;FA8,2,0,Sleep Fitbit Data Exploration
29283,2;10,FA1;FA4;FA8,3,0,long-read seq control set
32485,3;5,FA1;FA8,2,0,Cancer
25734,2,FA8,1,0,Biobank exploratory metaanalysis CDR v8
32484,1;3;6,FA1;FA7;FA8,3,0,SDOH and US imaging frequency in cirrhosis patients
32483,1;2;5,FA1;FA8,2,0,Dummy workspace
8312,1;2;6,FA1;FA7;FA8,3,0,PREVENTv7
30108,3;6;7;11,FA1;FA3;FA7,3,0,Functional relationship  on activity patterns in PD
28589,6;15,FA2;FA7,2,0,Pregnancy Health Equity
31926,3;4,FA1;FA5,2,0,pain phenotype exploratory data analysis
27312,1;2;6,FA1;FA7;FA8,3,0,PREVENTv8
32479,4,FA1;FA5,2,0,Prenatal stress and drug/substance abuse
32478,1;2;5,FA1;FA8,2,0,Duplicate of GWAS of Cancer and Cardiovascular outcomes
32182,1;2,FA1;FA8,2,0,MASLD_V8
32476,1;2;4;11;14,FA1;FA3;FA5;FA8,4,0,Response to exercise
8937,4;16,FA1;FA4;FA5;FA8,4,0,Patterns of Antidepressant Use Across CYP2C19 Genotypes
25701,1;2,FA1;FA8,2,0,hcm-cdr8
32471,2;18,FA1;FA7;FA8,3,0,TAS2R38 Haplotypes and Chronic Rhinosinusitis Susceptibility
32469,2;18,FA1;FA7;FA8,3,0,MUC5B Polymorphism rs35705950 and Chronic Rhinosinusitis Risk
32468,4;6,FA1;FA5;FA7,3,0,TripleEEEcontrolled
26411,6;7;19,FA6;FA7,2,0,Built Environment and Health
25996,1;6;7,FA1;FA7;FA8,3,0,Diabetes and SVI
32467,6;12,FA1;FA7,2,0,20250801-v8 CONTROLLED-DermatologicConditions
30231,6;12,FA1;FA7,2,0,20250520-v8 CONTROLLED-DermatologicConditions
32444,2,FA8,1,0,CACNA1C_VNTR_Analysis
32011,,,0,1,Attention Deficit Hyperactivity Disorder & Keratoconus
32461,5;6;8,FA1;FA7;FA8,3,0,oropharyngeal cancer
32459,2;3;11,FA1;FA3;FA8,3,0,RS2134545 and rs4366309
32457,6,FA7,1,0,Willamette Valley HPV study
32456,2;5,FA1;FA8,2,0,prsmix_training
32388,7,,0,1,"Sleep, Physical Activity, and IBS"
19338,1;3;6;13,FA1;FA7;FA8,3,0,Understanding Health Outcomes in Narcolepsy and Idiopathic Hypersomnia Patients
32452,12,FA1;FA7,2,0,Paller Project
32450,2;8,FA1;FA8,2,0,EBV GWAS
32448,3;6;12;13;18,FA1;FA7,2,0,Atopic March in Early-Onset AD
32446,2,FA8,1,0,KCNMA1 Variants
11393,8,FA1,1,0,HIV Generalizability to US National Statistics
27514,3,,0,1,HPV ICD
14306,5;9,FA1;FA8,2,0,Multi-model
32438,3;5;6,FA1;FA7;FA8,3,0,Breast and Cervical Cancer Screening Disparities in the U.S.
32441,,,0,1,vape
26409,2,FA8,1,0,Rare immune disease haplotypes (Dataset v8)
32440,2;3,FA8,1,0,Duplicate_AoUPRS: A Cost-Effective PRS Calculator
24836,2,FA8,1,0,PRS Calculation
28109,3;4;7,FA1;FA5,2,0,Predicting Persistent Post-Surgical Pain Using Fitbit Data and EHR
32437,,,0,1,v8.1 Data elements and quality
32080,,,0,1,Ostomy V8CT
32188,1;6,FA1;FA7;FA8,3,0,Association between severity of discrimination and level of hypertension
32187,1,FA1;FA8,2,0,AHA Simple Seven
32433,1;3;6,FA1;FA7;FA8,3,0,ASA24_Nutrition
32431,3;5;6,FA1;FA7;FA8,3,0,Biomarker testing patterns CDR 8
29320,5;6,FA1;FA7;FA8,3,0,Duplicate of Biomarker testing patterns
32426,2;3,FA8,1,0,Cohort Discovery
25533,2;5;6,FA1;FA7;FA8,3,0,v8_Prostate cancer genetics PRS&WGS
25460,1;2;3;4,FA1;FA5;FA8,3,0,v8 Problematic Alcohol Use and Psychiatric and Cardiometabolic Conditions 8
15150,1;2;3;4,FA1;FA5;FA8,3,0,021524 Problematic Alcohol Use and Psychiatric and Cardiometabolic Conditions 7
32424,,,0,1,integrative health
32123,9,FA1,1,0,Rheumatoid arthritis
31832,,,0,1,Hyperthyroidism
31153,,,0,1,hypothyroidism_controlled
32421,2;3,FA8,1,0,fedgene2
32420,2;15,FA2;FA8,2,0,Effect of sex in lung diseases and sleep
32419,4;18,FA1;FA5;FA7,3,0,ENT project
32418,6,FA7,1,0,Early Onset Diverticulitis
32417,6;12,FA1;FA7,2,0,20250730-v8 CONTROLLED-DermatologicConditions
32414,2,FA8,1,0,Unravelling the Clinical Phenome of Twinning
32415,5,FA1;FA8,2,0,Colorectal Cancer
32413,5,FA1;FA8,2,0,CRC TS2I
28600,1;2,FA1;FA8,2,0,T2D Control Genetics and Socioeconomics
32412,2,FA8,1,0,PheWAS SV
32209,3;9,FA1,1,0,FCRL3 variants
28222,2;4;11,FA1;FA3;FA5;FA8,4,0,cnv-profiling
32411,2,FA8,1,0,SECRET
32410,1;2;3,FA1;FA8,2,0,CAD_RiskSubgroupAnalysis
27586,5;6,FA1;FA7;FA8,3,0,psa_diabets
32405,,,0,1,Organ Failure for blunt trauma patients
19449,2;18,FA1;FA7;FA8,3,0,Age related cataract v7
25805,2;4,FA1;FA5;FA8,3,0,Duplicate of Genome-wide association study of stimulant use disorder_v8
32130,1;6,FA1;FA7;FA8,3,0,ComputerCraft Capstone Project
26276,4;6,FA1;FA5;FA7,3,0,Exploring the Impact of Social Determinants of Health on Substance Use
32403,4;7,FA1;FA5,2,0,CASAA - Substance Use
32402,1;3;6;18,FA1;FA7;FA8,3,0,MetS and Eye Disease
27998,2;3,FA8,1,0,Gilbert Syndrome
32399,2;10,FA1;FA4;FA8,3,0,V8_GATK-SV analysis HEDGE and AoU_2025.07.30
32329,,,0,1,Aging_factors
32398,1;2;3;6,FA1;FA7;FA8,3,0,CVD_RiskSubgroupAnalysis
32397,,,0,1,ADHD and DGBI
25431,11,FA1;FA3,2,0,V8 Mitochondrial genetic variation and aging-related disease
23826,,,0,1,Patient Trial Matching
31942,3;4,FA1;FA5,2,0,Advanced Spatial and Temporal Modelling for Insights into Substance Use Disorder
32394,2;3;14;17,FA1;FA4;FA7;FA8,4,0,Genetic variant-specific comorbidities in developmental delay patients
29661,1;2;5,FA1;FA8,2,0,V8 Integrated risk score models for human traits and disease
32230,1,FA1;FA8,2,0,Duplicate of Mutational signatures in leukemogenesis
32392,1;3;4;12,FA1;FA5;FA7;FA8,4,0,Inflammatory Skin Condition Comorbidity Study
28299,2;5;6;17,FA1;FA4;FA7;FA8,4,0,"V8 Interaction of EtOH Consumption, Candidate Gene, and Race on BRCA_vES"
32390,3;5,FA1;FA8,2,0,pdac
31734,2,FA8,1,0,CRC polygenic risk score
29688,1;2;10,FA1;FA4;FA8,3,0,Genetic risk in VTE - v8
32007,2;3,FA8,1,0,Parkinsons PRS
32387,2;3,FA8,1,0,fedgene_new
31292,2;3,FA8,1,0,FedGeneGen
32386,1,FA1;FA8,2,0,Obesity and Hospitalization
32383,2;6;7,FA7;FA8,2,0,physical activity and PRS score-controlled tier
32382,2;3,FA8,1,0,Genomic Data Analysis
28475,3;7,,0,1,Allostatic Load Controlled Tier Workspace
32174,2;3;4;6,FA1;FA5;FA7;FA8,4,0,SR_WGS_data
32379,3;6,FA7,1,0,National trends analysis-Registered
32378,1;2;7,FA1;FA8,2,0,Duplicate of Common metabolic disease genetic association analysis (v8) by Kevin
30856,2;3;4,FA1;FA5;FA8,3,0,v8 Cross-Disorder WGS Analysis of Psychiatric Disorders
15616,2;16,FA4;FA8,2,0,Estimating Local Ancestry in the AllofUs Cohort (v7)
32262,2;16,FA4;FA8,2,0,Duplicate of Estimating Local Ancestry in the AllofUs Cohort (v8)
32167,2,FA8,1,0,mental_disorders
25394,,,0,1,Exploratory Workspace for Feasibility Research [v8]
32374,2;11,FA1;FA3;FA8,3,0,Integrating genetics and metabolism in Parkinson’s disease
8409,1;2;5;6,FA1;FA7;FA8,3,0,Racial Disparities in Hepatocellular Carcinoma Risk and Mortality
24390,2,FA8,1,0,sTWAS_v2
31162,2;18,FA1;FA7;FA8,3,0,Menieres_disease_v8
23697,2,FA8,1,0,PheWAS BDNF
32363,3;6;8,FA1;FA7,2,0,Sepsis mortality and SDOH
32360,4;5;6,FA1;FA5;FA7;FA8,4,0,Social and Structural Determinants of Behavioral and Mental Health
32357,1;2;5,FA1;FA8,2,0,Effects of chemotherapy on cardiovascular risks
32349,2;10,FA1;FA4;FA8,3,0,val-ufc-gatk-sv-posthoc
14269,2,FA8,1,0,UFC_Allofus
12960,2,FA8,1,0,LipidsAOUdata_WithVersion7DataSets_NONCODING
32113,4;5;6,FA1;FA5;FA7;FA8,4,0,Sociodemographic analysis of chronic pain among different cancer types
32347,,,0,1,Surgical Outcomes of Psych Intervention in Craniofacial Surgery
32345,1;3,FA1;FA8,2,0,Test and learn workbench
32340,6,FA7,1,0,Disability Prevalence in AoU
32202,2,FA8,1,0,Duplicate of v8 release_414 WGS_Genomics tier_Feb 2025
32339,2,FA8,1,0,August2025
32338,2,FA8,1,0,MAS1 Disease Study
32335,,,0,1,Hail 296 genes
27196,1;2;15,FA1;FA2;FA8,3,0,Reproductive and Metabolic Subtypes of PCOS v8
32331,2;3,FA8,1,0,Aaron - All by All - PhecodeX Phenotypes Curation
5766,10,FA1;FA4;FA8,3,0,Pathogenic allele frequency - exploration
32323,1,FA1;FA8,2,0,Food Access and Cardiovascular Health
31496,1;2,FA1;FA8,2,0,Cholesterol Variant Analysis
32315,1,FA1;FA8,2,0,2025Diabetes prevelence
31148,4;15,FA1;FA2;FA5,3,0,Postpartum Depression Clinical Phenotype
32312,7,,0,1,Type 2 Diabetics and Exercise
31775,1;3;4;6,FA1;FA5;FA7;FA8,4,0,Effect Heterogeneity of Social Support and Loneliness on HTN Risk
32309,1;3;7,FA1;FA8,2,0,Physical Activity Prediction
32308,1;3;11,FA1;FA3;FA8,3,0,Therapeutic Identification
32306,6;9,FA1;FA7,2,0,Socioeconomic Status and Crohn's Disease Age of Diagnosis
32304,5,FA1;FA8,2,0,Brain Cancer
32303,2;3;5;10,FA1;FA4;FA8,3,0,Duplicate of Compare ancestry calibration methods for a CRC PRS
32301,5,FA1;FA8,2,0,Brain Cancer Study
32298,3;6;10,FA1;FA4;FA7;FA8,4,0,Huntington's Disease Risk & Demographics
29874,2;9,FA1;FA8,2,0,Celiac GWAS
23414,1,FA1;FA8,2,0,Salivary Stones Study
32294,,,0,1,Genetics Research Project
32288,1;2,FA1;FA8,2,0,MI cohort_Kang
32287,1;2,FA1;FA8,2,0,MI cohort_Chen
26532,2;3,FA8,1,0,Perform Phenome-wide Association Study
32067,1,FA1;FA8,2,0,Effect of antidiabetic medication for Liver disease Progression
31578,2,FA8,1,0,hispanic_complex_traits
32280,2;4,FA1;FA5;FA8,3,0,Genomic Predictors of Antipsychotic Treatment Response
32279,,,0,1,Statistical analysis of clinical variants
28838,2,FA8,1,0,Investigating Multiethnic Polygenic Risk Scores (PRS) Attempt 4
17057,4;5;6,FA1;FA5;FA7;FA8,4,0,Social Determinants of Health and Smoking Behaviors
32278,1;6,FA1;FA7;FA8,3,0,Statin Myopathy Analyses with the PGx Feedback Engine - V8
28905,8,FA1,1,0,Infection(controlled old) - shingles - v8
30661,1;2,FA1;FA8,2,0,gene × sex interaction study of waist-to-hip ratio
32276,2,FA8,1,0,Clopidogrel Cohort Lookup
10354,2,FA8,1,0,AllofUs Project
25455,2,FA8,1,0,GxE Effects on Polygenic Score Transferability
32275,2,FA8,1,0,NR4A2-related neurodevelopmental disorder genomic analysis
32273,2;5,FA1;FA8,2,0,URS PAAD
32272,12,FA1;FA7,2,0,Urticaria Data Exploration
32271,2,FA8,1,0,NR4A2-related Neurodevelopmental disorders
32152,1;2;5;6;13,FA1;FA7;FA8,3,0,GWAS SDoH Adjustment
32270,8,FA1,1,0,Duplicate of Infection(controlled) - shingles - v8
32268,,,0,1,Stigma
32266,,,0,1,PSM research
32264,1;3;7,FA1;FA8,2,0,Heart Failure and Devices
32263,1;3,FA1;FA8,2,0,MELD/TIPS Validation
21298,8,FA1,1,0,Infection(controlled) - shingles
32260,1;2;3;6,FA1;FA7;FA8,3,0,Challenge
32258,1;3,FA1;FA8,2,0,FIRST
29256,4;6,FA1;FA5;FA7,3,0,Duplicate of Pilot_LD_WBv8
32254,1;2;4;7,FA1;FA5;FA8,3,0,Duplicate of Combining Mood with Activity and Genetics v8
28752,1;2;3;7;16,FA1;FA4;FA8,3,0,BMS_AoU
31565,3,,0,1,cca_risk_stratification
14399,1;2,FA1;FA8,2,0,Metabolic Dysfunction-Associated Steatotic Disease (MASLD)
32248,,,0,1,CSU Data Exploration
31569,5;6,FA1;FA7;FA8,3,0,V8 SDoH and Black Women in the Deep South
30648,2,FA8,1,0,polypharmacy genetics
32244,,,0,1,Cri du chat Syndrome
32243,12;13;18,FA1;FA7,2,0,biologics workspace
32240,8,FA1,1,0,Tuberculosis
32233,8,FA1,1,0,HLA KIR and diseases
31979,4;6;15,FA1;FA2;FA5;FA7,4,0,Postpartum Depression SDOH
28161,4;6;15,FA1;FA2;FA5;FA7,4,0,Opioid Use in Pregnancy
31724,1,FA1;FA8,2,0,MASLD and MASH
32232,2,FA8,1,0,Clopidogrel_Cohort_Test
30343,2,FA8,1,0,Download code: Version 8 PheWAS analysis for Tandem Repeat Expansions
26727,2,FA8,1,0,Version 8 PheWAS analysis for Tandem Repeat Expansions
32231,,,0,1,Identifying resilience factors for TUD
26041,1;3;6,FA1;FA7;FA8,3,0,Congenital Heart Disease Digital Health and Health Equity (C8)
27100,1;14,FA1;FA8,2,0,UM_RWG_Obesity
30079,1,FA1;FA8,2,0,Mutational signatures in leukemogenesis
32226,3;6;9,FA1;FA7,2,0,Prevalence of IBD Treatments
32224,2,FA8,1,0,Replication analysis PRS for Systemic Inflammation
31542,8;15,FA1;FA2,2,0,Tenofovir use and Pregnancy Outcomes
32222,4;6,FA1;FA5;FA7,3,0,V8_DD_Behavioral Health & Service Utilization Among Autistic Adults and Families
28648,1;2,FA1;FA8,2,0,T2DmetaPRS
31816,8;13,FA1,1,0,Asthma HLA
32215,1;2;4,FA1;FA5;FA8,3,0,Genetics of long term conditions v8
32212,1;12,FA1;FA7;FA8,3,0,The Association of Vitiligo with Cardiometabolic Diseases
32090,4;6;8,FA1;FA5;FA7,3,0,Mental Health Outcomes in LGBTQ+ Individuals
32211,1;16,FA1;FA4;FA8,3,0,Statin related myotoxicity(v8)
26114,7,,0,1,EHR_Wearable_RegisteredTier_v8_2025
22064,2;3;6,FA7;FA8,2,0,Cox Transfer Learning for Kidney Risk Scoring
20390,1;3;6,FA1;FA7;FA8,3,0,Renal Risk Assessment Initiative
32208,2;3,FA8,1,0,Duplicate of All by All - PhecodeX Phenotypes Curation
31591,2;3,FA8,1,0,Current Workspace: Intro to All of Us Genomics Data
32204,4,FA1;FA5,2,0,AMP Rx effect on SUD
25070,2;10,FA1;FA4;FA8,3,0,CASR Analysis
32033,2;4;6,FA1;FA5;FA7;FA8,4,0,Chronic pain & OUD v8
32203,1;3,FA1;FA8,2,0,GLP-1R cohort
25486,2;13;15,FA1;FA2;FA8,3,0,Menopause & Asthma Genomic Workspace
32201,1;3;15,FA1;FA2;FA8,3,0,v8_HRT
32200,2,FA8,1,0,Duplicate of Validate blood cell PGS
32199,3;6;18,FA1;FA7,2,0,"SDoH, Eye Care Access, and Blindness"
32198,2;3;9;12,FA1;FA7;FA8,3,0,Genetic Associations Between JAK3 Variants and Polygenic Risk of Alopecia Areata
27805,1;6;13,FA1;FA7;FA8,3,0,Health Care Disparities adults with cardiometabolic diseases (v8)
32195,3,,0,1,AI_for_RDs
25606,3;4,FA1;FA5,2,0,SUDs - CNV - dataset v8
28086,3;4,FA1;FA5,2,0,Duplicate of SUDs - CNV - dataset v8
32192,3;11,FA1;FA3,2,0,AD Drug Repurposing
32191,2;10,FA1;FA4;FA8,3,0,RB1 gene variant penetrance
32190,11,FA1;FA3,2,0,ADRD and Psychosis.
32189,2;11,FA1;FA3;FA8,3,0,Duplicate of v8 Alzheimer's Disease PRS
25629,2,FA8,1,0,v8 release_414 WGS_Genomics tier_Feb 2025
30569,2;5,FA1;FA8,2,0,Germline Immunoregulatory Variants and Breast Cancer Risk in Diverse Populations
32154,12,FA1;FA7,2,0,Subpopulation analysis of immune-mediated skin diseases
18010,2;5,FA1;FA8,2,0,GWAS_Hematuria
28792,2;4,FA1;FA5;FA8,3,0,GAPsLab
25597,18,FA1;FA7,2,0,Defining the genetic contribution of common variants to ARHL
24302,3;13,FA1,1,0,Shubham -  Asthma Attack Prediction: Machine Learning Approach
29543,1;8,FA1;FA8,2,0,HLA exploration project
32181,3;6,FA7,1,0,Lumbar Spine Stenosis SDOH
32180,2;5,FA1;FA8,2,0,EOCRC
32179,1;6,FA1;FA7;FA8,3,0,Food Deserts and Chronic Disease
32178,2;3;15,FA2;FA8,2,0,Pregnancy loss
28154,2;10,FA1;FA4;FA8,3,0,Understanding Rare Disease Genetics in All of Us Participants
30899,2;4,FA1;FA5;FA8,3,0,OCRD polygenic risk score
32173,3;4;7,FA1;FA5,2,0,MDD Early Detection
17074,1;12,FA1;FA7;FA8,3,0,Inflammatory Skin Diseases and Associated Conditions
7782,6;12,FA1;FA7,2,0,Barriers to Care for Patients with Chronic Skin Diseases and US Adults (v7-C)
32170,6,FA7,1,0,"IR Procedures (Angioplasty, Embolization, etc)"
32162,3;15,FA2,1,0,Duplicate of HIPPS_Complete_7_22
31294,2;5,FA1;FA8,2,0,rqi24
32159,6,FA7,1,0,Demographic and Health Disparities in Chronic Sinusitis
32052,4;8,FA1;FA5,2,0,Exploring factors associated with transitions in substance use
32158,15,FA2,1,0,Infertility cases
32157,3;6;15,FA2;FA7,2,0,Re-surgery rates in pelvic organ prolapse
32156,4,FA1;FA5,2,0,AUD treatment utilization after the ED
32153,,,0,1,Metabolic Acidosis Kidney Failure and Soft Tissue Calcification
27728,2;3;5,FA1;FA8,2,0,Duplicate of Genetic Ancestry and BC Response
32144,,,0,1,Histonopathy
32143,3;4;6,FA1;FA5;FA7,3,0,NSSI trajectory
32140,18,FA1;FA7,2,0,amd comorb
6788,15,FA2,1,0,Data Analysis Maternal Mortality Rate-V6
32136,3;5,FA1;FA8,2,0,EHR-LLM
32135,1,FA1;FA8,2,0,Duplicate of Variant Annotation Pipeline (Chahal Lab #1 )V8
32129,1;2,FA1;FA8,2,0,SV association study of clonal hematopoiesis
32127,4,FA1;FA5,2,0,Digital mental health and medications
32125,4;6,FA1;FA5;FA7,3,0,In-n-Outliers: Anderson Updated Verison of SGM and mental health
22903,4;6,FA1;FA5;FA7,3,0,Anderson Updated Verison of SGM and mental health
32120,2;4,FA1;FA5;FA8,3,0,Duplicate of spine_project
26400,1;7;8,FA1;FA8,2,0,(CDRv8) Leveraging wearables for secondary prevention
30905,1,FA1;FA8,2,0,aTRH
32118,,,0,1,CureVC_Data-Visualization
32117,11,FA1;FA3,2,0,Health Outcomes for Older Adults Across Sites
31475,5,FA1;FA8,2,0,"Survivorship, Community, Counseling, and Annual OBGYN Visits"
32116,,,0,1,biologics and acute bacterial sinusitis
32115,3,,0,1,QED Falls Prediction
31205,8,FA1,1,0,Old_Version 8 of Genetics of infections and sepsis
32114,8,FA1,1,0,Version 8 of Genetics of infections and sepsis_fengLab
32112,2;5,FA1;FA8,2,0,Germline Structural Variants and Cancer Risk
32070,1,FA1;FA8,2,0,GLP-1 incident user identification
32110,3,,0,1,QED ED Falls
32109,6,FA7,1,0,"Measurement Invariance in the Discrimination in Medical Settings Scale, V8"
31326,2;8,FA1;FA8,2,0,HLA haplotype in a diverse population
31848,4,FA1;FA5,2,0,HNC prolonged opioid
32096,3;5,FA1;FA8,2,0,TP53 HNC
32104,4;6,FA1;FA5;FA7,3,0,updated_LVSC_predictors_072125
26343,4;6,FA1;FA5;FA7,3,0,Duplicate of Exploration of the Health & Mental Health of Autistic SGM Adults
32103,2;3;4,FA1;FA5;FA8,3,0,Feasibility of Modeling Behavior and Genetic Risk Using EHR and Genomics
25532,2,FA8,1,0,v8 Genetic epidemiology of common cancers in US populations
32100,1;2,FA1;FA8,2,0,Association Analysis & Biobank Data Comparison
32099,5,FA1;FA8,2,0,Melanoma
32098,15,FA2,1,0,Future diseases after hyperemesis gravidarum V8
26175,3;7;11,FA1;FA3,2,0,Aging prediction in v8
31463,2,FA8,1,0,CureVC - How to Work with All of Us Genomic Data (Hail - Plink)(v8)
25570,4,FA1;FA5,2,0,Duplicate of Retrospective study -MH and QoL in HNC v8
32091,1;2,FA1;FA8,2,0,Chronic Kidney Disease (v7)
32089,6,FA7,1,0,Gyn Onc
32087,9,FA1,1,0,Dermatomyositis Prevalence
32086,18,FA1;FA7,2,0,workspace2
32082,1;4;9;12,FA1;FA5;FA7;FA8,4,0,Anshu_Epidemiology of Inflammatory Skin Conditions v7
32081,1;9;15,FA1;FA2;FA8,3,0,Pregnancy and GLP-1 RA
11626,,,0,1,DXA
32078,1;5;16,FA1;FA4;FA8,3,0,Adverse cardiovascular impact of Factor V Leiden and radiation treatment
32077,,,0,1,Osteoporosis
31707,1;4;9;12,FA1;FA5;FA7;FA8,4,0,DUPLICATE_Epidemiology of Inflammatory Skin Conditions v7
32076,3;4;6,FA1;FA5;FA7,3,0,Predicting Age of Diagnosis of Schizophrenia
32075,,,0,1,Zed Sleep
32071,,,0,1,workspace1
32069,1;3;5;6;8,FA1;FA7;FA8,3,0,HCC final draft
26556,1;6,FA1;FA7;FA8,3,0,[All by All] Cardiovascular-Kidney-Metabolic (CKM) Syndrome
32063,11,FA1;FA3,2,0,Frailty and Surgery
32060,4,FA1;FA5,2,0,EDA Drug Addiction
32057,3;5;6,FA1;FA7;FA8,3,0,GC Risk Prediction
32055,6;12,FA1;FA7,2,0,DELETE_toAccessOldData
17141,6;12,FA1;FA7,2,0,Research for Dermatologic Conditions and differences in management
32051,2;3;4;6,FA1;FA5;FA7;FA8,4,0,ALL_EHR_DATA_GEN
32049,1;3;11,FA1;FA3;FA8,3,0,A Data-Driven Classification of Aging-Related Diseases
32045,2;18,FA1;FA7;FA8,3,0,v8_hail
32044,5,FA1;FA8,2,0,Duplicate of Allostatic load and cancer basic assessment
32043,2,FA8,1,0,TR Variation Population References
15459,1;2;4;11,FA1;FA3;FA5;FA8,4,0,Gene-Environment Interactions in Alzheimer’s Disease
24776,1;11,FA1;FA3;FA8,3,0,kristin_med_2025
32040,5;10,FA1;FA4;FA8,3,0,Francesca_Working_v8_Germline mutations
27379,1,FA1;FA8,2,0,CHIP exploration
32034,4;11,FA1;FA3;FA5,3,0,DementiaLithium
23893,5,FA1;FA8,2,0,aou-cancer-germline
17714,1;3,FA1;FA8,2,0,CORE_Yale_Murugiah
12615,1;7,FA1;FA8,2,0,Duplicate of Fitbit Data and Cardiovascular Morbidity/Mortality
32030,5,FA1;FA8,2,0,aou-cancer-germline v8 pheno
32029,1;4;6,FA1;FA5;FA7;FA8,4,0,Todos Juntos Final
31124,3;5,FA1;FA8,2,0,Brain Tumor Workspace
30853,,,0,1,The Impact of RYR2 truncating variants
27487,1;2,FA1;FA8,2,0,Rare variants impact on Atrial FIbrillation
32022,5,FA1;FA8,2,0,Early-Onset Colorectal Cancer
30967,1;14,FA1;FA8,2,0,anticoagulant drugs v8
32020,1;2;3;15,FA1;FA2;FA8,3,0,Genetics of hypertensive disorders
32019,2;5;6;15,FA1;FA2;FA7;FA8,4,0,KL_Genetic and Non-Genetic Risk Factors Associated with Endometrial Cancer Risk
32017,1;2,FA1;FA8,2,0,BMI GWAS
32016,5,FA1;FA8,2,0,Duplicate of MDS Workup
31161,9,FA1,1,0,SLE_Pollution
21842,5,FA1;FA8,2,0,MDS Workup
31895,,,0,1,Copy Number Variant Analysis
28087,2;4;10;11;14,FA1;FA3;FA4;FA5;FA8,5,0,Neuroscience_Genetics
32012,1;3;8,FA1;FA8,2,0,Pilot: Post-COVID Cardiovascular Risk
22648,2,FA8,1,0,V7 Genetic Epidemiology of Common Cancers in Diverse Population
32006,7;13,FA1,1,0,SChao58
32005,1;4;11,FA1;FA3;FA5;FA8,4,0,3D Study
32004,5;15,FA1;FA2;FA8,3,0,Thyroid Cancer and Pregnancy I
29356,1;16,FA1;FA4;FA8,3,0,Metformin Use in Type I Diabetes
16289,3;11,FA1;FA3,2,0,V7 Frailty Comparisons
21162,6;12,FA1;FA7,2,0,Exploratory Analysis of HS and Education
6979,6,FA7,1,0,"Mental illness symptoms, diagnoses, and discrimination/stigma"
31112,1;6;9,FA1;FA7;FA8,3,0,Cardiovascular outcomes in IBD
32000,2;14,FA1;FA8,2,0,Duplicate of Migraine Gepent/CGRP mAB response
25943,1;2;6,FA1;FA7;FA8,3,0,NBD and T2D (V8)
31192,2;3;5;6,FA1;FA7;FA8,3,0,Prostate Cancer
31997,2;4,FA1;FA5;FA8,3,0,Rare Variant GWAS v8
31998,,,0,1,Testing
31994,3,,0,1,Duplicate of Regression on EHR data
30969,1;2,FA1;FA8,2,0,Dilated Cardiomyopathy Genomic Data v8
31992,6;9,FA1;FA7,2,0,Social Determinants of Health and its impact on IBD
28883,2;4;13,FA1;FA5;FA8,3,0,"Duplicate of Genes, Opioid Use Disorder and Complex Persistent Opioid Dependence"
23500,2;6,FA7;FA8,2,0,Admix_heritability
31987,4,FA1;FA5,2,0,Genetics to Improve Outcomes in Schizophrenia (GENios)
4087,10;17,FA1;FA4;FA7;FA8,4,0,Sickle Cell Trait Associated Clinical Outcomes (V6)
7685,10,FA1;FA4;FA8,3,0,Sickle Cell Trait Associated Clinical Outcomes (V7)
31877,2,FA8,1,0,Idiopathic Scoliosis - Genetic Analysis
31984,3;5,FA1;FA8,2,0,Early Screening of Pancreatic Cancer
31983,6,FA7,1,0,Duplicate of SGM- IBS
30662,3;4;7,FA1;FA5,2,0,"Exploring wearables, psychological health, and treatment (V8) CDW"
31981,5,FA1;FA8,2,0,Cancer metabolism
26135,6;9;12,FA1;FA7,2,0,Control Tier V8 Workspace Psoriasis
31974,1;3;4;5,FA1;FA5;FA8,3,0,Prostate Cancer Research
31973,1;6;10;14,FA1;FA4;FA7;FA8,4,0,bubbles
31971,6;7,FA7,1,0,Sleep Quality and Prevalence of Neurodegenerative Diseases
31970,5,FA1;FA8,2,0,Ovarian cancer v8
31651,4,FA1;FA5,2,0,Up on EHS 2025
27275,1;2;14,FA1;FA8,2,0,Stroke GWAS v8 CDR
29267,10,FA1;FA4;FA8,3,0,Diagnostic and Genetic Landscape of Connective Tissue Disorders
20726,2;5;6;17,FA1;FA4;FA7;FA8,4,0,Examining Genetic and Environmental Risk Factors for Gastric Cancer
16256,5;10,FA1;FA4;FA8,3,0,Malignancy in Individuals with Incidental NF1 P/LP Variants
31356,,,0,1,Spine Deformity
27672,2;5;6;17,FA1;FA4;FA7;FA8,4,0,v8 Examining Genetic and Environmental Risk Factors for Gastric Cancer
27358,6;10,FA1;FA4;FA7;FA8,4,0,v8 Examining the Effect of SDoH on the Diagnosis of Mendelian Conditions
29013,,,0,1,v8 Investigation of Rare Variation in  Neurodevelopmental Disorders
9583,3;10,FA1;FA4;FA8,3,0,Examining the Effect of SDoH on the Diagnosis of Mendelian Conditions
31786,1;7,FA1;FA8,2,0,Physical Activity and Cardiometabolic Biomarkers
31967,1;6,FA1;FA7;FA8,3,0,Duplicate of Study 2 Final
28983,2,FA8,1,0,Validate blood cell PGS
31964,4,FA1;FA5,2,0,Pain-OUD Estimation Workspace
31963,18,FA1;FA7,2,0,Vocal Paralysis
31633,2;13,FA1;FA8,2,0,Asthma genetics
31962,7,,0,1,FITBIT data and Postoperative Outcomes among Patients undergoing Major Surgery
31961,1;10,FA1;FA4;FA8,3,0,Penetrance of rare genetic variants
31959,11,FA1;FA3,2,0,European descent of White Americans and Apolipoprotein ε4
31958,,,0,1,Ostomy (v8)
31676,1;2;3,FA1;FA8,2,0,Genetic architecture of chronic fatigue syndrome
31953,14,FA1,1,0,Migraine Model Validation set
31951,1;2,FA1;FA8,2,0,DMGeneticRiskScores_DGRG
31945,5;6,FA1;FA7;FA8,3,0,Urological Cancer and SDOH
31944,2,FA8,1,0,Duplicate of QC of Phase I long-read data
31940,4;13,FA1;FA5,2,0,COPD and SSRI usage: Med. Scientist Training at UPitt
31941,,,0,1,AoU_LRS
15128,1,FA1;FA8,2,0,FI Renal Controlled Tier
31943,2,FA8,1,0,longread_sv_and_methylation_spot_checks
13090,2;3;5;6,FA1;FA7;FA8,3,0,Breast cancer risk prediction in Asian American women
31936,3;4;11;13,FA1;FA3;FA5,3,0,Cannabis-Dementia
31742,14,FA1,1,0,"TBI Prevalence, Incidence, and Correlates"
31931,,,0,1,Towe
7872,1,FA1;FA8,2,0,version 7 dup of Genetics and Triglycerides
31212,3;5;6;15,FA1;FA2;FA7;FA8,4,0,HRT and cancer
31644,3;4,FA1;FA5,2,0,"Social determinants of smoking, vaping and related diseases (v7) - Nikki Luu"
19889,1;5,FA1;FA8,2,0,Endocrine Dysfunction
31677,2;4,FA1;FA5;FA8,3,0,Jack Hirsch's Workspace (w/ Gelernter Billing)
31922,12;14,FA1;FA7,2,0,Acne and associated conditions
31921,2;8;9;14,FA1;FA8,2,0,EBV from genomic data - duplicate to extract code
29787,2;14,FA1;FA8,2,0,Migraine Gepent/CGRP mAB response
29980,3;10;15,FA1;FA2;FA4;FA8,4,0,HRT Nasal Surgery
31916,4,FA1;FA5,2,0,EpiStrAge
5524,,,0,1,just testing
31914,2,FA8,1,0,Exploring TRD in the Human Genome
31912,1;3;14,FA1;FA8,2,0,Stroke Prediction
26446,9,FA1,1,0,SLE risk equations project
29234,9;14,FA1,1,0,Ophthalmic Symptoms of Multiple Sclerosis
22637,2,FA8,1,0,PGS_Portability_ZM
31909,4;19,FA1;FA5;FA6,3,0,Environmental health research_controlled Tier
27933,2;7,FA8,1,0,Sleep Genomics and Activity
31907,1;2;3;6;15,FA1;FA2;FA7;FA8,4,0,Preeclampsia&Eclampsia.2
30925,2;3;5,FA1;FA8,2,0,High-grade serous carcinoma
15027,2;5;10,FA1;FA4;FA8,3,0,Duplicate of NF1-Breast Cancer Genomic Analysis
12100,5;10,FA1;FA4;FA8,3,0,NF1 Breast Cancer
31903,2;3;5;6,FA1;FA7;FA8,3,0,Colorectal cancer research
31477,5;10,FA1;FA4;FA8,3,0,Duplicate of Mendez_working_v8_Germline mutations in cancer susceptibility genes
31185,3;4,FA1;FA5,2,0,Latent Machine Learning Models for Neuropsych Findings
31901,1;3;4,FA1;FA5;FA8,3,0,Metabolic Patterns and MDD
25630,1;2;3;5,FA1;FA8,2,0,Genetic and phenotypic disease prediction
31898,1;2;8,FA1;FA8,2,0,Identifying Genetic Risk Factors for Long COVID
31448,6,FA7,1,0,Perceived Discrimination Among Patients Following GI Surgery
31802,2;5;10,FA1;FA4;FA8,3,0,Risk assessment of monogenic variants
30715,2,FA8,1,0,GXE_Testing
31820,1;2;5,FA1;FA8,2,0,GWAS of Cancer and Cardiovascular outcomes (Benji)
31879,2;6;10,FA1;FA4;FA7;FA8,4,0,Duplicate of African American BCX  GWAS
22677,,,0,1,Sepsis_CH
31888,1;2,FA1;FA8,2,0,Chronic Kidney Disease
31885,1,FA1;FA8,2,0,MASLD-T2DM: Case-Control Study
27203,1,FA1;FA8,2,0,Statin FIB-4 2025 Version 9
31887,3,,0,1,TKA Post-GAE Mortality Assessment
31886,3,,0,1,TKA Patients Post-GAE
26664,1;3;9,FA1;FA8,2,0,Complex Med Derm and Associated Comorbidities
31883,3;4,FA1;FA5,2,0,Early onset and progression prediction of psychiatric disorders
31878,7,,0,1,Sleep Quality and Neurodegenerative Disease
31875,4,FA1;FA5,2,0,TriplEEE1
31874,1,FA1;FA8,2,0,Diabetes and Surgical Outcomes
31873,3;5,FA1;FA8,2,0,AI for Early Detection of Pancreatic and Upper GI Cancers
31514,1;15,FA1;FA2;FA8,3,0,Preeclampsia V8
31872,7;8,FA1,1,0,Physical activity in United States
31870,3;5;6,FA1;FA7;FA8,3,0,Breast Cancer Controlled Tier
31869,3;5;6,FA1;FA7;FA8,3,0,Breast Cancer
31866,2;9;12,FA1;FA7;FA8,3,0,Duplicate of Comorbidities in Dermatology
31865,2,FA8,1,0,SUD_ExploratoryAnalyses
31864,3;4;5;6;17,FA1;FA4;FA5;FA7;FA8,5,0,Interpretable AI for mental health trajectory in CRC survivors
31132,18,FA1;FA7,2,0,MetS Study (Test)
31863,1;18,FA1;FA7;FA8,3,0,MetS and Ophthalmic Disease
28335,2,FA8,1,0,Anthracycline Cardio V8
31862,1;2;3;7;13,FA1;FA8,2,0,BMI Project
31818,3;6,FA7,1,0,POSPOM Validation Across Race and Socioeconomic Status
31860,,,0,1,JCU_AOU_TEST
31856,1;2,FA1;FA8,2,0,Duplicate of Regenie
31854,3;4;6;8,FA1;FA5;FA7,3,0,Duplicate of AUD_MH_Genomics_v7_v2
31853,15,FA2,1,0,Menopause and AD
31852,,,0,1,Duplicate of ADPKD variant search
31849,1;14,FA1;FA8,2,0,Stroke cognitive deficit analysis
27458,3;5,FA1;FA8,2,0,Assessing STAG2 mutations in the general population
29115,2;14,FA1;FA8,2,0,Repeat expansions in Neuromuscular Disease
31760,3;4;6,FA1;FA5;FA7,3,0,Analysis of Third Space Impact on Loneliness and Social Support
31096,3;6;13,FA1;FA7,2,0,HR_Respiratory_EDA_Dev_Sandbox
31847,3;5;6,FA1;FA7;FA8,3,0,Socioeconomic Determinants of Surgical Delays in Lung Cancer
31845,,,0,1,Epigenetic patterns in DNA
28920,18,FA1;FA7,2,0,Normal Tension Glaucoma
31789,4;6,FA1;FA5;FA7,3,0,Linking Depression Severity and Neurogenic Pain
31843,2;3;5;6,FA1;FA7;FA8,3,0,Predictive Modeling for Cancer Risk
31842,2;9;12;16,FA1;FA4;FA7;FA8,4,0,psoriasis
31840,,,0,1,Health analyst
31839,,,0,1,Graves Surgery vs RAI
31225,1;3;4;7;15,FA1;FA2;FA5;FA8,4,0,Multimodal Risk Prediction of CVD in MDD
31838,2;3;6,FA7;FA8,2,0,Duplicate of PhePheWas
30117,2;5,FA1;FA8,2,0,Melanoma In situ/Invasive genetic analysis
30311,2,FA8,1,0,THG_workspace_2
31837,4,FA1;FA5,2,0,Loneliness and Heart Attack Risk
26523,1;2;10,FA1;FA4;FA8,3,0,v8 controls for genotype_sequence and endocrine disorders_traits_WH
31835,6;12,FA1;FA7,2,0,Hydradenitis Suppurativa Surgical Outcomes
31834,,,0,1,Exploration
31833,1;2,FA1;FA8,2,0,Detection of structural variants in normal samples
31831,1;3;6;11;14;19,FA1;FA3;FA6;FA7;FA8,5,0,Air pollution and Epilepsy
9279,6;7,FA7,1,0,SDoH and PA
31828,2;5,FA1;FA8,2,0,DFCI_G2C_v7_dev
28520,2;3;12,FA1;FA7;FA8,3,0,Hidradenitis Suppurativa v8
31825,2;5,FA1;FA8,2,0,Pancreatic cancer GWAS
27260,1;6,FA1;FA7;FA8,3,0,Duplicate of Health Literacy
29304,1;2;3;6;7;15;19,FA1;FA2;FA6;FA7;FA8,5,0,MOSAIC-PE (Multi-Omics Social And Inherited Contributors to Preeclampsia)
31824,8;11,FA1;FA3,2,0,Alzheimer's HLA Investigation
26112,2;18,FA1;FA7;FA8,3,0,v8
31770,2;18,FA1;FA7;FA8,3,0,v8_hl
31682,,,0,1,Food Allergy
31817,18,FA1;FA7,2,0,Ménière's disease Genetic Markers
22999,6;7,FA7,1,0,FitBit and Housing Characteristics
26520,2,FA8,1,0,AoU_v7_PipelineExperimentation
31821,2;11,FA1;FA3;FA8,3,0,Parkinson's disease SNP Associations
31722,1;3;6,FA1;FA7;FA8,3,0,AI4HealthCities
31819,2;10,FA1;FA4;FA8,3,0,Tuberous sclerosis
31365,1;2;5,FA1;FA8,2,0,GWAS of Cancer and Cardiovascular outcomes
30546,2,FA8,1,0,drug associated genetics
31814,,,0,1,Predicting pseudarthrosis
31815,1;7,FA1;FA8,2,0,ExerciseVar
23287,,,0,1,Cohort Analysis of VTE and Disability/Limited Mobility
29187,6,FA7,1,0,Religiosity and Sleep
31809,15,FA2,1,0,PCOS and Dysmenorrhea
31808,1;6;16,FA1;FA4;FA7;FA8,4,0,ALDH2
31806,5;8,FA1;FA8,2,0,H. pylori infection
31805,1;18,FA1;FA7;FA8,3,0,Exfoliation Glaucoma and Blood Glucose
31803,1;4;14,FA1;FA5;FA8,3,0,Stroke and Opioids
31801,5;6,FA1;FA7;FA8,3,0,SDoH GI Cancer Surgery V8
31800,3;18,FA1;FA7,2,0,Systemic Therapies and AMD Prevention in High-Risk Cohorts
20473,4;11,FA1;FA3;FA5,3,0,Biomarkers
31314,1;3;14,FA1;FA8,2,0,afcontrolledtier
30043,5,FA1;FA8,2,0,Mosaic Chromosomal Alterations and Cancer Treatment
26901,1;5;13,FA1;FA8,2,0,CT Circadian Rhythms and Cardiovascular Disease Cancer
26230,13,FA1,1,0,Asthma v8
14157,4;18,FA1;FA5;FA7,3,0,Longitudinal effects of tinnitus on cognition
31797,2;3,FA8,1,0,Polygenic Risk Model
31795,2;4,FA1;FA5;FA8,3,0,Identification of Susceptibility Genes for Anx and Related Disorders - Jack
31794,1;3;7,FA1;FA8,2,0,LLM for Glucose Prediction
29857,3;13,FA1,1,0,COPD
31792,1;3;7,FA1;FA8,2,0,LLM for Glucose Monitoring
31790,1;3,FA1;FA8,2,0,mlp_hfrisk
8968,5,FA1;FA8,2,0,Duplicate of Alcohol in cancer survivors
7797,5;13,FA1;FA8,2,0,Circadian rhythm and activity in cancer survivors
15083,3;7,,0,1,Duplicate of Early-onset Cancers
31749,2,FA8,1,0,ML of HZ (HZV-naive) + bDMARDs + Rheumatic disease
31785,1,FA1;FA8,2,0,JW CETP/GLP1 Combination Therapy MR
31661,3,,0,1,Wearables Data Missingness
31783,6;12,FA1;FA7,2,0,AA self-perceptions
30119,,,0,1,psychotropic polypharmacy in mental disorders CT v8
31780,1;3;14,FA1;FA8,2,0,Genetic Predictors of Intracranial Aneurysm Rupture 2
31776,2;5;7,FA1;FA8,2,0,"Wearables, genomics, and breast cancer risk"
31773,,,0,1,early_onset_diverticulitis
31772,1;6;15,FA1;FA2;FA7;FA8,4,0,Duplicate of NEW Pregnancy and DR
12417,1;6;15,FA1;FA2;FA7;FA8,4,0,NEW Pregnancy and DR
29404,2;5,FA1;FA8,2,0,Duplicate of Breast and Ovarian Risk Alleles v2
31766,3;6,FA7,1,0,Evaluating the Impact of Socioeconomic Disparities on Outcomes
31738,,,0,1,Daily Habits and their effect on health
31763,1;3;14,FA1;FA8,2,0,Genetic Predictors of Intracranial Aneurysm Rupture
31472,2;4;14,FA1;FA5;FA8,3,0,Pharmacogenetics - Migraine 2025
30260,1;2;3;9,FA1;FA8,2,0,Genetic contributors to autoimmune cytopenias
17673,,,0,1,Duplicate of NM diseases - plot
28488,6;8,FA1;FA7,2,0,Risk of Life-Threatening Infections Secondary to COVID-19 Diagnosis
31761,2,FA8,1,0,AoU_Osteoarthritis_v8_CN
25635,2,FA8,1,0,AoU_Osteoarthritis_2025_v8
27388,6,FA7,1,0,UM_RWG_Type_2_Diabetes
31759,1;2;4;13;15,FA1;FA2;FA5;FA8,4,0,PRS project 1
31390,2,FA8,1,0,ZF_AoU
31328,,,0,1,GLI2 Geneotype-Phenotype Study
31367,3;6;18,FA1;FA7,2,0,Dry Eye Disease
31750,2;5,FA1;FA8,2,0,Duplicate of Prof. Letsou's research
31407,3;4;7,FA1;FA5,2,0,Duplicate of V8 Detect Mental Disorder from wearables
28760,2;3,FA8,1,0,Understanding Biological Drivers of Heritable Diseases
31758,1;3,FA1;FA8,2,0,Obesity and Liver (Kaushik Credits)
31757,13,FA1,1,0,COPD and Lithium use
28569,9,FA1,1,0,Immunogenic Predictors of Autoimmune Disease Risk
31754,1;3,FA1;FA8,2,0,Duplicate of Clinically relevant stratification in cardiometabolic diseases
31753,1;2,FA1;FA8,2,0,T2D_drug_response
31751,7,,0,1,Graves Sleep Study
31747,3;6,FA7,1,0,Asian Financial Toxicity (FT) Disaggregation Study
30835,6,FA7,1,0,Osteoporosis Population Study
24488,4;6,FA1;FA5;FA7,3,0,Female Sexual Dysfunction
30716,2;18,FA1;FA7;FA8,3,0,Retinal Vein Occlusion Study
30326,2;8;9;14,FA1;FA8,2,0,ebv-gwas
31744,4;15,FA1;FA2;FA5,3,0,PPD Review
31739,1;13,FA1;FA8,2,0,RCCB project
30056,1;2,FA1;FA8,2,0,Duplicate of Rare Noncoding Variants in Cardiac Disease
31735,3;6;8,FA1;FA7,2,0,Barriers to treatment among people with Hepatitis C-v8
31733,9;15,FA1;FA2,2,0,fibroid_endo
30563,1;3;5,FA1;FA8,2,0,Metabolic Disease and Malignancy
5692,6;18,FA1;FA7,2,0,Glaucoma Severity
30450,3;10,FA1;FA4;FA8,3,0,sickle cell Disease
31725,12,FA1;FA7,2,0,TB test seroconversion on biologic
31720,2;5,FA1;FA8,2,0,Population-level Mosaic Structural Variants
31717,1;3;5;6,FA1;FA7;FA8,3,0,Cancer and Diabetes
31715,1;6,FA1;FA7;FA8,3,0,PTCA
31711,1;6;13,FA1;FA7;FA8,3,0,Khiloni L - research
31710,2,FA8,1,0,Zone Heart Rate PheWas
31708,4;6;18,FA1;FA5;FA7,3,0,Duplicate of V6 Duplicate of Cannabis-glaucoma study
31673,4;6;18,FA1;FA5;FA7,3,0,Cannabis-glaucoma study V8
29718,,,0,1,Trait analysis_v8
15729,,,0,1,Trait analysis_v7
27865,7,,0,1,NEW VERSION of TEST Wearables Data
27257,6;18,FA1;FA7,2,0,Vision Threatening DR (new dataset)
31691,3;12;18,FA1;FA7,2,0,Ocular and Auditory Comorbidities in Individuals with Vitiligo
31690,1,FA1;FA8,2,0,DCM LBBB
31688,1;4;7,FA1;FA5;FA8,3,0,Wearables Controlled v8
31687,1;4;7,FA1;FA5;FA8,3,0,Wearables v8
31686,2,FA8,1,0,cancer_ 장승환
31645,2;4,FA1;FA5;FA8,3,0,OLD (Jack Hirsch's Workspace)
29870,2;4;16,FA1;FA4;FA5;FA8,4,0,aiwg_genetics_aou_v8
31678,3;4,FA1;FA5,2,0,opioids-Employment
27356,1;2;3;7,FA1;FA8,2,0,GLP1RA response study
31674,3,,0,1,Nutrition and Chronic Diseases SRA 2025
31671,3,,0,1,Getting started with researcher workbench
31588,1;2;3;10,FA1;FA4;FA8,3,0,WGS LDL Cholesterol
31670,2;3;5,FA1;FA8,2,0,Cancer_Risk_Prediction
31668,,,0,1,Parathyroid Disease
31667,2;9;10;14,FA1;FA4;FA8,3,0,ADLD Genomic Prevalence Study
31666,5,FA1;FA8,2,0,Prevent Cancer Grant
31660,2,FA8,1,0,SSGAC
27290,2,FA8,1,0,SSGAC_old
29043,,,0,1,MINDS_MCI_v8
28756,12;18,FA1;FA7,2,0,Vitiligo and Associated Conditions - v8
31656,7,,0,1,PTSC WEAR
22432,2,FA8,1,0,CRC
25554,2;7,FA8,1,0,Sleep Stage Genomics
22577,2;5;6,FA1;FA7;FA8,3,0,Transferability of PGS for Breast Carcinoma
31582,2;3;5;6,FA1;FA7;FA8,3,0,Duplicate of Duplicate of Asma Aul Husna Pinkey
27480,2;8,FA1;FA8,2,0,Controlled Tier Dataset v8 HLA Genotypes
31642,1;3,FA1;FA8,2,0,Post-TKR Amputation
31641,4,FA1;FA5,2,0,Psychiatric Disorder Comorbidities Project
31640,1;2,FA1;FA8,2,0,STATIN project
31639,3;8,FA1,1,0,TVD_Health_Effect
31637,6,FA7,1,0,Electronic health records and health wearables devices (digital health)
31636,5,FA1;FA8,2,0,Duplicate of alcohol pattern
31632,1;9;12,FA1;FA7;FA8,3,0,Psoriasis and CVD Inflammatory Predictors
31628,1;3;5,FA1;FA8,2,0,Cardiovascular Medications and Colorectal Cancer After Lower GI Bleeding
31627,1,FA1;FA8,2,0,SGLT2i and CKD
31626,6,FA7,1,0,Gender Minority Health
31624,,,0,1,Duplicate of PGx study V8 data_huoV8
31622,5,FA1;FA8,2,0,Duplicate of cytochrome variance in cancer patients_huoV7
31621,,,0,1,UNC-SOM-RIT-AoU
31620,3;5;6,FA1;FA7;FA8,3,0,CRC in AA_HU Collab
31619,2;4,FA1;FA5;FA8,3,0,CNVs-MDD
31618,3;8,FA1,1,0,Duplicate of Complement genetics in sepsis and bacteremia
31617,1;6;13,FA1;FA7;FA8,3,0,Sleep Study
26274,2;18,FA1;FA7;FA8,3,0,POAG Tandem Repeats Variants v8
31616,2,FA8,1,0,WHICAP_validation_controlled
31615,6;11,FA1;FA3;FA7,3,0,First test
31612,,,0,1,SODH predictors of MACE
26110,1;2,FA1;FA8,2,0,Genetic associations with Venous thromboembolism and related traits
31608,5;6;12,FA1;FA7;FA8,3,0,Skin Cancer and SGM Status
31460,1;4,FA1;FA5;FA8,3,0,PA-Anxiety Hypertension Study
28645,1,FA1;FA8,2,0,NPH1
23752,1;3,FA1;FA8,2,0,Clinical Obesity
31607,3;6;13,FA1;FA7,2,0,GCP_rural_health
31437,2;13,FA1;FA8,2,0,sTREM1_asthmacondition_drugs
31605,1;2;3;5,FA1;FA8,2,0,TET2 Y867H/P1723S
31604,,,0,1,GLP1 USE
31331,5,FA1;FA8,2,0,stimulant use and cancer
31587,1;6;14,FA1;FA7;FA8,3,0,DASH-CKMS
29970,2;4,FA1;FA5;FA8,3,0,Sex-specific Anxiety
31601,,,0,1,personalized_phr_analysis
31599,3;5;6,FA1;FA7;FA8,3,0,DEXA underutilization in men initiating ADT
31597,2;10,FA1;FA4;FA8,3,0,GSDII genotype-phenotype
31592,2;4,FA1;FA5;FA8,3,0,AOU_Chronic_Pain
25776,2;5,FA1;FA8,2,0,Complex Traits GWAS and Polygenic Scores (v8)
22125,1;6,FA1;FA7;FA8,3,0,Multiclass Prediction of Chronic Kidney Disease
28022,1;6,FA1;FA7;FA8,3,0,Investigating Rare Kidney Disease
31577,1,FA1;FA8,2,0,Variants ACM Genome
28616,1;6;8;14,FA1;FA7;FA8,3,0,Determinants of Stroke in SGM People
31562,1;15,FA1;FA2;FA8,3,0,Identification of de novo late postpartum hypertension
31586,2,FA8,1,0,Duplicate of Volvulus
25839,4,FA1;FA5,2,0,External Correlates of underlying dimensions of psychopathology
9503,1,FA1;FA8,2,0,candidate meds_triglycerides and genetics
23513,2,FA8,1,0,Volvulus
31584,3,,0,1,CDS Tools Analysis
31325,1;14,FA1;FA8,2,0,Semaglutide and Nonarteritic Anterior Ischemic Optic Neuropathy
31580,5,FA1;FA8,2,0,Duplicate of GELCC lung cancer study in multi-ethnic populations
31145,5,FA1;FA8,2,0,PSA Controlled Tier
30090,1;3;7,FA1;FA8,2,0,Multimodal cross endpoint risk prediction
31579,2;3,FA8,1,0,PMBB Geno Pheno Workbench
13811,2;6,FA7;FA8,2,0,Genetic Substructure in the All of Us Biobank
31164,1,FA1;FA8,2,0,Exploring Type 2 diabetes subtypes and their risk to cardiovascular disease
16441,14,FA1,1,0,TBI and SCI
27437,2;3;6,FA7;FA8,2,0,CSSB Disease Association Predictions 2
18329,1,FA1;FA8,2,0,WUSM Bolton Lab - IDH Clonal Hematopoiesis and CVD
31574,,,0,1,Initial Exploration of Thyroid Diseases in the All of Us Dataset
11200,5;6,FA1;FA7;FA8,3,0,v7 SDoH and Black Women in the Deep South
31573,1;13,FA1;FA8,2,0,Duplicate of Duplicate of Gene Burden
31504,3;4;5;7,FA1;FA5;FA8,3,0,Data Audit
8781,1;13,FA1;FA8,2,0,Pulmonary Hypertension Research
31570,4;6,FA1;FA5;FA7,3,0,LVSC_predictors_070125
26699,3;9,FA1,1,0,ibd_circadian_treatment
31568,3;5;7,FA1;FA8,2,0,Fitbit data and thoracic surgery outcomes
31567,1;2;4,FA1;FA5;FA8,3,0,Gene clusters implicated in cardiovascular disease and mental health
31566,1;2;17,FA1;FA4;FA7;FA8,4,0,Genetics of Endocrine Disorders
31187,5;6;17,FA1;FA4;FA7;FA8,4,0,Controlled tier Neighbourhood cohesion and cancer screening
29983,3;4,FA1;FA5,2,0,AL_ChronicPain
31557,1;2;4,FA1;FA5;FA8,3,0,Potential Role of Mental Health Drugs on Genetics of Cardiometabolic Diseases
31560,1,FA1;FA8,2,0,Variants ACM
31069,2;3;6,FA7;FA8,2,0,Genomic Foundation Model
31558,6;8,FA1;FA7,2,0,Genetic Disparities in COVID-19
26491,1;6,FA1;FA7;FA8,3,0,Immigrant population_Shilpa
31538,,,0,1,Scoliosis-Linked Genes and Musculoskeletal Disorder Associations
31551,3;4;6,FA1;FA5;FA7,3,0,LGB Sleep
31550,2,FA8,1,0,eMERGE genomic risk project
31549,,,0,1,PGS model
31545,1,FA1;FA8,2,0,Duplicate of GLP1
31544,1;4;18,FA1;FA5;FA7;FA8,4,0,Mental Health and Quality of Life in Age-related Macular Degeneration Patients
28955,4;6,FA1;FA5;FA7,3,0,Duplicate of Depression disparities
14081,2;10,FA1;FA4;FA8,3,0,Genome STRiP for HEDGE Controls v7/v8
31539,2,FA8,1,0,[V8] Buu_v2
31537,12,FA1;FA7,2,0,HS cohort
29068,1,FA1;FA8,2,0,Heart Failure & Inflammation
31533,2;13,FA1;FA8,2,0,LungOmicsv8
31473,2;15,FA2;FA8,2,0,Male Infertility S-PrediXcan
26254,3;7;18,FA1;FA7,2,0,Association between physical activity and Eye disease
31528,3;7;18,FA1;FA7,2,0,Duplicate of Association between physical activity and Eye disease
31526,5;15,FA1;FA2;FA8,3,0,PCOS and Gynecological Cancers
31525,1;3;14,FA1;FA8,2,0,APOL1 AKI
31524,1;3;6,FA1;FA7;FA8,3,0,Childhood Obesity
31521,6,FA7,1,0,Nutrition
31520,8,FA1,1,0,Pharmacoepidemiology and Comparative Effectiveness of Therapies in Sepsis
25997,2;3;6;11,FA1;FA3;FA7;FA8,4,0,GxE risk of AD
25525,,,0,1,Identification of New Genetic Associations with Vascular Disorders 2
31516,3;7;13,FA1,1,0,OSA Analysis
31290,3;5;9;12,FA1;FA7;FA8,3,0,Associations Between Common Autoimmune Conditions & Vulvar Carcinoma
30296,3;4,FA1;FA5,2,0,"Social determinants of smoking, vaping and related diseases (v8) - Nikki Luu"
31511,2;10,FA1;FA4;FA8,3,0,Genetics of Platelet Disorders
31509,1;2;9,FA1;FA8,2,0,Genetic risk in autoimmune diseases V3
31146,12,FA1;FA7,2,0,Minoxidil and adverse effects
23485,4;15,FA1;FA2;FA5,3,0,Dry eye
31508,1;5,FA1;FA8,2,0,Diabetic Drugs and PSA
31507,4;5,FA1;FA5;FA8,3,0,Substance Use in Bladder Cancer
31503,3,,0,1,LLM for clinical reasoning
31502,5,FA1;FA8,2,0,Duplicate of Cancer susceptibility germline genetic variants
31500,1;2,FA1;FA8,2,0,Project 2
31499,2;3;5,FA1;FA8,2,0,Diet and Cancer Genetics
12675,9;14,FA1,1,0,Multiple Sclerosis OAB
31498,,,0,1,pancancer_driver
30705,2;9,FA1;FA8,2,0,Duplicate of Autoimmune diseases (v8)
31492,5,FA1;FA8,2,0,BCOR hematology
27772,8,FA1,1,0,Duplicate of Sequelae of HIV infection
29362,,,0,1,Genetics
20820,1;3;9;14,FA1;FA8,2,0,Duplicate of ISB Intern Research
31486,2;3;6;14,FA1;FA7;FA8,3,0,PRS of GWAS Eta analysis of Essential Tremor
31485,3,,0,1,PD_my
31481,1,FA1;FA8,2,0,Volume Overload in Heart Failure Patients With Dysphagia
27687,1,FA1;FA8,2,0,AIM-AHEAD All of Us training Project
31478,1;3;4;12,FA1;FA5;FA7;FA8,4,0,"Dopamine, Obesity, and Itch"
31476,5,FA1;FA8,2,0,"Lung cancer survivors, diet and exercise"
31082,1;2;6,FA1;FA7;FA8,3,0,PRS-SDOH Interactions in Coronary Artery Disease
31410,,,0,1,Cohort Search Workspace
31474,1,FA1;FA8,2,0,NASH
31256,5;10,FA1;FA4;FA8,3,0,Mendez_working_v8_Germline mutations in cancer susceptibility genes
31471,15,FA2,1,0,Variation in Disorders of the Female Reproductive System
19367,6;13,FA1;FA7,2,0,Social Determinants and COPD Pathogenesis
15724,6;12,FA1;FA7,2,0,Dyshidrotic eczema and diagnosis rates
26150,2;4;7,FA1;FA5;FA8,3,0,bxu_v8
31458,2;4,FA1;FA5;FA8,3,0,Schizophrenia & Smoking PRS
29950,2,FA8,1,0,Genomic and Transcriptomic Analysis of Cannabinoid Hyperemesis Syndrome
31459,2;4,FA1;FA5;FA8,3,0,Duplicate of AlcoholUseDisorder_BMI
30314,1;5,FA1;FA8,2,0,Allostatic load in Breast Cancer Cohorts
30798,1;3;6,FA1;FA7;FA8,3,0,Exploring Socioeconomic Patterns in GLP-1 Receptor Agonist Prescriptions
13193,10;12,FA1;FA4;FA7;FA8,4,0,Atopic Dermatitis
31455,3,,0,1,OA early diagnosis and stratification
31453,3;12,FA1;FA7,2,0,Curtis's Workspace
31451,2;9,FA1;FA8,2,0,RNA editing
31450,1;2;3;5,FA1;FA8,2,0,Sample Model Test on BC Cohorts and Risk of CVD
31449,1;2;3;5,FA1;FA8,2,0,sample
19787,1;9;12,FA1;FA7;FA8,3,0,Onycholysis and autoimmune comorbidities
31444,1;2,FA1;FA8,2,0,PRS and pPS for DM
31443,4,FA1;FA5,2,0,"Engelhardt Lab Summer Research 1, Genetics and Suicide"
31438,11;14,FA1;FA3,2,0,gene
31429,2;13,FA1;FA8,2,0,sTREM1project_validation_asthmasurveyapproach
31435,10,FA1;FA4;FA8,3,0,TMEM127 Variability
31288,2,FA8,1,0,GWAS USC LA's BeST
31434,5;6,FA1;FA7;FA8,3,0,CRC-ControlledSet
28457,14,FA1,1,0,Epilepsy RV and URM Analysis
31350,2;3;9,FA1;FA8,2,0,Sydney_SLE_GWAS
31428,1;2;3,FA1;FA8,2,0,RNAseq
31427,1;12,FA1;FA7;FA8,3,0,Ichthyosis X Cardiology
31300,1;15,FA1;FA2;FA8,3,0,Preeclampsia_TO_DELETE
31424,3;15,FA2,1,0,Duplicate of HIPPS_Complete
31117,1;3;14,FA1;FA8,2,0,RiskInAF_SRAO
31421,,,0,1,Duplicate of Feasibility for research in older women
31420,2;4,FA1;FA5;FA8,3,0,Duplicate of Understanding the Genetic Basis of Borderline Personality Disorder
20258,2;13,FA1;FA8,2,0,my_workspace
29062,4,FA1;FA5,2,0,Postoperative Pain Management with Non-Opioids
31414,3;15,FA2,1,0,HIPPS_Complete
31411,2;5;6,FA1;FA7;FA8,3,0,KL_Integrated Analysis of Cancer Risk Drivers in Diverse Populations
21634,5;9,FA1;FA8,2,0,AoU_tutorial
31404,2,FA8,1,0,ctyper
31401,1;2;3,FA1;FA8,2,0,Duplicate of PRS for EHObesity
30644,1;2;3,FA1;FA8,2,0,PRS for EHObesity
31398,4;15,FA1;FA2;FA5,3,0,Duplicate of Does Having ADHD Increase the Likelihood of Comorbid PMDD?
31397,1;3;6,FA1;FA7;FA8,3,0,BioSignal Intelligence Lab
31391,4;7,FA1;FA5,2,0,Pain and wearables
18083,5;6,FA1;FA7;FA8,3,0,Social Determinants of Health among Patients Undergoing Cancer Surgery
31388,1;10,FA1;FA4;FA8,3,0,Duplicate of Iron Overload
31387,3;15,FA2,1,0,Copy_Extending Hierarchy and Rule-Based Algorithms to Define Pregnancy Episodes
15192,3;15,FA2,1,0,Extending Hierarchy and Rule-Based Algorithms to Define Pregnancy Episodes
31385,1,FA1;FA8,2,0,Duplicate of Hypertension risks in college students - Fina;l
20050,2;9;12,FA1;FA7;FA8,3,0,Comorbidities in Dermatology
18490,4,FA1;FA5,2,0,Loneliness
30879,5,FA1;FA8,2,0,Katelynn Winn Cipp 2025
31381,9;12,FA1;FA7,2,0,Extra intestinal disease in Ulcerative Colitis
31377,1;3,FA1;FA8,2,0,Predicting Uncontrolled Diabetes
26213,8,FA1,1,0,JH Assessing health-related social needs -- Controlled Tier (v8)
31371,1;2;9,FA1;FA8,2,0,GLP-1 RA PGx_v8
31370,1;8,FA1;FA8,2,0,Duplicate of Type 2 Diabetes & HIV
10597,2;3;6,FA7;FA8,2,0,"Race, ethnicity, and ancestry in genetic risk and health"
31369,1;16,FA1;FA4;FA8,3,0,Duplicate of Metformin PGx Controlled
31368,2;10,FA1;FA4;FA8,3,0,ACMG Secondary Findings Frequency Analysis
27334,2,FA8,1,0,Gene Interaction
30074,1,FA1;FA8,2,0,Duplicate 2 of CHIP in All of Us v7
31364,,,0,1,IR5IndividualizedExternalValidation
31363,2;4;9;15,FA1;FA2;FA5;FA8,4,0,Develop tools for accurate diagnosis of Chronic Pelvic Pain diseases (duplicate)
4520,1;2,FA1;FA8,2,0,BMI Gene enviornment interaction
31360,,,0,1,Biomarkers for sleep-disorders - CT-V8
31359,1;2;5,FA1;FA8,2,0,Biomedical ICI AKI Data
31353,2;8,FA1;FA8,2,0,Phenome Wide Association Study and HLA
31347,1;9,FA1;FA8,2,0,Inflammatory Bowel Disease (IBD)
26521,2,FA8,1,0,THG_workspace
26328,1;13,FA1;FA8,2,0,Duplicate of COVID 19 and Pulmonary Hypertension
24561,1;13,FA1;FA8,2,0,COVID 19 and Pulmonary Hypertension
13018,1;2;13;14,FA1;FA8,2,0,Natarajan Lab CHIP GWAS Summary stats
31342,2;3,FA8,1,0,ADSI preliminary data
31339,1;2,FA1;FA8,2,0,Kidney Transplant Allograft Decay
30936,2;7;11,FA1;FA3;FA8,3,0,Aging - genes & environment
21090,5;6,FA1;FA7;FA8,3,0,Social Determinants of Health among GI Cancer Patients
31336,2,FA8,1,0,SPECC1L LOF
31334,,,0,1,RD Genetics
17070,8,FA1,1,0,Social Determinants of Sepsis
27324,1;3;15,FA1;FA2;FA8,3,0,Contraception Medication Sequencing - Controlled Tier - V8
30929,1;5,FA1;FA8,2,0,Not in use
31330,,,0,1,Wafa CC Social Support v Access
31329,,,0,1,Trachoma 2
26299,1,FA1;FA8,2,0,MASH Model - v8 Dataset
30499,3;6,FA7,1,0,Irritable bowel syndrome and Medication Use
30690,2;4;9;15,FA1;FA2;FA5;FA8,4,0,Develop tools for earlier and accurate diagnosis of Chronic Pelvic Pain diseases
31322,6,FA7,1,0,Incidence and Outcomes of Neglected Zoonotic Diseases in the United States
31319,1;14,FA1;FA8,2,0,Ophthalmologic indicators of cerebrovascular health
31315,5;6,FA1;FA7;FA8,3,0,RTI-HS HR+/HER2- Breast Cancer
31310,9,FA1,1,0,Alcohol and Inflammatory bowel disease
31309,7,,0,1,Physical Activity and Postoperative Recovery in Musculoskeletal Surgeries
31303,4;6,FA1;FA5;FA7,3,0,Allostatic Load and Surgical Outcomes in Major Operations
25436,1;3;7,FA1;FA8,2,0,ASCVD Wearables v8
31302,3;5;6,FA1;FA7;FA8,3,0,Second opinions
28329,6,FA7,1,0,Testbench
29916,6;9;12,FA1;FA7,2,0,Food insecurity and psoriasis
31297,,,0,1,Surgical Complication Prediction
31296,,,0,1,interface_testing
30617,1;3;6,FA1;FA7;FA8,3,0,Duplicate of C-Tier Predictive Model of Cardiovascular Risk in Type II Diabetes
31286,2,FA8,1,0,v8_NF1
20373,2;3,FA8,1,0,Phenotypic Consequences of Elastin Related Genes
24983,2;10,FA1;FA4;FA8,3,0,GATK-SV analysis HEDGE and AoU_2025.01.21
31280,2;9,FA1;FA8,2,0,Liyoung's workspace Systemic lupus erythematosus
23430,2,FA8,1,0,RGC Workspace 1: Genetic association of disease and health-related traits
30962,8,FA1,1,0,MECFS_HS_LC
31276,2,FA8,1,0,Duplicate of Diverticular Disease Genetics and Environment
29250,2,FA8,1,0,Diverticular Disease Genetics and Environment
31275,,,0,1,BroadHacks Hackathon
31273,2;3;5,FA1;FA8,2,0,All of Us CRC Validation of for CNV-EHR Model trained in UKBB
31272,1,FA1;FA8,2,0,(Part 1) GLP-1 adherence and persistence
30190,6,FA7,1,0,Duplicate Epi Trends and Health Disparities in Liver Disease (data v8)
31271,7,,0,1,Real-World Outcomes in Knee OA
27709,2,FA8,1,0,RGC Workspace 2: Genetic association of disease and health-related traits
31268,1;3,FA1;FA8,2,0,Obesity Subtypes in Cardiovascular Disease
31265,,,0,1,Orthopedic Surgery
31260,2;3;10,FA1;FA4;FA8,3,0,Tier Dataset v8
31258,5;10,FA1;FA4;FA8,3,0,Duplicate of Chloe_working_v8_Germline mutations in cancer susceptibility genes
31257,2,FA8,1,0,Spine Degeneration
31255,4,FA1;FA5,2,0,Predicting substance use disorder (SUD) diagnoses in American young adults
30866,1;6;7,FA1;FA7;FA8,3,0,Physical Activity and CVD in Minority Groups
31251,,,0,1,"Duplicate of ACE2, PTEN, ZDHHC8 Variant Calling"
31249,6,FA7,1,0,Skin Diseases and Access to Care
31248,2,FA8,1,0,v8 Rare Variant Cardiomyopathy
30966,1;2;3;6;10,FA1;FA4;FA7;FA8,4,0,Cardiomyopathy-causing Genetic Variants in Diverse Populations
31088,5,FA1;FA8,2,0,Allostatic load and cancer basic assessment
30780,7,,0,1,Duplicate of Daylight Savings Time Impact on Health Outcomes
31242,,,0,1,Trachoma
27164,1;5,FA1;FA8,2,0,Long term CVD - in 3 cancers
31240,2,FA8,1,0,Develop LDAK-KVIK and MegaPRS
31237,3;9,FA1,1,0,Autoimmune Manifestations of Somatic Mosaicism
30484,,,0,1,ICI liver
31235,1;2;3;5,FA1;FA8,2,0,Duplicate of Genetic Risk of ICI-AKI
31229,3;6;15,FA2;FA7,2,0,rural_maternal_health_exploratory
31226,9;18,FA1;FA7,2,0,Association Between Sjögren's Syndrome and Various Extraocular Complications
31220,,,0,1,Amy Yan Project
23453,,,0,1,v7_Evaluating Genetic Variation in Health/Disease for Therapeutic Discovery
31214,2;8,FA1;FA8,2,0,Sepsis GWAS Analysis
27051,1;4;6,FA1;FA5;FA7;FA8,4,0,Todos Juntos grant
25469,1;2;5,FA1;FA8,2,0,Comparing ancestry standardization methods for multiple PRS V8
16093,2;9,FA1;FA8,2,0,Autoimmune Disease Project
31210,2;3;5;14,FA1;FA8,2,0,PFAS Gene–Environment Links to Neurodevelopment and Leukemia
30860,2;4;14,FA1;FA5;FA8,3,0,Pharmacogenetics 2025
31206,2;4,FA1;FA5;FA8,3,0,Anxiety and Panic
30896,1;2;3,FA1;FA8,2,0,Adyant Shankar_Pancreatitis Risk Stratification with TG PRS
30038,2;3,FA8,1,0,Unannotated Gene Constraint
27548,,,0,1,Identifying phenotypes associated with deleterious rDNA variants
30660,1;2;5,FA1;FA8,2,0,CHIP and blood cancer
26626,2;15,FA2;FA8,2,0,Endometriosis: Replication & validation of combinatorial genetic risk factors v8
25571,3;4;7,FA1;FA5,2,0,V8 Detect Mental Disorder from wearables
31184,3;4;6;18,FA1;FA5;FA7,3,0,Smoking Intensity and Glaucoma Severeity
30111,9,FA1,1,0,lifestyle factors in MS
30854,1;2,FA1;FA8,2,0,HTN-PRS
31180,3;8,FA1,1,0,Influenza Electronic Health Records
20966,,,0,1,Human_rRNA_project
31178,2;3;9,FA1;FA8,2,0,Benchmarking Louvain Clustering of Individuals by Genetic Similarity
31176,12,FA1;FA7,2,0,Hand eczema burden
26599,,,0,1,Initial SRA Project
31010,3;4;6;8,FA1;FA5;FA7,3,0,Long_Covid_CTDv8
31172,,,0,1,Leishmaniasis
31171,6,FA7,1,0,Chagas Disease
7852,1;2;6,FA1;FA7;FA8,3,0,Trans-ancestry analysis of Type 2 Diabetes (T2DGGI)
6608,1;2;6;7,FA1;FA7;FA8,3,0,CKD genomics
31170,3;4;6;8,FA1;FA5;FA7,3,0,AUD_MH_Genomics_v7_v2_archive
31169,1,FA1;FA8,2,0,CKD_archive
26733,2;11,FA1;FA3;FA8,3,0,Duplicate of UCSD/ Oslo Group
15905,2;11,FA1;FA3;FA8,3,0,UCSD/ Oslo Group
31163,,,0,1,Testing LoF variant search methods
31160,2;5,FA1;FA8,2,0,Duplicate of Constructing a PGS for Melanoma Using Many Ancestral Groups
30801,1,FA1;FA8,2,0,Cardiometabolic disease in South Asians
31158,,,0,1,Initial explorations
31108,,,0,1,PQOL Measurement Project
31151,,,0,1,SDoH on health outcome
31150,4;6,FA1;FA5;FA7,3,0,JCV Exploration of the Health & Mental Health of Autistic SGM Adults
29323,11,FA1;FA3,2,0,Pascoal Lab v8 - ADHD
31147,1;6,FA1;FA7;FA8,3,0,Silent Myocardial Infarction
31144,2;4;11,FA1;FA3;FA5;FA8,4,0,PGC Florian Workspace
30927,4;18,FA1;FA5;FA7,3,0,MedScholars Summer 2025 research
31137,5;12;13;18,FA1;FA7;FA8,3,0,Glioma Mediation Project
31135,5,FA1;FA8,2,0,Proteomics study
31115,5,FA1;FA8,2,0,Sexual Orientation and Gender and Prostate Cancer
31131,1;3;4,FA1;FA5;FA8,3,0,Longitudinal impact of GLP-1RAs on co-occurring mental health outcomes
25432,,,0,1,Create Graphs
30273,4;13,FA1;FA5,2,0,Duplicate of Mental Health and Circadian Rhythms
30671,1;3;6,FA1;FA7;FA8,3,0,Version 2 of Liver Complications in AOU Cohort
31121,,,0,1,Research
31119,3;4;7,FA1;FA5,2,0,opioid_abuse_research
30654,2,FA8,1,0,HHT v8
30898,1;2;3;6;15,FA1;FA2;FA7;FA8,4,0,PRS- Preeclampsia
31116,1;6;11;18,FA1;FA3;FA7;FA8,4,0,Ischemic Ocular Conditions and Social Determinants of Health
29918,2;8,FA1;FA8,2,0,Characterizing the role of HERVs in COVID-19 severity and symptom persistence
18163,2;5;6,FA1;FA7;FA8,3,0,Integrated Analysis of Cancer Risk Drivers in Diverse Populations
31113,11;14,FA1;FA3,2,0,Genetic variation of BBB and related genes on TBI outcomes
31097,4;13,FA1;FA5,2,0,Duplicate 2 of Mental Health and Circadian Rhythms
31110,2;5;10,FA1;FA4;FA8,3,0,Breast Cancer; Monogenic + polygenic
26023,6,FA7,1,0,Duplicate of PGx Exploration - V8
7723,2,FA8,1,0,BCX PRS (V7)
10829,2;16,FA4;FA8,2,0,Duplicate of CYP2C19 Clopidogrel Response - v7
24843,2;16,FA4;FA8,2,0,January 2025 Checkpoint - CYP2C19 Clopidogrel Response - v7
28975,5,FA1;FA8,2,0,HNC Case Study final round
31098,2;3,FA8,1,0,CureVC_Cohorts
9459,2;5,FA1;FA8,2,0,Genetic-association and admixture analysis of heritable prostate cancer risk
31095,,,0,1,ukbb variable x allofus
29701,1;2,FA1;FA8,2,0,Drug Repositioning
31074,11,FA1;FA3,2,0,Genetic/Environmental Risk Factors for Alzheimer's Disease: Early vs Late Onset
23353,3;4;6;17,FA1;FA4;FA5;FA7,4,0,Comparing Patient-Reported Substance Use to EHR-Documented Substance Use
31079,1;4;11,FA1;FA3;FA5;FA8,4,0,Duplicate of T2D and dementia in participants with severe mental illness
25277,1;4;11,FA1;FA3;FA5;FA8,4,0,Type 2 diabetes and dementia in participants with severe mental illness
31077,2;3;8,FA1;FA8,2,0,Pet Allergens
31076,5;12,FA1;FA7;FA8,3,0,Skin cancer study
28922,1;5;12,FA1;FA7;FA8,3,0,Mohs Surgery Outcomes
31065,13,FA1,1,0,Predictors of Asthma Exploration with v8 Data
31061,5;12,FA1;FA7;FA8,3,0,target skin cancer therapies vs chemotherapy
31053,1;3;11,FA1;FA3;FA8,3,0,V8 Shared Workspace
11135,1;3;11,FA1;FA3;FA8,3,0,Shared Workspace
31051,3,,0,1,Rhinoplasty
26062,2,FA8,1,0,Sex-Differential Selection Allele Counts v8
31050,1,FA1;FA8,2,0,Duplicate of CETP/GLP1 Inhibitor Combination Therapy Workspace
31019,11,FA1;FA3,2,0,Frailty Indices
31047,1;5,FA1;FA8,2,0,Cancer comorbidity patterns (v8)
31043,2;15,FA2;FA8,2,0,Duplicate of Duplicate of SV_Pregnancy_Loss
27047,1;3;6,FA1;FA7;FA8,3,0,Duplicate of  Genetic Susceptibility and Diabetes Mellitus
31042,2,FA8,1,0,PD_genetics_KraincLab
16435,2;5,FA1;FA8,2,0,CDH Gastric Cancer 5
31037,4,FA1;FA5,2,0,Exploring Association of Schizophrenia
31032,7,,0,1,Studying daily step count
30972,5;6,FA1;FA7;FA8,3,0,Cervical Cancer Screening: Impact of Social Determinants of Health
31031,2;13,FA1;FA8,2,0,Lung Function
31030,4;10,FA1;FA4;FA5;FA8,4,0,Exploring Association of Porphyria and Psych Phenotypes
30261,3;16,FA4;FA8,2,0,Warfarin Outcomes v8
18182,2;6;16,FA4;FA7;FA8,3,0,HPV-associated Cancers v7
31020,2;6;16,FA4;FA7;FA8,3,0,HPV-associated Cancers v8
14494,14,FA1,1,0,Duplicate of CNV1 neuromuscular genetic diseases
5990,2,FA8,1,0,AOU_DATAPROD_CLUSTER
13301,2,FA8,1,0,LipidsAOUdata_WithVersion7DataSets_ACAF
6500,2,FA8,1,0,AOU_Hail_to_Bgen
5356,2,FA8,1,0,AOU_PAD
15063,2,FA8,1,0,AOU_PAD_for_Alyssa_Version7
2906,2,FA8,1,0,LipidsAOUdata
12422,2,FA8,1,0,LipidsAOUdata_WithVersion7DataSets
31028,3;6;9,FA1;FA7,2,0,Lupus and Itch
12988,2,FA8,1,0,LipidsAOUdata_WithVersion7DataSets_CODING
31026,2;3;4,FA1;FA5;FA8,3,0,Crohns Disease V2
31025,4;6,FA1;FA5;FA7,3,0,Spine-Related Low-Value Services_New Acct Dup_061325
31024,1;4;13,FA1;FA5;FA8,3,0,V8 Symptom Clusters in Chronic Conditions - Controlled Tier
31022,8;19,FA1;FA6,2,0,Air pollution exposure and upper respiratory tract infection incidence
31018,1;6;7,FA1;FA7;FA8,3,0,MI risk factors
7164,6;18,FA1;FA7,2,0,Ophthalmology epidemiology - update to v6 data
31016,6,FA7,1,0,Duplicate of How SDOH with race impact healthcare access & disease management v2
31013,,,0,1,Duplicate of CRC
29464,1;2;11,FA1;FA3;FA8,3,0,@@Duplicate of AD and diabetes
31008,7,,0,1,CoDaS
31006,3;6;15,FA2;FA7,2,0,AoU Pregnancies
31004,2;3;6;14,FA1;FA7;FA8,3,0,TSCI Recovery
31003,4;15,FA1;FA2;FA5,3,0,Opioid Crisis
31001,7,,0,1,Duplicate of v8_control_tier_explore_fitbit_post_gc
30998,5,FA1;FA8,2,0,Cocaine Use & CRC
12217,2,FA8,1,0,CAST
30991,3;11,FA1;FA3,2,0,Predicting Chronic Illness and Lifespan Using Physiological Markers
30990,1;3,FA1;FA8,2,0,Vascular Surgery Patient Outcomes
30989,1;6;12,FA1;FA7;FA8,3,0,Vitiligo and MetS
30988,1;3;9;14,FA1;FA8,2,0,ISB Intern Research archive 06/12/25
30924,4,FA1;FA5,2,0,Phases of Schizophrenia and Hippocampal Abnormalities
30987,1;14;15,FA1;FA2;FA8,3,0,Endometriosis and cerebrovascular outcomes
30984,,,0,1,JTF3 Puzzle control tier
30982,,,0,1,JTF3 Puzzles
30978,5,FA1;FA8,2,0,Duplicate of AGS VARIANTS AND ALL BY ALL II
21322,2,FA8,1,0,Rare variant burden test and polygenic score development
30973,4,FA1;FA5,2,0,ED_Data
29462,1,FA1;FA8,2,0,FI Renal Controlled Tier v8
30968,2;3;6;15,FA2;FA7;FA8,3,0,Male Health
29630,2;7,FA8,1,0,[ActiGen]
30965,,,0,1,Updated Outcomes of Sinus Procedures
30964,1;2,FA1;FA8,2,0,Priyatam_Cardiac_Controlled
19344,2,FA8,1,0,CD-burden-test
30958,1;2,FA1;FA8,2,0,CAD meta-analysis v8 data (2025_06_11)
30957,1;3;4,FA1;FA5;FA8,3,0,SUD and GLP-1 Agonist
27626,1;7;14,FA1;FA8,2,0,Duplicate of Atrial Fibrillation and Rhythm Control Therapy
10220,5,FA1;FA8,2,0,Breast Cancer diagnosis in Men Vs. Women
30814,2;3,FA8,1,0,DHRPS 2.0
30949,2;3;4,FA1;FA5;FA8,3,0,Crohns Disease
26048,2;6;7,FA7;FA8,2,0,Estimating PGx-Guided Drug Policy Performance (v8)
28085,2,FA8,1,0,AoU Ancestry Definitions v8 GWAS
29350,3;4;6;18,FA1;FA5;FA7,3,0,Smoking-related Glaucoma Analysis
30951,2;5;6;15,FA1;FA2;FA7;FA8,4,0,KL_V8 Endometrial Cancer Risk
30727,4;15,FA1;FA2;FA5,3,0,Psychosocial risk factors in female infertility
30948,1;4,FA1;FA5;FA8,3,0,Premature Ventricular contraction
29177,2;5,FA1;FA8,2,0,Constructing a PGS for Melanoma Using Many Ancestral Groups
30864,2,FA8,1,0,Duplicate of All by All results for TG replication
30947,1;2,FA1;FA8,2,0,V8 Validation of functional variants with laboratory and physical measurements
30946,4,FA1;FA5,2,0,Understanding Stress and Stigma
12829,2,FA8,1,0,PGx1_McClay
28173,1;3;6,FA1;FA7;FA8,3,0,Liver Complications in AOU Cohort
30944,5;12,FA1;FA7;FA8,3,0,NMSC Treatment Burden
30940,19,FA6,1,0,Osteoporosis and Walkability
30539,1;19,FA1;FA6;FA8,3,0,Bone Health and Walkability
20837,,,0,1,Feasibility for research in older women
27426,3,,0,1,Ml_cca_prediction_t8
30933,2;5,FA1;FA8,2,0,PTLD Genomics
25456,1,FA1;FA8,2,0,"v8-Investigating obesity related health outcomes, social determinants"
30865,9,FA1,1,0,NYU - IBD and wearables
29316,4;6;18,FA1;FA5;FA7,3,0,OAG
30930,1;2;11,FA1;FA3;FA8,3,0,GWAS of Dementia and Alzheimer's
29456,1,FA1;FA8,2,0,AoU Replication of genetic subtype responsive to glycemic control
28770,1;10,FA1;FA4;FA8,3,0,GAA VUS Identified by Newborn Screening
29879,2;8,FA1;FA8,2,0,Combinatorial risk factors for ME/CFS and long COVID CDRV8
29313,1,FA1;FA8,2,0,Replication of genetic subtype responsive to intensive glycemic control
28351,18,FA1;FA7,2,0,Version8_Genetic approaches for drug repurposing
13724,8,FA1,1,0,Version 7 of Genetics of infections and sepsis
26332,2,FA8,1,0,Phemap_AoU_analysis
26321,2;16;17,FA4;FA7;FA8,3,0,Duplicate of Demo - PGx variant frequency and medication exposures
28935,2;18,FA1;FA7;FA8,3,0,Amblyopia New Workspace
30919,,,0,1,Shoulder Instability
30916,,,0,1,Duplicate of Description of mCAs
27150,1,FA1;FA8,2,0,Genetic variants associated with congenital heart disease (V8)
16534,,,0,1,Description of mCAs
30914,1;2;3;5,FA1;FA8,2,0,Genetic_Risk_ICI_AKI_v7
30913,2;3,FA8,1,0,v8_ehr_full
30912,4;6;18,FA1;FA5;FA7,3,0,Alcohol and Substance Use in D/HH
30911,6,FA7,1,0,Joint modeling
30910,1;3;5;6,FA1;FA7;FA8,3,0,BMT CART
30909,4,FA1;FA5,2,0,Predicting EEN Adherence
30907,2,FA8,1,0,Lynne_CDR8 Identifying targets for new medicines using genetics and health data
30811,1;3,FA1;FA8,2,0,Incidence of Hypertension after Takotsubo event
30906,,,0,1,Steatotic Liver Disease
30903,3;6;15,FA2;FA7,2,0,SDOH and HRT for Menopause
30695,1;2,FA1;FA8,2,0,SPrediXcan of T2D Phenotype with Various Metabolic Tissues
30902,3;6;15,FA2;FA7,2,0,SODH and HRT Prescription for Menopause
27127,3,,0,1,EHR Foundation Model
30749,5;10,FA1;FA4;FA8,3,0,Chloe_working_v8_Germline mutations in cancer susceptibility genes
8031,1;2,FA1;FA8,2,0,Sudden Cardiac Death v7
13507,1,FA1;FA8,2,0,Genetics of Atrial Fibrillation
8195,1,FA1;FA8,2,0,Age Stratified AFib Risk
23801,1,FA1;FA8,2,0,Cardiac Mutation Pharmacodynamics
20976,1,FA1;FA8,2,0,Atrial Flutter 2024
25919,1,FA1;FA8,2,0,Genetics of Post Operative Atrial Fibrillation v8
30897,4;6,FA1;FA5;FA7,3,0,Sexual and gender minority irritable bowel syndrome
30868,2;3;6,FA7;FA8,2,0,Alex Readonly Phenome of Speech and Language Problems (with Genetics)
30894,1;2,FA1;FA8,2,0,GIMAP6 and cardiovascular disease burden
28071,7,,0,1,AIM-AHEAD All of Us Developmental Health
30892,2,FA8,1,0,markerDB and clinvar plus genomics survey
30890,2,FA8,1,0,KAM of How to Work with All of Us Genomic Data (Hail - Plink)(v8)
30888,1;3,FA1;FA8,2,0,Test_Dataset
26165,2;11,FA1;FA3;FA8,3,0,v8 Alzheimer's Disease PRS
30887,1,FA1;FA8,2,0,Hypertension risks in college students
30884,,,0,1,DDX41
26688,1;2;4;7,FA1;FA5;FA8,3,0,Combining Mood with Activity and Genetics v8
30878,2;5,FA1;FA8,2,0,Identification of Cancer Predisposition Gene
7835,2;8,FA1;FA8,2,0,Analyses of chronic infectious disease data
30874,,,0,1,kidneyStones
30873,3;6;13;19,FA1;FA6;FA7,3,0,COPD hospitalizations and SDOH
30649,10,FA1;FA4;FA8,3,0,Diagnostic Lab Measures in Patients with hEDS
30867,3,,0,1,Duplicate of Anthropometric Exploration (moving to v8)
27387,6;18,FA1;FA7,2,0,Glaucoma StrRac
28726,4;6,FA1;FA5;FA7,3,0,Mental Health and Quality of Life for People with Rare Diseases
30112,,,0,1,Lactic Acid by Age
27654,2;3;6;18,FA1;FA7;FA8,3,0,Glaucoma_8
30861,,,0,1,Burden of respiratory infectious diseases for immunocompromised population
30858,,,0,1,AQI & Corneal Morphologies
8730,2;9,FA1;FA8,2,0,Genetic investigation of celiac disease
10363,1;3,FA1;FA8,2,0,EHR trends
29059,2,FA8,1,0,Early Check T1D v7
25741,2;6,FA7;FA8,2,0,Impact of global and local ancestry on GWAS V8
30753,1;7,FA1;FA8,2,0,NYU SRF - Heart Failure
12298,2;5;6;15,FA1;FA2;FA7;FA8,4,0,Genetic and Non-Genetic Risk Factors Associated with Endometrial Cancer Risk
24841,,,0,1,Duplicate of Dissertation
24957,6,FA7,1,0,Discrimination and use
30850,,,0,1,Burden of Respiratory Infections on Moderately Immunocompromised  Populations
30848,3;4;6;8,FA1;FA5;FA7,3,0,Duplicate of Duplicate of Long_Covid_CTDv8
30844,1;16,FA1;FA4;FA8,3,0,methadone arrhythmia
30841,2,FA8,1,0,Aaron - All by All - Physical Measurements Phenotypes Curation
30840,2,FA8,1,0,Parent of Origin Effects
30838,2;3;15,FA2;FA8,2,0,Improving genomic risk prediction for endometriosis and complex diseases
30837,1;2,FA1;FA8,2,0,Duplicate of icm-june
30836,3;5,FA1;FA8,2,0,AML Treatment
30834,3;11,FA1;FA3,2,0,Anesthesia and Cognitive Decline in Women
30833,,,0,1,Drug Repurposing for OA
30830,6;7,FA7,1,0,Sleep-Age
30760,2,FA8,1,0,v8_Sex_and_BodySize
16964,14;19,FA1;FA6,2,0,Migraine Air Quality Controlled
30824,2,FA8,1,0,learning GWAS basics
30823,4,FA1;FA5,2,0,Pain & NPWT
30816,,,0,1,Greenspace Redo Final
25318,1;4;6,FA1;FA5;FA7;FA8,4,0,Duplicate of Duplicate of Dissertation_Test
28724,2;14,FA1;FA8,2,0,Metabolic/neurological disorder phenome-wide association study
29270,6,FA7,1,0,Buffer Effects in the All of Us Cohort (v8)
17788,6,FA7,1,0,Buffer Effects in the All of Us Cohort
30800,,,0,1,CHD Workspace
30421,3,,0,1,NeuroDisease_Inference
16890,2;4,FA1;FA5;FA8,3,0,Psychiatric_exome
30645,2;6,FA7;FA8,2,0,GeneticAncestryInference V8
30172,11,FA1;FA3,2,0,Periodontitis and ADRD
18250,11,FA1;FA3,2,0,Asian subgroup and Dementia
30795,2;3;5,FA1;FA8,2,0,Creating Topology File Breast Cancer GWANN
30793,6,FA7,1,0,TNBC
30792,2,FA8,1,0,Mollie_CDR8 Identifying targets for new medicines using genetics and health data
26127,2;5,FA1;FA8,2,0,Associations of cancer outcomes and genetically predicted alcohol usage
30791,1;2;5,FA1;FA8,2,0,Associations of cancer outcomes and genetically predicted impact of SGLT2i drugs
30789,2,FA8,1,0,burden_tests_v8
21118,2;7,FA8,1,0,Osteoarthritis Progression Insights
30787,,,0,1,Down Syndrome Airway
30784,3;12;14,FA1;FA7,2,0,CGRP and acne
30783,1;2;9,FA1;FA8,2,0,hla_and_autoimmune_longRead
30782,3;4;7,FA1;FA5,2,0,mental_health_detection_EHR_wearable_data
30578,5;6,FA1;FA7;FA8,3,0,Examining cancer screening uptake
30779,,,0,1,AMD and Medications V8
28249,3;11,FA1;FA3,2,0,genetics Duplicate of Evaluations of ADRD
28115,3;11,FA1;FA3,2,0,model-design-Duplicate of evaluations of ADRD
30776,3;7,,0,1,LLM-Based Human Activity Recognition Using Fitbit IMU Data
30692,1;2;3;5,FA1;FA8,2,0,Genetic Risk of ICI-AKI
24782,2,FA8,1,0,Sign bias GWAS analyses
29443,2;5;6;10,FA1;FA4;FA7;FA8,4,0,Duplicate of Analysis of Germline and Somatic Variants in African American
30771,,,0,1,CD320 Homozygotes
30629,3,,0,1,Duplicate of Installing Command-Line Tools in the Researcher Workbench
30768,,,0,1,Duplicate of How to Work with Long Read Data (v8)
30767,2;3,FA8,1,0,Duplicate2 of not cluster identifying variants associated with traits- v8
29079,2,FA8,1,0,EtM_2
29244,1;7;19,FA1;FA6;FA8,3,0,Duplicate of Air pollution and climate change on cardiometabolic health
30763,3,,0,1,EHR_study
30762,3;5,FA1;FA8,2,0,Cancer and Alcohol
30756,2;3;5;11,FA1;FA3;FA8,3,0,Genetic Links Between Breast Cancer and Dementia
30754,2,FA8,1,0,1) Duplicate of How to Work with All of Us Genomic Data (Hail - Plink)(v8)
30752,1;2,FA1;FA8,2,0,Priyatam_Cardiac
30748,,,0,1,Craniofacial anomalies
30747,1;2;5,FA1;FA8,2,0,Diabetes and Lung Cancer Research
28045,1;4;18,FA1;FA5;FA7;FA8,4,0,BMI & Post Cataract Surgery Complications
28830,2;3;4,FA1;FA5;FA8,3,0,LiRong lab at-risk PA and ASUD/OUD (V8)
30743,2;5;16,FA1;FA4;FA8,3,0,pharmacogenetic_TKI
30738,5,FA1;FA8,2,0,Prevalence of Colorectal Carcinoma Across English Language Proficiency
27836,1;3;13,FA1;FA8,2,0,ASA 2025 Exploration
23582,5;8,FA1;FA8,2,0,H. pylori and cancer-promoting genes
30736,1,FA1;FA8,2,0,Explore Hypertension Data
30735,1;2;5;6,FA1;FA7;FA8,3,0,Investigating Genetic Risk Factors for ICI-AKI - Version2
30733,2;5;10,FA1;FA4;FA8,3,0,Duplicate of Mendelian randomization analyses for the causes of pan-cancer
30234,,,0,1,Behavioral Risk Score Development (Preliminary Model)
30729,1;2;4;5;6,FA1;FA5;FA7;FA8,4,0,Interaction with allostatic load and the rs1801320 SNP in breast cancer cohorts
28804,1;11,FA1;FA3;FA8,3,0,LE8 with Dematia risk in Diabetes
27993,2,FA8,1,0,aGDS for all of US srWGS v8 chr11 New
25425,2;3;6;7,FA7;FA8,2,0,HRV PheWAS CTDv8
12825,2;3;5,FA1;FA8,2,0,Ovarian cancer snps
30723,2;3;5;6,FA1;FA7;FA8,3,0,Asma Aul Husna Pinkey
30720,1;3;7,FA1;FA8,2,0,Multimodal MI Prediction
30719,2;6,FA7;FA8,2,0,ScatTR Repeat Expansions (v8)
27994,2,FA8,1,0,aGDS for all of US srWGS v8 chr12 New
30718,7,,0,1,Bariatric Patients and Fitbit Data
23480,2,FA8,1,0,pyGEMMA
25428,2;3;8,FA1;FA8,2,0,Genomics of infectious disease susceptibility v8
30712,15,FA2,1,0,Future diseases after hyperemesis gravidarum
30713,,,0,1,Respiratory Infectious Diseases
30709,3,,0,1,CovidData_Pattern_Analysis
26174,,,0,1,Spine Surgery Analyses
30329,,,0,1,SMI_test
12340,1;6;8,FA1;FA7;FA8,3,0,AACN: AoU Dyad--Treatment of T2D in PWH
9045,2;6,FA7;FA8,2,0,Impact of global and local ancestry on genome-wide association V7 studies
27690,2,FA8,1,0,STR instability v8
30642,12,FA1;FA7,2,0,Statins and Skin Health
30701,2;16;17,FA4;FA7;FA8,3,0,4) Pharmacogenomics (PGx) variant frequency and medication exposures
30699,1;2;5;6;13,FA1;FA7;FA8,3,0,2) Duplicate of Demo - Polygenic_Risk_Score_Genetic_Ancestry_Calibration
30696,2,FA8,1,0,Test GEM tier8
30694,1;6;14,FA1;FA7;FA8,3,0,AHA-1
30693,1;2;14,FA1;FA8,2,0,Associations of cardiovascular outcomes and genetically predicted alcohol usage
30687,1,FA1;FA8,2,0,CETP/GLP1 Combination Therapy MR Workspace
24352,5,FA1;FA8,2,0,New Colorectal Cancer and Universal Testing
30686,2,FA8,1,0,MID best practice - v8
30685,,,0,1,Duplicate of Exploratory_Project
30682,1;14,FA1;FA8,2,0,All of Us ASCVD
30679,3;13,FA1,1,0,IPF_ILD_COPD
23077,6,FA7,1,0,IPV and Disability
30677,15,FA2,1,0,Independent Study
29094,2,FA8,1,0,Associating rare coding & non-coding variants with common disease V8 WL
30676,2,FA8,1,0,Genomic Public Health
30670,10,FA1;FA4;FA8,3,0,Effects of genetic variants in sodium-potassium ATPase genes
30669,2;15,FA2;FA8,2,0,Duplicate of SV_Pregnancy_Loss
30668,12,FA1;FA7,2,0,Atopic dermatitis and neurodevelopmental disorders
28614,1;13,FA1;FA8,2,0,Association between long acting beta agonists and heart failure
28035,2,FA8,1,0,metabolic health analysis
28998,3;4;7,FA1;FA5,2,0,"Exploring wearables, psychological health, and treatment (V8)"
23570,2;6,FA7;FA8,2,0,ScatTR Repeat Expansions
30659,2;16,FA4;FA8,2,0,Looking for previously unidentified pharmacogenetic variants
30657,4;6,FA1;FA5;FA7,3,0,Duplicate of SDOH+IRR_v8
30550,3,,0,1,AP_Smoking
30504,2,FA8,1,0,v8_TSHxSmoking
30653,6;12,FA1;FA7,2,0,dup2_Research for Dermatologic Conditions and differences in management
28223,,,0,1,"ACE2, PTEN, ZDHHC8 Variant Calling"
30640,,,0,1,TXA and HO
8777,2;6,FA7;FA8,2,0,GeneticAncestryInferenceV7
30506,2;5;6,FA1;FA7;FA8,3,0,Prostate cancer genetics_V8_BG
30637,3;6;18,FA1;FA7,2,0,Deniz
30635,,,0,1,lrWGS initial exploration
30456,5;10,FA1;FA4;FA8,3,0,Duplicate of working_v8_Germline mutations in cancer susceptibility genes
30626,1;2,FA1;FA8,2,0,icm-june
30620,2;3,FA8,1,0,Duplicate of not cluster identifying variants associated with traits- v8
22452,2,FA8,1,0,Gaurav_exploratory
29974,4;5,FA1;FA5;FA8,3,0,Mental health and Opioid use
28289,,,0,1,V8 Identifying Genetic Variants associated with Undiagnosed Rare Diseases
30616,2,FA8,1,0,Mitral Valve Prolapse PheWAS
30614,3;4;7,FA1;FA5,2,0,opioid
30612,2;10,FA1;FA4;FA8,3,0,A genome-first approach to the diagnosis of rare disease
24367,2,FA8,1,0,Mooreforall
24955,2,FA8,1,0,TTP
30609,3;6;13,FA1;FA7,2,0,Economic Analysis of Direct Medical Costs Accrued in COPD Management
30607,3,,0,1,Nutrition and CMDs Informatics Project
30605,1,FA1;FA8,2,0,Tolerability
27831,,,0,1,Variant Extraction
30603,,,0,1,Hypolastic left heart syndrome
30602,2;10,FA1;FA4;FA8,3,0,Monogenic Short Stature
25747,2;4;6;7;9,FA1;FA5;FA7;FA8,4,0,Autoimmune inflammatory and other rheumatic diseases queries (v8)
30600,4,FA1;FA5,2,0,Bipolar Disorder
30593,2;3;4;6,FA1;FA5;FA7;FA8,4,0,AllofUS
30587,1,FA1;FA8,2,0,Heart Failure-AFib
26202,2,FA8,1,0,Duplicate of TTP
30585,1,FA1;FA8,2,0,Apicus
30283,1;2;5,FA1;FA8,2,0,Gene Burden
30579,2;3,FA8,1,0,not cluster identifying variants associated with traits- v8
30497,5,FA1;FA8,2,0,ASU Bio 340 Lung cancer project
30400,18,FA1;FA7,2,0,CPA Tumors
30577,2;3,FA8,1,0,identifying variants associated with traits- v8
27886,2;3;4,FA1;FA5;FA8,3,0,Duplicate of LiRong lab Depression and ASUD/OUD control V8
30576,1;4;8;9,FA1;FA5;FA8,3,0,marijuana and sepsis
11268,6,FA7,1,0,Effective therapeutic hypotheses
30575,1;8,FA1;FA8,2,0,ACE2 Variants in Health and Disease
30571,2,FA8,1,0,IA)2025_run3
30572,3;5,FA1;FA8,2,0,PHTS Computational Phenotype
29081,1;2;3,FA1;FA8,2,0,Marea Therapeutics CAD
25352,1;2;6,FA1;FA7;FA8,3,0,SV Credible Sets - v8
30570,2;5,FA1;FA8,2,0,Better Characterization of Prostate Cancer to Improve Risk Stratification
28974,1;3;6,FA1;FA7;FA8,3,0,AIAN NHPI Geospatial Public Health Project 2
28050,2;4,FA1;FA5;FA8,3,0,WGS_WES_AUD
30145,1;15,FA1;FA2;FA8,3,0,Maternal Age as a Moderator Between Preeclampsia & CVD
25297,3;4;5,FA1;FA5;FA8,3,0,E-Cigarette Usage and Tumor Metastasis
30554,1;3;5;6;15,FA1;FA2;FA7;FA8,4,0,Defining co-occurring social determinants of endometrial cancer disparities
30559,,,0,1,Updated Polysubstance Use
30557,5,FA1;FA8,2,0,Exploring Cancer Datasets
30536,,,0,1,SIDs
10029,2;11,FA1;FA3;FA8,3,0,Sex differences of dementia family history
29416,6,FA7,1,0,leena
28136,2;5;6,FA1;FA7;FA8,3,0,"PRS, Social Determinants, and Breast Cancer Incidence in Underserved Populations"
30547,3,,0,1,Investigating Genetic Patterns and Rare Diseases Using Machine Learning
25888,2,FA8,1,0,Ancestry vs Self-identified Race
28701,2,FA8,1,0,Genomic data analysis v8
30545,,,0,1,initial workspace to survey data
22865,1;6,FA1;FA7;FA8,3,0,DM & osteoporosis
30543,5,FA1;FA8,2,0,head and neck cancer
30542,4;6,FA1;FA5;FA7,3,0,CTDv8 Alcohol and stress
30540,1;2,FA1;FA8,2,0,Type II Diabetes
30524,16,FA4;FA8,2,0,Evaluation of pharmacogenomic predictors of transport
30538,9;14,FA1,1,0,Multiple Sclerosis SARM1 Variants
30534,1,FA1;FA8,2,0,Heart Failure
8812,6,FA7,1,0,Alcohol risk factors
30533,2;5;6,FA1;FA7;FA8,3,0,Duplicate of PRS workspace
30532,5,FA1;FA8,2,0,IMD & Cancer
19814,6;11;14,FA1;FA3;FA7,3,0,FAU Team 1 - Controlled Tier Workspace
30531,2,FA8,1,0,Confounding in polygenic scores CDR v8
30530,5,FA1;FA8,2,0,Lab measurements associated with cervical cancer
27493,1;4,FA1;FA5;FA8,3,0,Diabetes and Mental Health Study
30528,1,FA1;FA8,2,0,Allostatic Load Score
30527,4;8,FA1;FA5,2,0,OPLWH PSY
30525,,,0,1,Somatic Mutation
13077,5,FA1;FA8,2,0,Cancer Metastasis Network
25623,2,FA8,1,0,pheno_prep_v8
29176,2,FA8,1,0,HLATyping
30521,1,FA1;FA8,2,0,South Asian - Cardiometabolic Risk
30517,,,0,1,hypothyroidism
30452,,,0,1,TCGA_SNPs_White
30514,,,0,1,Prescriptions for Fribromyalgia amongst different Asian subgroups
30513,1;2;6,FA1;FA7;FA8,3,0,MHO_Cohort_Build_CM
30511,2;3;6;11,FA1;FA3;FA7;FA8,4,0,Age-related Diseases in Diverse Populations
26754,1;3;5,FA1;FA8,2,0,Breast_prostate_Cancer
30510,3,,0,1,SDTM Intelligence Layer
25722,2,FA8,1,0,Duplicate of Rice cultivation and human adaptation
30192,2,FA8,1,0,UGT polymorphisms in cholestatic liver diseases (v8)
26739,2,FA8,1,0,GxE PFAS
30420,1;5,FA1;FA8,2,0,CHIP and cancer
30507,2;4,FA1;FA5;FA8,3,0,Duplicate of PGS Pipeline Workspace
30505,6,FA7,1,0,Duplicate of ABRC medical gaslighting in arizona
30503,2;8;9,FA1;FA8,2,0,V8 ARI Genomics Workspace - 5-28-2025
27000,2;3;16,FA4;FA8,2,0,WGS Processing v8
30500,19,FA6,1,0,Genetic Targets
25562,3;4,FA1;FA5,2,0,Duplicate of Iron Metabolism in Alcohol Use Disorder
30496,3;7,,0,1,mDOT TRD1 v8
25205,2;5;6,FA1;FA7;FA8,3,0,Biomarker_PRS
26037,2,FA8,1,0,PhD Thesis - GLA Proof of concept
30492,1,FA1;FA8,2,0,Duplicate of Genetics of Post Operative Atrial Fibrillation v8
25095,1;2;16,FA1;FA4;FA8,3,0,PRS Metformin Analysis
29995,1;6,FA1;FA7;FA8,3,0,Study 2 Final
30490,3,,0,1,Duplicate of son_hgsccl_workspace_v8
30367,1;2;4;5;11,FA1;FA3;FA5;FA8,4,0,Polygenic risk scores for shift work tolerance - genetic data
30485,1;2;3,FA1;FA8,2,0,Cardiac Amyloidosis Cohort Study
30483,1;2;5,FA1;FA8,2,0,Duplicate of V8 Integrated risk score models for human traits and disease
30480,1;2;6,FA1;FA7;FA8,3,0,Cardiac Arrest Genetics
30475,6,FA7,1,0,ALD comorbidity
30473,2;3;6;16,FA4;FA7;FA8,3,0,Pharmacogenomics sample size exploration
30470,1,FA1;FA8,2,0,Duplicate of CHIP in All of Us v7_Nandan
30439,3;6;18,FA1;FA7,2,0,Glaucoma V8
30469,1,FA1;FA8,2,0,Type 2 Diabetes/Vitamin D
30347,2;3;5;7;16,FA1;FA4;FA8,3,0,Wearable Devices for Adverse Cancer Effects
30467,5;6,FA1;FA7;FA8,3,0,Duplicate of Social Determinants of Health Factors in Ovarian Cancer Survivors
30464,1;2,FA1;FA8,2,0,G by E interaction study
30463,2;4;11,FA1;FA3;FA5;FA8,4,0,"Toxoplasmosis, Dementia, and Depression"
30462,5;10,FA1;FA4;FA8,3,0,CFTR_V7
30353,5;10,FA1;FA4;FA8,3,0,CFTR_v8
30461,2;3;6,FA7;FA8,2,0,"Race, ethnicity, and ancestry in genetic risk and health, v8"
18205,1;4,FA1;FA5;FA8,3,0,PTSD-CVD
29411,2;9,FA1;FA8,2,0,Genetic risk in autoimmune diseases V2
30458,3;5;6,FA1;FA7;FA8,3,0,Duplicate of 20250508 Genetic testing utilization in nephrology
30457,5;7,FA1;FA8,2,0,Physical Activity and Cancer Risk
30455,1;2;4,FA1;FA5;FA8,3,0,Negative Control
11930,2,FA8,1,0,[V7] Buu
30451,2;5,FA1;FA8,2,0,Pancreatic cancer polygenic risk score
30448,1,FA1;FA8,2,0,Duplicate of GLP1_JL
30447,,,0,1,IFN-I signaling
30446,,,0,1,Duplicate of Comorbidity_2025
30366,2,FA8,1,0,PheWAS of Workstation
30444,1;2;11;14,FA1;FA3;FA8,3,0,Genomic correlates of predicted brain age and brain age gap
30442,1;2;6,FA1;FA7;FA8,3,0,APOL1 and Kidney Disease
30441,,,0,1,Duplicate of LE8 Scores CABG vs. PCI vs. Medical MI
30435,2,FA8,1,0,Hip Fracture Genetic Risk Assessment
30434,,,0,1,Testing V8
29372,2,FA8,1,0,Duplicate of Duplnicate of How to Work with All 2(v8)
30432,3;4;13,FA1;FA5,2,0,Opioid use and sleep apnea
8922,4;16,FA1;FA4;FA5;FA8,4,0,Duplicate of Impact of CYP2D6 phenoconversion on opioid therapy
30427,3;4,FA1;FA5,2,0,MIR124 Variants and Psychiatric Symptoms
27362,4,FA1;FA5,2,0,Scoliosis Mental Health
30425,1;3;11,FA1;FA3;FA8,3,0,Drug Repurposing GLP-1 for AD
30423,4;7,FA1;FA5,2,0,Wearable data
30229,2,FA8,1,0,Duplicate of Rare NCV Analysis
30417,2;3;5;6,FA1;FA7;FA8,3,0,ProstatePRS2025
30416,,,0,1,AI Algorithm Correlation to Patient Data Study
30415,4,FA1;FA5,2,0,TrT-Neuropsychiatric Condtions
30412,1;6,FA1;FA7;FA8,3,0,Cirrhosis and GI Bleeds
30411,8,FA1,1,0,VDJ Explore
30409,5,FA1;FA8,2,0,BIO340_Group#51_Lung Cancer
30408,2;4;6;15,FA1;FA2;FA5;FA7;FA8,5,0,"Clinical, Genetic, and Social Determinants of Perinatal Depression"
29594,1;2;6,FA1;FA7;FA8,3,0,Duplicate of Duplicate of WFS1 RVAS
21395,1;6;8;14,FA1;FA7;FA8,3,0,Disertation
30405,2,FA8,1,0,Rare NCV Analysis
30402,9,FA1,1,0,autoimmune and pfas test
30398,4,FA1;FA5,2,0,Kyle's MDD Study Workspace
22187,1;2,FA1;FA8,2,0,HHD_HamptonU
24110,2;14,FA1;FA8,2,0,Migraine_EAS_Jongseung
30396,1;4;7,FA1;FA5;FA8,3,0,Sleep symptoms and network analysis in heart disease
30394,5,FA1;FA8,2,0,Assistant for genetic colon cancer (Lynch syndrome)
30391,6,FA7,1,0,Rotator Cuff Repair
30390,,,0,1,MCS Study
30389,1,FA1;FA8,2,0,Antihypertensive polytherapy
25638,2,FA8,1,0,Duplicate of How to Work with Genomics Data (CRAM_Processing and IGV) v8
28544,2;11,FA1;FA3;FA8,3,0,Duplicate of WGS analysis of Alzheimer's disease
30132,5;8,FA1;FA8,2,0,Cervical cancer screening and Diagnosis among WLHIV
30381,3;11;14,FA1;FA3,2,0,Dose dependent effects of quetiapine on TBI outcomes
30379,1;5;6;14,FA1;FA7;FA8,3,0,Cardio-oncology
29622,,,0,1,Duplicate of Experiment
28978,2,FA8,1,0,Ancestry_study
23650,1;2;6,FA1;FA7;FA8,3,0,SDOH Genome Wide by Environment Association Study (GWEIS)
26355,2;3,FA8,1,0,aimehr8
29986,2,FA8,1,0,v8_phecode
30374,1;6;8,FA1;FA7;FA8,3,0,HIV GLP1_RA Studies
23846,8,FA1,1,0,Extract HLA region SNPs using dsub
30371,7;13,FA1,1,0,Insomnia and Wearables
30368,2;5;6,FA1;FA7;FA8,3,0,Genetic Variation Frequencies in Lung Cancer Risk Genes Among Hispanics
25422,3;4;6;8,FA1;FA5;FA7,3,0,Duplicate of Long_Covid_CTDv8
20240,1;2,FA1;FA8,2,0,Investigation of genetic variation underlying real-world weight loss
26597,2,FA8,1,0,R01_Osteoarthritis_v8
30359,6;7,FA7,1,0,Duplicate of New Analysis: Everyday Discrimination & Sleep Analysis
30357,4;18,FA1;FA5;FA7,3,0,Psychiatric Comorbidity in Chronic Rhinosinusitis
30355,1;2;5,FA1;FA8,2,0,Gene-Environment Interactions in NAFLD and complications
30354,7,,0,1,BWhabit
30351,,,0,1,Example
29699,1,FA1;FA8,2,0,Exploring Dyslipidemia Aim
28694,11,FA1;FA3,2,0,indigenous cohort Alzheimer's analysis
30348,18,FA1;FA7,2,0,Duplicate of Eye Care Outcomes
20028,14,FA1,1,0,IPN Project
30345,5;6,FA1;FA7;FA8,3,0,Ovarian Cancer
30339,15,FA2,1,0,STI and Drug Treatment among Women
30338,2,FA8,1,0,PharmCAT NAT2
21413,1;15,FA1;FA2;FA8,3,0,TMB Duplicate of Exploring Pregnancy Complications: Future Health
30334,1;7,FA1;FA8,2,0,NYUGSOM PMED 2.0_v8
30331,,,0,1,Anterior cruciate ligament repair versus reconstruction outcomes
29927,5;10,FA1;FA4;FA8,3,0,working_v8_Germline mutations in cancer susceptibility genes - Working WS
30327,3;5,FA1;FA8,2,0,Comparative Analysis of Cancer and Vitamin D
25372,1;2,FA1;FA8,2,0,Pharmacogenomics
30276,1;3,FA1;FA8,2,0,TCR_variant
30317,3;6,FA7,1,0,Trauma SDOH
30125,2;3;5,FA1;FA8,2,0,LungCancerScreeningV8
30312,9,FA1,1,0,Autoimmune disease and PFAS
30310,2;3;6,FA7;FA8,2,0,Stimulant Use Disorder in the Rural  United States
10161,5;6,FA1;FA7;FA8,3,0,Disparity in cancer survivorship and supportive care
30305,3;10,FA1;FA4;FA8,3,0,Duplicate of Rare Disease Exploration
30303,1,FA1;FA8,2,0,Potential Study
30301,5,FA1;FA8,2,0,Colorectal Cancer dataset
30299,4,FA1;FA5,2,0,Cannabis legalization policies and cannabis tobacco co use and related diagnoses
20305,2,FA8,1,0,Risk Factors for Barretts Esophagus
30298,1;3;15,FA1;FA2;FA8,3,0,Exploring Risk Factors Associated with Hypertensive Disorders of Pregnancy_v2
8123,2,FA8,1,0,Structural variant effects on human phenotypes
26068,2,FA8,1,0,Adrenal Gland v8
25790,2,FA8,1,0,Phenotypes in unmapped reads from WGS
24532,2,FA8,1,0,Phenotypes in unmapped reads from blood WGS
30284,10,FA1;FA4;FA8,3,0,Variable Expressivity of CNVs
30051,16,FA4;FA8,2,0,Evaluation of pharmacogenomic predictors of medication outcomes
30279,11,FA1;FA3,2,0,Parkinson's Disease Exploration
30278,2;18,FA1;FA7;FA8,3,0,Explore GWAS
29799,,,0,1,Duplicate of HealthEconomy_v2
26865,2;8,FA1;FA8,2,0,Creating an influenza cohort
30121,1;2;3;15,FA1;FA2;FA8,3,0,Understanding Contraceptive Prescribing Patterns and Individual Decision Making
30267,3;6;7;18,FA1;FA7,2,0,SDHA in Eye Conditions - v8 Dataset
30265,3;4;9;12,FA1;FA5;FA7,3,0,kerataconus v8
30264,2;3;5,FA1;FA8,2,0,Thyroid Cancer Genetics v8
30254,5,FA1;FA8,2,0,GIM and Gastric Cancer
26586,2,FA8,1,0,Associating rare coding & non-coding variants with common disease CDRv8
30259,2;3;15,FA2;FA8,2,0,Adverse Pregnancy Outcomes PheWAS (controlled)
18741,2;3;11,FA1;FA3;FA8,3,0,"Complex traits, GWA and protein"
30255,3;6;15,FA2;FA7,2,0,Prolapse
28320,4;7,FA1;FA5,2,0,PainIDR V8
8435,2;15,FA2;FA8,2,0,Duplicate of Genetic associations with clinical bleeding history
30247,1;11,FA1;FA3;FA8,3,0,Antihypertensive medications and cognitive impairment
30245,,,0,1,BladderDysfunction_E756del
30244,1;3;15,FA1;FA2;FA8,3,0,Gestational Diabetes Risk Prediction Exploratory Analysis
30240,3;5;6;12,FA1;FA7;FA8,3,0,Predictive Modeling of Treatment Response in HNSCC
30239,2,FA8,1,0,A Multi-ancestry Analysis of the Genetic Architecture of Complex Diseases V8 DU2
30238,2,FA8,1,0,Investigating Multiethnic Polygenic Risk Scores (PRS) Attempt 11
24244,2;11,FA1;FA3;FA8,3,0,Alzheimer's Disease PRS
30233,2;3;4,FA1;FA5;FA8,3,0,test_2
22646,1;2;5;11,FA1;FA3;FA8,3,0,CH and Solid Cancer Risk v7
26569,6;12,FA1;FA7,2,0,v8 CONTROLLED - Research for Dermatologic Conditions
23355,6;12,FA1;FA7,2,0,CONTROLLED - Research for Dermatologic Conditions and differences in management
28300,2;8,FA1;FA8,2,0,EBV_GWAS_2
28822,2;8,FA1;FA8,2,0,Filter_SNPs
29853,,,0,1,Duplicate of HealthEconomy
30222,4,FA1;FA5,2,0,ecig and PUD
24988,1;6,FA1;FA7;FA8,3,0,Equity in type 2 diabetes diagnosis
30055,6,FA7,1,0,Duplicate of Cluster Analysis of Liver Conditions
30220,2,FA8,1,0,Transposable element focused pangenome-CDR
14422,2;4,FA1;FA5;FA8,3,0,PGS Pipeline Workspace
28719,1,FA1;FA8,2,0,SGK1 Regulation
28309,2,FA8,1,0,v8_surveys
30208,,,0,1,IRAK1
30207,2;5,FA1;FA8,2,0,Down Syndrome Structural Variant Analysis
30204,1;2;15,FA1;FA2;FA8,3,0,GDM and genotype
30195,2;3;6;8,FA1;FA7;FA8,3,0,Leveraging STI data for enhancing HIV prevention and management
30199,,,0,1,ED + Urinary Incontinence - Sexual Orientation
25727,4;6,FA1;FA5;FA7,3,0,Duplicate of Duplicate of PhenoAge_Sexual Minority
30184,1;8,FA1;FA8,2,0,Cardiometabolic Inflammation and HIV Status
30194,1,FA1;FA8,2,0,Claudin-16
30188,1;2;6,FA1;FA7;FA8,3,0,BMI_Cohort_Build_CM
26034,15,FA2,1,0,Long-acting reversible contraception and anemia
15238,1;3,FA1;FA8,2,0,EGM - diabetes
30185,1,FA1;FA8,2,0,3rd Duplicate of V122I Carriers
30178,,,0,1,FGF14 studies
29793,18,FA1;FA7,2,0,Predicting AMD Progression through Comorbidities
30176,15,FA2,1,0,testing on pregnancy complication
30173,1;8,FA1;FA8,2,0,HBV DM
30171,1;11;14,FA1;FA3;FA8,3,0,Oral Health and ADRD
30170,11,FA1;FA3,2,0,New Asian Subgroup Dementia
24937,6,FA7,1,0,Sexual and Gender Minority Barriers to Care
30166,6,FA7,1,0,Duplicate of Sexual and Gender Minority Barriers to Care
30153,2;3;5,FA1;FA8,2,0,Integrating Multimodal Data for Colorectal Cancer Risk Prediction
30152,1;4,FA1;FA5;FA8,3,0,Under Pressure
30149,6,FA7,1,0,Socioeconomic Drivers of Breast Reduction
30143,2;6,FA7;FA8,2,0,Metabolic_Sydrome_Group_project
28020,2;16,FA4;FA8,2,0,HMGCR Gene variants
30138,,,0,1,control
21956,1;3,FA1;FA8,2,0,Obesity and Liver
30136,4;5;6,FA1;FA5;FA7;FA8,4,0,The Moderating Role of Family Environment  in AYA cancer
30130,6;15,FA2;FA7,2,0,New Sample Weighting
30105,,,0,1,Verification of PNPLA3 association with HbA1c
30124,2;3;5,FA1;FA8,2,0,Duplicate of LungCancerScreening
29932,2;5,FA1;FA8,2,0,Duplicate of 202504 Variants of unknown significance linked to Lynch syndrome
1183,2;3;5,FA1;FA8,2,0,LungCancerScreening
25391,2;6,FA7;FA8,2,0,PRS*SDOH (V8)
27729,1;2,FA1;FA8,2,0,Genomic mutations of GLP1R among type 2 diabetes patients
30118,1;6;14,FA1;FA7;FA8,3,0,Stroke x PT
30114,4;18,FA1;FA5;FA7,3,0,Hearing loss and cognition/psychiatric conditions
30110,1;8;14,FA1;FA8,2,0,Duplicate of COVID_HIV_dissertation_project
29432,3;4;6,FA1;FA5;FA7,3,0,State-Level Stigma and SGM Health Disparities - dataset v8
30104,1;3,FA1;FA8,2,0,Female-Specific Cardiovascular Risk
29311,2;3;5;6,FA1;FA7;FA8,3,0,UCI Cancer Screening prioritization
30101,2,FA8,1,0,genomic
30093,7,,0,1,Creation of sleep landscape based on dimension reduction of sleep stages
30089,5,FA1;FA8,2,0,Duplicate of Glucocorticoids impact on breast cancer prognosis
30086,6,FA7,1,0,SDOH test v8
30085,14,FA1,1,0,Migraine in Asians
29579,2;3,FA8,1,0,Immune functional variant to phenotype and enrichment
30083,,,0,1,Data Exploration
30082,3,,0,1,son_hgsccl_workspace_v8
30077,4,FA1;FA5,2,0,Septoplasty Explore
30076,2,FA8,1,0,NPH GWAS
30073,4,FA1;FA5,2,0,Loneliness Project
28642,2;15,FA2;FA8,2,0,Genetics of Adenomyosisv8
15217,2;15,FA2;FA8,2,0,Genetics of Adenomyosis
26692,2;5;6;16,FA1;FA4;FA7;FA8,4,0,Pharmacogenomic Variants in Immunotherapy Resistance in Racial/Ethnic Groups
30070,2,FA8,1,0,BMI_GWAS
30069,5;12,FA1;FA7;FA8,3,0,Clean Version -  Secondary Skin Cancer in SOT Recipients
29796,1;2;6,FA1;FA7;FA8,3,0,NHPI HDL Demo
30068,1,FA1;FA8,2,0,Genetics of Atrial Fibrillation v8
30066,1,FA1;FA8,2,0,Genetics of Atrial Fibrillation Final
30060,2;3;5,FA1;FA8,2,0,Duplicate of Duplicate of Breast Cancer GWANN
30058,9;12,FA1;FA7,2,0,Ocular Rosacea
30057,4;18,FA1;FA5;FA7,3,0,Ménière's and Mental Health
7706,3;16,FA4;FA8,2,0,Warfarin Outcomes v7
30053,2;5,FA1;FA8,2,0,AYA Cancer Study
30050,2;3,FA8,1,0,All by All - Phenotypes Curation
25558,18,FA1;FA7,2,0,Recurrent Epistaxis
21677,5;6,FA1;FA7;FA8,3,0,Duplicate of Neighborhood Environment and Inflammation in Cancer
30040,12,FA1;FA7,2,0,Melanin synthesis dysfunction associations with conditions involving L-dopa
30033,3;6,FA7,1,0,"Metabolic Dysfunction, Chronic Disease States, and Mental Illness Research"
30037,2;3,FA8,1,0,Genetics Research in Metabolic Diseases and Mental Illness
29992,2;6,FA7;FA8,2,0,Genetic Ancestry
26199,,,0,1,Trios
29988,,,0,1,Duplicate of 15q13.3DS
29985,,,0,1,reg1
29982,2;6;8,FA1;FA7;FA8,3,0,Duplicate of Genetic and SDOH - Infectious diseases - R21
29649,2,FA8,1,0,POAG_GRS_followup
29979,3;15,FA2,1,0,Dysmenorrhea
18170,10,FA1;FA4;FA8,3,0,CFTR
27517,2,FA8,1,0,Quantifying variance explained across ancestries and genetic architectures
29978,10;17,FA1;FA4;FA7;FA8,4,0,Schwannomatosis
29972,,,0,1,_TCT_Shared_Notebooks_v8
29969,4,FA1;FA5,2,0,Mental Health Research
29965,2;3;5,FA1;FA8,2,0,Duplicate of Breast Cancer GWANN
29589,1,FA1;FA8,2,0,Germline eccDNA
29959,2;3;5,FA1;FA8,2,0,Breast Cancer GWANN
29958,1;2,FA1;FA8,2,0,v8 Extending Polygenic Risk Scores for Unique Phenotypes
29952,2;5;10;15,FA1;FA2;FA4;FA8,4,0,202505 VUS linked to MUTYH associated polyposis (MAP)
29947,9,FA1,1,0,AMD_autoimmune2
29946,1;2,FA1;FA8,2,0,v8 Duplicate of Extending Polygenic Risk Scores for Unique Phenotypes
29944,6;7,FA7,1,0,Duplicate of Duplicate of Wearables and The Human Phenome (Published Work)
29942,7,,0,1,Wearables
29941,2;3;5,FA1;FA8,2,0,Duplicate of Duplicate of Breast Cancer Neural Net GWANN
29933,,,0,1,CHS Study
29940,1,FA1;FA8,2,0,Cardiovascular Controlled Tier
29938,1,FA1;FA8,2,0,Cardiovascular Disease
29937,2;4;8,FA1;FA5;FA8,3,0,Substance use disorder spectrum and related traits - v8.0
29934,4;6,FA1;FA5;FA7,3,0,Spine-Related Low-Value Services - new billing account
29929,3;5,FA1;FA8,2,0,Analysis of blood biomarkers in cancer
29928,1;2,FA1;FA8,2,0,Genome Wide Association Study for Indole-3-Propionic Acid and Obesity
29921,15,FA2,1,0,Effect of Clozapine on Psychomotor and Ocular Development
29914,1;3;11,FA1;FA3;FA8,3,0,14 ad risk factors
29912,2;4,FA1;FA5;FA8,3,0,Substance Use and Chronic Pain
15092,7,,0,1,Daylight Savings Time Impact on Health Outcomes
29907,5,FA1;FA8,2,0,Duplicate of Spectrum of tumors after breast cancer (V7)
29906,5,FA1;FA8,2,0,Duplicate of Breast Cancer and Hormone Use v8
29905,1,FA1;FA8,2,0,"Metabolic Syndrome & Alc Consumption on Liver Disease in Chinese Americans,"
29903,4;6,FA1;FA5;FA7,3,0,Cumulative SDoH Disadvantage and Substance Use
29426,2,FA8,1,0,Pharmacogenetics_CNS
29902,1,FA1;FA8,2,0,Semaglutide Response
27225,1;3;7,FA1;FA8,2,0,Duplicate of Introduction to Phenotypic and Survey Data - NK - v8
29895,6;18,FA1;FA7,2,0,Social Determinants of Health Associated with Cataract Diagnosis
29891,4;6,FA1;FA5;FA7,3,0,Duplicate: Understanding the Impact of SDoH on Health Outcomes in PTSD Patients
8554,1;8,FA1;FA8,2,0,Type 2 Diabetes & HIV
29887,,,0,1,body_composition
29883,1;6;14,FA1;FA7;FA8,3,0,Stroke data
29582,3;11,FA1;FA3,2,0,Statistical/ML/AI models for joint analyses of longitudinal studies on aging
27963,2;6;9;13,FA1;FA7;FA8,3,0,Asthma genetics in Hispanic and Latino individuals-V8
29880,4;6,FA1;FA5;FA7,3,0,Duplicate of GBMSM dissertation
29753,5,FA1;FA8,2,0,c difficile and colon cancer
29651,2;3,FA8,1,0,Chiari Malformation
29864,2,FA8,1,0,PWAS
29861,1,FA1;FA8,2,0,A-fib
29860,2;11,FA1;FA3;FA8,3,0,Investigation of Genes Implicated in Alzheimers and Their Connection to cLQTs
29854,1;2,FA1;FA8,2,0,Cortisol PRS
29525,1;2,FA1;FA8,2,0,Duplicate of HeartFailureAgeOnsetGWAS
29852,1,FA1;FA8,2,0,Duplicate of Prediction of Nonalcoholic Fatty Liver Disease v8
29851,2;3;4,FA1;FA5;FA8,3,0,Trigeminal Neuralgia Genetics
29847,1;3,FA1;FA8,2,0,EGM - diabetes - v8
18766,1;5,FA1;FA8,2,0,Biomarker for Endocrine Resistant Breast Cancer
26157,2,FA8,1,0,genCOST_v8
29842,,,0,1,Duplicate of Duplicate of Duplicate of LDLR rare variants V8
29840,,,0,1,Duplicate of Duplicate of LDLR rare variants V8
28692,3;6;7;18,FA1;FA7,2,0,Duplicate of Duplicate of Duplicate of SDHA in Eye Conditions - v8 Dataset
29835,6,FA7,1,0,Social Determinants of Health in Breast Reconstruction
28185,,,0,1,BRI in Plastic Surgery Procedures
28771,2,FA8,1,0,V8 Genetic Epidemiology of Common Cancers in Diverse Population
29832,1,FA1;FA8,2,0,GLP1 cohort
29827,2;3,FA8,1,0,JP-Dup of Loeys-Dietz syndrome - CDR v8
29741,1;2;8,FA1;FA8,2,0,Genomics of CVD in PWH
10080,,,0,1,HealthEconomy
10832,1;2;10,FA1;FA4;FA8,3,0,Duplicate of v7_AS controls for genotype_sequence and endocrine disorders_traits
29821,,,0,1,Interaction of MetS & Alcohol Consumption on Liver Health in Chinese Americans
29818,2,FA8,1,0,DataX
29817,2;5,FA1;FA8,2,0,JP-Duplicate of ATM Heterozygotes v8
27532,1;2;13,FA1;FA8,2,0,pulmonary embolism among those with a deep vein thrombosis GWAS
29681,2;5,FA1;FA8,2,0,ATM Heterozygotes v8
29811,1,FA1;FA8,2,0,Duplicate of Impact of Blood Pressure Control and TTR  on Clinical Outcomes
29810,6,FA7,1,0,BPPV & Social Experiences
29807,1;3;14,FA1;FA8,2,0,LDL-C Trajectories and Carotid Plaque Morphology
29805,6,FA7,1,0,Disaggregating the Asian American Term in Understanding Barriers to Care
29803,1;2;3,FA1;FA8,2,0,aortic_geometric_aging
26342,2;3,FA8,1,0,Loeys-Dietz syndrome - CDR v8
29800,,,0,1,LP(A) and premature peripheral artery disease
29212,5,FA1;FA8,2,0,"V8 LungCancer vs IL1RL1, IL4R, and STAT6_MZ"
29795,4,FA1;FA5,2,0,Distribution of individual susceptibility scores to oxidative stress
29791,,,0,1,UNCW Corbett
29786,5,FA1;FA8,2,0,Xiang Xue
28112,2;7,FA8,1,0,v8 Sleep Outcomes and Geographical Locations
20319,1;3;4;11;14,FA1;FA3;FA5;FA8,4,0,Alzheimer's Disease/ADRD_Zahra- Version 8
29778,1;3;4;11;14,FA1;FA3;FA5;FA8,4,0,Duplicate of Alzheimer's Disease/ADRD_Zahra
29777,1,FA1;FA8,2,0,Nobel Bhuiyan
29774,2;9;11,FA1;FA3;FA8,3,0,Genetic association studies - Zhi's group
20392,5,FA1;FA8,2,0,PCa
27354,3;4;6;17,FA1;FA4;FA5;FA7,4,0,V8 Comparing Patient-Reported Substance Use to EHR-Documented Substance Use
29761,,,0,1,Heart Stuff
29757,18,FA1;FA7,2,0,Birdshot Retinopathy
29751,1;13,FA1;FA8,2,0,GLP-1 agonist
29750,5,FA1;FA8,2,0,"LungCancer vs IL1RL1, IL4R, and STAT6"
23025,2;8,FA1;FA8,2,0,Replication and validation of combinatorial genetic risk factors for long COVID
29749,1;2;9,FA1;FA8,2,0,Genetic association studies of kidney disease and related traits_2025V8
29746,,,0,1,v8 TTN Carrier Cohort
29745,11;15,FA1;FA2;FA3,3,0,DS pregnancy and AD
29739,1;12,FA1;FA7;FA8,3,0,GLP-1 [Testing Query pulls]
29734,6;16,FA4;FA7;FA8,3,0,Pharmacogenomics of TPMT: Demographic Variation and Clinical Implications
29729,3;4;6,FA1;FA5;FA7,3,0,Childhood ZIP Code & Depression Risk
29438,3,,0,1,Duplicate of Respiratory Virus Computable Phenotype
29733,14,FA1,1,0,ALS Wearables
29732,13;14,FA1,1,0,Epilepsy and sleep disorders
15399,1;7;14,FA1;FA8,2,0,Neuropathy and its associated factors
29727,1;3;7,FA1;FA8,2,0,Metabolic_EHR_Wearable_Phenotyping
26512,2;8,FA1;FA8,2,0,NTM v8
29724,12,FA1;FA7,2,0,IPV and inflammatory skin disease
29723,1,FA1;FA8,2,0,Trial
26864,4,FA1;FA5,2,0,Sociocultural factors of mental health and alcohol use WW
29463,1;3;4;8,FA1;FA5;FA8,3,0,HIV related variables and Role of Social Determinants
29715,3;4;15,FA1;FA2;FA5,3,0,Postpartum Depression
9021,6,FA7,1,0,Individual Level Deprivation Index
28353,2;11,FA1;FA3;FA8,3,0,Duplicate of PD_1
29133,1;3;7,FA1;FA8,2,0,Duplicate of Introduction to Phenotypic and Survey Data
26057,1;2;11;14,FA1;FA3;FA8,3,0,AoU V8 Linking Neurodevelopmental and Neurodegenerative Disorders
29455,1;2,FA1;FA8,2,0,Polygenic risk for neurodevelopmental disorders and clinical outcomes
27540,4;6,FA1;FA5;FA7,3,0,Healthcare access/utilization among Hispanic Americans
29708,1;2;6,FA1;FA7;FA8,3,0,Kidney function and genetics in MCPS
19783,2;13,FA1;FA8,2,0,Genetic Analysis of Fibrosis
29705,3;5;6;12,FA1;FA7;FA8,3,0,Machine Learning Analysis of SDoH in Common Dermatologic Conditions
29698,6,FA7,1,0,Duplicate of How SDOH with race  impact healthcare access and disease management
29694,,,0,1,wx group
29693,,,0,1,pcos check sample size difference
20841,1;11,FA1;FA3;FA8,3,0,AD and CVD Associations
29691,2;11,FA1;FA3;FA8,3,0,Association of an ABCA7 tandem repeat with Alzheimer's Disease
9763,2;15,FA2;FA8,2,0,Diverticular Disease PRS-PheWAS
29689,1;2;6,FA1;FA7;FA8,3,0,Dup: Kidney Disease in African Americans: Genetic and Environmental Factors
22151,1;2,FA1;FA8,2,0,Genetic determinants of mitochondrial DNA phenotypes (v7) finish pipeline
29375,4;6;19,FA1;FA5;FA6;FA7,4,0,Green Space and Onset of Major Depression
17419,1;2;6;11,FA1;FA3;FA7;FA8,4,0,Duplicate of Duplicate of ALDH2 HLP
29683,6;9,FA1;FA7,2,0,Celiac Disease ZipCode
28314,6;15,FA2;FA7,2,0,Version8_Pregancy_loss_cohort_controled_tier_updated
29680,1,FA1;FA8,2,0,Diabetes medication initiation by English proficiency
26404,1;3,FA1;FA8,2,0,Development and evaluation of lipid scores for cardiovascular risk assessment
9861,2;9,FA1;FA8,2,0,SLE_Updated_Tier_Dataset
29677,5,FA1;FA8,2,0,FC_HS
27345,6,FA7,1,0,UM_RWG_pregnant_southern_women
29675,2,FA8,1,0,Duplicate of How to Work with All of Us Genomic Data (Hail - Plink)(v8)_tutorial
29673,1;4,FA1;FA5;FA8,3,0,depression in diabetes population
29668,3,,0,1,thc2
27161,2;5;6;7;13,FA1;FA7;FA8,3,0,Bristol - Exeter shared workspace
29665,1;3,FA1;FA8,2,0,Investigating Associations of Obesity SNPs with AI-Induced Arthralgias
29664,1,FA1;FA8,2,0,Duplicate of Cardiovascular disease risk factors genetics in SCAD patients
29662,15,FA2,1,0,PCOS prediction
29531,,,0,1,v8_Genetic modifiers of bronchiectasis
29657,1;12,FA1;FA7;FA8,3,0,Association Between Glyburide Use and Incidence of Inflammatory Skin Conditions
27077,1;2;6,FA1;FA7;FA8,3,0,PRS for CMD related traits
28679,1;2;6,FA1;FA7;FA8,3,0,Duplicate of WFS1 RVAS
29652,2,FA8,1,0,allofusburdenanalysisv8
29647,2;3;6;12,FA1;FA7;FA8,3,0,Keloids Replication
29646,2,FA8,1,0,Joint SV calls
29643,9,FA1,1,0,IBD In Diverse American Population
29640,1;5,FA1;FA8,2,0,Venous thromboembolism in Head and Neck Cancer
29639,1;15,FA1;FA2;FA8,3,0,Remnant cholesterol and maternal outcomes
9587,12,FA1;FA7,2,0,Seborrheic Dermatitis and Erectile Dysfunction Associations Study
29638,1,FA1;FA8,2,0,Duplicate of Causal AI/ML to optimize GDMT for Heart Failure
29536,1;2,FA1;FA8,2,0,New Duplicate of Heart Disease AllofUs WGS analysis_Sharedwith_Jaehyun
29634,1;6,FA1;FA7;FA8,3,0,Impacts of GLP-1
29515,1,FA1;FA8,2,0,SLCO1B1 Variants and Statin Efficacy
28882,1,FA1;FA8,2,0,T2 Diabetic Ketoacidosis and no SGLT2 Inhibitors
21390,1;4,FA1;FA5;FA8,3,0,substance use and health conditions
29629,5,FA1;FA8,2,0,Retrospective analysis of cancer risks and chronic medications usage
29628,5;8,FA1;FA8,2,0,Comparative Analysis of Cancer and Chronic Infection
29624,4,FA1;FA5,2,0,Precision psychiatry
29619,3;10,FA1;FA4;FA8,3,0,Rare Disease Detection
29614,5;14,FA1;FA8,2,0,Tumor Epilepsy
28743,1,FA1;FA8,2,0,GLP 1 Agonist Fractures
29607,2,FA8,1,0,VSG genomic data -PRS
29603,2;4,FA1;FA5;FA8,3,0,MDD Genomics
28625,,,0,1,Percutaneous and Classical Tracheostomies - Followup and Outcomes
29601,2;4,FA1;FA5;FA8,3,0,Major Depressive Disorder
29599,18,FA1;FA7,2,0,Investigating mechanisms behind Hearing Loss
29593,1;4,FA1;FA5;FA8,3,0,cirrhosis and mental health
29587,,,0,1,Intersectionality analysis of sexuality and gender in access to dental care
28190,1,FA1;FA8,2,0,T2 Diabetic Ketoacidosis and SGLT2 Inhibitors
29584,10,FA1;FA4;FA8,3,0,Sickle Cell Disease ocular findings
29434,1;3;4;6,FA1;FA5;FA7;FA8,4,0,Hypertension and Depression_April 2025
20580,3;4;5;13,FA1;FA5;FA8,3,0,Lung Cancer Risk Prediction Model for Screening Selection - Controlled Tier
29576,2,FA8,1,0,Y Chromosome Heterochromatin Size
29575,2,FA8,1,0,Variant Prevalence for Variant Interpretation
5726,2;6,FA7;FA8,2,0,admixedPRS (Duplicate of Genetic correlation within admixed populations)
29571,,,0,1,Collaborative Learning V8
23698,2,FA8,1,0,All of Us Weighting Study New
29568,2;5,FA1;FA8,2,0,Duplicate of Colorectal Cancer PRS Analysis
26619,1;2;3;6;7;8;9,FA1;FA7;FA8,3,0,Social and Genetic Determinants of Success in Total Joint Arthroplasty
22750,2,FA8,1,0,PMBB Nextflow Pipeline Development - VermaLab
29564,2;3;5,FA1;FA8,2,0,Breast Cancer Neural Net GWANN
29424,1;2,FA1;FA8,2,0,Duplicate of Nephropathies v8
29546,2;15,FA2;FA8,2,0,SV_Pregnancy_Loss
29538,2,FA8,1,0,PSA_analyses
29561,5;7,FA1;FA8,2,0,"Social connections, spirituality, & PA in cancer survivors"
29550,2;3;4,FA1;FA5;FA8,3,0,Suicide phenotyping and GWAS
27132,1;2;4;14,FA1;FA5;FA8,3,0,Metabolic and mental health v8
22097,1;15,FA1;FA2;FA8,3,0,Role of hormones in modulating CVD risk in females
29528,1;2;4;15,FA1;FA2;FA5;FA8,4,0,Duplicate of Molecular_targets_for_pregnancy_conditions
15461,2,FA8,1,0,Strategies for associating rare coding & non-coding variants with common disease
13420,2,FA8,1,0,AoU_PRS
23085,1;2;11,FA1;FA3;FA8,3,0,AD and diabetes
28447,5,FA1;FA8,2,0,GELCC lung cancer study in multi-ethnic populations
29526,11,FA1;FA3,2,0,Duplicate
29524,1;2;9;10;14,FA1;FA4;FA8,3,0,Duplicate of DADA2
27316,3;7;15,FA2,1,0,Women's Health UofT (Helen)
29521,7,,0,1,Exploring the Fitbit Dataset
29518,1;6;8,FA1;FA7;FA8,3,0,Multilevel Syndemics and CVD among those with and without HIV
29517,1;8,FA1;FA8,2,0,Cardiovascular Risk with use of HIV Pre-Exposure Prophylaxis
29390,4;12,FA1;FA5;FA7,3,0,alopecia
27892,2;11,FA1;FA3;FA8,3,0,Genetic risk factors and modifiers of Parkinson's disease
29508,2,FA8,1,0,ATP1A3 PheWAS.V3
29506,2,FA8,1,0,Duplicate of Clinical Insomnia_3
21935,1;2;4;15,FA1;FA2;FA5;FA8,4,0,Molecular_targets_for_pregnancy_conditions
29500,2;10,FA1;FA4;FA8,3,0,QTc PGS Optimization
29496,1,FA1;FA8,2,0,Cardiovascular and Adiposity (V7)
27896,4;13,FA1;FA5,2,0,Mental Health and Circadian Rhythms
26081,2;3,FA8,1,0,Population-based validation and calibration of variant scoring methods - CDR v8
29489,5,FA1;FA8,2,0,Population Frequency Data Exploration V8
29470,1;6,FA1;FA7;FA8,3,0,Food Insecurity x Chronic Health (Test)
29487,,,0,1,MitoNet
29486,2;11,FA1;FA3;FA8,3,0,ABCA1 and APOE genetic interaction in Alzheimer's Disease
29481,1;3;6,FA1;FA7;FA8,3,0,Clinical and Social Predictors of AFib Ablation Outcomes
29477,1,FA1;FA8,2,0,South Asian Cardiometabolic Disease
29476,1;2;6,FA1;FA7;FA8,3,0,AoU_ancestry_PRS_controlled_v8
29475,2;9,FA1;FA8,2,0,GCA_PMR
9480,1;2;6,FA1;FA7;FA8,3,0,AoU_ancestry_PRS_controlled_v7
28510,1;2;3;6,FA1;FA7;FA8,3,0,Obesity and its comorbidities
29474,3;4;6,FA1;FA5;FA7,3,0,Demo_v8
29473,5,FA1;FA8,2,0,Pre-malignant breast lesions
29430,,,0,1,SBP_DBP_BMI
24198,3,,0,1,PAD Risk Analysis
29472,3;14;19,FA1;FA6,2,0,Environmental Health and Ped Migraine
29467,2;3;5,FA1;FA8,2,0,Impact of GATA3 and BRG1 Mutation risk and Treatment Outcomes V8
29468,2;11,FA1;FA3;FA8,3,0,Investigating SNPs in Mitochondrial and Mitophagy genes in AD v8
11368,3;6;8;11,FA1;FA3;FA7,3,0,ADRD/MCI and COVID-19 Vaccination
11355,4;6;8,FA1;FA5;FA7,3,0,Discrimination & Mental health among African American adults with HIV
11663,3;6;11,FA1;FA3;FA7,3,0,ADRD & Black Adults Nativity
29459,1;2,FA1;FA8,2,0,Duplicate of Heart Disease AllofUs WGS analysis_Sharedwith_Jaehyun
8715,2;15,FA2;FA8,2,0,The Genetics of Endometriosis in Diverse Ancestries
28100,11,FA1;FA3,2,0,Alzheimer's disease prediction algorithm
29452,6,FA7,1,0,Urologic care utilization among LGBTQ+ individuals
29448,15,FA2,1,0,Maternal Public Health Study
26686,13,FA1,1,0,Determinants of Asthma V8
9014,3,,0,1,Disease_Pred
7999,1;2,FA1;FA8,2,0,Heart Disease AllofUs WGS analysis
29436,5;12,FA1;FA7;FA8,3,0,Grover's disease and keratinocyte cancer
29437,2,FA8,1,0,Duplicate of Hematuria Prelim Analysis
29433,2;3;6;16,FA4;FA7;FA8,3,0,Applied Precision Health Project
29429,2;5,FA1;FA8,2,0,skin_2025
29427,5,FA1;FA8,2,0,v8_ALS cohort
21679,4;5;6,FA1;FA5;FA7;FA8,4,0,Duplicate of Food Insecurity in Lung Cancer Survivors
29422,1;2;6;16,FA1;FA4;FA7;FA8,4,0,Diabetes Mellitus in Asian Populations
26499,2,FA8,1,0,Exploratory analysis of genomic data
28761,2;3;4,FA1;FA5;FA8,3,0,MDD_AND_INFLAMMATION_IN HISPANIC_GROUPS_v8
25621,1;2;3;5,FA1;FA8,2,0,dataV8 Prediction of Polygenic Traits
29418,2;7,FA8,1,0,Exercise Genetics
27200,2;6,FA7;FA8,2,0,gene_ancestry_AM
24710,1;2;9,FA1;FA8,2,0,Genetic risk in autoimmune diseases
29410,,,0,1,Autism Spectrum Disorder and Ocular Surface Disorders
29406,5;12;19,FA1;FA6;FA7;FA8,4,0,Skin Cancer and Meteorologic Exposures
29400,,,0,1,Complex trait properties
29394,1;2;9,FA1;FA8,2,0,hla_and_autoimmune
29393,1;3;6,FA1;FA7;FA8,3,0,Duplicate of Obesity abstract
29392,1,FA1;FA8,2,0,SCN5A Variants and Cardiac Events
8325,2;15,FA2;FA8,2,0,Uterine Fibroids_v5
7232,2;4;7,FA1;FA5;FA8,3,0,Duplicate of Anxiety Disorder Comorbidities
6757,2;4;7,FA1;FA5;FA8,3,0,Major Depression Comorbidities
7729,2;4,FA1;FA5;FA8,3,0,Anxiety GWAS
29388,1,FA1;FA8,2,0,Duplicate of CEA
29387,1;15,FA1;FA2;FA8,3,0,Copy Pregnancy Project
27850,3;6;7,FA7,1,0,Seasonal variations in sleep and activity CTDv8
29383,1;15,FA1;FA2;FA8,3,0,"Duplicate of Preeclampsia, Gestational HTN"
20934,4;6,FA1;FA5;FA7,3,0,Depression disparities
28125,6;7,FA7,1,0,UM_RWG_Age_Based_Discrimination_and_Health
29382,1;6,FA1;FA7;FA8,3,0,Duplicate of Study 2: Target Trial Emulation of CGM Use - December 2024 copy
28881,1,FA1;FA8,2,0,Gene Interactions
29379,6,FA7,1,0,for julia
14704,3;6,FA7,1,0,Diverticular Disease Phenotyping and Social Determinants of Health
12711,6,FA7,1,0,Exploring Social Determinants of Health in Procedures
29366,2;3;6,FA7;FA8,2,0,v8_PGS_WGS
29155,5,FA1;FA8,2,0,Autoimmunity and Cancer
29363,3;6,FA7,1,0,Hip Fracture Risk Prediction Study
28901,3;4;9,FA1;FA5,2,0,IBD and Cognitive
29358,7,,0,1,Updated (v8) Wearable Exercise Trends and Associations
21252,3;5;6,FA1;FA7;FA8,3,0,Biomarker testing patterns
29355,2,FA8,1,0,Biallelic effects in complex traits across biobanks (V8)
29352,1;6,FA1;FA7;FA8,3,0,Cardiovascular Disease Epidemiology in Gender Diverse Populations
29344,11;13,FA1;FA3,2,0,Predicting Hospital Admission in Older Adults
29340,2;5,FA1;FA8,2,0,scao87
29338,,,0,1,BBS-CT
29337,1;4;6;19,FA1;FA5;FA6;FA7;FA8,5,0,neighborhood built environment and allostatic load
29334,1,FA1;FA8,2,0,Duplicate of CHIP in All of Us v7
29331,,,0,1,Understanding_genomics_broadly
29330,17,FA4;FA7,2,0,NSTA
16804,2,FA8,1,0,Mutli_ancestry_GWAS_benchmarking
25898,2,FA8,1,0,PipelineExperimentation
29321,2;4,FA1;FA5;FA8,3,0,Wellbeing multi-ancestry GWAS
29315,3;6;12,FA1;FA7,2,0,Insurance and Time to Dermatologic Diagnosis
29314,1;2,FA1;FA8,2,0,PGRS
29310,11,FA1;FA3,2,0,Alzheimer's Disease and NLR_8
18084,1;15,FA1;FA2;FA8,3,0,Risk Scores for Pregnancy Complications
18792,2,FA8,1,0,Long Reads TRs PreProd Transition
29308,1;13;14,FA1;FA8,2,0,OSA and Hypertension
28334,,,0,1,Symptoms in carriers of inherited mitochondrial disorders
29307,,,0,1,TL_HLA_Test
29306,12,FA1;FA7,2,0,Duplicate of Epidemiology of Diseases v2
29303,18,FA1;FA7,2,0,Hearing_Loss
25706,2,FA8,1,0,PheWAS for structurally variable regions (v8 data)
29299,1;6;8,FA1;FA7;FA8,3,0,Obesity Indicators among Hispanics/Latinos 2.0
10973,1;2,FA1;FA8,2,0,Cardiovascular trait GWAS analyses
29294,2,FA8,1,0,Inversion PheWAS
28427,2;8;9,FA1;FA8,2,0,Population Frequency of SVs in the FCGR genes on chr1 from long read seq v2
29292,9;14;16,FA1;FA4;FA8,3,0,Response to medications used for multiple sclerosis v8
9111,2,FA8,1,0,Duplicate of How to Work with All of Us Genomic Data (Hail - Plink)(v7)
29286,3;6;18,FA1;FA7,2,0,ENT Experiment
29285,1;2;4;11,FA1;FA3;FA5;FA8,4,0,Duplicate of Gene-Environment Interactions in Alzheimer’s Disease
29284,4;6;12;13,FA1;FA5;FA7,3,0,"HS, Depression, and Sleep Disturbance"
29282,3;4;6,FA1;FA5;FA7,3,0,Mental Health among AYAs
29281,3;6,FA7,1,0,Exploratory Analysis ML and SDOH
16128,1;7,FA1;FA8,2,0,chf
29280,1;2;3,FA1;FA8,2,0,All of Us v7 GWAS on LDL Cholesterol with Regenie duplicated for v8
29246,1,FA1;FA8,2,0,Hypertension
29276,,,0,1,BBS-v8
27838,1;6;9,FA1;FA7;FA8,3,0,Disparities in GLP-1 RA uptake
29272,1;2;14,FA1;FA8,2,0,Etiology of CV events with migraine (v8)
29271,2;10,FA1;FA4;FA8,3,0,Genotype First NF1
29268,5,FA1;FA8,2,0,Cancer Screening with Eye disorders
29266,2,FA8,1,0,ASD in Individuals with African Ancestry
29265,1,FA1;FA8,2,0,Duplicate of CHIP exploration
29261,6;18,FA1;FA7,2,0,Uveitis SDOH
29259,1,FA1;FA8,2,0,Serum IPA levels and Diabetes/Obesity
10317,2;4,FA1;FA5;FA8,3,0,Suicide phenotypes GWAS
29255,4;6;9,FA1;FA5;FA7,3,0,Duplicate of SLE/RA/OA and risk of recurrent care use
29251,3,,0,1,Test_SM
26720,2,FA8,1,0,Genomics of CV Disease v8
29249,2;6,FA7;FA8,2,0,SDOH rep v8
29248,3,,0,1,EHR_LLM
29242,7,,0,1,Mobile health mediation
28467,4,FA1;FA5,2,0,HAP464 Analysis
26534,11,FA1;FA3,2,0,Dementia Risk
29000,7;9,FA1,1,0,JZ Duplicate of Nighttime sleep of Individuals with Inflammatory Bowel Disease
18899,1;2;6;8,FA1;FA7;FA8,3,0,T2D and CVD Outcomes Among Black and Hispanic Populations
29233,5,FA1;FA8,2,0,V8 Cancer Metastasis Network
14602,5;6,FA1;FA7;FA8,3,0,Health Disparities in Prostate Cancer Treatment by Zip Code
29227,3;5,FA1;FA8,2,0,EC prognostic model
29226,1,FA1;FA8,2,0,mark1
29223,1;6;14,FA1;FA7;FA8,3,0,LE8 project
29220,1;4;6;14;15,FA1;FA2;FA5;FA7;FA8,5,0,"Assessing Pregnancy, Stress, and Cardiovascular Health"
29219,2;5,FA1;FA8,2,0,Duplicate of Genetic Epidemiology of Gastric Cancer
24509,6;7;18,FA1;FA7,2,0,UAMS
29216,2,FA8,1,0,Hematology-related variants - CDR8
28123,2,FA8,1,0,ATP1A3 PheWAS V8
29211,2;5,FA1;FA8,2,0,Duplicate of Lymphoma and Myeloma Replication
29210,2;17,FA4;FA7;FA8,3,0,Genetic causes and epidemiological aspects of Ectodermal Dysplasias
29209,2,FA8,1,0,Duplicate of CCA_ct_v8
28472,5,FA1;FA8,2,0,Lung Cancer PLINK v8
29204,,,0,1,DFMT2
17404,2;3;6;17,FA4;FA7;FA8,3,0,LILRB3
29200,,,0,1,Central serous chorioretinopathy
29009,6,FA7,1,0,SDOH test v7
21553,2;3;6;11,FA1;FA3;FA7;FA8,4,0,AD disparity
29194,,,0,1,card_lng
29192,9;13,FA1,1,0,Amber Li DPD&OSA as Risk Factors for Autoimmune Conditions
26690,2;6;7,FA7;FA8,2,0,Quantifying genetic risk across CV risk factors and outcomes CTDv8
29144,1,FA1;FA8,2,0,Predictors of Heart Failure Development and Outcomes
29184,2,FA8,1,0,Genetic and Environmental Influences on Cognition & Psychopathology
29183,2;6,FA7;FA8,2,0,h2 x ancestry v8
29180,2,FA8,1,0,Apr21 - Ascertainment bias study
29181,2;6,FA7;FA8,2,0,SDOH rep
26288,1;2,FA1;FA8,2,0,v8 Polygenic scoring for kidney diseases
29041,1;5;7,FA1;FA8,2,0,Fitbit and Disease Prediction
29174,,,0,1,CSR and Lisinopril
29173,2;3;15,FA2;FA8,2,0,Genomic and Clinical Analysis of PPH in VWD
19354,1;2,FA1;FA8,2,0,Weight loss intervention comparison
29165,1,FA1;FA8,2,0,DHRPS
29164,3;6,FA7,1,0,Disparities in ADHD Diagnosis and Treatment
29163,18,FA1;FA7,2,0,Gene-environment interactions in myopia
29159,2;4,FA1;FA5;FA8,3,0,Adrenergic Receptor Variants in Takotsubo Cardiomyopathy and Anxiety Disorder
29158,9,FA1,1,0,ACVR!_rare_alleles
29156,1;3,FA1;FA8,2,0,AHA_LabHeuristics_Validation
28104,2,FA8,1,0,confirmation VSG genomic data
14424,5,FA1;FA8,2,0,Workspace for JL UChicago
29154,2,FA8,1,0,Investigating Multiethnic Polygenic Risk Scores (PRS) Attempt 5
13233,2,FA8,1,0,3. Cirrhosis_v7
29153,1;6;15,FA1;FA2;FA7;FA8,4,0,Hypertrophic Cardiomyopathy
29055,5;10,FA1;FA4;FA8,3,0,Genetic markers of glioblastoma multiforme
25946,1;14,FA1;FA8,2,0,Aphasia in AOU V8
29149,,,0,1,West Nile Virus - Transmission Methods and the Cross Species Barrier
29148,4;6,FA1;FA5;FA7,3,0,Pterygium and Mental Health
16822,2;4;14;18,FA1;FA5;FA7;FA8,4,0,"Genomic Architecture of PTSD, Tinnitus, and TBI II"
28073,6;11,FA1;FA3;FA7,3,0,Quality of Life in patients with dementia
29100,3;5;6,FA1;FA7;FA8,3,0,Inflammation and Body Composition in Cancer
29140,2,FA8,1,0,Outcomes of Weight Loss Interventions
29010,1,FA1;FA8,2,0,Duplicate of Cardiometabolic Pharmacology Research
25361,2;11,FA1;FA3;FA8,3,0,V8 Duplicate of Sex differences of dementia family history
29137,3;16,FA4;FA8,2,0,Function validation of pharmacogenomic alleles (V8)
29136,1;6;18,FA1;FA7;FA8,3,0,Duplicate of Sinonasal Complaints and Epidemiology
26525,2;6;18,FA1;FA7;FA8,3,0,Hearing loss population study
29132,2,FA8,1,0,eMERGE HCL PRS calibration in pediatric cohort
24520,2;6;13,FA1;FA7;FA8,3,0,EOS PGS
29121,8,FA1,1,0,Barriers to HIV care
29119,2;5,FA1;FA8,2,0,Early Onset Prostate Cancer V8
26845,2,FA8,1,0,Duplicate of ancestries
25291,2,FA8,1,0,ancestries
29116,1;11;15,FA1;FA2;FA3;FA8,4,0,Investigating sex-specific and female-specific contributions to dementia risk
29114,5,FA1;FA8,2,0,Environmental exposures and breast cancer
29112,2;5,FA1;FA8,2,0,BAP1 loss CDR8
28959,1;2;14,FA1;FA8,2,0,Etiologic predictors of CV events among individuals with migraine (v8)
25488,5;10,FA1;FA4;FA8,3,0,v8_Germline mutations in cancer susceptibility genes - Working WS
29111,3;4;6,FA1;FA5;FA7,3,0,Barriers to reconstructive PS
29108,3,,0,1,AllOfUs Data Quality Assessment for CDD
29106,1;7,FA1;FA8,2,0,VT VF
25651,1;2;6;14,FA1;FA7;FA8,3,0,Social and biological determinants of cardiovascular disease v8
29103,2,FA8,1,0,Glycosylation in Genomics Data
23111,3;4;6;11,FA1;FA3;FA5;FA7,4,0,Cannabis Use Disorder (CUD) - OLD VERSION 7
26516,2,FA8,1,0,Duplicate of Admix_heritability
2821,1;2,FA1;FA8,2,0,Aortic Stenosis Genetics
29101,1;3;13,FA1;FA8,2,0,Duplicate of PAH Prediction Algorithm v8
28019,2;3;6;9,FA1;FA7;FA8,3,0,Developing ML Models for Lupus
28650,5;6,FA1;FA7;FA8,3,0,Cancer Disparities in the Hispanic/Lantino Population
12591,2,FA8,1,0,AMD_v2
29093,2;3;6;11,FA1;FA3;FA7;FA8,4,0,GWAS in Alzheimer Disease and Related Dementia
29087,5,FA1;FA8,2,0,Colon cancer
29086,3;13,FA1,1,0,Controlled Tier BIO 349 Asper
15618,2,FA8,1,0,Immunogenomic Associations with Disease and Differential Risk (v7)
24261,2;6,FA7;FA8,2,0,CCDGS_AoU_codeBk
29085,2;4;6,FA1;FA5;FA7;FA8,4,0,MDD/TRD
29084,2;16;17,FA4;FA7;FA8,3,0,Duplicate of Duplicate of Demo - PGx variant frequency and medication exposures
29083,3;13,FA1,1,0,BIO 394 Asper Group
7689,2;5,FA1;FA8,2,0,Complex Traits GWAS and Polygenic Scores (v7)
29080,1;2;13,FA1;FA8,2,0,Explore the potential mechanisms of variants in human diseases
26392,3;7,,0,1,v8 Duplicate of Barnett - R01 Longitudinal Data Exploration
29077,3,,0,1,RareDiseases_ClinicGenomics
29076,,,0,1,segdups1
29072,1;6,FA1;FA7;FA8,3,0,Chronic Kidney Disease Research
28757,2;5,FA1;FA8,2,0,202504 Variants of unknown significance linked to Lynch syndrome
27884,4,FA1;FA5,2,0,Duplicate of Opioids
27090,2,FA8,1,0,SAcopy Identifying targets for new medicines using genetics and health data
29070,,,0,1,Genetics and epidemiology of chronic diseases
26902,2,FA8,1,0,GWAS on time-to-event phenotypes-v8
29067,3;5,FA1;FA8,2,0,Cancer Subtyping
29065,4;6;14,FA1;FA5;FA7,3,0,Role of chronic stress on neuropsychiatric sequelae following TBI (v8)
29064,1;3;4;15,FA1;FA2;FA5;FA8,4,0,"Glucocorticoid exposure, HDP, and CV Risk"
23142,2,FA8,1,0,Identifying targets for new medicines using genetics and health data
26825,1;2;6,FA1;FA7;FA8,3,0,AOU Hispanic/Latino Blood Pressure GWAS (v8)
29060,,,0,1,Adhesions_New
29058,5,FA1;FA8,2,0,gyn/breast/CRC pts
29057,5;7,FA1;FA8,2,0,Brain metastasis and fitbit
19523,1;6,FA1;FA7;FA8,3,0,Duplicate of Examining untreated and undiagnosed hypertension among SGM adults
29054,4,FA1;FA5,2,0,Major Depressive Disorder Prevalence
29053,1;6;11,FA1;FA3;FA7;FA8,4,0,Duplicate of Opportunities for community-based interventions for dementia
29046,11;14,FA1;FA3,2,0,Neurological and Neurodegenerative
29044,1;2,FA1;FA8,2,0,Genetic determinants of mitochondrial DNA phenotypes (v6+7)
29047,3;4;11,FA1;FA3;FA5,3,0,Mental Health and Chronic Pain Comorbidity in Older Adults
29045,13,FA1,1,0,AirPollutionandAsthmaIncidence
12817,13;19,FA1;FA6,2,0,Air pollution sensitivity and asthma incidence
25404,2;13;16,FA1;FA4;FA8,3,0,CYP2C19 PheWAS v8
28133,2;4,FA1;FA5;FA8,3,0,Internalizing
11932,2;5;14,FA1;FA8,2,0,TIPN
20408,2;3;4;6,FA1;FA5;FA7;FA8,4,0,Polygenic risks for the link between substance and suicide
29015,1;2;11,FA1;FA3;FA8,3,0,Duplicate of Statin Sensitivity
29014,1;2,FA1;FA8,2,0,Aortic_Stenosis
29012,,,0,1,Amphetamines
29011,5;6,FA1;FA7;FA8,3,0,BARRIERS TO CARE AMONG LGBTQ CANCER SURVIVORS
28837,3;5,FA1;FA8,2,0,PancreaticCancer-Syndromes
29008,4,FA1;FA5,2,0,Tobacco use
25166,4;5;6,FA1;FA5;FA7;FA8,4,0,Investigating the effect of MetS-C on MHD among those with a history of BC
29003,2,FA8,1,0,Characterization of disease-associated variants in All of Us
29001,6;18,FA1;FA7,2,0,Tinnitus Allostatic Load
8747,2;6;18,FA1;FA7;FA8,3,0,Glaucoma Research -- Dataset v7
28994,3;5,FA1;FA8,2,0,Breast cancer outcomes heterogeneity
28997,,,0,1,Duplicate of Duplicate of Non-Coding Variant Density
28878,2,FA8,1,0,AI Lab
28985,2;4,FA1;FA5;FA8,3,0,Network analysis of depression
28360,11,FA1;FA3,2,0,Duplicate of Dementia and AMD
27330,2;4;8,FA1;FA5;FA8,3,0,Genetics of Psychiatric and Substance Use Traits v8
27846,1;2;6,FA1;FA7;FA8,3,0,WFS1 RVAS
26453,,,0,1,The Role of MCM6 Gene Mutations and the Onset of LCT Gene Mutation
7645,1;2,FA1;FA8,2,0,Dilated Cardiomyopathy Genomic Data v7
28973,2;4,FA1;FA5;FA8,3,0,Genetic and Clinically Informed Models of Suicide Risk and Resilience
27950,,,0,1,CAHB
28972,6;11,FA1;FA3;FA7,3,0,Disparities in AD
28970,1;7,FA1;FA8,2,0,GLP1 Patient Journey
28953,2,FA8,1,0,PheWAS of endurance-associated variants
28966,5,FA1;FA8,2,0,Duplicate of Duplicate HNC Case Study
18195,1;2;5,FA1;FA8,2,0,Interactions between Statin Use and HIPPO pathway variants in Prostate Cancer
28952,,,0,1,prediction_models_v8
27585,3;15,FA2,1,0,PCOS Diagnosis
28951,4;6,FA1;FA5;FA7,3,0,Measuring social isolation
28946,18,FA1;FA7,2,0,The association of Vitamin D Deficiency and Ocular Disease
27210,1;2;6;10;18,FA1;FA4;FA7;FA8,4,0,PheWAS (V8)
27991,2;3,FA8,1,0,Controlled Tier Dataset V8
28937,3,,0,1,Pressure_Ulcer_Project_Zhuo
24769,2,FA8,1,0,Validate blood cell PGS v7
28930,2;3;5,FA1;FA8,2,0,Pancreatic Cancer Driver Mutations
28928,1;5,FA1;FA8,2,0,Clonal hematopoiesis and liver disease
23410,3;4;9;12,FA1;FA5;FA7,3,0,kerataconus
28918,15,FA2,1,0,"Duplicate of Pregnancy, Demographics, and Health Outcomes (v7)"
28916,15,FA2,1,0,"Pregnancy, Demographics, and Health Outcomes (v8)"
18856,6,FA7,1,0,Vitamin D SDOH
28911,2;5,FA1;FA8,2,0,dfci-g2c-cdr-v8-sandbox
28906,2;11,FA1;FA3;FA8,3,0,Duplicate of Discovering potential gerotherapeutic target genes
27675,6;13;18,FA1;FA7,2,0,Glaucoma risk factors V8
28902,11,FA1;FA3,2,0,bph_controlled
28720,3;4;5,FA1;FA5;FA8,3,0,Autologous Breast Reconstruction Outcomes
28898,2,FA8,1,0,Mainstreaming genomic testing
28894,4,FA1;FA5,2,0,Duplicate of HAP464 Analysis
28889,1;3;6,FA1;FA7;FA8,3,0,Duplicate of Race and Ethnicity Demo Project
25369,2,FA8,1,0,Preliminary_v8
10349,2;11,FA1;FA3;FA8,3,0,Duplicate of Alzheimers_GWAS_Take5
28884,2,FA8,1,0,Quad_analysis
27506,1,FA1;FA8,2,0,Risk Factors Associated with Metabolic Syndrome in Asian Americans
27466,1,FA1;FA8,2,0,Periodontitis and cause-specific mortality
26653,1;2,FA1;FA8,2,0,Genetic Analysis of Coronary Arteriosclerosis and CRP Levels
26595,1;3;4;7,FA1;FA5;FA8,3,0,Evaluating the Utility of Fitbit Data for Predicting Lifestyle-Related Diseases
28605,1;4,FA1;FA5;FA8,3,0,Cannabis and Health Outcomes
4696,4;6;8;11,FA1;FA3;FA5;FA7,4,0,Loneliness and Older Adults
28875,,,0,1,Comorbidity_2025
28872,1;3,FA1;FA8,2,0,Aspirin Use for Primary Prevention Among U.S. Adults: An All of Us Analysis
25901,1;3;6,FA1;FA7;FA8,3,0,AIAN NHPI Geospatial Public Health Project
28036,1;2,FA1;FA8,2,0,Polygenic Risk Score Benchmark
28865,11,FA1;FA3,2,0,Neurodegenerative Diseases
16178,2;8;9;11;14,FA1;FA3;FA8,3,0,PheWAS TB & herpesvirus mfd
17687,2;8;9;14,FA1;FA8,2,0,Infectious disease GWAS
28857,1;4;6,FA1;FA5;FA7;FA8,4,0,Mental health disparities among those with cardiovascular risk factors
28855,11,FA1;FA3,2,0,Neuro1
9458,2,FA8,1,0,Duffy
28854,2,FA8,1,0,V8_DGBIs_On_AllofUs
24808,4;6;15,FA1;FA2;FA5;FA7,4,0,LGBTQ Pelvic Floor Disorders
26223,1,FA1;FA8,2,0,Duplicate of OBESITY TREATMENT
28846,1;4;6;7,FA1;FA5;FA7;FA8,4,0,PNA HRV_NEW
4895,12,FA1;FA7,2,0,Exploratory Analysis - Dermatological conditions
28844,2,FA8,1,0,PheWAS Queris
28841,1,FA1;FA8,2,0,Siyaa - Type 2 Diabetes
28840,6,FA7,1,0,KC_Socioeconomic Determinants of Osteoarthritis in the Hispanic Community
27476,2;4;9,FA1;FA5;FA8,3,0,Depression and PTSD GRS determined Depression (V8)
28835,1;7,FA1;FA8,2,0,Duplicate of Associations between physical activity and ARVC (CDRv8)
27193,2,FA8,1,0,Autosomal dominant conditions
27479,1;2,FA1;FA8,2,0,eGFR in AFR individuals
28476,1;2;3,FA1;FA8,2,0,OmicsPred - v8
25931,2;4,FA1;FA5;FA8,3,0,GWAS OUD
28358,1;3;6;7;14,FA1;FA7;FA8,3,0,T32-PNA-Stroke Prediction
26622,,,0,1,BIH-Charite
15251,1;2,FA1;FA8,2,0,Common Disease Genetics and Genomics v7
28825,1;6,FA1;FA7;FA8,3,0,Discrimination_AllostaticLoad_WNM
28820,4;6;7,FA1;FA5;FA7,3,0,SL Dataset Exploration – Controlled Tier - v8
22329,6;15,FA2;FA7,2,0,VERSION7_Pregancy_loss_cohort_controled_tier_updated
28810,8,FA1,1,0,Potential Factors of an infectious disease with immunological impact
20354,6;7,FA7,1,0,Continuation of Everyday Discrimination & Sleep Analysis
28808,11,FA1;FA3,2,0,Duplicate of V8 Mitochondrial genetic variation and aging-related disease
28807,2,FA8,1,0,Duplicate of Gene association study
28806,3;4;14,FA1;FA5,2,0,Social Drivers of family with epilepsy
28795,2,FA8,1,0,Rare and structural variants in ID
26146,2,FA8,1,0,BAM_v8-v2
19572,1;2;6,FA1;FA7;FA8,3,0,"SDOH, Multimorbidity, Genetic Susceptibility in CAD"
2882,2,FA8,1,0,The genetics of sleep disorders and their relationship to comorbid disease
28786,4;6,FA1;FA5;FA7,3,0,Identifying Intersectional Health Disparities in the LGBTQ community Copy
28787,13,FA1,1,0,April-25-Data
28783,8;16,FA1;FA4;FA8,3,0,Duplicate of Warfarin and ML
16818,15;17,FA2;FA4;FA7,3,0,Maternal genes ES Account
21658,3;4,FA1;FA5,2,0,LiRong lab PTSD and ASUD/OUD
16705,2;3;4,FA1;FA5;FA8,3,0,LiRong lab Depression and ASUD/OUD
28780,10;17,FA1;FA4;FA7;FA8,4,0,Identifying Digenic Mechanisms in Vascular Pathology
28775,6;7;11,FA1;FA3;FA7,3,0,"Frailty Index, Aging, Sleep (v8 dataset)"
28773,1;2;3;14,FA1;FA8,2,0,Type 2 diabetes risk prediction V8
28766,2,FA8,1,0,Duplicate of Haplotype and Inversion Status in Microdeletion Syndrome
26344,2,FA8,1,0,Duplicate of INFRA score iPRS PheWAS analysis
28764,11;19,FA1;FA3;FA6,3,0,Environmental Risks and Cognition
28763,1;4;6;15,FA1;FA2;FA5;FA7;FA8,5,0,The impact of hyperemesis gravidarum on adverse pregnancy outcomes
28350,4,FA1;FA5,2,0,Risk Profiles for Comorbid PTSD / Neurogenic Disorders
21937,1;4;6,FA1;FA5;FA7;FA8,4,0,MPH Thesis
28755,3;4,FA1;FA5,2,0,"Duplicate of Social determinants of smoking, vaping and related diseases (v8)"
28754,2,FA8,1,0,Duplicate of Obesity_BMI_ADIPOSIGN
28751,4;7,FA1;FA5,2,0,Malignant Neoplasms of the Adrenal Gland
28748,2;5,FA1;FA8,2,0,Genetic Epidemiology of Liver Disease
26667,2;5,FA1;FA8,2,0,Genetic Epidemiology of Gastric Cancer
28742,,,0,1,XTAN Toy Example 1
28696,2,FA8,1,0,Duplicate of How to Work with All of Us Genomic Data (Hail - Plink)(v8)e
26680,1;2,FA1;FA8,2,0,Common Disease Genetics and Genomics v8
28741,1;3;7,FA1;FA8,2,0,Digital Twins Archetypes in Heart Health
28740,2,FA8,1,0,test_complexdisease
28739,3;4,FA1;FA5,2,0,"Duplicate SD of smoking, vaping and related diseases (v8) Lisa Chen"
28738,1;3,FA1;FA8,2,0,Abdominal Aortic Aneurysm Patient Level Prediction
27651,8;9,FA1,1,0,Spondyloarthritis and HLA-B27
28732,3;6;11,FA1;FA3;FA7,3,0,Subtype learning
28730,3;6;18,FA1;FA7,2,0,"Disparities in Cataract Surgery Access, Timing, and Outcomes"
28141,6,FA7,1,0,Andy Craver's Workspace
28723,,,0,1,Dengue vs IFIH1 Gene
19998,1;3;4;14,FA1;FA5;FA8,3,0,Predicting the Adverse Outcomes of ADHD and MDD Using LLMs and Knowledge Graphs
28714,4,FA1;FA5,2,0,Duplicate of Depression and timing of onset of depression
5568,5,FA1;FA8,2,0,AL x Breast Cancer
28618,3;4,FA1;FA5,2,0,Exploring MDD medications efficacy
8121,2,FA8,1,0,AD-phewas
10555,3;4,FA1;FA5,2,0,Duplicate of Sophie_Wang_Lab
28710,2;6;9,FA1;FA7;FA8,3,0,SLE and SSc Genomic
28709,1;15,FA1;FA2;FA8,3,0,Preterm Birth and CVD
14872,1;2;6,FA1;FA7;FA8,3,0,T2D metaGRS
27840,2,FA8,1,0,Duplicate of a genetic association test in the AoU Workspace
28704,1;3,FA1;FA8,2,0,glp1_pud
23458,1;4;6;12,FA1;FA5;FA7;FA8,4,0,"SDOH, Environmental Factors and Comoribidities of HS"
28703,1;2,FA1;FA8,2,0,Investigating CKD risk for a common genetic variant in African-ancestry persons
28698,2;6,FA7;FA8,2,0,Playground
28697,2;3;5;7,FA1;FA8,2,0,Early Detection of Lung and Brain Cancers
26131,2;4,FA1;FA5;FA8,3,0,Genetic Architecture of the Comorbidity of AUD and Chronic Pain v8
26420,,,0,1,Delayed Medical care
28691,3;6;7;18,FA1;FA7,2,0,Duplicate of Duplicate of SDHA in Eye Conditions - v7 Dataset
28690,2;3,FA8,1,0,Workbench functionality exploration
28689,3;6;7,FA7,1,0,"Sleep, Race and Cognitive Health in Black Adults"
28688,1;2;14,FA1;FA8,2,0,Stroke PRS v8
28686,1,FA1;FA8,2,0,LIPIDS AND CVD
28685,6;18,FA1;FA7,2,0,Uveitis care SDOH
28105,12;15,FA1;FA2;FA7,3,0,V8 Inflammatory Skin Diseases and Gynecological Disease
28674,4,FA1;FA5,2,0,SzP Substance Use
28673,2,FA8,1,0,Duplicate of Anthracycline Cardio V8_fromJ
28671,2;6,FA7;FA8,2,0,SDOH project
26587,3,,0,1,MSK_Rx
25885,2,FA8,1,0,Disease-associated variants and clinical features in generally healthy group v8
26107,2,FA8,1,0,Biogen Human Genetics
16179,12,FA1;FA7,2,0,Duplicate of Genetic analysis for complex skin conditions
28662,1;2;3,FA1;FA8,2,0,Statin Response
9215,1;2;3,FA1;FA8,2,0,CAD Genetic Subtype
28659,2;3;5;6,FA1;FA7;FA8,3,0,"v8 Predicting Disease Outcomes using EHR, Surveys, and Genomics"
28657,6;15,FA2;FA7,2,0,Examining Pregnancy Health Equity
28656,8,FA1,1,0,EBV-rando
28651,,,0,1,Copy of Investigation of individuals diagnosed with neuroendocrine tumors
28644,,,0,1,Predicting nutrient-specific interventions to alleviate anemia
26160,2;3;5,FA1;FA8,2,0,Genetic Ancestry and BC Response
11719,3,,0,1,SMILE-PD
28639,11,FA1;FA3,2,0,PopulationBio
28638,6,FA7,1,0,Ostomy
28636,,,0,1,Any researches
28635,,,0,1,PPGL
28633,1;3;4;5;8,FA1;FA5;FA8,3,0,zw_HCC
28631,8;9,FA1,1,0,"SLE, Vitamin D and Herpes Zoster"
15866,3;6;11,FA1;FA3;FA7,3,0,Impact of APOE4 on survival from diagnosis of AD dementia in diverse populations
28630,,,0,1,ASD Genotyping
12409,2;5,FA1;FA8,2,0,Using All of Us As a Reference Control for Genetic Cancer Predisposition
23457,4;6;14,FA1;FA5;FA7,3,0,Duplicate of Identifying subgroups of patients with migraine
25569,4;6;14,FA1;FA5;FA7,3,0,Duplicate of Duplicate of Identifying subgroups of patients with migraine_V8
28622,1;7,FA1;FA8,2,0,Sequential Mediation Analysis
27383,1;2,FA1;FA8,2,0,Target Discovery for Cardiovascular Disease - V8 - Current
28620,2;3;4,FA1;FA5;FA8,3,0,Duplicate of Schizophrenia Rare Variant PheWAS
28619,2;5;6,FA1;FA7;FA8,3,0,Duplicate of CDKN1A variant_v8
28615,2;11;19,FA1;FA3;FA6;FA8,4,0,air pollution
28609,5,FA1;FA8,2,0,Colon cancer risk
25378,,,0,1,enzyme_multiple_v8
28608,2,FA8,1,0,Agreement between WGS and genotyping array (v8)
28607,4;6;7;18,FA1;FA5;FA7,3,0,Ocular health in the AoURP
25507,2;4,FA1;FA5;FA8,3,0,Opioid use after spine surgery
9320,1;4,FA1;FA5;FA8,3,0,Hallucinogen Use and Valvular Heart Disease
28603,9,FA1,1,0,IBD prescription
17616,2,FA8,1,0,The genetics of sleep disorders and their relationship to comorbid disease v7
28583,3,,0,1,NPH Controlled Tier testing
28581,4;5;6;15,FA1;FA2;FA5;FA7;FA8,5,0,Subtyping endometrial cancer predictors
28578,,,0,1,Moga
28576,,,0,1,AIWG Interaction Analysis
28571,2;4;6,FA1;FA5;FA7;FA8,4,0,Cannabis and psychosis analysis - v8 controlled tier
28572,2,FA8,1,0,Syndromic and Nonsyndromic Aorthopathies
28567,3,,0,1,Duplicate of Kevin Chin Test Workspace
28562,7,,0,1,HR_response
28559,,,0,1,Duplicate of Pneumonia Management V8
26284,2,FA8,1,0,Duplicate of Portability of polygenic risk scores
28558,12,FA1;FA7,2,0,Duplicate of Hidradenitis suppurativa
26813,,,0,1,Women's_health
28554,3;4;6;11,FA1;FA3;FA5;FA7,4,0,Duplicate of Applying 4M Model
28462,3;6;12,FA1;FA7,2,0,SOC and Pigmentary
28552,2;10;16,FA1;FA4;FA8,3,0,CFTR Modulator Efficacy Among CF Mutation Variants
28550,1;12,FA1;FA7;FA8,3,0,T2D
28548,4;15,FA1;FA2;FA5,3,0,Chronic Pain & Prematurity
28547,1;3,FA1;FA8,2,0,MASLD Data
28543,5;15,FA1;FA2;FA8,3,0,Combinatorial variation to explain Lynch Syndrome
28536,5,FA1;FA8,2,0,Novel genetic variants associated with breast cancer risk
25671,1;2,FA1;FA8,2,0,Duplicate of Genetic-risk factors for type 2 diabetes
28532,1;2;6,FA1;FA7;FA8,3,0,Duplicate of Insights into PLA2R1 function from PheWAS of LOF variants (v8)
7634,2,FA8,1,0,BJ Association studies of tandem repeats_Genomics tier_v7
28526,1;2;5;8,FA1;FA8,2,0,HCC Genetics v8
17897,5;6,FA1;FA7;FA8,3,0,Social Capital (Aim1)
21179,1;2,FA1;FA8,2,0,KGaulton_T1DGRS_Supplement
28524,12,FA1;FA7,2,0,Hiradenitis Suppurativa
28523,2;5;6,FA1;FA7;FA8,3,0,SDOH Research
14913,2;5;6;12,FA1;FA7;FA8,3,0,LC_PRS
26910,2,FA8,1,0,CLYBL and MTHFR - CDR 8
23892,4,FA1;FA5,2,0,Explore SUD in AoU cohort
27920,2,FA8,1,0,UCPH_shared_Loos
28507,5,FA1;FA8,2,0,Appendiceal
28506,1;2;5,FA1;FA8,2,0,GxE Interactions between Statin Use and HIPPO pathway SNPs in PCa V8
28505,2;18,FA1;FA7;FA8,3,0,AMD_Genomics
28504,5,FA1;FA8,2,0,Duplicate of Duplicate of Secondary_lung_cancer_analysis
28503,1;2;13,FA1;FA8,2,0,SimpleMatch
28500,18,FA1;FA7,2,0,eye disease association with e-cigs
18191,2,FA8,1,0,Speliotes_Lab_2024_dup1
27317,11,FA1;FA3,2,0,AD clinical variables
28484,2;11,FA1;FA3;FA8,3,0,Genetics of Aging-Related Health Outcomes in Diverse Populations
26320,6,FA7,1,0,Assortative Mating Across Time
28490,1;18,FA1;FA7;FA8,3,0,Uveitis and Allostatic Load
28493,3;11,FA1;FA3,2,0,NIDUS Pilot Grant Surgical Cohort Identification
28492,4;6,FA1;FA5;FA7,3,0,Mental Health Data Available for Hispanic Participants
28491,3,,0,1,Pressure Ulcer & SSI BSc Project - new controlled tier
28486,4;13,FA1;FA5,2,0,Cannabis use project
4011,8,FA1,1,0,COVID-19 vaccine and HIV
26108,1;8;14,FA1;FA8,2,0,Duplicate of sex difference of CVD in HIV population
26791,2;4,FA1;FA5;FA8,3,0,Psych Disorders in All of Us (v8)
28480,6,FA7,1,0,Nutrition x Chronic Condition Study
18672,,,0,1,nlrisk-4T
28478,1;2;8,FA1;FA8,2,0,Kidney_diseases_HIV_noHIV
28471,2;5;12,FA1;FA7;FA8,3,0,Rare Varaint Lung Cancer v8
27237,1;2;3;18,FA1;FA7;FA8,3,0,Central Serous Chorioretinopathy Demographics
26118,9;18,FA1;FA7,2,0,Sarcoidosis and Laryngeal Symptoms - v8 Controlled
28453,9;12,FA1;FA7,2,0,Granulomatous Diseases in Dermatology
28448,4,FA1;FA5,2,0,Practice
28446,3;4,FA1;FA5,2,0,Ophthalmic Plastics Project
28445,,,0,1,ILF3 analysis
23900,,,0,1,Allelic Frequencies
28441,4;6,FA1;FA5;FA7,3,0,income and wellbeing
28438,,,0,1,Bacteria in srWGS
27261,2;3;9,FA1;FA8,2,0,Duplicate of association between autoimmune diseases v8
25725,2,FA8,1,0,Genotype-Phenotype Analysis for Variant Interpretation v8
19512,6,FA7,1,0,Socioeconomic Determinants of Osteoarthritis in the Hispanic Community
26666,4;6;15,FA1;FA2;FA5;FA7,4,0,Tobacco Use and Postpartum Depression (v8)
14663,1;2;6,FA1;FA7;FA8,3,0,Rurality PheWAS - CDR7
28423,2;4,FA1;FA5;FA8,3,0,Chronic pain - OUD v8
26697,7,,0,1,MBH Deviation Detection
28410,1,FA1;FA8,2,0,Causal inference for pharmacogenomics in cardiovascular disease
28419,2,FA8,1,0,Thyroid function
28418,2;5,FA1;FA8,2,0,Aromatase Inhibitors Genomics (v8)
28411,1,FA1;FA8,2,0,Ischemic cardiomyopathy
28404,5;6;12,FA1;FA7;FA8,3,0,Secondary Skin Cancers in Transplant Patients
28403,11,FA1;FA3,2,0,Duplicate of Alzheimer's and Allergies
28397,11,FA1;FA3,2,0,Parkinson's Disease and Dysphagia
28393,3;5;12,FA1;FA7;FA8,3,0,Incidence of Skin Cancer in Transplant Patients
21532,3;4;6,FA1;FA5;FA7,3,0,Dr_Mudumbai_WorkSpace
25854,3;5;16,FA1;FA4;FA8,3,0,Using healthcare data to predict drug response in prostate cancer (v.8)
12484,2,FA8,1,0,Subsetting SNPs
28386,2,FA8,1,0,Duplicate of Method development for genetic susceptibility
28385,2,FA8,1,0,Method development for genetic susceptibility
28339,6;17,FA4;FA7,2,0,Preterm Labor
21145,1;8;14,FA1;FA8,2,0,sex difference of CVD in HIV population
25448,4;15,FA1;FA2;FA5,3,0,PCOS and Neurodivergence
27833,2;18,FA1;FA7;FA8,3,0,"MT-RNR1 Variation, Aminoglycoside Exposure, and Hearing Loss"
28366,1,FA1;FA8,2,0,Diabetic_neuropathies_Ugo
17060,1;3;6,FA1;FA7;FA8,3,0,Congenital Heart Disease Digital Health and Health Equity (C7)
28359,1;6,FA1;FA7;FA8,3,0,Duplicate of Neighborhood + CVD risk #2
25449,2;5,FA1;FA8,2,0,Cancer Genetic Analysis (AOU v8)
26844,1;4;6;7,FA1;FA5;FA7;FA8,4,0,"Population Differences in HRR, Sleep and Physical Activity (V8)"
23516,,,0,1,Replicating BBB Work
28352,,,0,1,Duplicate of Control SV
28348,3,,0,1,Duplicate of RareDiseases_Genomics
28345,8,FA1,1,0,HIV public health
28344,1;2;7,FA1;FA8,2,0,Duplicate of Gene by physical activity interaction effects on the risk of T2D
28341,3;6;7,FA7,1,0,Duplicate of Exploring Fairness and Explainability in AI/ML using Health Data
27928,1;5;9,FA1;FA8,2,0,GLP1-RA in Breast Cancer
28337,2,FA8,1,0,HAIL Analysis 2
28333,3,,0,1,Rare Diseases Dissertation
27725,7,,0,1,Wearable_EHR_Google
28332,1;2,FA1;FA8,2,0,sandbox
28327,3;9,FA1,1,0,Autoimmune Predictors
27915,,,0,1,Understanding new diagnoses in fatigued adults
28026,4;6,FA1;FA5;FA7,3,0,SDOH Mental Health Risk Assessment v8
28326,2;3,FA8,1,0,Duplicate of Workshop: Intro to All of Us Genomics Data gmr
26644,2;5,FA1;FA8,2,0,Tool Development
28324,2,FA8,1,0,Cancers_v8
27789,3;8,FA1,1,0,tabpfn_controlled
28318,1,FA1;FA8,2,0,Healthcare experiences and weight management
27677,6;15,FA2;FA7,2,0,Version8_Pregancy_loss_cohort_controled_tier_updated_DEPRECATED
21050,3,,0,1,Missing Analysis with Pomelo and Lori
21117,6;15,FA2;FA7,2,0,Dissertation Summary
28310,,,0,1,pt 2 Environmental factors affecting an individual's susceptibility to dengue
27806,6,FA7,1,0,Biological Age and Sexual Minorities
24215,2;5;6;17,FA1;FA4;FA7;FA8,4,0,"V7 Interaction of EtOH Consumption, Candidate Gene, and Race on BRCA_vES"
26290,1,FA1;FA8,2,0,SCT & PIEZO1 Variant in Relationship to CKD (V8)
25735,1;2;9,FA1;FA8,2,0,Autoimmune and Vitamin B12 Related Diseases v8
28297,6,FA7,1,0,MMD health literacy
28296,1;7;14,FA1;FA8,2,0,Sleep Afib
28295,,,0,1,PIK3CD/PIK3R1 Variome Screen
28257,2;4;6,FA1;FA5;FA7;FA8,4,0,Genetics of antidepressant exposure (v8)
28291,1;3;7,FA1;FA8,2,0,Preprocessing Data to Track Cardiovascular Health in Heart Failure Patients
28287,12,FA1;FA7,2,0,Atopic dermatitis and temperature
13510,6,FA7,1,0,How SDOH with race  impact healthcare access and disease management
9982,5;6,FA1;FA7;FA8,3,0,Social Determinants of Health Factors in Ovarian Cancer Survivors
15445,2,FA8,1,0,PRS_admix
28278,1,FA1;FA8,2,0,Duplicate of Novel genes for sudden cardiac arrest/death
25556,,,0,1,Ritchie Lab Common Files v8
27513,5,FA1;FA8,2,0,HSD3B1 and Prostate Cancer
28272,6;9,FA1;FA7,2,0,Lupus Data Exploration
28271,6,FA7,1,0,Practice workspace
28269,6;7,FA7,1,0,PA 2025
28268,1;2,FA1;FA8,2,0,heart-brain interaction
28263,2,FA8,1,0,Duplicate of How to Work with All of Us Genomic Data (Hail - Plink)(v8) RH
25657,4;6,FA1;FA5;FA7,3,0,LGBTQ+ barriers to mental health care
25216,1,FA1;FA8,2,0,HPTHypoK
25914,1;4;10;15,FA1;FA2;FA4;FA5;FA8,5,0,Comparison of experimental data on LEP variant signalling and clinical data II
28251,,,0,1,research project #1
28247,6,FA7,1,0,Scale Medicine
28245,2,FA8,1,0,Trial 1 Brain Met cohort
28242,1;5,FA1;FA8,2,0,SAFE Score v8
28235,2,FA8,1,0,GRMA
26456,4;5;6,FA1;FA5;FA7;FA8,4,0,Healthcare Encounters and Cancer Diagnosis
23809,2,FA8,1,0,GRMA-old
28232,3;5,FA1;FA8,2,0,Duplicate of Risk prediction for second primary lung cancer
28230,,,0,1,Gene by environment interaction analysis of variant sets - CDR v8
28228,6;9,FA1;FA7,2,0,SLE and SSc Risk Factors
28227,5,FA1;FA8,2,0,training
17592,4;6,FA1;FA5;FA7,3,0,Identifying Intersectional Health Disparities in the LGBTQ community
25475,5,FA1;FA8,2,0,Breast Cancer and Hormone Use v8
8036,2,FA8,1,0,v7 of Prevalence of carriers of inborn errors of metabolism
28215,10,FA1;FA4;FA8,3,0,Sickle Cell Trait Associated Clinical Outcomes (V8)
28212,5,FA1;FA8,2,0,v8 LiverCancer_MZ
28208,3;11,FA1;FA3,2,0,Interleukin 6 and sarcopenia
28207,7,,0,1,Duplicate of FItbit study_
24166,7,,0,1,FItbit study
25184,4;12,FA1;FA5;FA7,3,0,Melasma and Mental Health
28206,5,FA1;FA8,2,0,Melanoma risk
28205,1;6;9;14;17,FA1;FA4;FA7;FA8,4,0,TBI Outcomes
28198,3;5,FA1;FA8,2,0,Head and Neck Cancer V8
28195,6;12,FA1;FA7,2,0,Social determinants of healthcare access in patients with lichen planus
28193,6;8,FA1;FA7,2,0,v8 HIV in Hispanic Populations
28191,1;4;6,FA1;FA5;FA7;FA8,4,0,Duplicate of Todos Juntos grant
27443,9,FA1,1,0,Covid + DM + Scleroderma
28183,3;5;6,FA1;FA7;FA8,3,0,AI/ML-Driven Predictive Modeling of Prostate Cancer
28181,1;3;13;14,FA1;FA8,2,0,Comparing the Efficacy of Treatment Modalities in Obstructive Sleep Apnea
28182,3;6,FA7,1,0,ADHD_ZipStudy
18601,4,FA1;FA5,2,0,social connection and suicide risk
28174,2,FA8,1,0,AxA_v8_GRM
28172,4,FA1;FA5,2,0,Depression with atypical energy related symptoms
28167,1,FA1;FA8,2,0,GLP-1 agonists and H.pylori
28166,2;5,FA1;FA8,2,0,Duplicate of Prostate Cancer Treatment Efficacy
28162,1,FA1;FA8,2,0,The Role of Shroom3 in CM Cytoarchitectural Remodeling and Cardiac Function
28158,9,FA1,1,0,CT Disease Erectile Dysfunction Associations Study
28157,4;6,FA1;FA5;FA7,3,0,AIM AHEAD All of Us Research Project
28156,3,,0,1,Federated learning
15531,2;18,FA1;FA7;FA8,3,0,Duplicate of Glaucoma and genetic main 2
4092,1;2;3;6;15,FA1;FA2;FA7;FA8,4,0,D-PRISM-DGAG-Boston
28155,,,0,1,Anorexia_SK
28153,2;5,FA1;FA8,2,0,LCIS lessions in breast cancer
28152,3,,0,1,ME/CFS biomarker study
28151,4,FA1;FA5,2,0,Sex and Gender
27981,1;3;4;7,FA1;FA5;FA8,3,0,"Sleep, Social Factors, and CVD"
28143,7,,0,1,Workspace_HRV_data
28142,2,FA8,1,0,Antiphospholipid Syndrome v8
25870,1;2;14;16,FA1;FA4;FA8,3,0,ABCD-GENE project-V8
28140,2,FA8,1,0,ED_RVAS_CTv8
26519,2;5;6;7;13,FA1;FA7;FA8,3,0,Duplicate of Assessing Sleep In cancEr Development acroSs mulTiple Ancestries
28139,1;8,FA1;FA8,2,0,Exploratory Research
26934,7;18,FA1;FA7,2,0,Sleep Disturbances and Glaucoma
28134,2,FA8,1,0,Impact of Hominin-specific variants
25893,1;2,FA1;FA8,2,0,Target Discovery for Cardiovascular Disease - V8
28132,1,FA1;FA8,2,0,Identifying genetic variants associated with cardiovascular pathologies
28131,2;4;7,FA1;FA5;FA8,3,0,w3zheng
27639,,,0,1,V8 Duplicate of 2024 of Inflammatory Skin Diseases - New
28129,3,,0,1,ICIgenomics
28128,5,FA1;FA8,2,0,Anastomotic Leak Following Colorectal Surgery Availability Assessment
27827,2;4,FA1;FA5;FA8,3,0,Depressive Disorders
24513,1;3;6,FA1;FA7;FA8,3,0,Machine Learning Models: Health Disparity and Fairness Measurement
28122,2,FA8,1,0,Duplicate of AoU_Osteoarthritis_2025_v8
28118,2;18,FA1;FA7;FA8,3,0,Duplicate of Glaucoma and genetic main 2 V8
28117,2;4;9;14;15;18,FA1;FA2;FA5;FA7;FA8,5,0,Postpartum Depression V8
23529,4,FA1;FA5,2,0,Mental Health Survey Data Analysis
28107,2,FA8,1,0,TSHxSMK Project Portion
27625,1;2,FA1;FA8,2,0,GRS_DM_Stanford_Broad V8
28102,2;18,FA1;FA7;FA8,3,0,V8_glaucoma genetic analyses
28101,1;2;6,FA1;FA7;FA8,3,0,All of Us Controlled Tier Dataset v8
28099,2,FA8,1,0,Demo2_L1_SNPs_lrWGS_study
28092,3;4;6;9,FA1;FA5;FA7,3,0,Social Connection and Inflammatory Bowel Disease
27848,2;11,FA1;FA3;FA8,3,0,Alzheimer and Kidney diseases
28088,2;3;6;18,FA1;FA7;FA8,3,0,GWAS American Latino
28082,2;3;6;11,FA1;FA3;FA7;FA8,4,0,Gene X Environment AD Risk -- ControlledTier
28083,1;10,FA1;FA4;FA8,3,0,Monogenic Diabetes  v8 Davis lab
28081,5,FA1;FA8,2,0,GxE_Breast_Cancer
28075,3;8,FA1,1,0,Duplicate of AOU_Recover_Long_Covid_v6-[uses_v8]
28074,5,FA1;FA8,2,0,Gastric Ca
12667,2;4;17,FA1;FA4;FA5;FA7;FA8,5,0,Psychiatric disorder comorbidities in patients with genetic disease
26211,,,0,1,GCK MODY
28069,6,FA7,1,0,Duplicate of Pathways to Gender-Affirming Care
28053,3;4;5;6;12;13,FA1;FA5;FA7;FA8,4,0,Deprescribing Patterns of Benzodiazepines in Long-term Users
28052,3;4,FA1;FA5,2,0,Development of a Life Span Score for Improved Long-Term Health Outcomes
27395,1;3;6;11;14,FA1;FA3;FA7;FA8,4,0,Parkinson's Disease Dementia: A Vascular and Socio-Behavioral Analysis
19151,1;2,FA1;FA8,2,0,Post Surgery Acute Kidney Injury - Genetic Analysis
28051,9;13,FA1,1,0,RA-ILD risk - UPDATED AoU v8
28049,1;2,FA1;FA8,2,0,CVD WGS Pipeline Workspace _Controlled Tier 8_March2025
28048,6;15,FA2;FA7,2,0,Duplicate of Postpartum Care and Disparities in Maternal Health Outcomes
10488,1;4;5;6;18,FA1;FA5;FA7;FA8,4,0,"DR Severity and Loneliness, Social Support, Stress"
28047,,,0,1,Functional Outcomes
28044,1;2;3;14,FA1;FA8,2,0,Duplicate of Duplicate of Type 2 diabetes risk prediction
28034,1;5,FA1;FA8,2,0,Understanding germline variation in EGFR
28033,3;18,FA1;FA7,2,0,EyeSeven
28032,1;4;5;6,FA1;FA5;FA7;FA8,4,0,Mental Health in Head & Neck Cancer
28028,5;6,FA1;FA7;FA8,3,0,Duplicate of controlled Colorectal Cases
28023,3,,0,1,Dup of Rep Learning and Mechanistic Interpretability for Health Data Models
15599,1,FA1;FA8,2,0,MGUS/MBL/CHIP/TCUS
28018,2;15,FA2;FA8,2,0,Endometriosis Subtyping
28013,1;2;6,FA1;FA7;FA8,3,0,Dup V7 Kidney Disease in African Americans: Genetic and Environmental Factors
28012,2;10,FA1;FA4;FA8,3,0,Rare disease project
20334,2,FA8,1,0,DDNs
26906,3;11,FA1;FA3,2,0,Pascoal Lab v8
28005,2,FA8,1,0,Long_reads
24169,2;9,FA1;FA8,2,0,Study of Therapeutic Response and Adverse Events in IBD v7
28004,2,FA8,1,0,Using AoU data to unravel interconnectedness between den + sys disease v8
28002,10,FA1;FA4;FA8,3,0,Evaluation of All of Us for VUS reclassification
28001,2;3,FA8,1,0,MG genome
27999,6;12,FA1;FA7,2,0,Skin Conditions (Paños)
25936,2,FA8,1,0,Small open reading frames in drug discovery (v8)
27243,2;3,FA8,1,0,Pituitary Adenoma GWAS
12110,3,,0,1,Representation Learning and Mechanistic Interpretability for Health Data Models
27977,3;4,FA1;FA5,2,0,Duplicate of LiRong lab PTSD and ASUD/OUD
27992,2;14,FA1;FA8,2,0,ALS_FTD_v8_Cohort
27875,1,FA1;FA8,2,0,Jing
27990,1,FA1;FA8,2,0,Sleep
27983,10,FA1;FA4;FA8,3,0,Investigating pathogenicity of potentially pathogenic variants in rare disease
27982,4;6;8,FA1;FA5;FA7,3,0,Meaning in life and suicidality
25534,5;6,FA1;FA7;FA8,3,0,controlled Colorectal Cases
23768,2;3,FA8,1,0,Genome-Phenome Foundation Model (V7)
27974,4;6,FA1;FA5;FA7,3,0,"Dup. of SGM Identity, Adverse SDOH, and Trauma-Related Mental Health Disorders"
25489,3;4;6,FA1;FA5;FA7,3,0,Neighborhood Dynamics and Health Disparities
27971,2;14,FA1;FA8,2,0,Genetics of dystonia V8
9449,1;2;7,FA1;FA8,2,0,Common metabolic disease genetic association analysis (v7)
26322,5,FA1;FA8,2,0,Cancer Risk Study v8
26092,4;7,FA1;FA5,2,0,Passive Predictors of Postoperative Pain and Mental Health
26484,1;2,FA1;FA8,2,0,Evaluating Heritability of Response to Anti-Obesity Medications
27962,11,FA1;FA3,2,0,"V8 Genetic variation, mitochondrial microproteins, aging-related health"
27952,2;4;15,FA1;FA2;FA5;FA8,4,0,Genetics of postpartum depression
25977,2;18,FA1;FA7;FA8,3,0,V8_Main
27947,14,FA1,1,0,neuropathy
26939,1;2;3;11;16,FA1;FA3;FA4;FA8,4,0,Genetic Variations in Gabapentin Response and Associated Adverse Outcomes
27942,1,FA1;FA8,2,0,Orthopedic Research
22565,3;11,FA1;FA3,2,0,Dementia Study
27941,4;6;11,FA1;FA3;FA5;FA7,4,0,SUDs_health trajectories_older adults_v8_CT
27935,,,0,1,Duplicate of First Workspace
27929,1;4;7;13,FA1;FA5;FA8,3,0,Insomnia and associations with sleep and health outcomes
26289,18,FA1;FA7,2,0,Dataset 8 Duplicate of Glaucoma and supplements
27909,,,0,1,Version 8 test Duplicate of Dry Eye Updated June 2024
27908,,,0,1,CRVO
27745,7;9;12,FA1;FA7,2,0,v8 Sleep and Activity in Dermatologic Autoimmune Disease
27906,4,FA1;FA5,2,0,Anxiety_cananbis
27897,1;3;7,FA1;FA8,2,0,Bayesian Machine Learning for Cardiovascular Diseases Detection
27904,,,0,1,Duplicate of Hematocrit effect on CHD
25578,19,FA6,1,0,v8 Wearables Pollution and Temperature Controlled Tier
27699,3,,0,1,Researcher Workbench Onboarding
27891,9;18,FA1;FA7,2,0,Uveitis Diagnoses
19141,2;6;7;15,FA2;FA7;FA8,3,0,Women's Health Disease Genetics vs SDOH
27771,2;5,FA1;FA8,2,0,IMPORTANT - Duplicate of Germline Mutations that Increase Cancer Risk
25465,2;9;11;13,FA1;FA3;FA8,3,0,AllofUS-HH-v8
26980,1;2;3,FA1;FA8,2,0,Sample LDL
27873,1;2;3;7;16,FA1;FA4;FA8,3,0,Cardiovascular disease and P2Y12 inhibitors
19110,2,FA8,1,0,Biallelic effects in complex traits across biobanks
27862,2;4;11,FA1;FA3;FA5;FA8,4,0,PGC CNV calling v8 (JacquemontLab - alemacon - controlled tier)
27881,2,FA8,1,0,Multiancestry
27879,4,FA1;FA5,2,0,ACEscpCRP
27877,1;4,FA1;FA5;FA8,3,0,T2D drugs and Mental Health
27876,3;4,FA1;FA5,2,0,Dataset_v8_MDD_heterogeneity
27874,2,FA8,1,0,Role of repetitive elements in neurodegenerative disorders
27872,2;16;17,FA4;FA7;FA8,3,0,Duplicate of Demo - Pharmacogenomics (PGx) variant frequency
27868,2;13;15,FA1;FA2;FA8,3,0,Menopausal Impact on Respiratory Health
27663,3,,0,1,Direct Volunteer EHR PGRM Replication
25590,2;13;15,FA1;FA2;FA8,3,0,V8Regist Menopausal Impact on Respiratory Health
27372,,,0,1,Genetics associations with clinical phenotypes in diseases
19839,6,FA7,1,0,Assessing disability representation in AoU participants versus all US adults
27859,11,FA1;FA3,2,0,modifiable_risk
27858,3;7,,0,1,Fitbit_data
27679,2,FA8,1,0,EtM_1
26780,1;2;3;14,FA1;FA8,2,0,metabolic and neurological disease analyses v8
15073,1;5,FA1;FA8,2,0,Determinants of clonal hematopoiesis and cancer risk in All of Us
27851,9;12,FA1;FA7,2,0,Genetic interactions in autoimmune diseases
16483,3;8,FA1,1,0,HIV_Research
27023,5,FA1;FA8,2,0,V8 Fitness_Metabolic_PCa
27845,1;3;7;15,FA1;FA2;FA8,3,0,Study of wearable measures during different stages of pregnancy (v8)
27844,1;2,FA1;FA8,2,0,GEI Kidney Disease
27842,1,FA1;FA8,2,0,Duplicate of Statin FIB-4 2025 Version 8
7920,2,FA8,1,0,Hypothyroidism genomics v7
20925,3;4,FA1;FA5,2,0,SUDs - CNV
27839,3;5,FA1;FA8,2,0,Precancerous_Cancer_Risk_Prediction_EHR
26614,15,FA2,1,0,Micronutrient Levels  in Mothers with hyperemesis gravidarum
27837,2;3;5,FA1;FA8,2,0,Duplicate of Prostate Cancer Polygenic Scores in Symptomatic Cohort
27835,3;5;6,FA1;FA7;FA8,3,0,HARC-PWD and cancer screening disparities
26158,2;6;18,FA1;FA7;FA8,3,0,POAG and Ancestry v8
27832,4;5,FA1;FA5;FA8,3,0,Duplicate of Perioperative Psychiatric Medication Use
16970,1;3,FA1;FA8,2,0,EpiCopilot
23359,,,0,1,Multi-Disease Prediction
27829,,,0,1,PsychGenEpi_CTv8
27826,13;15,FA1;FA2,2,0,OSA in Females
27823,1;6,FA1;FA7;FA8,3,0,Duplicate of Elastic Models for Cardiometabolic disease in NHPI
12383,6;18,FA1;FA7,2,0,Avastin and Lucentis/Eyelea
27822,6;12,FA1;FA7,2,0,MS4 Projects
27817,1;14,FA1;FA8,2,0,Diabetic Neuropathy
27821,4;5;6,FA1;FA5;FA7;FA8,4,0,Oral Health and SMI
12040,10,FA1;FA4;FA8,3,0,PDS_Project
11876,2;14,FA1;FA8,2,0,COL4A1_2 Rare Variant Analysis
27820,2;4,FA1;FA5;FA8,3,0,Kranzler_Kember_Data_HoldOut
27818,2;9,FA1;FA8,2,0,Genetic analysis of Sjogren's syndrome
26074,3;4;6;11,FA1;FA3;FA5;FA7,4,0,Cannabis Use Disorder (CUD) - V8
27814,,,0,1,Kaitlyn Devine Workspace
27813,2;4;15,FA1;FA2;FA5;FA8,4,0,Lactation Disorder Genetic Variations
27807,,,0,1,DCVS_EPI_Controlled_v2025
24183,1;2,FA1;FA8,2,0,Duplicate of Germline Mutations that Hearts
26153,2;16,FA4;FA8,2,0,Rare variant burden on pharmacogenes V2
27802,6,FA7,1,0,UM_RWG_Neoplastic_Diseases
27418,2;6;9,FA1;FA7;FA8,3,0,GWAS and PheWAS of autoimmune diseases_V2
2783,2;15,FA2;FA8,2,0,z Uterine Fibroids
27801,1;5,FA1;FA8,2,0,Heart failure in prostate cancer
27800,1,FA1;FA8,2,0,CAD geographic distribution v2
27799,5,FA1;FA8,2,0,Biomarkers in Breast Cancer
25933,1;15,FA1;FA2;FA8,3,0,Pregnancy APOs
27787,4,FA1;FA5,2,0,Polypharmacy in knee OA chronic pain
27786,8,FA1,1,0,COVID Hypoxia Research Project
27783,7,,0,1,Personalized treatment of Thyroid diseases
27782,1;6,FA1;FA7;FA8,3,0,Liver Disease
26049,1;2;3,FA1;FA8,2,0,Genetics of HF and AF - V8
27779,1;2,FA1;FA8,2,0,Multimodal CVD
27778,2,FA8,1,0,Genotype Imputation (v8)
27777,1;2,FA1;FA8,2,0,V8_Polygenic risk scores of T2D predicts risk of T2D across populations
27770,3;15,FA2,1,0,Pregnancy-DDIs
27767,2,FA8,1,0,local GxE
27766,1;3;6,FA1;FA7;FA8,3,0,NCD Research
19921,8,FA1,1,0,Sequelae of HIV infection
27765,,,0,1,UM_RWG_Asparagine
26162,1,FA1;FA8,2,0,V8 dialysis sex genetics cardiovascular
19928,1;3,FA1;FA8,2,0,Happiness-steatosis-genetics
27759,3;8,FA1,1,0,Duplicate of AOU_Recover_Long_Covid_v6
27412,2;6,FA7;FA8,2,0,PRS Validation Demo
27756,2,FA8,1,0,Delirium GWAS
27755,4;6;14,FA1;FA5;FA7,3,0,Understanding disparities in depression Dx and TX in epilepsy V8
27750,1;11,FA1;FA3;FA8,3,0,Lipid Project
27749,1;7,FA1;FA8,2,0,Duplicate of Exercise Variability
27748,2;3;5,FA1;FA8,2,0,Investigating the Role of TP53 R72P Polymorphism in Cancer Susceptibility
27746,2;12,FA1;FA7;FA8,3,0,Actinic Keratosis
27743,1,FA1;FA8,2,0,Glucose variability and Metabolism
27726,8,FA1,1,0,tabpfn
25912,2;6,FA7;FA8,2,0,Factors influencing pharmacogical response in underrepresented populations (v8)
27727,1;2;5,FA1;FA8,2,0,Duplicate of EGFR Mutation Enrichment_Controlled
27723,1,FA1;FA8,2,0,Duplicate of Response in beta-blocker (V8 Dataset)
27717,3;8,FA1,1,0,Duplicate of Respiratory Virus Severity v8
27716,1;4;6,FA1;FA5;FA7;FA8,4,0,Duplicate of MPH Thesis
27710,6;15,FA2;FA7,2,0,Prenatal Care Access
27701,3;9;12,FA1;FA7,2,0,Rosacea and inflammatory bowel disease
27700,2,FA8,1,0,v8 pull variants for pgs
26773,3,,0,1,Duplicate of AI Risk Prediction
27694,7,,0,1,The Exercise Recovery Project
27692,1;2;6;14,FA1;FA7;FA8,3,0,Duplicate of Social and biological determinants of cardiovascular disease v7
27691,1;2;4,FA1;FA5;FA8,3,0,Duplicate_Prevalence_hypertension in individuals with major depressive disorder
27686,1;4,FA1;FA5;FA8,3,0,Duplicate_Prevalence of hypertension in individuals with bipolar disorder
27681,11,FA1;FA3,2,0,Genomics_kindey_disease_CDR8_CAC
26134,11,FA1;FA3,2,0,Genomics_kindey_disease
27680,,,0,1,Duplicate of PAD Adverse Events - Tanmay
27674,2;3;4;5,FA1;FA5;FA8,3,0,Duplicate of Cancer Anti-Morbidity v8 - R15
27175,2;15,FA2;FA8,2,0,Duplicate of Pre-eclampsia Study Space
27671,1;4,FA1;FA5;FA8,3,0,Duplicate_Prevalence of hypertension in individuals with severe mental illness
4604,1;15,FA1;FA2;FA8,3,0,TL
27669,1;3;15,FA1;FA2;FA8,3,0,Duplicate of TL_new
27666,5;6,FA1;FA7;FA8,3,0,Health and Racial Disparities in Gastric Cancer
26929,2;3,FA8,1,0,IBS & SI Workbench
27653,1,FA1;FA8,2,0,Duplicate of T1D HF Risk Calculator
23193,2;9;11;13,FA1;FA3;FA8,3,0,AllofUS-HG_V7
27646,1;2,FA1;FA8,2,0,Metabolic syndrome
27644,3;7,,0,1,daily step analysis
27636,6;12,FA1;FA7,2,0,Duplicate of ResearchMeetings_Test
27633,2;14,FA1;FA8,2,0,Statistical and Genomic Epidemiology Laboratory (SGEL)
27631,15,FA2,1,0,DM/Pregnancy
27630,1,FA1;FA8,2,0,Pancreatitis Outcomes
23465,,,0,1,Behçet's disease and mimics
27624,1;2,FA1;FA8,2,0,GRS for DM v8
27616,18,FA1;FA7,2,0,Duplicate of Mainofretinavariants
19149,18,FA1;FA7,2,0,Mainofretinavariants
27615,10,FA1;FA4;FA8,3,0,SAAS 2025 Proj
19959,,,0,1,PAD Adverse Events - Tanmay
11969,2;15,FA2;FA8,2,0,OXTR PheWAS
27603,1;6,FA1;FA7;FA8,3,0,CHIP VTE
27596,2;5,FA1;FA8,2,0,HCC_GWAS
27595,2,FA8,1,0,sTWAS_v8
27593,,,0,1,LCMM_IDs
22908,14,FA1,1,0,Social Drivers of TBI Outcomes
27587,2;11,FA1;FA3;FA8,3,0,Duplicate of IADRC
27583,5,FA1;FA8,2,0,Duplicate of Breast cancer risk to the next generations
27582,2;6,FA7;FA8,2,0,PRS_Comorbidity_Checks_V2
26911,1;3;6,FA1;FA7;FA8,3,0,Duplicate of Subphenotypes of Type 2 Diabetes
27579,10,FA1;FA4;FA8,3,0,Duplicate of Causal inference for rare diseases
27425,2,FA8,1,0,CAROTENOID GENETICS - CAC
27573,3;7,,0,1,Fitbit_v8
14721,1;5,FA1;FA8,2,0,Cancer-CH
24585,4;7,FA1;FA5,2,0,Sleep spectrogram
27066,2;5;6,FA1;FA7;FA8,3,0,Drug repurposing for cancer treatment
14097,2;3;15,FA2;FA8,2,0,The Genetic Landscape Of Endometriosis in Ancestrally Diverse Populations
27561,1;2,FA1;FA8,2,0,Cardiometabolic (Genetic) v8
27558,,,0,1,Duplicate of Incidence Estimator Workspace
10526,2,FA8,1,0,Mootha_PacBio_mtDNA
27555,2;3;5;10,FA1;FA4;FA8,3,0,continuation2 of terra-vpc-sc-ce089c9f
27554,,,0,1,Duplicate of Apostolov CASR analysis
27547,,,0,1,Common Phenotypes of CTDs
27367,1;3;4;11;14,FA1;FA3;FA5;FA8,4,0,Alzheimer's Disease/ADRD
27546,3;4;5;6,FA1;FA5;FA7;FA8,4,0,Chronic pain and fatigue in cancer survivors
27544,10,FA1;FA4;FA8,3,0,Returnal of Results
27543,1;2;3;14,FA1;FA8,2,0,Lp(a) and its Impact on Heart-Brain Axis
27498,7,,0,1,Fitbit v8 (PCC Billing)
27073,3;11,FA1;FA3,2,0,ADRD_VALIDATION
26098,2;3;5,FA1;FA8,2,0,Predictive Values of Non-Poligenic Risk Scores
27531,2,FA8,1,0,lab_data
27530,5;6;9,FA1;FA7;FA8,3,0,Duplicate of CACRC Clinical Risk Factors
27527,4,FA1;FA5,2,0,Nursing
27215,1;2;10,FA1;FA4;FA8,3,0,Rare_variant_T2D_Monogenic_diabetes
27526,15,FA2,1,0,NSSI and women
27525,2;4,FA1;FA5;FA8,3,0,Substance Use Workspace v8
27522,,,0,1,Audiometric Thresholds
27518,2;4,FA1;FA5;FA8,3,0,Driking&Smoking
27512,1,FA1;FA8,2,0,ABHD5 variants and steatohepatitis
27511,3;4;6;12,FA1;FA5;FA7,3,0,Derm-Psych Systemic Therapy
27505,1;3;9;12,FA1;FA7;FA8,3,0,Pediatric T1D Comorbidities
12837,2;7,FA8,1,0,Sleep PheWas
27217,2,FA8,1,0,ITSN1_Burden_Analysis
27500,11,FA1;FA3,2,0,"NeuroEpi: Infectious Diseases, Inflammatory Markers and Cognition"
27434,3;7;15,FA2,1,0,Women's Health_Uoft_Owen
27499,1;6,FA1;FA7;FA8,3,0,Sex-Based Disparities in CRN in T2DM
24548,1;18,FA1;FA7;FA8,3,0,PCE risk score and Eye Diseases
27370,,,0,1,mTBI and Balance Impairment
24265,1;2,FA1;FA8,2,0,BMI Gene enviornment interaction v7
25766,1;2,FA1;FA8,2,0,Rare variant CVD v8
27488,3;7,,0,1,Final_version - adding other step and sleep vars
26553,2;5;12,FA1;FA7;FA8,3,0,Lung Cancer v8
27485,2,FA8,1,0,Severe Enduring Anorexia Nervosa
2798,1;2,FA1;FA8,2,0,Mineral Metabolism and Chronic Kidney Disease
15272,,,0,1,Validation for Prescriptions Detection
8837,,,0,1,Prescriptions in Patients with a Family History of a Documented Condition
27484,3;7,,0,1,Discovering and predicting the severity of musculoskeletal disorders (v8)
27247,,,0,1,v8 CT - Representation of participants with disability in AoURP
27194,10,FA1;FA4;FA8,3,0,Marfan Project v8
27477,9,FA1,1,0,Fcgamma Celiac Disease
27475,1;4,FA1;FA5;FA8,3,0,GLP-1 medication and their effects on mental health
25787,2;8,FA1;FA8,2,0,HLA Genotyping Stage 4
22733,3;14,FA1,1,0,Single-Nucleotide Polymorphisms in Traumatic Spinal Cord Injury
27473,15,FA2,1,0,Duplicate of Female infertility associated with noncoding variants
26579,2;3;6,FA7;FA8,2,0,Investigating Infective Endocarditis
25684,1;2;10,FA1;FA4;FA8,3,0,Thoracic Aortic Disease Research v8
27455,1,FA1;FA8,2,0,Lean MASLD genetics
27457,,,0,1,AgingandHealth
27454,2,FA8,1,0,Stanford REDs v8
27452,1;2;10,FA1;FA4;FA8,3,0,The Genetic Epidemiology of Cystic Fibrosis and Obesity
23759,1;5,FA1;FA8,2,0,Obesity + creatinine - Cancer
27449,2;10,FA1;FA4;FA8,3,0,Phenotypic spectrum of monogenic immune disorders (V8)
27448,,,0,1,Functional Significance of mtDNA Introgression among Ancient Humans
25743,7,,0,1,Fitbit v8
27447,2;3;4,FA1;FA5;FA8,3,0,Duplicate of Tobacco Treatments and Polygenic Risk Scores
27446,,,0,1,Predictors of Surgical Outcomes
27444,2;11,FA1;FA3;FA8,3,0,UPDATED StarD6 SNPs in Alzheimer's Disease
25636,5,FA1;FA8,2,0,Melanoma Project 3
27441,,,0,1,Genetic variants that affect translational isofroms
27439,5;8,FA1;FA8,2,0,Duplicate of Duplicate of V7 Controlled Tier HIV and Cancer Screening
27436,4,FA1;FA5,2,0,Duplicate of The use of stimulants and suicide risk
27433,1;9;10;11;14,FA1;FA3;FA4;FA8,4,0,Duplicate of TTR Amyloidosis
25390,3;8,FA1,1,0,Respiratory Virus Severity v8
27430,2;5,FA1;FA8,2,0,v8_testing_controlled
27424,,,0,1,gene_environment_interactions v8
27428,2;5,FA1;FA8,2,0,testing_v8
27427,2;6,FA7;FA8,2,0,CCDGS_runJob_v8
27423,1;2,FA1;FA8,2,0,Duplicate of Predictors of semaglutide weight loss response
25620,3;11,FA1;FA3,2,0,Duplicate of Social determinants of dementia burden and inequities
27417,1;2,FA1;FA8,2,0,MultiAncestry_BP_GWAS_v8
27022,1;11;14,FA1;FA3;FA8,3,0,ZhouLab-ControlledTierV8
27416,1;2,FA1;FA8,2,0,Hypertension_GWAS_AW
27414,2;4,FA1;FA5;FA8,3,0,Genetics and Allostatic Load
8769,1;11;14,FA1;FA3;FA8,3,0,ZhouLab-ControlledTierV7
27411,2;4,FA1;FA5;FA8,3,0,MDD_WGS_FADS_ver1
27410,2,FA8,1,0,Hyperparathyroidism-eur-exome
27408,14,FA1,1,0,IPN Project v8
27402,2;11;14,FA1;FA3;FA8,3,0,genetics of neurological and movement diseases
27399,2;13,FA1;FA8,2,0,Duplicate of PRSxtra AoU
27386,2,FA8,1,0,Hyperparathyroidism-amr-exome
27384,5,FA1;FA8,2,0,Patient Phenotyping
19454,2,FA8,1,0,ABO Systematic Review
27222,,,0,1,Prioritizing variants for disease using biological network analysis
20121,11,FA1;FA3,2,0,"Infectious Diseases, Inflammatory Markers and Cognition"
26245,2;6;9,FA1;FA7;FA8,3,0,GWAS and PheWAS of autoimmune diseases (v8)
26800,4;6,FA1;FA5;FA7,3,0,Duplicate - Spine-Related Low-Value Services
27373,1;12;15;16,FA1;FA2;FA4;FA7;FA8,5,0,Metformin effect on fibrosis
27369,1;12,FA1;FA7;FA8,3,0,GLP-1 exposure and alopecia
18123,1;2,FA1;FA8,2,0,Duplicate of Duplicate of Hypertension_GWAS
27365,2;6,FA7;FA8,2,0,Duplicate of PRS*SDOH (V8)
27357,2;3;6,FA7;FA8,2,0,Solid Organ Transplantation
27355,2;11,FA1;FA3;FA8,3,0,mtDNA and nuclear DNA interaction on aging outcomes
27351,14;18,FA1;FA7,2,0,MenieresDisease tier8
27350,1;11,FA1;FA3;FA8,3,0,APOE  Atherosclerosis
27197,4;12,FA1;FA5;FA7,3,0,Acne and Mental Health
27344,,,0,1,Hyperparathyroidism-afr-ACAF
27343,1,FA1;FA8,2,0,Duplicate of BP_Meds_Genetics
20046,2;4,FA1;FA5;FA8,3,0,Substance Use Disorder Works
26627,12,FA1;FA7,2,0,"Intertrigo demographics, comorbidities, and management"
27341,,,0,1,Hyperparathyroidism-amr-ACAF
27136,,,0,1,Hyperparathyroidism-eur-ACAF (Example with Last)
26795,4,FA1;FA5,2,0,Health Behaviors
27339,2;3;6;13,FA1;FA7;FA8,3,0,GWAS on sleep disorders and traits
27338,1;5;6,FA1;FA7;FA8,3,0,Medication use in cancer survivors (with v8)
27336,2,FA8,1,0,Duplicate of BED_grant
13107,1;2;6,FA1;FA7;FA8,3,0,Genetic basis of kidney stone disease
27329,1,FA1;FA8,2,0,exercise
27328,,,0,1,Psychotropic Medications
27327,18,FA1;FA7,2,0,ENT
15356,6;18,FA1;FA7,2,0,Duplicate of Vision Threatening DR
25133,14,FA1,1,0,Spinal Cord Injury Outcomes
27104,3;7;15,FA2,1,0,Women's Health_Uoft
27309,,,0,1,SCT Demographics
27307,4;6,FA1;FA5;FA7,3,0,Burden of chronic diseases and health system access on Latino smokers
27306,,,0,1,Incarceration
26657,1;18,FA1;FA7;FA8,3,0,Glaucoma and dialysis
22944,3;5,FA1;FA8,2,0,Comorbidities and Cancer
27286,1;2;15,FA1;FA2;FA8,3,0,HDP PRS
27283,3;4,FA1;FA5,2,0,iSGS
27249,1,FA1;FA8,2,0,Genetic Variation and Kidney Disease
27280,1;2,FA1;FA8,2,0,CKD risk variant prediction
6592,1;2,FA1;FA8,2,0,Genomic analysis of CAD risk
27276,2;7,FA8,1,0,Fitbit Genetics
23391,2,FA8,1,0,Science
27272,1;2;3,FA1;FA8,2,0,Duplicate of All of Us v6 GWAS on LDL Cholesterol with Regenie and dsub (HH)
27268,2;3,FA8,1,0,Duplicate_AllOfUs_v7_LDL_GWAS_Regenie
27267,2,FA8,1,0,Duplicate_HowTo_AllOfUs_Genomic_Hail_Plink_v8
27266,2;3,FA8,1,0,Duplicate_Demo_Siloed_AllOfUs_UKBB_Genomic
27265,2;3,FA8,1,0,Duplicate_AllOfUs_v6_LDL_GWAS_Regenie
27263,15,FA2,1,0,DM Pregnancy
18141,1;6;11,FA1;FA3;FA7;FA8,4,0,Opportunities for community-based interventions for dementia
27254,2;11,FA1;FA3;FA8,3,0,KDPW StarD6 SNPs in Alzheimer's Disease
27253,1;3;7,FA1;FA8,2,0,SHIVAM_TYPE2
25375,1;2;13;14,FA1;FA8,2,0,CHIP v8 [mmu]
13081,2;4,FA1;FA5;FA8,3,0,Genetics of Smoking
26685,1,FA1;FA8,2,0,Periodontitis and Mortality
27246,3;6;15,FA2;FA7,2,0,Duplicate of Pregnancy and Social Determinants of Health
27245,2;18,FA1;FA7;FA8,3,0,Genetics of Macular Degeneration
27244,1;2;11,FA1;FA3;FA8,3,0,Duplicate of HeartAndBrainGenetics
27241,2;3,FA8,1,0,Rare Disorders Genomics Workbench
27238,3;7,,0,1,Quantifying Health Using Fitbit Data
27229,1;3;4;11;14,FA1;FA3;FA5;FA8,4,0,Duplicate of Alzheimer's Disease/ADRD_Hadis
26749,3;6;15,FA2;FA7,2,0,Pregnancy and Social Determinants of Health
27221,3;5;6;12,FA1;FA7;FA8,3,0,Duplicate of Race and Gender Disparities in Upper Endoscopy Referral for GERD v8
27220,12,FA1;FA7,2,0,Duplicate of DermConditions
27216,1;2;3;7;11;18,FA1;FA3;FA7;FA8,4,0,Age-related macular degeneration
27213,5;6,FA1;FA7;FA8,3,0,Columbia Masters Thesis
27208,3;6;15,FA2;FA7,2,0,MaternalMorbidity_UofA
17529,1;2,FA1;FA8,2,0,Variance Explained by PRS given Environmental Contexts
27207,1;10,FA1;FA4;FA8,3,0,Duplicate of LDL-c
27202,,,0,1,Metallosis THA v8
27205,4,FA1;FA5,2,0,Vaping in young adults and joint health
12959,2;13;15,FA1;FA2;FA8,3,0,V7 Menopausal Impact on Respiratory Health
21702,1;4,FA1;FA5;FA8,3,0,V7 Heavy Metal Exposure and Erectile Dysfunction (ED)
27201,,,0,1,Duplicate of Genetic load
26986,3;18,FA1;FA7,2,0,Systemic Disease and Glaucoma Registered V8
8784,2;9,FA1;FA8,2,0,V7 Chung-Autoimmune
26607,6;15,FA2;FA7,2,0,V8 data Duplicate of SDOH and Maternal Outcomes
11500,5;6,FA1;FA7;FA8,3,0,v7 Epidemiology and Racial Screen Disparity of Prostate Cancer
24591,2,FA8,1,0,use hail to pull genotypes for pgs
25593,2;3;4,FA1;FA5;FA8,3,0,Genomic association and risk prediction of mental health conditions Phase6
23566,5,FA1;FA8,2,0,Duplicate of Secondary_lung_cancer_analysis
25351,1;2,FA1;FA8,2,0,amc-noncoding-burden
27192,3,,0,1,Cohort builder
27190,3;4;5;6,FA1;FA5;FA7;FA8,4,0,Cancer and Psychosocial Distress
24691,2;15,FA2;FA8,2,0,Replication & validation of combinatorial genetic risk factors for endometriosis
27188,,,0,1,Khare Group Research
27186,7,,0,1,Weather-Physiological Data-Consumer Spending Data
22887,2;3;5;10,FA1;FA4;FA8,3,0,Characterizing genetic variants associated with traits
27182,6;11,FA1;FA3;FA7,3,0,Social Determinants of Health and AD - V8
27179,1,FA1;FA8,2,0,Duplicate of Medications and non-HDL cholesterol in incident MI
26966,3;5,FA1;FA8,2,0,Lung Cancer in Never Smokers
27173,1;12,FA1;FA7;FA8,3,0,Comorbidities Associated with Stasis Dermatitis
27163,1;7,FA1;FA8,2,0,BIME 550
16415,1;4;15,FA1;FA2;FA5;FA8,4,0,Pregnant
26835,11,FA1;FA3,2,0,drd2_gastroenteritis
27151,4;6,FA1;FA5;FA7,3,0,Duplicate of Rural/Urban Disparities in Everyday Discrimination and Tobacco Use
12804,5;6;8,FA1;FA7;FA8,3,0,Priority Populations with cancer - Dataset v7
26941,3;6;15,FA2;FA7,2,0,Maternal Health v8
22687,2;6,FA7;FA8,2,0,Polygenic Risk Scores and Social Determinants of Health
7860,2;4;6;7;9,FA1;FA5;FA7;FA8,4,0,Autoimmune inflammatory and other rheumatic diseases queries (v7)
26530,1;2;5,FA1;FA8,2,0,Renal cell carcinoma -CDR8
27145,,,0,1,Hyperparathyroidism-afr
22426,4;6,FA1;FA5;FA7,3,0,Behavioral Health & Service Utilization Among Autistic Adults and Families
27143,18,FA1;FA7,2,0,CSCR Prevalence Study_CDRv8
25869,5,FA1;FA8,2,0,v8_RD_NCATS
27141,2;3,FA8,1,0,v8_genome_to_phenome
27140,2,FA8,1,0,Duplicate of SLC6A3 hVNTR Phenotype Association Study
27139,1;4;6;9,FA1;FA5;FA7;FA8,4,0,SDoH Analysis V8
27137,2,FA8,1,0,Carrier Screening v8
27135,2;5,FA1;FA8,2,0,Duplicate of Rare germline variants in cancer susceptibility genes_new_022625
27075,1;7,FA1;FA8,2,0,Investigating associations between physical activity and ARVC (CDRv8)
26837,1;2;4;5;11,FA1;FA3;FA5;FA8,4,0,Duplicate of Polygenic risk scores for shift work tolerance
25126,1;2;3,FA1;FA8,2,0,Duplicate of All of Us v6 GWAS on LDL Cholesterol with Regenie and dsub: R
27124,4;6;7,FA1;FA5;FA7,3,0,LT Donor mental health
27113,2;10,FA1;FA4;FA8,3,0,DFCI-UFC-PRS
27110,1;2,FA1;FA8,2,0,Early Onset Atrial Fibrillation subgroups v8 Release
27109,8,FA1,1,0,Long COVID
27105,18,FA1;FA7,2,0,Hearing Health
27101,3;4;6,FA1;FA5;FA7,3,0,Duplicate of Health disparities among sexual and gender minorities
27097,3;11,FA1;FA3,2,0,predict AD incidence
26001,2;3,FA8,1,0,Multi-Modal Genomic Foundation Model
27091,1;6;7,FA1;FA7;FA8,3,0,Duplicate of NYU_PMED_Awa
27087,6;12,FA1;FA7,2,0,DUP_20250225_Research for Dermatologic Conditions
22863,1;10,FA1;FA4;FA8,3,0,Monogenic Diabetes  v7
16169,9;14,FA1,1,0,MSv7 (Will)
22509,1;2,FA1;FA8,2,0,Genetic determinants of mitochondrial DNA phenotypes (v8)
21723,,,0,1,SRC 2024
27084,1,FA1;FA8,2,0,Bass Primary
27082,1;8;11,FA1;FA3;FA8,3,0,Sepsis Exposure and Functional Outcomes
27080,1;2,FA1;FA8,2,0,CKD Methylation
27078,2,FA8,1,0,GenomicAging_v8
25438,1,FA1;FA8,2,0,Duplicate of Thoracic aortic and vascular disease
27072,9,FA1,1,0,Sarcoid 1
27052,2;8,FA1;FA8,2,0,Controlled Tier Dataset v7 HLA Genotypes
27070,,,0,1,ARV and Food Allergy
19841,2,FA8,1,0,PHATE Representations for Visualization of Genetic Data
2401,2;3;10,FA1;FA4;FA8,3,0,PheWAS NF1 Clinical
4302,2;3;10,FA1;FA4;FA8,3,0,Neurofibromatosis Phenomics and Genomics
17255,2,FA8,1,0,GrafPop for All of Us
27067,2;4,FA1;FA5;FA8,3,0,MDD v8 Dataset
27062,1;2,FA1;FA8,2,0,Nutrition&Cardiovascular
27061,,,0,1,Clinical Algorithms
27058,,,0,1,DNAnexus_Solutions
26119,,,0,1,Long QT Syndrome comparative study
27054,3;4;6,FA1;FA5;FA7,3,0,SDOH and GAD
26451,1;7;14,FA1;FA8,2,0,AI Prediction for Cerebrovascular Stroke
22362,2;9;14,FA1;FA8,2,0,MS Clinician Derived PheWAS
27053,3,,0,1,PAD Adverse Events - Genetics+ - Marko
24921,,,0,1,Identifying Gene Networks Associated With Maintaining Bone Health
27048,1;6,FA1;FA7;FA8,3,0,Duplicate of Neighborhood + CVD risk
26337,6,FA7,1,0,Exploring Bone Health using AoU
16896,1;3;6,FA1;FA7;FA8,3,0,"Intestinal Alkaline Phosphatase, Genetic Susceptibility and Diabetes Mellitus"
27045,3;6;9,FA1;FA7,2,0,Food Insecurity and Healthcare Utilization Among Patients with IBD
27044,2;18,FA1;FA7;FA8,3,0,"MyHearinG (Musicality, Hearing, and Genetics)- v8 Dataset"
16616,1;3;6;14;16,FA1;FA4;FA7;FA8,4,0,Metformin-B12 & Neuropathy Risk
24073,9;13,FA1,1,0,Rheumatoid arthritis interstitial lung disease risk v1.2
27039,1;15,FA1;FA2;FA8,3,0,IPV & Preeclampsia
27035,2;11,FA1;FA3;FA8,3,0,Duplicate of DPOP Alzheimer's Omics Research
27033,6,FA7,1,0,Duplicate of PhenoAge and Sexual Minorities
27031,1;4,FA1;FA5;FA8,3,0,Stress and diabetes management
27027,1;18,FA1;FA7;FA8,3,0,Diabetes Mellitus and Retinopathy Age of Onset
27025,,,0,1,Elisa Workspace - v.8
6476,1;14,FA1;FA8,2,0,CMD_Epidemiology
27016,4,FA1;FA5,2,0,Duplicate of Risks and benefits of psychiatric treatments
27015,3;4;14,FA1;FA5,2,0,Duplicate of Potential predictors of Epilepsy
26477,2;3;4,FA1;FA5;FA8,3,0,postdoctoral_research
27012,,,0,1,v8 DSP Carrier Cohort
27011,4,FA1;FA5,2,0,AOU ADHD + Chronic Pain
27010,5;6,FA1;FA7;FA8,3,0,Skin Risk Factors
27008,2;3,FA8,1,0,MEDAI Exploratory Research
26998,6,FA7,1,0,Factors associated with health literacy
23160,1,FA1;FA8,2,0,Duplicate of Duplicate of AIM-AHEAD-Shared Continue (on CYLIAO)
26997,4,FA1;FA5,2,0,Duplicate of Nature and Health (Controlled Tier)
26973,11,FA1;FA3,2,0,Alzheimer's Workspace 2
26994,,,0,1,Environmental factors affecting an individual's susceptibility to dengue
26989,3;5,FA1;FA8,2,0,Lung Cancer Risk Prediction in Never Smokers
26788,1;4;6;14,FA1;FA5;FA7;FA8,4,0,"HARC_SDOH, ALI, and Health in Hispanic Women_v8AoU"
26987,,,0,1,Ocular Truma in the United States
25835,4;6,FA1;FA5;FA7,3,0,V8 Risk factors for Depression and SUD
26984,9,FA1,1,0,PB
25483,5,FA1;FA8,2,0,Delayed or Foregone Care Among US Adults with cancer
26979,5;6,FA1;FA7;FA8,3,0,Melanoma Risk Factors
26976,18,FA1;FA7,2,0,Ophthalmic Conditions
26883,6,FA7,1,0,Duplicate of THA_KNEE_OA_exploratory
26970,1;2,FA1;FA8,2,0,Incretin therapy responses
8273,,,0,1,Apostolov CASR analysis
7111,3;6;7;15,FA2;FA7,2,0,Female reproductive disorders across diverse patient populations
11859,1;15,FA1;FA2;FA8,3,0,Personal predictors of gestational diabetes and pregnancy outcomes
25770,2;5;12;18,FA1;FA7;FA8,3,0,V8 Investigating the genetic drivers for complex diseases
26960,11,FA1;FA3,2,0,Alzheimer's Diagnosis Non-Coding
26897,3;6;10,FA1;FA4;FA7;FA8,4,0,Familial Hypercholesterolemia v8
26139,5;6;11,FA1;FA3;FA7;FA8,4,0,AD immunotherapy
26952,3;6,FA7,1,0,Multivariate trajectories of treatment response
26950,2,FA8,1,0,Genetics of Height
15855,7,,0,1,Wearable Exercise Trends and Associations
6357,2;3;10,FA1;FA4;FA8,3,0,PheWAS NF1 Clinical V6
2239,2;3;4,FA1;FA5;FA8,3,0,Smoking AoU Paper 2023 Update:  PheWAS Final Review 03-10-2023
1909,2;3,FA8,1,0,Erwin Update: DJS: Duplicate of JAMA PheWAS Final Review 07-06-2021
1470,2;3,FA8,1,0,Erwin Update: DJS: Duplicate of JAMA PheWAS Final Review 05-21-2020
2675,2;15,FA2;FA8,2,0,Endometriosis Research
2097,1;7,FA1;FA8,2,0,Duplicate of Fitbit Data Obesity Project
2133,2;3,FA8,1,0,Duplicate of Erwin Update: DJS: Duplicate of JAMA PheWAS Final Review 07-06-2021
8174,2;15,FA2;FA8,2,0,Duplicate of Endometriosis Research
26460,2,FA8,1,0,Exploring Genetic and Environmental Contributions to Osteoporosis development
26117,2,FA8,1,0,Precision medicine for all (V8)
26937,1;3;7,FA1;FA8,2,0,Duplicate of NYU Langone_FitbitData
26921,1;7;9,FA1;FA8,2,0,Duplicate of Sleep health and risk of kidney stone disease
7000,,,0,1,z[Deprecated] Browse Infections
26931,,,0,1,Trauma and Multimorbidity
26930,2;3;11;19,FA1;FA3;FA6;FA8,4,0,Environmental Risks and Cognitive Health
26928,1;2;5,FA1;FA8,2,0,Breast Cancer CVD_Registered
26927,11,FA1;FA3,2,0,Dementia Awareness
3917,4;6;8,FA1;FA5;FA7,3,0,Housing Insecurity and Mental Wellbeing v6 CT
26919,1;12,FA1;FA7;FA8,3,0,Inflammatory Skin Diseases and Associated Conditions 8c
14043,2;11,FA1;FA3;FA8,3,0,Duplicate of StarD6 SNPs in Alzheimer's Disease
26917,1;2;6;15,FA1;FA2;FA7;FA8,4,0,Duplicate of Exploratory analysis of pregnancy events in All of Us Biobank
8549,,,0,1,Duplicate of Exploratory Workspace for Feasibility Research
25818,6;15,FA2;FA7,2,0,Racism and Health
26912,2,FA8,1,0,Cognitive Data - v8
21580,1,FA1;FA8,2,0,CKM
26909,4;6;11,FA1;FA3;FA5;FA7,4,0,SUDs_health trajectories_older adults_v8
1908,2;3,FA8,1,0,DJS: Duplicate of JAMA PheWAS Final Review 07-06-2020
992,2;3,FA8,1,0,DJS: Duplicate of JAMA PheWAS Final Review 05-21-2020
2630,3;8,FA1,1,0,COVID EHR Exploration
2349,3;10,FA1;FA4;FA8,3,0,Clinical Neurofibromatosis
26905,2;4,FA1;FA5;FA8,3,0,Duplicate of Suicide phenotypes GWAS
26898,4,FA1;FA5,2,0,BC Side Effects 2 - Controlled Tier
26896,1;11,FA1;FA3;FA8,3,0,statin dementia
26892,1;2;10;13,FA1;FA4;FA8,3,0,ControlledTierWorkspacePulmonary Hypertension
10392,1;2,FA1;FA8,2,0,Systemic sclerosis
26891,2;6;7,FA7;FA8,2,0,"Duplicate of Sleep Efficiency, Genetic Susceptibility and Neighborhood"
26890,4;6,FA1;FA5;FA7,3,0,Disability and Mental Illness in the LGBTQ Community (v8)
25745,2;5;14,FA1;FA8,2,0,Duplicate of TIPN
26886,1;3;4;6,FA1;FA5;FA7;FA8,4,0,"Tobacco Exposure, Inflammation, and CVD"
11460,2;9,FA1;FA8,2,0,IO cohort
26884,2;6;9,FA1;FA7;FA8,3,0,SLE v8
26882,2;5,FA1;FA8,2,0,PSA PRS and Rare Variants - Controlled Tier
26820,2;5,FA1;FA8,2,0,PSA PRS and Rare Variants - Registered Tier
26881,1;2,FA1;FA8,2,0,Genotype and CH
15948,1;2,FA1;FA8,2,0,Type2Diabetes-RareVariantBurden
26879,1;2;5,FA1;FA8,2,0,Genetic and Environmental Risk of NAFLD-related HCC-V8
26878,3;4,FA1;FA5,2,0,Precision SUD Phenotyping to Accelerate Genetics Studies v8
26570,1;2;3;14;19,FA1;FA6;FA8,3,0,GWAS of heat strain biomarkers related to hydration
21649,2,FA8,1,0,Duplicate of SuShiE - TWAS/PWAS
21212,6;15,FA2;FA7,2,0,SDOH and Maternal Outcomes
26870,3;5,FA1;FA8,2,0,Risk factors for Pancreatic Cancer at young age
26088,1,FA1;FA8,2,0,Duplicate of Jaynes 497 Diabetes
18822,1;2;5,FA1;FA8,2,0,Genetic and Environmental Risk of NAFLD-related HCC
26866,1;4;13;15,FA1;FA2;FA5;FA8,4,0,"Women's Trauma, Health, and Sleep"
19302,5,FA1;FA8,2,0,LiverCancer_MZ
26677,,,0,1,fnaber_v8
26862,4;6,FA1;FA5;FA7,3,0,Discrimination and IBS
26859,2;3;6,FA7;FA8,2,0,Duplicate of Biobank Approaches to Understanding Otolaryngological Conditions
26857,7,,0,1,Cognitive Abilities and Social Factors
19948,2;9;14,FA1;FA8,2,0,MS Polygenic Risk Scores
26853,4;6,FA1;FA5;FA7,3,0,Duplicate of Expanded ACEs Model for Minority Populations and Analysis of SUD
26851,4,FA1;FA5,2,0,Genetic predisposition of SIADH during antidepressant treatment v8
26850,2;5,FA1;FA8,2,0,Transcription of NSD2
24527,1;6,FA1;FA7;FA8,3,0,Cardiovascular Diseases Among Women: effect of Social Determinants of Health_LWZ
26842,12,FA1;FA7,2,0,Diet and Keloid Scarring
26575,2;5;6,FA1;FA7;FA8,3,0,"Multi-Ethnic, Multi-Cancer Disparities Study"
26833,1;2;4;5;9;13;14,FA1;FA5;FA8,3,0,(v8) Lifetime risk estimation in multi-ancestry biobanks
26832,9,FA1,1,0,Digestive
23943,2;5,FA1;FA8,2,0,LC_V7
26830,,,0,1,krishna
24396,1;2;6,FA1;FA7;FA8,3,0,AOU Hispanic/Latino Blood Pressure GWAS (v7)
26817,1;2,FA1;FA8,2,0,Damrauer Laboratory
26815,3;4;6,FA1;FA5;FA7,3,0,Mental Health and Abdominoplasty
17371,5;6;12,FA1;FA7;FA8,3,0,Barriers to Care Among Patients with Skin Cancer
26807,1,FA1;FA8,2,0,Duplicate of Obesity definitions
12185,2;6;18,FA1;FA7;FA8,3,0,POAG and Ancestry
4665,6;7,FA7,1,0,Wearables and The Human Phenome (Published Work)
13341,2;16;17,FA4;FA7;FA8,3,0,Demo - Pharmacogenomics (PGx) variant frequency and medication exposures
1896,1;3;6;14,FA1;FA7;FA8,3,0,Demo - Hypertension Prevalence
7166,2;6,FA7;FA8,2,0,Demo - Genetic Ancestry
22952,3,,0,1,Data integration for mapping health outcomes
11550,4;13,FA1;FA5,2,0,Insomnia participants with cannabis usage
25545,1,FA1;FA8,2,0,Duplicate of Variants of NEDD4L in salt-sensitive hypertension
25814,6,FA7,1,0,Coding Race (All Data Feb 25)
26797,3,,0,1,Duplicate of LBP related Continuity of Care
26790,1,FA1;FA8,2,0,Phenotype - Type 2 Diabetes (v8)
24780,3;4;14,FA1;FA5,2,0,Potential predictors of Epilepsy
25686,7;9,FA1,1,0,Duplicate of Nighttime sleep of Individuals with Inflammatory Bowel Disease
20124,6,FA7,1,0,Duplicate of CSCR and SDOH Controlled Tier
19135,7;13,FA1,1,0,Typical Sleep Period CTDv7
26785,2,FA8,1,0,genetic-replication-r8
10443,1;2;3;6;15,FA1;FA2;FA7;FA8,4,0,Diabetes Genetics Analysis Group (DGAG) Boston (registered tier v7)
26776,7,,0,1,Duplicate of Wearable device disease risk
26775,1;3;6,FA1;FA7;FA8,3,0,MetS and SDOH v8
11962,1;2;5,FA1;FA8,2,0,Clonal hematolymphoid cells in general population - CDR7
10750,8;16,FA1;FA4;FA8,3,0,Metformin Association with PASC
23375,2;4,FA1;FA5;FA8,3,0,Buprenorphine discontinuation in opioid use disorder pateints
24208,2,FA8,1,0,Duplicate of Biallelic effects in complex traits across biobanks (IW)
23717,2;10,FA1;FA4;FA8,3,0,Analysis to facilitate the discovery and development of base editing therapies
13726,1;11;14,FA1;FA3;FA8,3,0,ZhouLab
19964,1;2,FA1;FA8,2,0,Congenital Heart Disease Analysis CDRv7
26356,1;2,FA1;FA8,2,0,Congenital Heart Disease Analysis CDRv8
26763,1;3;7,FA1;FA8,2,0,Wearable Analysis in AoURP
26760,1;2,FA1;FA8,2,0,Analysis on CKD
26759,6;18,FA1;FA7,2,0,Duplicate of Disparities in Eye Care Utilization (Controlled Tier)
26755,1;4;6;13,FA1;FA5;FA7;FA8,4,0,"Cortisol, Catecholamines, and HPA/SNS Dysregulation in Sleep and PTSD"
26750,10,FA1;FA4;FA8,3,0,PHKA1
26748,6,FA7,1,0,Healthcare Access Among the Underrepresented in Rural Areas - Dataset V8
26747,2,FA8,1,0,WGS
26742,7;14,FA1,1,0,Migraine prediction wearable
26740,1;5;7,FA1;FA8,2,0,Duplicate of Gastric Cancer Cohort Exploration
26634,,,0,1,MPC Project1
26077,1;5;6;7,FA1;FA7;FA8,3,0,Gastrointestinal Cancer - SDOH and HUA CT V8
25781,2,FA8,1,0,[V8] Buu
8871,2,FA8,1,0,Aza Controlled Tier
26729,1;4;13,FA1;FA5;FA8,3,0,Duplicate of TBW Change w/ Genome (v7)
26728,5,FA1;FA8,2,0,Multiomics of Early Onset Colorectal Cancer in Underserved Populations
7861,1;4;13,FA1;FA5;FA8,3,0,TBW Change w/ Genome (v7)
26723,1,FA1;FA8,2,0,For_publication_candidate meds_triglycerides and genetics
26722,2,FA8,1,0,AD-phewas_v8
17079,1;2;6,FA1;FA7;FA8,3,0,V7 Kidney Disease in African Americans: Genetic and Environmental Factors
26717,3;4;6,FA1;FA5;FA7,3,0,Suicidality risk_JShin
26718,,,0,1,Duplicate of Characterizing human mutation rates
26713,4;6,FA1;FA5;FA7,3,0,"Socioeconomic status,  mental health, and inflammation."
26073,1,FA1;FA8,2,0,Obesity definitions
26707,6,FA7,1,0,Health of Queer People in Relation to Socioeconomic Status
26706,1;3,FA1;FA8,2,0,Case Study 1 - Diabetes Risk Factors
26701,7,,0,1,Health communication research 2025
25687,2,FA8,1,0,BAM_v8
26696,2,FA8,1,0,UKB_PGS_evaluation
26695,4;6,FA1;FA5;FA7,3,0,Duplicate of Transgender structural stigma v7
26693,2,FA8,1,0,V8 Duplicate of Genetics of complex diseases
25440,13,FA1,1,0,Duplicate of ML to Determine Sleep Apnea Risk
26682,,,0,1,Analytics and AI
26681,1;2,FA1;FA8,2,0,v8 Quantifying the proportion of symptomatic subtypes within ATTR patients
26674,6,FA7,1,0,Wisc controlled
24915,,,0,1,Complications Following Sinus Surgeries
26673,,,0,1,Duplicate of Breast Reconstruction Post Mastectomy
26670,6,FA7,1,0,Duplicate of Wisconsin
26669,6,FA7,1,0,Wisconsin
26663,3;4;7,FA1;FA5,2,0,Depression_Analysis
26554,2;3;6,FA7;FA8,2,0,Exploring the connections between musicality and human health
26658,2;4;8,FA1;FA5;FA8,3,0,Marco v8 workspace
26656,2;8;9,FA1;FA8,2,0,Population Frequency of SVs in the FCGR genes on chr1 from long read sequencing
25872,2;5;15,FA1;FA2;FA8,3,0,Variants of unknown significance linked to MUTYH associated polyposis (MAP)
26651,3;4;7,FA1;FA5,2,0,Explore_EHR_Fitbit_data
25128,1,FA1;FA8,2,0,CEA
26649,1;4,FA1;FA5;FA8,3,0,Cannabis use and cardiovascular outcomes
26648,,,0,1,Duplicate of All_of_us_training
24684,5;10,FA1;FA4;FA8,3,0,v7_Germline mutations in cancer susceptibility genes - Working WS
26642,15,FA2,1,0,Postmenopausal endometriosis
26641,1;12,FA1;FA7;FA8,3,0,Duplicate of Inflammatory Skin Diseases and Associated Conditions 8c
14070,6;7,FA7,1,0,Social Determinants of Health and Average Steps
21183,2;9,FA1;FA8,2,0,Duplicate of XZ_RA_Chung
25410,2;6;12,FA1;FA7;FA8,3,0,Duplicate of Genetics of Hidradenitis Suppurativa v8
26633,15,FA2,1,0,RPL_2025
23843,1;2;3,FA1;FA8,2,0,genomic analyses
26629,,,0,1,JAK inhibitor
26628,1;15,FA1;FA2;FA8,3,0,HT project
26625,1;18,FA1;FA7;FA8,3,0,The Association of Cardiovascular Health and Glaucoma Risk (v8)
26624,1;2,FA1;FA8,2,0,Duplicate of Systemic sclerosis (V8)
26620,1;2,FA1;FA8,2,0,Genetic and clinical determinants of blood pressure and  kidney health
26618,6;18,FA1;FA7,2,0,Demographics and access to care - Eye disease
26615,1;3,FA1;FA8,2,0,PREVENT vs Pooled Cohort Equations
26617,3;7,,0,1,Duplicate of Evaluating Wolfram.app for use in Researcher Workbench
26616,18,FA1;FA7,2,0,Genetic markers of eye disease
26611,6;18,FA1;FA7,2,0,Ophthalmology Study 1
25584,3;5,FA1;FA8,2,0,Cancer Risk Prediction Over Time
18419,1,FA1;FA8,2,0,Duplicate of AIM-AHEAD-Shared Continue (on CYLIAO)
26604,2;3;5;10,FA1;FA4;FA8,3,0,Dup_Compare ancestry calibration methods for a CRC PRS
26601,2,FA8,1,0,Duplicate of Genomics of Meningioma v1
26598,2;3,FA8,1,0,Genetic architecture of complex traits: linking biology and human health
26596,1,FA1;FA8,2,0,UPDATED Duplicate of Cardiovascular TTR and Barriers to Care
26592,1;2;5,FA1;FA8,2,0,UroOnc Genetic Analysisv8
26591,10,FA1;FA4;FA8,3,0,Rare variants
26566,18,FA1;FA7,2,0,Age related macular degeneration (AMD) for v8 dataset
26590,2,FA8,1,0,Genotype-Phenotype mapping for disease
26588,6,FA7,1,0,explore 1
26582,,,0,1,Incarcerated Project
26581,,,0,1,optic_atrophy_study
26577,6;18,FA1;FA7,2,0,Duplicate of exudative AMD
26565,,,0,1,fairAUC v2
26555,1;6,FA1;FA7;FA8,3,0,Social Drivers of Health and Cardiovascular-Kidney-Metabolic (CKM) Syndrome
26548,2;4,FA1;FA5;FA8,3,0,DIO2
6421,2;5,FA1;FA8,2,0,Germline Mutations that Increase Cancer Risk
11807,,,0,1,Program Resources
26533,4;8,FA1;FA5,2,0,Social connection and suicide risk (v8)
26535,2,FA8,1,0,"Target identification, genetic support for therapeutic or mechanistic hypotheses"
26457,6;11,FA1;FA3;FA7,3,0,NeighborADRD
22427,14,FA1,1,0,TBI
26531,,,0,1,Healthcare Delay among Asian Americans V8
24330,7,,0,1,Fitbit modeling
26526,1;7,FA1;FA8,2,0,Disease Prediction
26522,2,FA8,1,0,Investigating Multiethnic Polygenic Risk Scores (PRS)
26429,1;6,FA1;FA7;FA8,3,0,[CT version 8] Food Insecurity and Neighborhood Deprivation in MASLD
19250,1;6,FA1;FA7;FA8,3,0,[CT version 7] Food Insecurity and Neighborhood Deprivation in MASLD
26511,2,FA8,1,0,Dup_Germline variants in genes associated with telomere biology disorders
26509,2,FA8,1,0,Subset Test
26508,10,FA1;FA4;FA8,3,0,ERG gene variants and disease
26503,2;3;10,FA1;FA4;FA8,3,0,HFE variants in participants diagnosed with Hereditary Hemochromatosis (v8)
21988,3;15,FA2,1,0,Menopause v7 Controlled Tier
21348,4;6,FA1;FA5;FA7,3,0,Psychosocial Health as a Buffer for Inflammation and Depression
19699,1;3,FA1;FA8,2,0,FlexNet - Type 1 Diabetes
26489,1;2,FA1;FA8,2,0,Evaluating pleiotropy for APOL1
26487,3,,0,1,EHR_analysis
24391,6;11,FA1;FA3;FA7,3,0,Sine surgery in elderly
25880,4,FA1;FA5,2,0,NM Health Research
26476,2,FA8,1,0,evovar v8
23763,3;5;6,FA1;FA7;FA8,3,0,Survival Analysis Using Machine Learning Methods
13009,4;9,FA1;FA5,2,0,GI Disorders in All of Us: DDW 2024
26464,,,0,1,Emergency department
16897,,,0,1,Spondylosis
26458,6,FA7,1,0,Scoliosis_CT
23443,4;6,FA1;FA5;FA7,3,0,Risk factors for Depression and SUD -V7 DO NOT USE OLD DATA
26454,2,FA8,1,0,v8 Evaluating Phasing Algorithms on Diverse Populations with Parent-Child Trios
26449,2,FA8,1,0,How to Work with All of Us Genomic Data (Hail - Plink)(v8)-HH
26447,1;8,FA1;FA8,2,0,Duplicate of ANG2 pathway and Endothelial Dysfunction
23133,3;8,FA1,1,0,z[Deprecated] Respiratory Virus Severity Study
7817,,,0,1,"z[Deprecated] Respiratory Infections, v7"
24492,2,FA8,1,0,z[Deprecated] Gene-Phenotype Studies
26445,5;6;8;15,FA1;FA2;FA7;FA8,4,0,Maternal and Reproductive Health Outcomes for Black Reproductive Age Women
26444,2;7;11;13,FA1;FA3;FA8,3,0,Rest-Activity Rhythms and Parkinson's Disease
26442,1;3;4,FA1;FA5;FA8,3,0,Machine Learning to Predict Antipsychotic Response v8
26440,14,FA1,1,0,Duplicate of neuromuscular genetic diseases V8
21813,1;2,FA1;FA8,2,0,LPA polygenic scores associations
26439,2;18,FA1;FA7;FA8,3,0,Genetic causes of congenital glaucoma
26438,5;10,FA1;FA4;FA8,3,0,Finding new genes in breast cancer predisposition
26436,2;3,FA8,1,0,RLS GWAS EAS
26308,2,FA8,1,0,Cross-ancestry genome-wide assocation studies of restless legs syndrome
26148,5,FA1;FA8,2,0,lung cancer treatment response
26422,,,0,1,Eating Disorder Sample
26419,1;3;7;8,FA1;FA8,2,0,Duplicate of All of Us chronic conditions Fitbit analysis
26415,15,FA2,1,0,Menopause v8
26395,3;4;6,FA1;FA5;FA7,3,0,Machine learning approaches to Intersectional LGBTQ+ Mental Health (v8 CT)
26414,1;2;3;6,FA1;FA7;FA8,3,0,Mizzu
26397,1;2,FA1;FA8,2,0,Dupl. Investigation of gene-environment interactions for cardiometabolic disease
26410,9;12,FA1;FA7,2,0,Urticaria project
26408,1,FA1;FA8,2,0,GLP-1 patterns
26403,6,FA7,1,0,TGD utilization and access
10787,5;6,FA1;FA7;FA8,3,0,Transgender Cancer Screening and Outcomes
14596,2;4,FA1;FA5;FA8,3,0,Mood disorder dimensionality
10632,1;2;3;14,FA1;FA8,2,0,Duplicate of Type 2 diabetes risk prediction
26394,7,,0,1,BYOD vs. WEAR Fitbit Analysis
22995,5;6,FA1;FA7;FA8,3,0,desc_nsclc
26390,2;10,FA1;FA4;FA8,3,0,hEDS Controlled Test UPDATE
26385,2;5,FA1;FA8,2,0,Duplicate of Female Breast Cancer
26384,2;5,FA1;FA8,2,0,Duplicate of Multiple Myeloma
26383,2,FA8,1,0,Lymphoid neoplasms genetic risk factors
19861,1;2,FA1;FA8,2,0,Duplicate of T2D and T2DN
26368,2,FA8,1,0,APOL1 PheWAS V8
26374,1;6;15,FA1;FA2;FA7;FA8,4,0,Gestational Diabetes V8
26263,2;4;11;18,FA1;FA3;FA5;FA7;FA8,5,0,Gene and environmental stress on hearing loss
26373,5;6,FA1;FA7;FA8,3,0,LRIG1 project
25643,7;14,FA1,1,0,Nationwide Prevalence of Neuromuscular Disorders
26369,4,FA1;FA5,2,0,BDNF and Anxiety Disorders
26365,1;2,FA1;FA8,2,0,B Investigation of genetic variation underlying real-world weight loss
13742,1;2,FA1;FA8,2,0,Genetics of Diabetes and its related Metabolic Traits
26363,2;3;4;6,FA1;FA5;FA7;FA8,4,0,PGC4 Schizophrenia 2025 v8
26362,2;3,FA8,1,0,Borderline Personality GWAS
26359,1,FA1;FA8,2,0,V8  of Predictors of different glycemic control treatments in T2D
23574,6,FA7,1,0,Health Issues in Minorities and Regional Implicit Racial Bias Revised
26354,15,FA2,1,0,Menopause
26350,2;5,FA1;FA8,2,0,Pancreas Gland v8
26298,2;5,FA1;FA8,2,0,Thyroid Gland v8
26241,2,FA8,1,0,Parathyroid Gland v8
26347,15,FA2,1,0,Lactate Menopause
26336,1;6,FA1;FA7;FA8,3,0,Disparities Research T2D v8
26341,1;2;5,FA1;FA8,2,0,(V8) Risk alleles for cirrhosis and risk alleles for cancer in Blacks with HCC
17412,2;10,FA1;FA4;FA8,3,0,Common microdeletion and duplication syndromes – stage 1
19348,5,FA1;FA8,2,0,NW Lab
25827,2,FA8,1,0,Data Exploration Feb2025
26323,1;2;3,FA1;FA8,2,0,QTL_v8_enzan
26319,,,0,1,Duplicate of Characterization of Hoarding Disorder
26315,1;2,FA1;FA8,2,0,Rare Variant Phenotype Analyses
12424,1;2;14;18,FA1;FA7;FA8,3,0,V7 Diabetic Complications
26296,2,FA8,1,0,DCM GWAS
26281,2,FA8,1,0,Modern Human Evolution_v8
26278,2,FA8,1,0,Duplicate: of How to Work with All of Us Genomic Data (Hail)(v8)
19219,12,FA1;FA7,2,0,Steven Zeldin AGA independent trial
26236,3,,0,1,Missing Analysis 3
20814,3,,0,1,Duplicate of Missing Analysis 2
17739,3,,0,1,Missing Analysis 2
26265,6,FA7,1,0,Duplicate of GC controlled Tier v8
26261,,,0,1,biollm
20995,3,,0,1,Harrison and Shun Missing Analysis 2
26260,,,0,1,Scoping Research
26258,3;5,FA1;FA8,2,0,Duplicate of Short-Term Survival (C)
26255,,,0,1,Epidemiology of Urethral Stricture
26247,9;14,FA1,1,0,MS (V8)
26256,2;3;6,FA7;FA8,2,0,Periodontitis AI GWAS_V8
19878,1,FA1;FA8,2,0,Metabolic Syndrome & MASLD
26253,2;3;5;6,FA1;FA7;FA8,3,0,V8 Advancing Understanding of Germline Variation in Lynch Syndrome
25365,2;3;5;6,FA1;FA7;FA8,3,0,V8 Advancing Understanding of Germline Variation in Lynch Syndrome- Original
25970,1;2;3,FA1;FA8,2,0,All of Us GWAS on TG-to-HDL v8
25672,,,0,1,Version 8 Contraceptive Interventions since 2022
24995,2,FA8,1,0,INFRA score iPRS PheWAS analysis
26239,6,FA7,1,0,Everyday Discrimination and Allostatic Load
14708,1;13,FA1;FA8,2,0,Duplicate of Gene Burden
25714,2;4,FA1;FA5;FA8,3,0,Duplicate of Dup. of Don't Use
26233,10,FA1;FA4;FA8,3,0,Disease associated variants exploration
26231,4,FA1;FA5,2,0,Association of tobacco use with Mental Disorders v.8
26229,,,0,1,Geographic genome analysis
25676,2;9,FA1;FA8,2,0,Duplicate of Exploring endotypes in rheumatoid arthritis
26227,2,FA8,1,0,Duplicate of Cardio Fairness and Privacy v8
26217,2,FA8,1,0,Investigation of genotype-phenotype correlations in diverse populations
26214,2,FA8,1,0,A Multi-ancestry Analysis of the Genetic Architecture of Complex Diseases V8
26205,,,0,1,GR-VH-2.0
26200,1;2,FA1;FA8,2,0,Cardiovascular disease genetic associations
26198,2;11;14,FA1;FA3;FA8,3,0,Resilience in Neurodegenerative Disease
26192,,,0,1,Identifying variants for hypochondroplasia - V8
26191,2;8,FA1;FA8,2,0,Duplicate of HLA markers in Antiphospholipid Syndrome (APS) and  Black women
23308,1;2;3,FA1;FA8,2,0,metabolic dysfunction all by all genomic analyses
26186,5,FA1;FA8,2,0,PAAD Targeted Therapy
26183,1;4;5,FA1;FA5;FA8,3,0,Comparative Analysis of Cancer and Cardiovascular Diseases
23543,1;2,FA1;FA8,2,0,Duplicate of PRS of BP traits_second
26171,3;14,FA1,1,0,Single-Nucleotide Polymorphisms in Traumatic Spinal Cord Injury v8
26172,4;9;12,FA1;FA5;FA7,3,0,Duplicate of Scarring Alopecia
26170,2;3;8;13,FA1;FA8,2,0,GWAS and Pulmonary MAC infection
26163,1,FA1;FA8,2,0,Personalized Disease Management
26156,7,,0,1,Explore Risk factors associated with chronic diseases
26155,1,FA1;FA8,2,0,Duplicate of Cardiac Mutation Pharmacodynamics
15336,18,FA1;FA7,2,0,Glaucoma and supplements Duplicate
14117,18,FA1;FA7,2,0,Glaucoma and supplements
14031,,,0,1,Duplicate of Dry Eye
19662,,,0,1,Duplicate of Dry Eye Updated June 2024
26152,4,FA1;FA5,2,0,Duplicate of Mental Health and Corneal Dystrophy
26151,2,FA8,1,0,Duplicate of Anthracycline Cardio- V8
26144,7,,0,1,FitBit AoU Dataset v8
25585,1;8,FA1;FA8,2,0,Version 8 COVID Arrhythmia 2025
26143,1;3;15,FA1;FA2;FA8,3,0,Long-term CVD Risk based on Pregnancy History
26141,4,FA1;FA5,2,0,workspace 3
25718,1;6,FA1;FA7;FA8,3,0,"V8 - Prevalence of DM among Hisp/Lat, NHW, NHB, Non-Hisp Asian"
25396,7,,0,1,v8_control_tier_explore_fitbit
26128,11,FA1;FA3,2,0,Dementia_TSY
26126,11;18,FA1;FA3;FA7,3,0,"Dementia, Tinnitus, Hearing Loss - V8"
26125,5,FA1;FA8,2,0,Glioma
26122,1;2;6;18,FA1;FA7;FA8,3,0,Duplicate of Genetic Determinants of HbA1c Variation
21178,7,,0,1,EHR_Wearable_v7_2024_deprecated
21180,7,,0,1,EHR_Wearable_RegisteredTier_v7_2024_deprecated
26113,1;8;14,FA1;FA8,2,0,CV complications of infection
26111,12,FA1;FA7,2,0,Duplicate of Nocardiosis
26106,2;16,FA4;FA8,2,0,January 2025 Checkpoint - CYP2C19 Clopidogrel Response - v8
26105,11,FA1;FA3,2,0,DEMENTIA_CLINICAL
26104,2;3;4;5,FA1;FA5;FA8,3,0,Cancer Anti-Morbidity v8
26102,,,0,1,Duplicate of Somatic Mutations and Auto-Immunity
26099,,,0,1,Evaluate research tools for healthcare research
26097,3,,0,1,Pressure Ulcer Project IX
26096,4,FA1;FA5,2,0,Chronic pain and sleep
25960,1;2,FA1;FA8,2,0,ADAMTS7_Rare_Variant_Identification
26091,2;5;6,FA1;FA7;FA8,3,0,PCa (v8)
19883,3,,0,1,Population-based validation and calibration of variant scoring methods - CDR v7
26080,5,FA1;FA8,2,0,Duplicate of Wet/Dry AMD + Cancer
26076,2;7,FA8,1,0,Wearable data exploration - v8
26079,2;4,FA1;FA5;FA8,3,0,Duplicate of Sex-stratified GWAS of substance use disorders
26078,2;4,FA1;FA5;FA8,3,0,Duplicate of Chronic Pain GWAS
25124,1;14,FA1;FA8,2,0,Sympathomimetic stroke research
26075,1;19,FA1;FA6;FA8,3,0,Capstone Project
26072,7;11,FA1;FA3,2,0,Wearables and Dementia
26071,5;6,FA1;FA7;FA8,3,0,Duplicate of Screening disparities for prostate cancer
26069,1;3;5,FA1;FA8,2,0,Duplicate of Metabolic Syndrome
26067,4;7,FA1;FA5,2,0,Duplicate of Sleep spectrogram (v8)
26066,4;6,FA1;FA5;FA7,3,0,Understanding substance use (V8)
25459,1;12,FA1;FA7;FA8,3,0,Inflammatory Skin Diseases and Associated Conditions v8
26063,2,FA8,1,0,phasing-ibd-resource
26056,2;4,FA1;FA5;FA8,3,0,Duplicate of BPD using Dataset v8
26052,4,FA1;FA5,2,0,"Duplicate of Social Isolation, Social Support, and Stress"
25955,18,FA1;FA7,2,0,Predicting AMD with comorbidities
26046,2;3,FA8,1,0,Using FHx & PRS to improve disease risk in diverse US populations (v8)
26044,3,,0,1,Pressure Ulcer & SSI BSc Project
14398,2;3,FA8,1,0,Using family history & PRS to improve disease risk in diverse US populations
26040,1,FA1;FA8,2,0,Second Duplicate of V122I Carriers
26039,1;2,FA1;FA8,2,0,ANGPTL3 with predefined data
26035,1;2;6,FA1;FA7;FA8,3,0,"Cardiovascular, Metabolic and Renal genomics"
19121,2;4,FA1;FA5;FA8,3,0,Genetic Architecture of the Comorbidity of AUD and Chronic Pain v7
26033,,,0,1,Healthcare Access
26031,1;6;18,FA1;FA7;FA8,3,0,V8 Dataset: Impact of SDOH on Fundus Photography Utilization
26030,6;11,FA1;FA3;FA7,3,0,Duplicate of Intersectional Differences in Modifiable Risk Factors for Dementia
26024,2;3;10,FA1;FA4;FA8,3,0,V8_LoF
25999,2,FA8,1,0,RGC Workspace 3: (v8) Genetic association of disease and health-related traits
25994,2;4,FA1;FA5;FA8,3,0,Genetic and brain connectivity of SUD
25998,1,FA1;FA8,2,0,Cardiometabolic Genetic Research (v8)
25990,1,FA1;FA8,2,0,Cardiac function and biomolecular influence over time
25988,2,FA8,1,0,Duplicate of PheWAS for Structural Variation
25985,2,FA8,1,0,Duplicate of PheWAS of MFAP2 SNPs
10628,15,FA2,1,0,Monsivais Lab endometriosis
25981,3,,0,1,Kidney Stones Dataset V8
25980,2;10,FA1;FA4;FA8,3,0,Mendelian Randomization-MA_V8
25683,1;4;6;7,FA1;FA5;FA7;FA8,4,0,Duplicate of Duplicate of HRV + Physical Activity v3 for v8
25978,3;6,FA7,1,0,Fairness project v8
25976,,,0,1,Time of day variability in lab tests (v8 - controlled tier)
24404,,,0,1,Effects of ferroptosis on human physiology (v7)
23415,,,0,1,Time of day variability in lab tests (v7)
25973,2;10,FA1;FA4;FA8,3,0,V8 Effects of Social Exposomes on Genetic Penetrance of BP
25969,4;6,FA1;FA5;FA7,3,0,Duplicate of OCD and Sexual/Gender Minorities
25968,3;13;19,FA1;FA6,2,0,RIQI Gateway's Brown University
25962,15,FA2,1,0,IBS/Fibroids
25961,11;14,FA1;FA3,2,0,ALS Workspace v8
25938,,,0,1,Genetics and Fitness
25953,1;6;7,FA1;FA7;FA8,3,0,Duplicate of Type 2 DM and Wearables Data RTDv6 (v8)
25951,2,FA8,1,0,APOL1 high risk group local ancestry analysis
24067,2;6,FA7;FA8,2,0,PopFreePRS
25949,1;3;7,FA1;FA8,2,0,Wearables and GLP1 Medications CTDv8
25944,4;7,FA1;FA5,2,0,"Sleep, Biological Dysregulation, and Mental Health"
25941,6;8;11,FA1;FA3;FA7,3,0,"Duplicate of Frailty, older SGM and PLWH Data V8"
25939,4;16,FA1;FA4;FA5;FA8,4,0,Dataset V8 Duplicate of Impact of CYP2D6 phenoconversion on opioid therapy
25925,15,FA2,1,0,RPL v8
25937,1,FA1;FA8,2,0,DM test
25935,7,,0,1,Fitbit Number of Sleep Days Estimation V8 version
25934,13,FA1,1,0,Asthama Prediction - Controlled Tier
21449,7,,0,1,Investigating wearable phenotypes (CDRv7)
25906,,,0,1,CHD v8
25923,1;2;10,FA1;FA4;FA8,3,0,FH and ASCVD v8
25922,2;3;5;9,FA1;FA8,2,0,Cancer genetic susceptibility
25918,,,0,1,Duplicate of test variant cohorts for v8
25916,2,FA8,1,0,Duplicate of Hobbit Hole
25913,2;5,FA1;FA8,2,0,Duplicate of Chronic Lymphocytic Leukemia Variant Analysis
25909,2,FA8,1,0,Duplicate of Neurodegenerative polygenic risk
25908,2;4;6;7;13,FA1;FA5;FA7;FA8,4,0,Sleep and Behavior v8
25907,,,0,1,hnscc immuntherapy
25899,8,FA1,1,0,Covid and Time
25897,2;5,FA1;FA8,2,0,LC_V8
25891,2;15,FA2;FA8,2,0,Exploratory Space on GDF-15 and NVP/ Hyperemesis Gravidarum V8
25306,2;3,FA8,1,0,GP_maps2
2886,2;3;4,FA1;FA5;FA8,3,0,Genomic risk prediction of opioid use disorder in diverse populations
2381,4;8,FA1;FA5,2,0,Investigation on Suicide in the COVID-19 pandemic Phase 2
7018,2;3;4,FA1;FA5;FA8,3,0,Genomic association and risk prediction of mental health conditions Phase3
25887,13,FA1,1,0,EMRAge validation study
6002,2;3;4,FA1;FA5;FA8,3,0,Genomic association and risk prediction of mental health conditions Phase2
23053,2;9;11;13,FA1;FA3;FA8,3,0,AllofUS-HH-v7
7789,2,FA8,1,0,Disease-associated variants and clinical features in generally healthy group
25882,1;4,FA1;FA5;FA8,3,0,Duplicate of Allostatic load in chronic pancreatitis
25877,2,FA8,1,0,V8 Ascertainment bias study
25876,,,0,1,Sleep and activity after major surgery
21484,1;2,FA1;FA8,2,0,Clonal hematopoiesis without driver genes
25871,2;5;6;18,FA1;FA7;FA8,3,0,Duplicate of SDH of Laryngeal Cancer V8
25867,3;18,FA1;FA7,2,0,"Health Access Barriers _Patients with AMD,DME,and RVO- Retrospective Cohort_v8"
25866,3;6;18,FA1;FA7,2,0,"Health Disparities among Patients with AMD, DME, RVO- A Case Control Study_v8"
25863,2;4,FA1;FA5;FA8,3,0,RCS stress
25861,1,FA1;FA8,2,0,Genetic Components to Cardiac Arrest
25859,6;10,FA1;FA4;FA7;FA8,4,0,Duplicate of Hemoglobinopathy Study
25705,,,0,1,Network-based hypothesis for long QT patients v8
25848,5,FA1;FA8,2,0,Duplicate of NTHL1 potential splice variants
25856,1,FA1;FA8,2,0,Genetic Patterns in Cardiac Arrest
21202,3;5,FA1;FA8,2,0,v7 Predicting patient response to drug treatments metastatic prostate cancer
25853,3;4;6,FA1;FA5;FA7,3,0,Assess the Impact of Social Determinants of Health on AUD
25851,1;7,FA1;FA8,2,0,Antihypertensive Medications and Wearables CTDv8
25847,2;15,FA2;FA8,2,0,Genetics of Polycystic Ovary Syndrome (v8)
25750,2;3;8;11,FA1;FA3;FA8,3,0,PASC AI Derived Phenotypes for GWAS V8
25850,1;2;8,FA1;FA8,2,0,ANG2 Genomics
25846,4;7;19,FA1;FA5;FA6,3,0,Predictors of heat-related illness
25841,,,0,1,Doxycycline and STI v8
25838,4;13;19,FA1;FA5;FA6,3,0,Duplicate of Version 8 Asthma Paper Final
25836,2;10,FA1;FA4;FA8,3,0,Sickle Cell Trait (CDR v8)
25832,1;2,FA1;FA8,2,0,V8 Genetic Studies of Idiopathic Intracranial Hypertension
25646,2,FA8,1,0,Duplicate of Assortative mating
25825,1;2;6,FA1;FA7;FA8,3,0,Duplicate of Health disparities: heart disease and LDL-C
21332,2,FA8,1,0,Assortative mating
25824,4,FA1;FA5,2,0,Duplicate of ACEs and CP Analysis
25823,,,0,1,AssociationStudies v8
25806,2;5;6,FA1;FA7;FA8,3,0,Genomic Contribution to Racial Health Disparities in Pancreatic Cancer v8
25816,2;9,FA1;FA8,2,0,V8 of Identification of disease susceptibility loci
25815,1;3;6,FA1;FA7;FA8,3,0,Duplicate of Availability of Health Information within the Diabetic Population
25812,2;4,FA1;FA5;FA8,3,0,Duplicate of Smoking Behavior Variant Validation
25808,1;2;3,FA1;FA8,2,0,JLL impute All of Us v7 GWAS on LDL Cholesterol with Regenie
25807,2,FA8,1,0,Imputing with GRCh38 vs T2T
25802,3;6,FA7,1,0,Generalizable Database Tool
25798,1,FA1;FA8,2,0,Arrhythmia Model - v8 Dataset
25800,2,FA8,1,0,Duplicate of Duplicate of Uri_GWAS_workspace_v8
25795,2;4,FA1;FA5;FA8,3,0,PTSD_LHM
25789,1;3;6;7,FA1;FA7;FA8,3,0,Defining Social Risk Phenotypes in Young Adults with Prediabetes or T2D CDR8
25788,12,FA1;FA7,2,0,Duplicate of MentalHealthDermProject
25775,1;3;7,FA1;FA8,2,0,Digital Twin - Diabetes (CT8)
25773,1;2,FA1;FA8,2,0,Duplicate of Genetic architecture of rare and common cardiovascular diseases
25083,5,FA1;FA8,2,0,leukemia_drug_sentivity2
25080,5,FA1;FA8,2,0,leukemia_drug_sensitivity
25769,12,FA1;FA7,2,0,Duplicate of Epidemiology of Diseases v8
25761,1;2;10,FA1;FA4;FA8,3,0,GCK variants and Clinical Characterics of Diabetes
25760,4;5;6,FA1;FA5;FA7;FA8,4,0,Impact of SDOH on smoking cessation and lung cancer screening v8
25759,2;9,FA1;FA8,2,0,Duplicate of Role of Common and Rare Variants in Autoimmunity
25724,5;6;8,FA1;FA7;FA8,3,0,Duplicate of Priority Populations with cancer - Dataset v8
25752,3;18,FA1;FA7,2,0,Contrastive Learning - Glaucoma - v8
25749,2,FA8,1,0,gwas_gxe
4165,2;4;6;7;9,FA1;FA5;FA7;FA8,4,0,Autoimmune inflammatory and other rheumatic diseases queries (v6)
25746,4;5,FA1;FA5;FA8,3,0,Version 8: Marijuana use and neuropsychiatric outcomes among cancer survivors
12164,3,,0,1,Genetics-based Surgical Risk Stratification
25740,1,FA1;FA8,2,0,Duplicate of diabetes and alzheimers
25739,1;2,FA1;FA8,2,0,T2DM_MEVA_replication_v8
25733,,,0,1,Sinonasal Exploration with v8 Data
25729,2,FA8,1,0,Assessment of pathogenic variants across the All of Us Research Program v8
25726,2;3;5,FA1;FA8,2,0,Feb2025-Validation/identification of breast cancer genetic risk factors
25720,1;2;8,FA1;FA8,2,0,Duplicate of Cardiometabolic Diseases and HIV
21524,2;8,FA1;FA8,2,0,HLA Genotyping Stage 3
25719,1;7;15,FA1;FA2;FA8,3,0,T2D and infertility
25717,16,FA4;FA8,2,0,Bleeding on Anticoagulants v8
9438,8,FA1,1,0,SepsisCompliance_ReadmissionPrediction
25715,3;5,FA1;FA8,2,0,v8 AllofUs Germline Solid Tumor Predisposition
25710,7;14,FA1,1,0,Predicting Migraine Onset
13833,2,FA8,1,0,Speliotes_Lab_2024
24962,3,,0,1,patient-world-model_0120
25692,3,,0,1,Duplicate of patient-world-model_0120
25689,1;2;6,FA1;FA7;FA8,3,0,Duplicate of Multi-trait analysis of metaboloic diseases (VUMC) with v8
25552,3;6;7,FA7,1,0,AHA Essential 8 RTDv8
23749,5,FA1;FA8,2,0,Assessment of Pathogenic Variants with Annovar & Intervar
25682,13;15,FA1;FA2,2,0,Duplicate of Endometriosis with inflammatory diseases
25678,2;15,FA2;FA8,2,0,Genetic Studies of Gynecologic Traits
25674,2,FA8,1,0,Uri_GWAS_workspace 8
25673,2;5;6,FA1;FA7;FA8,3,0,PSA Baselines in Different Populations v8
25669,1;2,FA1;FA8,2,0,TDuplicate of Extending Polygenic Risk Scores for Unique Phenotypes
25366,1,FA1;FA8,2,0,Duplicate of HTN 1 Trial
25667,2;3;5;6;8,FA1;FA7;FA8,3,0,Duplicate of Health Disparities in Hispanics related to Head and Neck Cancer
25665,2,FA8,1,0,LongReadsTRs_v8
25664,2,FA8,1,0,BJ v8 release_414 WGS_Genomics tier_Feb 2025
25648,14,FA1,1,0,Concussion
25663,1;3;6;8,FA1;FA7;FA8,3,0,Pneu VX v8
25662,5;6;11,FA1;FA3;FA7;FA8,4,0,SDOH and Accelerated Aging in Adults with Breast Cancer
25661,1;5,FA1;FA8,2,0,Lpa & Apob Project
25301,1;2,FA1;FA8,2,0,Sex Differences in cardiac remodeling
25655,1;2,FA1;FA8,2,0,Genetic analysis of Coronary Artery Disease - v8
25654,1;2;6,FA1;FA7;FA8,3,0,V8_Test
25647,,,0,1,Test_02_04_25
24386,1;14,FA1;FA8,2,0,fitbit_t2d
25640,8;9,FA1,1,0,V8 ARI Workspace - 4-21-23
25628,2,FA8,1,0,Duplicate of PGx1_McClay for V8
25624,1;6;14,FA1;FA7;FA8,3,0,Diabetic Neuropathy - Controlled Tier UND - V8
25599,4;6,FA1;FA5;FA7,3,0,LGBTQ+ Mental Health and Health Access: MAIHDA
25619,1,FA1;FA8,2,0,Version 8 data- Genetic Modifiers in Polycystic Kidney Disease
25618,4;6,FA1;FA5;FA7,3,0,Mental Health Conditions & with NLDO V8
25616,2;6,FA7;FA8,2,0,v8 Idiopathic Scoliosis Case-Control Analysis
25613,1;10,FA1;FA4;FA8,3,0,Duplicate of Kidney Disease Genetics
25610,2,FA8,1,0,workspace_v8
20807,1;2;15,FA1;FA2;FA8,3,0,Duplicate of Genetics of reproductive ageing and relationship with health (KR)
25607,1;2,FA1;FA8,2,0,Lipid genetics
25530,11;19,FA1;FA3;FA6,3,0,Duplicate of Dementia_Heat v8
25594,3;6,FA7,1,0,Access to Care & Clinical Risk Prediction
25603,2;5;6,FA1;FA7;FA8,3,0,Transferability of PGS for Breast Carcinoma v8
23855,18,FA1;FA7,2,0,Defining the genetic contribution of common variants to ARHL (v7)
25602,1,FA1;FA8,2,0,Antidiabetic medication for HCC prevention
25598,14,FA1,1,0,SCN5A genetics and disease (v8) controlled
25588,5,FA1;FA8,2,0,Duplicate of MultipleMyeloma
25587,2,FA8,1,0,Duplicate of Multivariate analysis of metabolic traits version 8
25505,8,FA1,1,0,The impact of Long COVID on complex daily routines - CDR 8
25574,,,0,1,Duplicate of control tier data test project-v8 data
25572,4;6,FA1;FA5;FA7,3,0,Duplicate of Low Back Pain
25565,4;12,FA1;FA5;FA7,3,0,Duplicate of Melasma and Mental Health
25563,2,FA8,1,0,Uncovering the genetic causes of rare hematological disorders - v8
8419,4,FA1;FA5,2,0,Psychiatric comorbidities
25560,1;2;9,FA1;FA8,2,0,Duplicate of GLP-1 RA PGx_v7 3.0
25557,2,FA8,1,0,Multiancestry Thyroid Function Genetics v8
25555,,,0,1,Inverse_Assocs_CDRv8
25553,13,FA1,1,0,AoU_Climate_CDRv8
25550,1;2;9,FA1;FA8,2,0,GLP-1 RA pharmacogenomics v8
25231,2;3;5;6,FA1;FA7;FA8,3,0,Advancing Understanding of Germline Variation in Lynch Syndrome
25546,4,FA1;FA5,2,0,Digital mental health
25544,3;4;7,FA1;FA5,2,0,Duplicate of Mental Health Screening Research
25543,3;7,,0,1,Sleep Patterns Post-Septoplasty/Rhinoplasty
25542,2;3;4,FA1;FA5;FA8,3,0,Population Genetics and Environment in Mental Health v8
25541,5;7,FA1;FA8,2,0,Response Adaptive Randomization with fitbt data
25538,1;3,FA1;FA8,2,0,AF_MLTC
25537,1;3;6;7;15,FA1;FA2;FA7;FA8,4,0,cvd_exploration
25131,1;3,FA1;FA8,2,0,Clinically relevant stratification in cardiometabolic diseases
25531,2;5;6,FA1;FA7;FA8,3,0,Duplicate of Duplicate of Prostate cancer genetics
25527,,,0,1,Exploring Coaching and Intervention datasets
25313,2;18,FA1;FA7;FA8,3,0,Glaucoma genetic analyses_2_V7
25524,2;3,FA8,1,0,EHR Phenotyping
25474,2;18,FA1;FA7;FA8,3,0,Glaucoma genetic analyses_V8
25519,1,FA1;FA8,2,0,Genetic Determinants of Bloodstream Magnesium
25514,1;2;9,FA1;FA8,2,0,Duplicate of Genetic risk in autoimmune diseases_DatasetV8
25513,5,FA1;FA8,2,0,Prostate Cancer Genetics v8
25508,8;12,FA1;FA7,2,0,Cutaneous Drug Reactions in HIV+ Patients
25496,1;2,FA1;FA8,2,0,Duplicate of Comorbidity
25495,2;4,FA1;FA5;FA8,3,0,Bipolar Disorder co-morbidity prevalence assessment
25492,2;12,FA1;FA7;FA8,3,0,GWAS of Hidradenitis Suppurativa
25487,,,0,1,Duplicate of Statistical Approaches in Communicable Disease
25482,2,FA8,1,0,Duplicate of Yuzheng
25481,3;10,FA1;FA4;FA8,3,0,Duplicate of Fanconi Anemia Exploration
25479,2;18,FA1;FA7;FA8,3,0,Glaucoma genetic analyses_2_V8
25473,2;4;15,FA1;FA2;FA5;FA8,4,0,Risk Architecture of Postpartum Psychiatric Disorders - 2025
7847,2;18,FA1;FA7;FA8,3,0,Glaucoma genetic analyses_V7
25468,2,FA8,1,0,Characterizing Unique Traits from Large-Scale Genome Wide Studies
14788,2;18,FA1;FA7;FA8,3,0,Duplicate of Glaucoma genetic analyses_V7
25462,,,0,1,Duplicate of Neuropsychiatric family history and genetics
25458,1;3;6,FA1;FA7;FA8,3,0,Duplicate of Evaluating the PREVENT Risk Calculator (v8)
25457,2;6;9,FA1;FA7;FA8,3,0,SLE Candidate Loci
25446,2,FA8,1,0,Mootha_PacBio_mtDNA_v8
25442,1;2,FA1;FA8,2,0,v8_phenomic_comparison
25429,14,FA1,1,0,ATP1A3 variants in dystonia V8
25426,2;3;4,FA1;FA5;FA8,3,0,Polygenic Scores for Severe Mental Illness in Diverse Samples V8
25408,2,FA8,1,0,Statistical Methods for Burden Tests (v8)
25411,2;6,FA7;FA8,2,0,V3: Genome-Wide Association Study in Gout of African Americans (Dataset v8)
25420,3;6;7;8,FA1;FA7,2,0,Sepsis and Wearables CTDv8
25414,1;6;14,FA1;FA7;FA8,3,0,CKD and HTN Control v8
25399,7,,0,1,Duplicate of Exploring the Effects of Medication Use on Sleep Behavior
25413,2;5;9,FA1;FA8,2,0,RA and breast cancer
25409,4;5;6,FA1;FA5;FA7;FA8,4,0,"Stress, Discrimination and Cancer Screening v8"
25397,2;5,FA1;FA8,2,0,AoUV8 Using All of Us As a Reference Control for Genetic Cancer Predisposition
25395,2;5,FA1;FA8,2,0,Duplicate of PSA Rare Variants
25393,2;15,FA2;FA8,2,0,Genetic Variants in Polycystic Ovary Syndrome - All by All
25392,1;7;11,FA1;FA3;FA8,3,0,Duplicate of Frailty in CKD
25380,1;2;9,FA1;FA8,2,0,GLP-1 RA pharmacogenomics - v8- Yong
25385,,,0,1,PheTK - v8
25383,2;9,FA1;FA8,2,0,Duplicate of SLE
25379,1;3;6;7,FA1;FA7;FA8,3,0,Cardiovascular Risk Calculator CTDv8
25373,2,FA8,1,0,V8_pregnancy_health-related traits
25367,2;3,FA8,1,0,V8_PheRS
25225,4;6,FA1;FA5;FA7,3,0,All Us Care
25355,1;2,FA1;FA8,2,0,Genetic investigation of congenital heart disease and its comorbidities (v8)
15990,1;2;9;15,FA1;FA2;FA8,3,0,Autoimmune Diseases and Cardiometabolic Disorders of Pregnancy
25342,,,0,1,Basic Statistical Analysis of Risk Factors
17786,12,FA1;FA7,2,0,SZ Dermatology 2 KC
17780,12,FA1;FA7,2,0,SZ Dermatology Workspace
19514,12,FA1;FA7,2,0,SZ vitiligo
19414,12,FA1;FA7,2,0,SZ Radiation
25341,1;4;6;13,FA1;FA5;FA7;FA8,4,0,Disease Modeling Lab
25340,1,FA1;FA8,2,0,Estimated LDL-TG
25338,1;3,FA1;FA8,2,0,Duplicate of SAS Demo: DM medication prescription patterns (v7)
25316,2;5;12,FA1;FA7;FA8,3,0,Lung Cancer v7
25332,4;9;12,FA1;FA5;FA7,3,0,Scarring Alopecia
25330,2;5,FA1;FA8,2,0,cancer-modulated-allostatic-load
20949,4;6;7;8,FA1;FA5;FA7,3,0,Social Cohesion and Health Outcomes
7794,1;4;6,FA1;FA5;FA7;FA8,4,0,Duplicate of Dissertation_Test
25315,2;5;6,FA1;FA7;FA8,3,0,A Comprehensive Analysis of Lung Cancer in Hispanic Women
12412,3;4;6,FA1;FA5;FA7,3,0,State-Level Stigma and Sexual and Gender Minority Health Disparities
25159,3;18,FA1;FA7,2,0,An Investigation on bisphosphonates and eye disease
25312,1;5,FA1;FA8,2,0,Duplicate of SDoH (Cost) and Adherence in Breast Cancer Survivors
14265,2,FA8,1,0,Duplicate of Pilot
24466,1;2;6;15,FA1;FA2;FA7;FA8,4,0,PCOS Project
14581,2,FA8,1,0,AoU_Osteoarthritis_2024
14922,2,FA8,1,0,Assessing pathogenic variants in recessive genes v7
13829,2,FA8,1,0,PheTK dsub
25300,2;7;11,FA1;FA3;FA8,3,0,FitBit and Neuro
25299,1;6;14,FA1;FA7;FA8,3,0,CKD and HTN Control
18448,1;6,FA1;FA7;FA8,3,0,CVD/DM Composite Risk Factor Control Golden
25296,9,FA1,1,0,Autoimmune Diseases Daniela
23387,6,FA7,1,0,SGM- IBS
25279,4;5;6,FA1;FA5;FA7;FA8,4,0,Thyroid Cancer and Social Determinants of Health
25278,2;7,FA8,1,0,Weather and Activity Association
4216,1;6,FA1;FA7;FA8,3,0,Determinants of Hypertension
25276,5,FA1;FA8,2,0,AML-SES
25272,4;6,FA1;FA5;FA7,3,0,Mental health utilization
25268,2;6,FA7;FA8,2,0,Neurogenomics
25267,2;5,FA1;FA8,2,0,PSA Rare Variants
4292,,,0,1,Exploratory Workspace for Feasibility Research
25264,6,FA7,1,0,Social Determinants of Health Influencing Adult Dental Utilization
25246,13;15,FA1;FA2,2,0,Endometriosis with inflammatory diseases
25245,13,FA1,1,0,ML to Determine Sleep Apnea Risk
25240,2,FA8,1,0,Learning copy of How to Work with All of Us Genomic Data (Hail - Plink)(v7)
11997,1;5;6;7,FA1;FA7;FA8,3,0,Gastrointestinal Cancer - SDOH and OH CT V7
25238,,,0,1,Coding Multiracial
25233,2,FA8,1,0,Gene Burden PheWAS
25224,,,0,1,Cancerous Silent Mutations Analysis
25219,1;2;10,FA1;FA4;FA8,3,0,Duplicate of Kidney and Hypertension Genetics
25208,12,FA1;FA7,2,0,MentalHealthDermProject
24369,1,FA1;FA8,2,0,Genetics of Thoracic Aortic Aneurysm and Dissection
25200,1,FA1;FA8,2,0,SCD & PIEZO1 Variant in Relationship to CKD
12888,2;6;16,FA4;FA7;FA8,3,0,Differential anti-coagulations effects from warfarin therapy
22742,1;4,FA1;FA5;FA8,3,0,Prevalence of hypertension in individuals with severe mental illness
25196,4,FA1;FA5,2,0,Naltrexone - Response and side effects
20917,2;4;13,FA1;FA5;FA8,3,0,"Genes, Opioid Use Disorder and Complex Persistent Opioid Dependence"
25195,2;3;6,FA7;FA8,2,0,Biobank Approaches to Understanding Otolaryngological Conditions
25194,1;4;6,FA1;FA5;FA7;FA8,4,0,"Cardiometbolic risk, mental health and chronic stress"
1974,1;11;14,FA1;FA3;FA8,3,0,ZhouLab_old
25191,2,FA8,1,0,Target validation and identification using genomics data
25190,5,FA1;FA8,2,0,Duplicate of Brain metastasis and PCP
23492,1;2;5,FA1;FA8,2,0,Integrated risk score models for human traits and disease
25185,,,0,1,PAD Adverse Events - Marko
16887,2;13,FA1;FA8,2,0,Childhood Onset Asthma
23626,1,FA1;FA8,2,0,dialysis sex genetics cardiovascular
25181,5;6,FA1;FA7;FA8,3,0,"Cancer, fatigue, and LGBTQ+ individuals"
8985,2,FA8,1,0,Environmental Barriers Impacting Genetic Influences on Educational Attainment
25172,11,FA1;FA3,2,0,Parkinson's methylation
25170,1;2;6;18,FA1;FA7;FA8,3,0,Genetic Determinants of HbA1c Variation
22611,4,FA1;FA5,2,0,Retrospective study -MH and QoL in HNC
10272,4;6,FA1;FA5;FA7,3,0,Transgender structural stigma v7
20029,2;8;9;14,FA1;FA8,2,0,EBV from genomic data
25157,1;14;18,FA1;FA7;FA8,3,0,Hypertensive Retinopathy as a Predictor of Stroke
25153,1;3;6,FA1;FA7;FA8,3,0,Multimodal ECG Foundation Model
25152,9;18,FA1;FA7,2,0,Sarcoidosis and Laryngeal Symptoms
19931,1;11,FA1;FA3;FA8,3,0,BU Paper Sprint - Type 1 Diabetes
24965,4;6,FA1;FA5;FA7,3,0,Duplicate of Duplicate of SDOH Mental Health Risk Assessment v7
25148,2;3;6,FA7;FA8,2,0,Predicting ADHD Susceptibility
24314,1,FA1;FA8,2,0,Severe obesity epidemiology
23602,1;2;6,FA1;FA7;FA8,3,0,T2D iPRS
22958,,,0,1,Metallosis THA
25138,1;3;7,FA1;FA8,2,0,Atherosclerosis Prediction from Wearable Devices
21400,4;8,FA1;FA5,2,0,Resilience's Effect on Psychological Well Being During COVID-19
10508,3;4,FA1;FA5,2,0,Precision SUD Phenotyping to Accelerate Genetics Studies v7
25132,,,0,1,DSP Carrier Cohort
25121,3,,0,1,Adding concept relationship to EHR data
23689,4;12,FA1;FA5;FA7,3,0,SPO 2024-2025 Project
25116,1;7,FA1;FA8,2,0,Cardiovascular research
25110,5,FA1;FA8,2,0,Differences in Drivers of Cancer Incidence by Age Group
25109,,,0,1,test variant cohorts
25108,5;6,FA1;FA7;FA8,3,0,Population Study of Advanced Thyroid Carcinoma
25105,5;12,FA1;FA7;FA8,3,0,"vitamin D, serum calcium - AK, SCC, BCC"
25103,6,FA7,1,0,Medication Adherence Project
25101,4;5,FA1;FA5;FA8,3,0,Cancer Dataset Explorer
25088,2;3,FA8,1,0,Duplicate of Duplicate of Workshop: Intro to All of Us Genomics Data
25085,2,FA8,1,0,Understanding the genetic architecture of digestive traits
25079,,,0,1,HNC outcomes and Exercise
22008,1;3;6,FA1;FA7;FA8,3,0,Subphenotypes of Type 2 Diabetes
19185,4;5,FA1;FA5;FA8,3,0,Perioperative Psychiatric Medication Use
25076,1;2;5,FA1;FA8,2,0,PANCREATIC CANCER FAMILY HISTORY
25072,2;5,FA1;FA8,2,0,Duplicate of Germline Mutations that Increase Cancer Risk
25068,,,0,1,RealNushAndBMI
25067,1;2,FA1;FA8,2,0,SAS study of NUSH and BMI
25063,,,0,1,VirScan
25060,3,,0,1,Reclassifying variants of unknown significance
25057,6;18,FA1;FA7,2,0,exudative AMD
25056,2;9,FA1;FA8,2,0,Exploring endotypes in rheumatoid arthritis
14111,1;3;6;8,FA1;FA7;FA8,3,0,2024 DIVERS pneumococcal
25054,2,FA8,1,0,Antiphospholipid Syndrome
8504,11,FA1;FA3,2,0,V7 Mitochondrial genetic variation and aging-related disease
24722,3,,0,1,Pressure Ulcer
17441,6;18,FA1;FA7,2,0,Disparities in Eye Care Utilization (Controlled Tier)
9993,6;18,FA1;FA7,2,0,Disparities in Eye Care Utilization
24165,1;11;14,FA1;FA3;FA8,3,0,Shanpeng's AllOfUs
25035,18,FA1;FA7,2,0,Vocal cord repair
25028,7,,0,1,Wearable device disease risk
16439,2;4,FA1;FA5;FA8,3,0,Duplicate of How to Work with All of Us Genomic Data (Hail - Plink)(v7)-03-26
16462,2;4,FA1;FA5;FA8,3,0,Duplicate of How to Work with All of Us Genomic Data (Hail - Plink)(v7)-0327
25027,5;6,FA1;FA7;FA8,3,0,Native American and cancer health disparities
12871,2;4,FA1;FA5;FA8,3,0,Dupe of How to Work with All of Us Genomic Data (Hail - Plink)(v7)
18477,1;2,FA1;FA8,2,0,Statins_Genetics
25024,4;6,FA1;FA5;FA7,3,0,Duplicate of PhenoAge_Sexual Minority
25019,9;14;18,FA1;FA7,2,0,ENT Manifestations in Autoimmune Disease
24854,4;6;8,FA1;FA5;FA7,3,0,"Duplicate 3: Minority stress, substance use and inflammation"
25020,3,,0,1,Pressure Sores risk prediction - IX machine learning
25017,2;9,FA1;FA8,2,0,SLE WES
21008,1;2;5,FA1;FA8,2,0,Comparing ancestry standardization methods for multiple PRS
25012,1,FA1;FA8,2,0,fHb and HP associations with CSA-AKI
25010,1;3;4,FA1;FA5;FA8,3,0,Prevalence of metabolic syndrome in individuals with severe mental illness
21927,2;3;4;6,FA1;FA5;FA7;FA8,4,0,PGC4 Schizophrenia 2025
25008,1,FA1;FA8,2,0,Lisinopril
25002,2,FA8,1,0,Vs2_PheWAS analysis for Tandem Repeat Expansions
25001,2,FA8,1,0,Statistical phasing and diverse haplotype reference panels
24999,3,,0,1,outcome prediction
24998,18,FA1;FA7,2,0,Meniere's disease
19804,2;15,FA2;FA8,2,0,gestational weight gain and genomic data
24989,1;2;6;15,FA1;FA2;FA7;FA8,4,0,Exploratory Analysis of Pregnancy Events in All of Us Biobank.
24994,3;6;12,FA1;FA7,2,0,Social determinants of health and healthcare interactions in vitiligo
8934,6;11;18,FA1;FA3;FA7,3,0,Health Disparities in Age-Related Macular Degeneration
24964,,,0,1,CNV New Project
15732,4;5;6,FA1;FA5;FA7;FA8,4,0,LGBTQ+ Inequities in Economic Outcomes and Access
8315,2;5,FA1;FA8,2,0,Breast and Ovarian Risk Alleles v2
24987,14,FA1,1,0,ALS Repeat Expansion
24986,6,FA7,1,0,"PD, health measures, and service"
24978,,,0,1,Lab for Causal Decomposition Analysis
24982,5;6,FA1;FA7;FA8,3,0,Social determinants of health and colorectal cancer
14748,3;4,FA1;FA5,2,0,Discrimination_drug
19781,1;2;4;14,FA1;FA5;FA8,3,0,Metabolic and mental health
20464,3;6;7;19,FA6;FA7,2,0,Health inequity related to Climate change
24967,15,FA2,1,0,New 2025 project
21710,2;3;4,FA1;FA5;FA8,3,0,Tobacco Treatments and Polygenic Risk Scores
23916,,,0,1,Query All by All Tables
22109,2,FA8,1,0,Decoding the non-coding genome
24953,1;11,FA1;FA3;FA8,3,0,Developing clinically actionable biological aging clocks
24952,2;6;18,FA1;FA7;FA8,3,0,Glaucoma + Genetics
24760,4;12,FA1;FA5;FA7,3,0,Urticaria
24950,5,FA1;FA8,2,0,alcohol pattern
24541,1;2,FA1;FA8,2,0,Polygenic scoring for kidney diseases
24944,4;7,FA1;FA5,2,0,Analyzing Depression Onset with Fitbit Data
24943,6,FA7,1,0,Corneal Ulcers and Social Determinants of Health
24941,2;11,FA1;FA3;FA8,3,0,w1
9538,2;3;13,FA1;FA8,2,0,NIH-Billing-Workspace-Prototyping
24640,6;14,FA1;FA7,2,0,MigraineControlTier
16190,5;12,FA1;FA7;FA8,3,0,Iron Metabolism Disease and Skin Cancer
19234,2;4;16,FA1;FA4;FA5;FA8,4,0,aiwg_genetics
23251,1;2,FA1;FA8,2,0,Duplicate of Genetic Studies of Idiopathic Intracranial Hypertension
8199,1;2;3;6;15,FA1;FA2;FA7;FA8,4,0,D-PRISM-Team-BandV (v7)
21985,2,FA8,1,0,Rare Variant
24926,4,FA1;FA5,2,0,Mental Health and Corneal Dystrophy
24907,1,FA1;FA8,2,0,Inflammatory CH Markers and the Relationship to Valvular Heart Disease
24924,1;6,FA1;FA7;FA8,3,0,Demo Workspace
21331,6,FA7,1,0,PGx Exploration
23872,1;14,FA1;FA8,2,0,aphasia in AOU
24913,1;15,FA1;FA2;FA8,3,0,Aim 3
24912,2;10,FA1;FA4;FA8,3,0,small-RNA
24910,,,0,1,QoL among Parents of Children with Autism
24909,2;4;6,FA1;FA5;FA7;FA8,4,0,ADHD_controlledtier
24902,1,FA1;FA8,2,0,Variants of NEDD4L in salt-sensitive hypertension
24903,2;6,FA7;FA8,2,0,PopFreePRS.v2
24798,3;4;6,FA1;FA5;FA7,3,0,Machine learning approaches to Intersectional LGBTQ+ Mental Health
22098,2,FA8,1,0,Clinical Insomnia_2
24891,1;7,FA1;FA8,2,0,Test workspace fitbit data
24890,14,FA1,1,0,Workshop test set January 2025
24889,,,0,1,PPD during COVID
24887,6,FA7,1,0,Oral Health-Dry mouth
24886,1;6,FA1;FA7;FA8,3,0,Causal Analysis for Kideny Disease and Cardiovascular Disease
24879,2,FA8,1,0,Neurodegenerative polygenic risk
24874,1,FA1;FA8,2,0,Workshop Training: CKD Asian/White
24870,8,FA1,1,0,Testing_LongCOVID19_Hispanics
23679,1;2,FA1;FA8,2,0,stochastic statistics
19432,5;6;7,FA1;FA7;FA8,3,0,CaP Life Essential 8
24862,2,FA8,1,0,Duplicate of Duplicate of Ascertainment bias study
24859,1,FA1;FA8,2,0,COPY - Duplicate of CETP/GLP1 Inhibitor Combination Therapy Workspace
24861,6,FA7,1,0,Akre Lab
24858,6;12,FA1;FA7,2,0,Atopic diseases
20094,4;6;8,FA1;FA5;FA7,3,0,"Duplicate - Minority stress, substance use, and inflammation"
22872,1;2;6,FA1;FA7;FA8,3,0,SV Credible Sets
24840,1;2,FA1;FA8,2,0,Triglyceride Genomic Analyses
20436,2,FA8,1,0,Evaluating Phasing Algorithms on Diverse Populations with Parent-Child Trios
11567,2;6;9,FA1;FA7;FA8,3,0,Duplicate of Leveraging health systems data to achieve health equity in the US
17643,4;11,FA1;FA3;FA5,3,0,Pain in Older Adults
10278,2;6;8,FA1;FA7;FA8,3,0,Sepsis: Sociodemographics and Genetics
24830,1;3,FA1;FA8,2,0,Demographic-Aware Predictive Modelling in Type 2 Diabetes
24826,1;4;6,FA1;FA5;FA7;FA8,4,0,Alcohol  and Obesity Study
2571,4;8,FA1;FA5,2,0,COVID-19 associated Taste and Smell
24820,,,0,1,Food Allergies and Microbiome
24819,2;9,FA1;FA8,2,0,GWAS SLE
23654,7;15,FA2,1,0,Maternal Health v3
11344,1,FA1;FA8,2,0,Risk of CKD in Diabetes Using V7 data
19785,3,,0,1,Respiratory Virus Computable Phenotype
24807,5,FA1;FA8,2,0,POCROC
24806,1;7;14,FA1;FA8,2,0,Atrial Fibrillation and Rhythm Control Therapy
24801,4;5;6,FA1;FA5;FA7;FA8,4,0,Oral Cancer Disparities
24797,3;7,,0,1,Mitigating the Risk of Musculoskeletal Injury
21018,7,,0,1,macro news and health status
24793,6;18,FA1;FA7,2,0,SES and Uveitis
24790,2,FA8,1,0,Mosaic Monosomy X Quantification
24517,6;12,FA1;FA7,2,0,Utilization of Advanced Rosacea Treatments in LHS+ Populations
24789,,,0,1,Breast reconstruction
24753,2,FA8,1,0,ZC3H12A
12473,6,FA7,1,0,Health Care Access & Risk Tiering Algorithms
24785,1;2,FA1;FA8,2,0,Duplicate of Calculate PRS to Mimic Drug Efficacy
7755,2;8;9,FA1;FA8,2,0,V7 ARI Genomics Workspace - 4-21-23
7754,8;9,FA1,1,0,V7 ARI Workspace - 4-21-23
24779,19,FA6,1,0,Bicycle and Pedestrian HEAT Analysis in Miami-Dade
19515,4;5;6,FA1;FA5;FA7;FA8,4,0,Chronic Stress and Prostate Damage
20113,2;9,FA1;FA8,2,0,Local ancestry of autoimmune disease genetics
19196,11,FA1;FA3,2,0,kristin_med_explore
24774,7,,0,1,Leveraging wearables for predicting respiratory infections
10899,,,0,1,Identify diagnoses discrepancies
24143,2,FA8,1,0,Polygenic risk and progression prediction
7699,2;7,FA8,1,0,PheWAS Fitbit Activity Tier v7
24773,1;14,FA1;FA8,2,0,Statin
19123,3;9,FA1,1,0,jasondly
14207,4;18,FA1;FA5;FA7,3,0,Drug use and glaucoma
14839,,,0,1,Sinonasal Exploration
9674,3;12;13,FA1;FA7,2,0,Relationship between cutaneous diseases and sleep apnea
24756,2,FA8,1,0,GENETICS OF PSYCHIATRY: ENDOPHENOTYPE 2.0
24752,1;9,FA1;FA8,2,0,GLP-1 RA in PAD
24747,7,,0,1,Rest Activity Rhythms
24745,2;6;12,FA1;FA7;FA8,3,0,Duplicate of Duplicate of Duplicate of GWAS - Skin Diseases
24744,10;18,FA1;FA4;FA7;FA8,4,0,Investigating the Relationship Between Sickle Cell and Glaucoma
24743,2,FA8,1,0,Cohen Workspace
24740,6,FA7,1,0,Transgender Health Outcomes
17001,2;3;5;6;8,FA1;FA7;FA8,3,0,Health Disparities in Hispanics related to Head and Neck Cancer
24738,3,,0,1,BRCA1_VEP_2
23913,1;2,FA1;FA8,2,0,AF PRS LMNA
24036,2;8,FA1;FA8,2,0,The Impact of Genetic Ancestry on HIV and HPV susceptibility
24727,5,FA1;FA8,2,0,LCS All of Us
24724,,,0,1,acute pancreatitis
21480,1;2,FA1;FA8,2,0,Cardiomyopathy Multi-omics
22816,3;4;7,FA1;FA5,2,0,Detect Mental Disorder from wearables
24721,9,FA1,1,0,Gender Bias in Autoimmunity (Controlled)
24720,9,FA1,1,0,Gender Bias in Autoimmunity
22162,2,FA8,1,0,PheWAS-Complex Insertions
20554,2;6;16,FA4;FA7;FA8,3,0,Pharmacogenomics in the era of WGS
23603,2;9,FA1;FA8,2,0,SLE
24707,4;5;6,FA1;FA5;FA7;FA8,4,0,Suicide Risk in Cancer Patients: Addressing Disparities and Informing Prevention
14408,1,FA1;FA8,2,0,Cardiovascular TTR and Barriers to Care
24704,6,FA7,1,0,Relationship Status and Sexual Orientation as Predictors of Health Outcomes
24696,4;6,FA1;FA5;FA7,3,0,Duplicate of Social determinants of depression
24695,,,0,1,Working Duplicate of ASCVD
24617,1;3,FA1;FA8,2,0,CVD risk factor profiles
24612,3;4;7,FA1;FA5,2,0,Replicate DMDW
19908,6,FA7,1,0,predicting health disparities using data analytics
24687,5,FA1;FA8,2,0,Wet/Dry AMD + Cancer
20386,12,FA1;FA7,2,0,TEST Dermatology Epidemiology
15482,12,FA1;FA7,2,0,Epidemiology of Dermatology Disorders
24682,2;6;7,FA7;FA8,2,0,Osteoporosis in Underrepresented groups
23502,4,FA1;FA5,2,0,Opioid Dependance Following Lower Limb Amputation
17813,6;9;11,FA1;FA3;FA7,3,0,Comorbidity in MS
20453,4;6,FA1;FA5;FA7,3,0,Duplicate of Differences in AUD Utilization (V7)-Final
5631,1;2;7,FA1;FA8,2,0,Common metabolic disease genetic association analysis
24559,2,FA8,1,0,genomic predictive models
3957,1;2;9;14,FA1;FA8,2,0,MS risk and outcomes
24676,2,FA8,1,0,Factor GWAS Replication
17907,1;3;5,FA1;FA8,2,0,SAFE Score Validation
24673,18,FA1;FA7,2,0,Normal Pressuree Hydrocephalus
22928,6,FA7,1,0,THA_KNEE_OA_exploratory
24664,2;6,FA7;FA8,2,0,h2 x ancestry
24659,,,0,1,Virtual Hospital Obfuscation
24657,1;5,FA1;FA8,2,0,BMI and liver cancer
24652,5,FA1;FA8,2,0,Cancer symptoms and treatment complications
24650,4;7,FA1;FA5,2,0,Activity and Postoperative Pain
24648,2;11,FA1;FA3;FA8,3,0,Alzheimer's Disease APOE Prevalence vs Incidence
24647,12;15,FA1;FA2;FA7,3,0,AD and Fibrosing Disorders
20648,1;2;11,FA1;FA3;FA8,3,0,Alzheimer's Disease Gene-Environment Relationship
24544,5,FA1;FA8,2,0,Familial melanoma predispositions
24644,2,FA8,1,0,templated_insertions
18830,2;6;12,FA1;FA7;FA8,3,0,Duplicate of Duplicate of GWAS - Skin Diseases
24636,1;18,FA1;FA7;FA8,3,0,The Association of Cardiovascular Health and Glaucoma Risk
20900,2;6,FA7;FA8,2,0,gnomAD Sandbox
17703,,,0,1,LRRK2 Lung fibrosis
24641,1;2,FA1;FA8,2,0,ANGPTL3 validation
24638,1;3,FA1;FA8,2,0,Controlled Tier Templates
24637,4;5;6,FA1;FA5;FA7;FA8,4,0,Social predictors of physical function in cancer survivors
24634,5;6;12,FA1;FA7;FA8,3,0,Head BCC Treatment
24632,1;11,FA1;FA3;FA8,3,0,CKD and dementia
24623,5,FA1;FA8,2,0,MultipleMyeloma
24622,5;7,FA1;FA8,2,0,Thyroid cancer
24621,1;6;7,FA1;FA7;FA8,3,0,Duplicate of Type 2 DM and Wearables Data RTDv6
16255,1,FA1;FA8,2,0,Thoracic aortic and vascular disease
23393,4;6,FA1;FA5;FA7,3,0,Mental Health Conditions Associated with NLDO
24620,1,FA1;FA8,2,0,Statin FIB-4 2025
24619,1;14,FA1;FA8,2,0,Spirituality
21428,4;6,FA1;FA5;FA7,3,0,Social determinants of depression
24616,,,0,1,VHPN
23953,6,FA7,1,0,Antihypertensive drug racial and ethnic disparities
4007,1;6;7,FA1;FA7;FA8,3,0,Type 2 DM and Wearables Data RTDv6
24610,,,0,1,SCN5A Carrier Cohort
24608,2;5,FA1;FA8,2,0,Prostate Cancer Treatment Efficacy
24603,1;3;15,FA1;FA2;FA8,3,0,Cirrhosis and Reproductive Health
24601,4,FA1;FA5,2,0,Major Limb Amputation Co-morbidities
21056,3;6;9,FA1;FA7,2,0,Autoimmunity and Tolerance Study
24594,1;2;3;7,FA1;FA8,2,0,Multimodal machine learning for disease risk assessment
15277,11,FA1;FA3,2,0,NeurologyControlTier
24592,2;5;6;18,FA1;FA7;FA8,3,0,SDH of Laryngeal Cancer
24589,,,0,1,Genetic Variants
24588,4,FA1;FA5,2,0,OUD Research
24587,6,FA7,1,0,Leveraging Granular Race and Ethnicity Data to Reduce Inequities
24586,7,,0,1,Exploring the Effects of Medication Use on Sleep Behavior
19333,,,0,1,Family history surveys
24581,2;16;17,FA4;FA7;FA8,3,0,Duplicate of Demo - Pharmacogenomics (PGx)
18138,1;4;6;15,FA1;FA2;FA5;FA7;FA8,5,0,Uterine Fibroids in Underrepresented Populations
24578,,,0,1,Candida Auris
20366,1;6;14,FA1;FA7;FA8,3,0,Investigating cardiovascular health disparities among SGM adults (Version 2)
24572,2,FA8,1,0,Plink 1
24571,2;6;7,FA7;FA8,2,0,"Sleep Efficiency, Genetic Susceptibility and Neighborhood"
23660,2,FA8,1,0,Sampling and viability selection
22593,4;6;7,FA1;FA5;FA7,3,0,Heart Rate and Sleep Variability By Race in Surgical Patients
24557,2;4;13,FA1;FA5;FA8,3,0,Respiratory disease eSNP
24555,1;6,FA1;FA7;FA8,3,0,Food Insecurity and Inflammation in Type 2 Diabetes Prevention
24552,1;3;7,FA1;FA8,2,0,Atrial Fibrillation and Outcomes
24551,1;4,FA1;FA5;FA8,3,0,Chronic Stress Mediation in Diabetes Outcomes
24547,1,FA1;FA8,2,0,MCH genes and Mosquito attraction
24540,3;11,FA1;FA3,2,0,Alzheimer's disease cohort identification
24539,1;14,FA1;FA8,2,0,Sudden Cardiac Death
24534,3;4;7,FA1;FA5,2,0,Effect of exercise on thyroid levels in hypothyroid patients
24525,2,FA8,1,0,mecfs
24524,4;15,FA1;FA2;FA5,3,0,Dissertation Project 1
24523,1;3;6;11,FA1;FA3;FA7;FA8,4,0,Multimorbidity and Aging
24521,1,FA1;FA8,2,0,EGH Project _Genetics
24512,1;2;15,FA1;FA2;FA8,3,0,Duplicate of Pregnancy and birth outcomes
24510,,,0,1,Neuroimmune
24506,3;5;6,FA1;FA7;FA8,3,0,Genotypes - Cancer
24508,5;6,FA1;FA7;FA8,3,0,Breast Cancer Patients
23873,1,FA1;FA8,2,0,diabetes and alzheimers
24480,1;18,FA1;FA7;FA8,3,0,Early Onset AMD and Co-Morbidities
24497,1;3;6,FA1;FA7;FA8,3,0,Geospatial Public Health Project
24496,,,0,1,KCND1
24485,2,FA8,1,0,All of Us Weighting Study Demo
24481,8,FA1,1,0,Duplicate of All of Us SARS-CoV-2 Antibody Study
21565,,,0,1,Connective Tissue Disorders
24112,1;6,FA1;FA7;FA8,3,0,Minority Women's Cardiovascular Health Disparities and SDOH in South Texas
24469,6;8,FA1;FA7,2,0,HIV in Hispanic Populations
24467,6,FA7,1,0,uro
10411,1;2;14,FA1;FA8,2,0,GENETIC STUDIES OF CARDIOVASCULAR AND NEUROMUSCULAR DISEASE
24465,,,0,1,Risk Factor Cohort Analysis
24130,3;6,FA7,1,0,Mississippi Food Insecurity
11553,2;9,FA1;FA8,2,0,Genomics of autoimmune disease
24460,4;6,FA1;FA5;FA7,3,0,Multiracial Substance Use and Mental Health Disparities
24458,4;6,FA1;FA5;FA7,3,0,Multiracial Substance Use and Mental Health
15851,2;3;5;10,FA1;FA4;FA8,3,0,Compare ancestry calibration methods for a CRC PRS
20212,2,FA8,1,0,ADA/ADA2 Gene Analysis - CAC
22363,2;14,FA1;FA8,2,0,Genetics of dystonia
14130,2;3;4,FA1;FA5;FA8,3,0,West Haven Lab Workbench
22146,14,FA1,1,0,ATP1A3 variants in dystonia
16193,1;2;3,FA1;FA8,2,0,Phase 5_Duplicate of All of Us v7 GWAS on LDL Cholesterol with Regenie
10911,9;12;13,FA1;FA7,2,0,Psoriasis and OSA Association
22387,3;11,FA1;FA3,2,0,Social determinants of dementia burden and inequities
24449,2;5;12,FA1;FA7;FA8,3,0,Replication cohort for GWAS AK
24445,6,FA7,1,0,Access and Utilization of Care
24353,3;5,FA1;FA8,2,0,New fecal microbiota manipulation/implantation in immunotherapy
24443,,,0,1,Natural selection on complex traits
24438,1,FA1;FA8,2,0,Associations of Diabetes and Galectin-3
23280,1;5,FA1;FA8,2,0,"Breast Cancer, OCTN2 deficiency, and Heart Disease"
24436,2;4,FA1;FA5;FA8,3,0,PGS-phewas-training
16816,4;7,FA1;FA5,2,0,AIM-AHEAD - Impact of Heavy Drinking on Sleep
24433,1;8,FA1;FA8,2,0,AAV Nabs for Gene Therapy
22492,9,FA1,1,0,Inflammatory bowels disease
7425,5;7,FA1;FA8,2,0,Physical activity in individuals living with and beyond cancer
24263,3;4,FA1;FA5,2,0,"Recover, performance, resilience, and mental health"
20688,3,,0,1,RareDiseases_Genomics
24430,,,0,1,RareDiseases
24423,1;2,FA1;FA8,2,0,AS
24418,1,FA1;FA8,2,0,CVD and Anti-inflammatory
24417,9,FA1,1,0,Studies of SDoH in IBD
24217,2,FA8,1,0,All by All GWAS and RVAS pipeline
22907,12,FA1;FA7,2,0,Long Nails and E.coli infections
24157,2,FA8,1,0,WGS_TLtyping_6
24160,2,FA8,1,0,Duplicate of PheRS-WAS of TL-GRS and PheRS - CDRv9may2023
24413,7,,0,1,Duplicate of Investigating the stability of wearables
24411,1;6,FA1;FA7;FA8,3,0,Study 2: Target Trial Emulation of CGM Use - December 2024 copy
23839,1;2,FA1;FA8,2,0,CVD WGS Pipeline Workspace - Controlled Tier
4260,,,0,1,PheRS analysis
24400,5,FA1;FA8,2,0,SuhaniUCI
24397,6;11,FA1;FA3;FA7,3,0,PD test
9607,2,FA8,1,0,Genomics_env_v7_Prevalence_of_carriers_of_inborn_errors_of_metabolism
20710,6,FA7,1,0,Cluster Analysis of Liver Conditions
22154,6,FA7,1,0,Healthcare Avoidance Project
21020,2;6;7,FA7;FA8,2,0,Forecasting Weight with PRS and Physical Activity
13973,2;6,FA7;FA8,2,0,Duplicate of Idiopathic Scoliosis Case-Control Analysis
24387,4;15,FA1;FA2;FA5,3,0,Duplicate of Endometriosis
24379,2;8,FA1;FA8,2,0,NTM
15705,6;8;15,FA1;FA2;FA7,3,0,Perinatal Health Controlled
24378,2;4,FA1;FA5;FA8,3,0,Sex-stratified GWAS of substance use disorders
24377,7,,0,1,mobility-fitbit
24375,4;5,FA1;FA5;FA8,3,0,SSRI+ICB Survival Analysis
24371,2,FA8,1,0,MultiallelicMAF
24370,2;10,FA1;FA4;FA8,3,0,Duplicate of Genetics of Hemochromatosis
24366,4;6;7,FA1;FA5;FA7,3,0,mHealth
24364,1,FA1;FA8,2,0,Post-Bariatric Surgery Secondary Procedures
24363,6,FA7,1,0,Research 1
24359,2;11,FA1;FA3;FA8,3,0,Neurodevelopmental & Neurodegenerative Conditions
24341,2;4,FA1;FA5;FA8,3,0,Psychiatric disorders FH study
24357,2,FA8,1,0,FNSS
24355,2;3;5;6,FA1;FA7;FA8,3,0,Early Onset Colorectal Cancer Associations
24343,8,FA1,1,0,TND Analysis
24338,1;6,FA1;FA7;FA8,3,0,EGH Project
24335,1;2;3;14,FA1;FA8,2,0,ischemic stroke risk analysis
24334,2;5,FA1;FA8,2,0,mCAs in AoU v7
24332,5,FA1;FA8,2,0,esophageal quality of life
16842,1;6,FA1;FA7;FA8,3,0,"Duplicate of DM and Obesity among Hisp/Lat, NHW, NHB, Non-Hisp Asian"
24323,3;8,FA1,1,0,Complement genetics in sepsis and bacteremia
24322,1;2,FA1;FA8,2,0,Factors influencing pharmacological response in UR pop v7 - Blood Pressure
24321,4;7;14;15,FA1;FA2;FA5,3,0,TBI & Activity Profiles
22573,1;5,FA1;FA8,2,0,Multiple Myeloma and Hypertension
24319,1;2,FA1;FA8,2,0,Genetic analysis of Coronary Artery Disease
23753,2;3;4;5,FA1;FA5;FA8,3,0,Cancer Anti-Morbidity
24317,1;2,FA1;FA8,2,0,Lipid traits and aortic stenosis
24313,1;3;13,FA1;FA8,2,0,Asthma OSA Blood Pressure
24107,14,FA1,1,0,Spinal Cord Injury and Treatments
24309,6;11,FA1;FA3;FA7,3,0,Aim Ahead Phase II
24212,,,0,1,Barriers to Care for Adults who use Alcohol
24296,5,FA1;FA8,2,0,Genetic and Environmental Factors Associated with Early-onset Cancer
24293,3,,0,1,cb&b740
24292,2,FA8,1,0,DWM Genomic Workspace
24290,1,FA1;FA8,2,0,Antibiotic and Statin Interactions
24286,2;3;9;14,FA1;FA8,2,0,Genomic and Phenomics determinants of MS Patricks original
5911,2;8,FA1;FA8,2,0,Duplicate of Tuberculosis and NTM Back Up
5620,2;8,FA1;FA8,2,0,Tuberculosis and NTM
24284,1,FA1;FA8,2,0,Diabetic Cohort
24283,5,FA1;FA8,2,0,Impact of Skeletal Muscle Quality on Cancer Outcomes
24280,4;18,FA1;FA5;FA7,3,0,Retinal Disease and Mental Health
23630,2,FA8,1,0,Advancing CMML Research through the Integration of Genomic and Phenotypic Data.
24268,2;3;4,FA1;FA5;FA8,3,0,KJ Duplicate of All by All - PhecodeX Phenotypes Curation
24266,8,FA1,1,0,HIV phenotype
12642,2;6,FA7;FA8,2,0,Factors influencing pharmacogical response in underrepresented pop_v7collab
24257,1,FA1;FA8,2,0,Rhabdomyolysis
24252,1;2,FA1;FA8,2,0,GLP-1 PheWAS and Pharmacogenomics
15737,3;7,,0,1,Barnett - R01 Longitudinal Data Exploration
24243,2;14,FA1;FA8,2,0,als
24240,1;2,FA1;FA8,2,0,Cardiomyopathy - rare genetic variants
19974,4;6,FA1;FA5;FA7,3,0,Schizophrenia and Family Health History
23800,1;2;5,FA1;FA8,2,0,Risk alleles for cirrhosis and risk alleles for cancer in Blacks with HCC
24235,1;2;5,FA1;FA8,2,0,Hepatocellular carcinoma study
13966,1,FA1;FA8,2,0,Exploring research topic on Type 2 diabetes
24236,2;17,FA4;FA7;FA8,3,0,De novo mutations in TP53 mutated vs. wild-type individuals
24234,6,FA7,1,0,LGBTQ
24233,3;6;13,FA1;FA7,2,0,Vitamin D and Insomnia
24232,1,FA1;FA8,2,0,"MetS, CAC, and events"
24231,1;2;3;14,FA1;FA8,2,0,epidemoiology_testing
24229,5,FA1;FA8,2,0,Bladder Cancer Genome
24225,2;5;10,FA1;FA4;FA8,3,0,Mendelian randomization analyses for the causes of pan-cancer
24216,1;12,FA1;FA7;FA8,3,0,HS CV risk
24214,,,0,1,Meta-analysis methods
11666,2;3;6;7,FA7;FA8,2,0,HRV PheWAS CTDv7
24207,7;18,FA1;FA7,2,0,Wearable Data for Glaucoma and Heart Health
24206,3,,0,1,Dental Controlled
24204,3;7;9,FA1,1,0,Duplicate of MVPA-IBD
24202,9;11;14,FA1;FA3,2,0,Multiple Sclerosis and ALDH2 Deficiency
24194,2,FA8,1,0,Haplotype and Inversion Status in Microdeletion Syndrome
24192,2;10,FA1;FA4;FA8,3,0,Duplicate of Mendelian Randomization (VS)
24190,1;3,FA1;FA8,2,0,Ruzieh workplace
24150,5;6,FA1;FA7;FA8,3,0,CBB 740
24186,,,0,1,KCND3 ataxia links
24181,,,0,1,Triple negative
24180,,,0,1,a
24179,15,FA2,1,0,"Chlamydia, HC Access, and BW Repro Health"
24178,7,,0,1,Spondylolisthesis investigation
22755,,,0,1,Gallstones
24176,6;8,FA1;FA7,2,0,The relationship of sociodemographics and STIs
7795,1;2,FA1;FA8,2,0,Predicting lipoprotein(a) levels in diverse populations
24162,1;2,FA1;FA8,2,0,Duplicate of IschemicHeartDiseaseGenomics
23023,5;6;17,FA1;FA4;FA7;FA8,4,0,Cultural Competency & Ovarian Cancer Screening
24156,2,FA8,1,0,WGS_TLtyping_5
24092,2,FA8,1,0,RGC Workspace 3: Genetic association of disease and health-related traits
24152,2,FA8,1,0,OA_workspace_02
24151,4,FA1;FA5,2,0,P2RY12_project
21490,2;11,FA1;FA3;FA8,3,0,IADRC
24141,13;18,FA1;FA7,2,0,ENT preliminary exploration
19372,3;4;6,FA1;FA5;FA7,3,0,Duplicate of Chronic Diseases According to Housing Instability
7753,3;4;6,FA1;FA5;FA7,3,0,Chronic Diseases According to Housing Instability and Veteran Status
23489,3;9;12,FA1;FA7,2,0,Morphea and Comorbidities
14463,1;3;6;7,FA1;FA7;FA8,3,0,AllAboutFitbit_Controlled Tier
20036,2;10,FA1;FA4;FA8,3,0,hEDS Controlled Test
24136,11,FA1;FA3,2,0,APOE-4 protective variants
24133,3;4,FA1;FA5,2,0,Team MIND Mental health disorders among patients living with chronic pain v2
23917,1;6;14,FA1;FA7;FA8,3,0,Beyond One Size Fits All
22481,2;3;9;14,FA1;FA8,2,0,Genomic and Phenomics determinants of Multiple Sclerosis
24129,3,,0,1,VEP_BRCA1
24128,1;2,FA1;FA8,2,0,Duplicate of OBESITY_PROJECT_v2
24125,2,FA8,1,0,TBFS AllofUs genomes
22063,3;14,FA1,1,0,Second Duplicate of Nick Seah Master's Thesis Working (is processing by Asra )
21758,1;3,FA1;FA8,2,0,HeartFailure
24113,1;4,FA1;FA5;FA8,3,0,CVD conditions
13558,4;5;6,FA1;FA5;FA7;FA8,4,0,Food Insecurity in Cancer Survivors
24109,2,FA8,1,0,BAM
24106,1,FA1;FA8,2,0,liver-vqtl-replication
24103,1;2,FA1;FA8,2,0,LDL Genetics
24085,2;5;6,FA1;FA7;FA8,3,0,Prostate cancer genetics_Dec_3_2024
24100,,,0,1,Osteoporosis Variants
24057,2,FA8,1,0,Anthropometry
21199,11;19,FA1;FA3;FA6,3,0,Dementia_Heat
8928,2;6;9,FA1;FA7;FA8,3,0,Chynna Duplicate of Identity-by-descent in the United States
13606,2;10,FA1;FA4;FA8,3,0,Workspace_Jessie
24096,2;13,FA1;FA8,2,0,Meta-analysis of lung diseases in AoU
24090,2,FA8,1,0,GWAS workspace
24089,1,FA1;FA8,2,0,Body composition
20502,1;2,FA1;FA8,2,0,Genetic determinants of mitochondrial DNA phenotypes (v7)
24087,1;3,FA1;FA8,2,0,GLP-1 and Insulin Risk Factors
23951,2,FA8,1,0,Genetic factors associated with pancreatic malformations
24083,1,FA1;FA8,2,0,Genetics variants linked to congenital heart disease
24082,1;4,FA1;FA5;FA8,3,0,Marijuana use and Heart failure
22066,2;5;6,FA1;FA7;FA8,3,0,Primary Lung Cancer GWAS in AAs
19979,1;6;18,FA1;FA7;FA8,3,0,Sinonasal Complaints and Epidemiology
24079,,,0,1,ADAPT-C
13970,3;5,FA1;FA8,2,0,Outcomes of fecal microbiota manipulation/implantation in immunotherapy
13969,5,FA1;FA8,2,0,Universal Germline testing in colorectal cancer
9562,5;10,FA1;FA4;FA8,3,0,Hereditary Cancer Risk: Causes and Consequences
8084,1;2,FA1;FA8,2,0,=Type 2 Diabetes: PRS and Family History with version 7
23696,2,FA8,1,0,Comparing performance of existing polygenic scores in the PGS Catalog
24070,4;6;19,FA1;FA5;FA6;FA7,4,0,Wildfires and Mental Health (Controlled Tier)
24068,4;6;19,FA1;FA5;FA6;FA7,4,0,Wildfires and Mental Health
16470,2,FA8,1,0,OA_workspace_01
24061,1,FA1;FA8,2,0,Duplicate of NWCO and CVD
6988,1,FA1;FA8,2,0,Clonal Hematopoiesis in All of Us Genomes
24059,1;3;4,FA1;FA5;FA8,3,0,GLP-1 and SUD/AUD Cohort Builder
24056,2;5;6,FA1;FA7;FA8,3,0,Functional PRS Project
24055,3,,0,1,Duplicate of Dental
7910,3,,0,1,Dental
24053,15,FA2,1,0,Maternal Mortality Indicator
23970,,,0,1,Investigating Hail
24046,1;2;14,FA1;FA8,2,0,SV hematology analysis - followup work
1906,1,FA1;FA8,2,0,AFib epidemiology (AOU v4)
24044,,,0,1,Duplicate of hcc_relevant_survey_questions
24042,2;10,FA1;FA4;FA8,3,0,Mendelian Randomization-MA
23730,2;5,FA1;FA8,2,0,HOXB13 Variant Co-Occurrence
24038,2;5;6,FA1;FA7;FA8,3,0,HOXB13 Variant Associations in Underrepresented Populations
21321,4;6;11,FA1;FA3;FA5;FA7,4,0,health trajectories and outcomes in older adults with substance use disorders
21559,1;6,FA1;FA7;FA8,3,0,Intersectional Analyses Comparing Multimorbidity across Gender and Sexuality
24030,1;2,FA1;FA8,2,0,NAFLD PRS
24024,,,0,1,Genetic Data
17638,4;8,FA1;FA5,2,0,COVID-19 Mental Health Moderators and Mixtures
24016,1,FA1;FA8,2,0,PPI and CKD
24014,,,0,1,Kidneyomics_controlled tier
24013,,,0,1,Kidneyomics in All of Us
24012,3;5,FA1;FA8,2,0,Small cell carcinoma of lung prediction model
24010,6,FA7,1,0,Disparities in Spine Surgery
23999,,,0,1,AC
23939,2;14,FA1;FA8,2,0,ALS Tandem Repeat Expansions
23998,5,FA1;FA8,2,0,Early-onset appendix cancer
23997,12,FA1;FA7,2,0,"Association Between Hypertrophic Scar (HTS), Keloid Scar, and Peyronie’s Disease"
23994,2;4,FA1;FA5;FA8,3,0,Investigation of Putatively Causal Variants in the CYP2A6 Gene Using Long Reads
23984,5;6;8,FA1;FA7;FA8,3,0,Cancer and HIV among cis gay men and trans women
23983,16,FA4;FA8,2,0,Scoping
23981,1,FA1;FA8,2,0,Cardiac Pharmacogenetics
23979,8;18,FA1;FA7,2,0,Allergic rhinitis and COVID-19
23978,5;14,FA1;FA8,2,0,breast cancer w/ hcu
21386,11;18,FA1;FA3;FA7,3,0,Parkinson's Disease and Dysphonia
20265,6;18,FA1;FA7,2,0,"LEP, SDoH, and AMD"
23973,,,0,1,H2 antagonist and AMD
23968,1,FA1;FA8,2,0,Robot vs Laparoscopic Adrenalectomy
23967,5,FA1;FA8,2,0,social epigenetics
23961,4;6,FA1;FA5;FA7,3,0,SOGI Minorities Tobacco Use
23957,2,FA8,1,0,Uncovering Genomic and Environmental Risk Factors for ME/CFS
23956,3;5,FA1;FA8,2,0,H pylori and CRC
23948,1;6,FA1;FA7;FA8,3,0,Cardiometabolic Workspace - seeking knowledge for needs
23947,1;2;3,FA1;FA8,2,0,Genetics of HF and AF
23944,6,FA7,1,0,DLE and SDH
16542,6;18,FA1;FA7,2,0,Gender Survey
23942,14,FA1,1,0,KCND2 variant frequency in health and disease
23940,6,FA7,1,0,Fixing
23938,1;2;11,FA1;FA3;FA8,3,0,Myeloid Bias
23936,2,FA8,1,0,Maze Genetic Analysis of Disease
23933,1;7,FA1;FA8,2,0,Association of physical activity and CVD event_V7
23932,2;4,FA1;FA5;FA8,3,0,SNPS in patients with chronic pain and opioid use disorder
23929,2;5,FA1;FA8,2,0,ZC3H12A Gene
22480,1,FA1;FA8,2,0,OBESITY TREATMENT
14483,19,FA6,1,0,Duplicate of Wearables Pollution and Temperature Controlled Tier
11628,,,0,1,Duplicate of HPO Project Data with v6
23923,7,,0,1,Dual orexin receptor antagonists for sleep and alcohol use
18291,1;2;14,FA1;FA8,2,0,SV hematology analysis
23918,1;5,FA1;FA8,2,0,PGS_contextualization
23867,2,FA8,1,0,Hematuria Prelim Analysis
23497,2;5,FA1;FA8,2,0,Prostate Cancer and Admixture Analysis Workspace
23915,,,0,1,Identifying variants for hypochondroplasia
23911,3;15,FA2,1,0,Life cycle disease patterns for post-menopausal women
6098,2,FA8,1,0,Genotype Imputation
7716,2;6,FA7;FA8,2,0,Factors influencing pharmacogical response in underrepresented populations (v7)
7348,2;6,FA7;FA8,2,0,Factors influencing pharmacogical response in underrepresented populations (CT)
9222,6,FA7,1,0,Factors influencing pharmacogical response in underrepresented population
6896,1;2;6,FA1;FA7;FA8,3,0,CHD Polygenic Risk Score  & statin effectiveness on ASCVD (control tierV6)
3013,1;2;6,FA1;FA7;FA8,3,0,CHD Polygenic Risk Score  & statin effectiveness on ASCVD (control tier)
23909,1;3,FA1;FA8,2,0,CBB740_FINAL_PROJECT
23907,5;6,FA1;FA7;FA8,3,0,Health Disparities in Cancer Cachexia
23906,,,0,1,Sex differences in valve disease
19815,2;10,FA1;FA4;FA8,3,0,Sickle Cell Disease and Chronic Conditions
14148,1,FA1;FA8,2,0,Response in beta-blocker
7670,1;2,FA1;FA8,2,0,Duplicate of Molecular factors of statin-induced new-onset diabetes (NOD) V7
23903,3,,0,1,LBP related Continuity of Care
23902,2;3,FA8,1,0,FMR1 SV Exploratory Project
21103,6,FA7,1,0,MKS_AOU_UCSD2024
19933,1;6,FA1;FA7;FA8,3,0,Health Literacy
23881,6,FA7,1,0,"Latinx people, psychotic disorders, and social and healthcare experiences"
15260,2;11,FA1;FA3;FA8,3,0,AD PheWas
23871,1;2,FA1;FA8,2,0,ensembl-prs
23868,14,FA1,1,0,Concussion Demographics - Exploratory Workspace
23628,5,FA1;FA8,2,0,Lung cancer Controlled Tier
23860,5;6;8,FA1;FA7;FA8,3,0,v2 -- Colon/rectal cancer and HIV among cis gay men and trans women
23859,3,,0,1,Longitudinal EHR prediction with LLMs
23854,,,0,1,RYR
23012,1;4;9;12,FA1;FA5;FA7;FA8,4,0,Duplicate of Epidemiology of Inflammatory Skin Conditions v7
23845,1;14,FA1;FA8,2,0,Stroke Outcomes
23844,2;18,FA1;FA7;FA8,3,0,Analysis of All by All Summary Data
19306,2,FA8,1,0,Telomere length v2
6360,2;9,FA1;FA8,2,0,V6 of Identification of disease susceptibility loci
3200,2;9,FA1;FA8,2,0,Identification of disease susceptibility loci
8167,2;9,FA1;FA8,2,0,V7 of Identification of disease susceptibility loci
21954,3,,0,1,PAD Adverse Events - Genetics+ - Tanmay
23840,2;3;4,FA1;FA5;FA8,3,0,Duplicate of LiRong lab Depression and ASUD/OUD
23830,12,FA1;FA7,2,0,Hep C and vitiligo
23829,1;2,FA1;FA8,2,0,Kidney function in AFR individuals
23766,5,FA1;FA8,2,0,Linkages of environmental exposures & genetics with Chronic Diseases & Cancer
23825,1;3,FA1;FA8,2,0,Outcomes in LVADs
23823,18,FA1;FA7,2,0,SSRIs and Glaucoma
22294,9;11;14;18,FA1;FA3;FA7,3,0,The Intersection of Glaucoma and Neurodegenerative Diseases
14990,3;5;8,FA1;FA8,2,0,irAE in cancer with vaccination
23821,1;5,FA1;FA8,2,0,Metabolic profiles in people with cancer
23814,1,FA1;FA8,2,0,Joslin BRI 1
23813,,,0,1,2024 of Inflammatory Skin Diseases - New
23811,6;18,FA1;FA7,2,0,Race and Ethnicity and Retinal Diseases
15810,2,FA8,1,0,Rice cultivation and human adaptation
5531,2;6;9,FA1;FA7;FA8,3,0,Urban genetics
23399,8,FA1,1,0,Duplicate of Angela Long COVID Fall 2024
13197,1;2;3,FA1;FA8,2,0,OmicsPred
8748,5;6,FA1;FA7;FA8,3,0,malignant cancers in different racial groups
23799,7,,0,1,Billing Updated - KATE - Kennesaw State University - SDSA - Database Exploration
23798,3;6,FA7,1,0,Fairness project
23796,1;2;3;6,FA1;FA7;FA8,3,0,Cirrhosis
8356,2;6;9,FA1;FA7;FA8,3,0,Identity-by-descent in the United States
22702,1;2;6,FA1;FA7;FA8,3,0,CVD and Heart Failure With Preserved Ejection Fraction
14538,7,,0,1,KATE - Kennesaw State University - SDSA - Database Exploration
20679,3;7;14,FA1,1,0,Multimodal AI for disease risk prediction in All of Us participants
23791,1;2;3;5,FA1;FA8,2,0,PaCa
23789,2;4;15,FA1;FA2;FA5;FA8,4,0,MenstruLife Genetics
23786,2,FA8,1,0,social genomics
23785,7,,0,1,Fitbit Analysis
23782,1;6,FA1;FA7;FA8,3,0,Heart Failure Risk
23780,1;3,FA1;FA8,2,0,Cardiology_Outcomes
23778,,,0,1,ecig and medical conditions
23772,1;2;3;6;11,FA1;FA3;FA7;FA8,4,0,Heart-Brain Axis
14935,1;2,FA1;FA8,2,0,Madison's Duplicate of Genetic determinants of cardiomyopathy
23767,,,0,1,MRI ROSC
18949,4;6,FA1;FA5;FA7,3,0,Expanded ACEs Model for Minority Populations and Analysis of SUD
23441,1;2,FA1;FA8,2,0,Cardiovascular genotype analysis and variant interpretation
12648,2,FA8,1,0,Validation of Polygenic Scores V7
21498,2;15,FA2;FA8,2,0,Exploratory Space on GDF-15 and NVP/ Hyperemesis Gravidarum
23760,2;4;15,FA1;FA2;FA5;FA8,4,0,MenstruLife
13672,1;3;14,FA1;FA8,2,0,Nick Seah Master's Thesis Working
23758,,,0,1,Variants in abnormal wound healing
23755,,,0,1,WT1
23751,2,FA8,1,0,rs5491 PheWAS
22042,,,0,1,Assessment of Pathogenic Variants
23744,2,FA8,1,0,hail-plink guide
15355,2,FA8,1,0,All of Us Weighting Study
23739,1;3,FA1;FA8,2,0,Data Science to Optimize Cardiovascular Disease Prevention
16260,,,0,1,hcc_relevant_survey_questions
20637,2;3,FA8,1,0,SynGen6
22468,,,0,1,drug_genetic
16092,2;6,FA7;FA8,2,0,PRS*SDOH
23728,2;6;9,FA1;FA7;FA8,3,0,Duplicate of GWAS and PheWAS of autoimmune diseases
23724,,,0,1,DM
23719,2;3;4,FA1;FA5;FA8,3,0,Schizophrenia Rare Variant PheWAS
16219,1;11,FA1;FA3;FA8,3,0,Chronic Disease Multimorbidity
23576,1;6;15,FA1;FA2;FA7;FA8,4,0,Chronic disease and sexualual minority population
23427,7,,0,1,Genetic Integration into Sleep Insights
19229,2;6;9,FA1;FA7;FA8,3,0,GWAS and PheWAS of autoimmune diseases
23712,1;11,FA1;FA3;FA8,3,0,Analysis_of_CETPI405V
23711,,,0,1,An Exploratory Study on Psychedelic Use and Sleep
23709,2;3;5;6,FA1;FA7;FA8,3,0,BreastCancerSV
23692,2;6;7,FA7;FA8,2,0,PheWAS fitbit
23688,,,0,1,New GI
8363,6,FA7,1,0,Ambiguity in Medical Decision Making
23687,,,0,1,BMIN5200_AI_Final_Project
23685,,,0,1,PrivacyDataRelease
23684,5,FA1;FA8,2,0,SERMs and DNA Sequencing Query
23683,2,FA8,1,0,genomic long read novel loci
23682,2,FA8,1,0,Reference Genomes for Novel Loci - discard
23681,3;4;7,FA1;FA5,2,0,Depression/PTSD KG LLMS
23680,5,FA1;FA8,2,0,Breast Cancer Healthcare Pathway Optimization
23668,,,0,1,Duplicate of ASCVD
22357,1;2;5;6;13,FA1;FA7;FA8,3,0,Duplicate of Polygenic_Risk_Score_Genetic_Ancestry_Calibration
23675,11,FA1;FA3,2,0,"Copy of Genetic variation, mitochondrial microproteins, aging health and disease"
23672,,,0,1,Mortality prediction in cancers
23671,4;6,FA1;FA5;FA7,3,0,Neurodivergent Adults
23669,9;12;13,FA1;FA7,2,0,Psoriasis/ Psoriatic arthritis and ILD
16083,,,0,1,ASCVD
23664,4;6;8,FA1;FA5;FA7,3,0,"Latina Mental Health, SAV, COVID-19"
23663,1,FA1;FA8,2,0,Duplicate of Statin FIB-4
23656,2;15;17,FA2;FA4;FA7;FA8,4,0,Exploratory Survey of Rare Genetic Mutations
23653,,,0,1,transportation insecurity
23652,1;2;3;4,FA1;FA5;FA8,3,0,"pain scores, based on 2024 ASHG workshop: Type 2 diabetes genomic analyses"
23257,1;2;3;13;14,FA1;FA8,2,0,Updating the Genome Wide Association Study of Pulmonary Hypertension
23645,,,0,1,Exploring Research Directions
23644,4,FA1;FA5,2,0,E-Cig x Skin Neoplasms
23638,12,FA1;FA7,2,0,Immune-mediated Skin Disease
23634,4,FA1;FA5,2,0,Vaping in pediatrics and joint health
23623,2;5,FA1;FA8,2,0,Immunogenomics of cancer
23631,6,FA7,1,0,AllOfUs Champ Grant
23627,12,FA1;FA7,2,0,Doxycycline & STI's
21676,2;3,FA8,1,0,SLMM_software_test
21656,1,FA1;FA8,2,0,Idiopathic Intracranial Hypertension
23621,8;12,FA1;FA7,2,0,HIV and Prurigo Nodularis
23616,1;14,FA1;FA8,2,0,Small Vessel Stroke Consortium
20051,2,FA8,1,0,APOL1 PheWAS
23613,4;15,FA1;FA2;FA5,3,0,GLP1R and perinatal depression
23605,4;12,FA1;FA5;FA7,3,0,Association of Vitiligo and Psychiatric Comorbidities
23250,4;7;14,FA1;FA5,2,0,Sleep phenotypes and psychosocial functioning of orofacial pain conditions
23594,1;4;12,FA1;FA5;FA7;FA8,4,0,Effect of Obesity and Smoking on Skin Disease Prevalence
22286,2;11,FA1;FA3;FA8,3,0,Age at onset based on genetic risk of developing Alzheimer's Disease (AD)
23600,2;4,FA1;FA5;FA8,3,0,Chronic back pain study
23597,11,FA1;FA3,2,0,SH-SY5Y Cell Line and Parkinson's Disease Rate Progression
12036,1;2,FA1;FA8,2,0,Rare variant CVD
23585,5,FA1;FA8,2,0,Association between lifestyle and oral cavity cancer
21313,2;6,FA7;FA8,2,0,Health disparities and SDOH
23584,1,FA1;FA8,2,0,intro
22391,1,FA1;FA8,2,0,NWCO and CVD
23580,,,0,1,LAR Workspace1
23577,1;3;5;6,FA1;FA7;FA8,3,0,cirrhosis_hcc_cohort
20527,,,0,1,Duplicate of AMD and Medications
23573,2;3,FA8,1,0,New methods
23527,1,FA1;FA8,2,0,GLP1_Gender
23569,1;3,FA1;FA8,2,0,Aortic aneurysms
23568,1;2,FA1;FA8,2,0,Adenosine Receptor and Purine Metabolism Polymorphisms and Body Weight
23557,3;6;9,FA1;FA7,2,0,IBD Native treatment patterns
23554,8;16,FA1;FA4;FA8,3,0,PGx mAbs
23550,2;15,FA2;FA8,2,0,Endometriosis multi-trait PGS
23548,2;3,FA8,1,0,Duplicate of FitbitCardio
23546,3;4;6;9;12,FA1;FA5;FA7,3,0,Association of Psoriasis and Depression: Case-Control Study
10931,2;3,FA8,1,0,srGWAS demo
5128,2,FA8,1,0,Duplicate of How to Work with All of Us Genomic Data (Hail - Plink)(v6)
5122,1;2,FA1;FA8,2,0,Chronic Kidney Disease Reg. Tier v6
5133,1;2,FA1;FA8,2,0,Chronic Kidney Disease Oct 2022
8751,1;2,FA1;FA8,2,0,Chronic Kidney Disease May 2023
23545,2;5,FA1;FA8,2,0,Genetics of Prostate Cancer Risk
23541,3,,0,1,Fast Invariant Prediction Models
23540,6;12;13,FA1;FA7,2,0,Role of SDOH and Environmental factors on extent of atopic disease
23517,2;3;11,FA1;FA3;FA8,3,0,AD Clustering Test Groups
23530,2;4,FA1;FA5;FA8,3,0,Duplicate of Genome-wide association study of stimulant use disorder
23528,1;2,FA1;FA8,2,0,Duplicate of Blood Pressure Replication
23523,3,,0,1,BioHealth Pathogen Lab
23522,5;6;11,FA1;FA3;FA7;FA8,4,0,Social Determinants of Health and Accelerated Aging in Adults with Breast Cancer
23518,,,0,1,optimal-psych-follow-up
23508,6;7;11,FA1;FA3;FA7,3,0,"Frailty Index, Aging, Sleep"
9590,5,FA1;FA8,2,0,Secondary_lung_cancer_analysis
22526,1,FA1;FA8,2,0,AI-ML multi-omic approaches to understand CHD and VHD
23503,3;11,FA1;FA3,2,0,Exploring Aging and Health Risks in All of Us
9434,2,FA8,1,0,Genetic epidemiology of common cancers in US populations
1827,3;13,FA1,1,0,Asthma Attack Prediction: Machine Learning Approach
23490,2,FA8,1,0,Duplicate of Genotype Imputation (v7)
22171,5;6,FA1;FA7;FA8,3,0,Melanoma Disparities
23488,,,0,1,Predicting Drug Levels
23486,1,FA1;FA8,2,0,Atherosclerosis and social determinants
22988,2,FA8,1,0,pyGEMMA_old
22978,2;16,FA4;FA8,2,0,Pharmacogenetic Variation and Haplotyping PHI
23479,1;6,FA1;FA7;FA8,3,0,Neighborhood + CVD risk
23478,1;5;8;16,FA1;FA4;FA8,3,0,Aspirin use and HCC in chronic Hep B patients
17307,,,0,1,Control SV
18622,1;2;6,FA1;FA7;FA8,3,0,PGS
23470,,,0,1,med-genetics-northwell
23467,,,0,1,Motor Neuron Disease
23466,1,FA1;FA8,2,0,Impact of decreased OAT4 expression in MASH patients
20936,1;2,FA1;FA8,2,0,GRS_DM_Stanford_Broad
23461,6;7;9;12,FA1;FA7,2,0,Race and disparities in sleep and activity for autoimmune skin disease
23460,13,FA1,1,0,Complement Idiopathic Pulmonary Fibrosis
23454,2;4,FA1;FA5;FA8,3,0,OUD Pharmacogenomics
23449,4,FA1;FA5,2,0,Amputation and Mental Health outcomes
23444,12,FA1;FA7,2,0,Inflammatory Skin Disease Geographic Distribution
23098,2;4;6,FA1;FA5;FA7;FA8,4,0,Pilitsis Lab
22963,2;11,FA1;FA3;FA8,3,0,DPOP Alzheimer's Omics Research
21378,1;6,FA1;FA7;FA8,3,0,Studying the association of venous thromboembolism with clonal hematopoiesis
23356,6;17,FA4;FA7,2,0,Intersectional Disparities in Research Engagement
23341,2,FA8,1,0,Afro-Puerto Rican Genetic Ancestry Project
23181,2,FA8,1,0,Anthracycline Cardio
17091,,,0,1,AMD and Medications
9437,6,FA7,1,0,CSCR and SDOH Controlled Tier
23277,8,FA1,1,0,HIV-1 Progression vs. HLA Variants
20861,15,FA2,1,0,SRC Endometriosis Project
23440,,,0,1,fairAUC
23439,9;13,FA1,1,0,RA-ILD (test)
23438,4;6,FA1;FA5;FA7,3,0,Yihong 241108
23435,4,FA1;FA5,2,0,Opioid Study
8702,1;2;9,FA1;FA8,2,0,GLP-1 RA PGx_v7
23243,1;3,FA1;FA8,2,0,XRS
20921,2,FA8,1,0,GWAS on time-to-event phenotypes
22946,6,FA7,1,0,Healthcare Stigma and Overall Health in Intersectional Minority Groups
7683,1;2;6;14,FA1;FA7;FA8,3,0,Social and biological determinants of cardiovascular disease v7
7820,2;3;4,FA1;FA5;FA8,3,0,Genomic association and risk prediction of mental health conditions Phase4
23428,2;11,FA1;FA3;FA8,3,0,Duplicate of Duplicate of StarD6 SNPs in Alzheimer's Disease
11364,2;11,FA1;FA3;FA8,3,0,StarD6 SNPs in Alzheimer's Disease
23426,3;8,FA1,1,0,2024-11-08_Duplicate of AOU_Recover_Long_Covid_v6
23419,1;3,FA1;FA8,2,0,diabetes-distribution
21801,4;6;14,FA1;FA5;FA7,3,0,Identifying subgroups of patients with migraine
23416,,,0,1,Defining Patient Access
23087,2,FA8,1,0,Cardio Fairness and Privacy
17112,1;2;11;14,FA1;FA3;FA8,3,0,Determining a relationship between CNVs and Brain Diseases
23406,1,FA1;FA8,2,0,Statin FIB-4
23403,5;6,FA1;FA7;FA8,3,0,HPV Cancer
23402,1,FA1;FA8,2,0,GLP1 Outcomes
18230,4;11,FA1;FA3;FA5,3,0,Cannabis Use Patterns among Older Adults
23394,2,FA8,1,0,OCRD_and_CTD
23392,2,FA8,1,0,Ph Lactate GWAS
23390,4;7,FA1;FA5,2,0,Non-smoking OSCC and Physical Activity
23385,2,FA8,1,0,Personalised Reaction Fluxes in Health and Disease
23378,12,FA1;FA7,2,0,Dermatology Epidemiology Study - 2
23376,6;12,FA1;FA7,2,0,Duplicate of Research for Dermatologic Conditions and differences in management
23370,4;6,FA1;FA5;FA7,3,0,Investigating Spine-Related Low-Value Services in the All of Us Research Program
23363,3;5;12,FA1;FA7;FA8,3,0,Squamous Cell Carcinoma and AK
23361,11,FA1;FA3,2,0,Survey data
23358,4,FA1;FA5,2,0,Int-Op
23349,4;6,FA1;FA5;FA7,3,0,Duplicate_1105 of Association between neighborhood and social SDOH and IBS
23340,11;14,FA1;FA3,2,0,Neuropsychiatric Treatments
23338,,,0,1,Virtual_Hospital
20631,5;12,FA1;FA7;FA8,3,0,SRC Pod 5
17317,2;5,FA1;FA8,2,0,Multiple Myeloma
23337,,,0,1,Ankey's work place
23319,5,FA1;FA8,2,0,HPB oncology care
23307,2;3,FA8,1,0,Exploratory PheWAS
23305,1;2,FA1;FA8,2,0,glycerol kinase deficiency
23298,1;6,FA1;FA7;FA8,3,0,Duplicate of Study 2: Target Trial Emulation of CGM Use
23286,4;6,FA1;FA5;FA7,3,0,Childhood Adversity
23281,5;6,FA1;FA7;FA8,3,0,Social Determinants of Health in Patients with Cancer
22243,3;5,FA1;FA8,2,0,Fall2024_Kann
22213,3;5,FA1;FA8,2,0,KannLab24
20143,1;2,FA1;FA8,2,0,GRS for DM
23076,4;6,FA1;FA5;FA7,3,0,Association between neighborhood and social SDOH and IBS
23275,2;3;10,FA1;FA4;FA8,3,0,Genetic polymorphism and rare variant penetrence
23273,4;5,FA1;FA5;FA8,3,0,Psychosocial correlates and outcomes among cancer survivors
23271,8,FA1,1,0,GenoMLizer_test
23237,2;5;6,FA1;FA7;FA8,3,0,Duplicate of PGS for Breast Carcinoma in Diverse Populations
23264,1;12,FA1;FA7;FA8,3,0,Assessing Risk Factors and Inflammatory Comorbidities for Granuloma Annulare
23262,1;5,FA1;FA8,2,0,ALPK1 mutations in CHIP
23260,1;2;10,FA1;FA4;FA8,3,0,Duplicate of FH and ancestry
21670,,,0,1,Neural Tube Defects
15329,3;4;6;8,FA1;FA5;FA7,3,0,Gender Minority and HIV
20013,2,FA8,1,0,GA Duplicate of Association studies of tandem repeats_Genomics tier_v7_250k WGS
15087,11;14,FA1;FA3,2,0,ALS Workspace
17111,10,FA1;FA4;FA8,3,0,V2 Pathogenicity of the c.427G>A (p.A143T) GLA variant in Fabry patients
23245,,,0,1,Lifespan/healthspan project
23241,4,FA1;FA5,2,0,Exploring Dataset
23228,1;2,FA1;FA8,2,0,Phenotypic correlates to non-coding variation surrounding the SCN5A-SCN10A locus
23223,2,FA8,1,0,Duplicate of Workshop: Intro to AoU Gen Data for analysis of AGS variants
23191,1;6;14,FA1;FA7;FA8,3,0,CVD Risk Uncovered
16526,1;3;4;7,FA1;FA5;FA8,3,0,Utility of Fitbit Data for Predicting Lifestyle-Related Diseases
23221,,,0,1,Cardio Research
23217,,,0,1,Personalized Healthcare Decision-Making
23194,6;9;14,FA1;FA7,2,0,Optic Neuritis and Social Determinants of Health
23177,4,FA1;FA5,2,0,Adolescent Mental Health
18669,1,FA1;FA8,2,0,Gender and age influence on risk of T2D due to TM6SF2-rs58542926 (167E>K)
22756,2,FA8,1,0,polygenic scores
21962,1;4;5;6,FA1;FA5;FA7;FA8,4,0,Duplicate of Social stress
21812,2,FA8,1,0,Protective / risk factors and adverse outcomes of thyroid-related diseases
12469,2,FA8,1,0,SuShiE - TWAS/PWAS
23158,1;6,FA1;FA7;FA8,3,0,GLP1_RA Studies
23156,4,FA1;FA5,2,0,Duplicate of MDD-PGS
23155,2;5,FA1;FA8,2,0,short-read-WGS-prostate-cancer
12762,7,,0,1,Early-onset Cancers
10955,4,FA1;FA5,2,0,MDD-PGS
23144,2,FA8,1,0,Phenome structure analysis
23143,1;7,FA1;FA8,2,0,Fitbit_obesity
23137,2;3;12,FA1;FA7;FA8,3,0,Alopecia areata Polygenic Risk Score
23135,1;3;7;13,FA1;FA8,2,0,Afib and sleep
13003,4;6,FA1;FA5;FA7,3,0,The Intersectionality of Discrimination and Substance Use Behaviors
12531,4;6,FA1;FA5;FA7,3,0,Rural/Urban Disparities in Everyday Discrimination and Tobacco Product Use
12384,4;6,FA1;FA5;FA7,3,0,"Discrimination, Allostatic Load, and Substance Use"
23088,1;4;6;15,FA1;FA2;FA5;FA7;FA8,5,0,PreE
21097,1;2,FA1;FA8,2,0,"Interaction between Metabolism, Gender, and Estradiol on GCKR SNP"
22304,,,0,1,shet_burden_calculation
23117,1;2;14,FA1;FA8,2,0,environmental and genetic components underlying cerebrovascular diseases
23071,4,FA1;FA5,2,0,MDD_PGS_test
23108,2;6,FA7;FA8,2,0,Allostatic Load
23109,2;6;13,FA1;FA7;FA8,3,0,SDOH and genetic risk in COPD
21040,13,FA1,1,0,AoU Climate
15099,1;2;4;5;9;13;14,FA1;FA5;FA8,3,0,Lifetime risk estimation in multi-ancestry biobanks
23102,3,,0,1,Duplicate of How to use dsub in the Researcher Workbench (v7)
22761,4,FA1;FA5,2,0,The CHAMP Center (PI: Glenn Saxe)
23101,2,FA8,1,0,Achilles Tendinopathy
20587,2;4;6;14,FA1;FA5;FA7;FA8,4,0,Biomarkers associated with TBI outcome in African ancestry individuals (v7)
3602,3;4,FA1;FA5,2,0,Low back pain prevalence
20958,6;12,FA1;FA7,2,0,AD Comorbidities in SOC
23083,2,FA8,1,0,aspirin All of Us Genomic Data (Hail - Plink)(v7)
23079,2;13,FA1;FA8,2,0,Drug target discovery in COPD
23075,6,FA7,1,0,Trauma Ortho
17825,1;2,FA1;FA8,2,0,interaction-polygenic-scores
23074,1;2,FA1;FA8,2,0,Steatosis_Mechanisms
22947,5,FA1;FA8,2,0,ervcaller-snp-analysis-3
10892,4,FA1;FA5,2,0,MDD Medication
23067,4;6;16,FA1;FA4;FA5;FA7;FA8,5,0,SSRI-induced weight gain
22350,7,,0,1,Fitbit Cohort Characterization
23064,7,,0,1,Fitbit Geo
21275,4;6;16,FA1;FA4;FA5;FA7;FA8,5,0,Antidepressant
23063,1;5,FA1;FA8,2,0,CM survival drug screen
12247,1;2;6,FA1;FA7;FA8,3,0,T2D Ancestry and Social Determinants
23062,,,0,1,Keratoconus Genetics
23061,1;2;10,FA1;FA4;FA8,3,0,FH and ASCVD v7
20357,1;6,FA1;FA7;FA8,3,0,Rose2
20864,1;2;15,FA1;FA2;FA8,3,0,Genetics of reproductive ageing and relationship with health across life
20844,3;6;19,FA6;FA7,2,0,Lifestyle Medicine
23052,11,FA1;FA3,2,0,Investigating prevalence and treatment of dysphagia in parkinson disease
23050,6;8,FA1;FA7,2,0,Mental and Physical Health Outcomes
16422,1;2;5,FA1;FA8,2,0,Clonal hematopoiesis of indeterminate potential in pan-cancer new version
22874,3,,0,1,Missing Data Project
23047,4;16,FA1;FA4;FA5;FA8,4,0,Phenomics Health
11422,1;2,FA1;FA8,2,0,Genetic Studies of Idiopathic Intracranial Hypertension
15024,1;4,FA1;FA5;FA8,3,0,Characterization of Serum Magnesium in All of Us
21850,,,0,1,Association between Power Outage and
22781,4;6,FA1;FA5;FA7,3,0,"SGM Identity, Adverse SDOH, and Trauma-Related Mental Health Disorders"
23040,2;11,FA1;FA3;FA8,3,0,Aging PRS
23038,4;5;6;15,FA1;FA2;FA5;FA7;FA8,5,0,Stress among women with endometrial cancer
23034,5,FA1;FA8,2,0,Dental Insurance and HNSCC
23032,3;19,FA6,1,0,PKD
23024,1;14,FA1;FA8,2,0,Atrial Fib Oct 2024
23022,4;12,FA1;FA5;FA7,3,0,Vitiligo (2)
23019,2,FA8,1,0,aspirin analysis final
21958,3;10,FA1;FA4;FA8,3,0,Representative Phenotype Discovery Methods
12324,1;2;8;11;14,FA1;FA3;FA8,3,0,Testing Fast Logistic and Double Linear Model Regression
11923,1;2,FA1;FA8,2,0,KidneyPhenotypeAssociationTesting
13392,3;6;7,FA7,1,0,Causal Inference with Wearables RTDv7
8365,2;6,FA7;FA8,2,0,Admixture mapping and identity by descent mapping in the United States
23007,4,FA1;FA5,2,0,Spirituality and engagement with mental health system
23006,3;6;11,FA1;FA3;FA7,3,0,ADRD LLM
23004,5;9,FA1;FA8,2,0,Duplicate of Multi-model
8790,5;6,FA1;FA7;FA8,3,0,SDOH and Cancer Screening
22994,3;4;7,FA1;FA5,2,0,cancer_sleep_quality
22991,5,FA1;FA8,2,0,Brain metastasis and PCP
22983,1;4,FA1;FA5;FA8,3,0,Prevalence of hypertension in individuals diagnosed with bipolar disorder
22541,5;6,FA1;FA7;FA8,3,0,Duplicate of Cancer prediction
22979,,,0,1,Derm
22975,7,,0,1,Activity and Disease
22974,2;16,FA4;FA8,2,0,Pharmacogenomics PheWAS
22973,6,FA7,1,0,ABRC medical gaslighting in arizona
22664,1,FA1;FA8,2,0,Jaynes 497 Diabetes
22965,7,,0,1,Sleep Medications and Wearables
20277,3;7;13,FA1,1,0,Physical Activity and Respiratory Disease (PCC Billing)
21367,1;2;6,FA1;FA7;FA8,3,0,Health disparities: heart disease and LDL-C
22957,1;3;5;6,FA1;FA7;FA8,3,0,HCC Surveillance
22956,,,0,1,PINK1/Parkin
22955,2;9,FA1;FA8,2,0,jdownie_gib
22954,2;3,FA8,1,0,Oct 2024 Training: Intro to All of Us Genomics Data
22070,4,FA1;FA5,2,0,Nicotine Dependence
22949,1,FA1;FA8,2,0,Lipoprotein
22948,5,FA1;FA8,2,0,MH in Latinas
22704,1;5,FA1;FA8,2,0,Symptom Burden in Heart Disease and Cancer
17566,2;4,FA1;FA5;FA8,3,0,Mental Health Studies
22943,2,FA8,1,0,LAMP2_Controlled
22942,6,FA7,1,0,WCUCOM AoU Group 2 - CES
22940,,,0,1,Amputee Research
22939,2;4,FA1;FA5;FA8,3,0,OCD and ADHD
22932,2;5;6;17,FA1;FA4;FA7;FA8,4,0,Uncertain BRCA2 variants in African and European American populations
21213,,,0,1,FLEX
19283,2;6;7,FA7;FA8,2,0,Polygenic Risk Scores and Physical Activity CW
9345,2;3;6;7,FA7;FA8,2,0,Sleep PheWAS CTDv7
15411,3;6;7,FA7,1,0,Seasonal variations in sleep and activity
22930,1;2;6,FA1;FA7;FA8,3,0,Duplicate of Genomic approach to understanding obesity in Hispanic populations
6467,6;7;8,FA1;FA7,2,0,RF Duplicate of COVID-19 and Wearables CTDv6
3969,6;7;8,FA1;FA7,2,0,COVID-19 and Wearables CTDv6
21906,1;2,FA1;FA8,2,0,Duplicate of Heart failure genetics analysis
22424,2,FA8,1,0,GWAS_regenie_Loci_SE
22923,1;2;4;11,FA1;FA3;FA5;FA8,4,0,Duplicate of Duplicate of Gene-Environment Interactions in Alzheimer’s Disease
22922,6;12,FA1;FA7,2,0,ResearchMeetings_Test
5013,,,0,1,graph
22444,,,0,1,Updated Physical measurements and EMR data indicative of septicemia in adults
22914,1;3;5;11;13,FA1;FA3;FA8,3,0,pituitary adenoma
10675,2,FA8,1,0,Assessment of pathogenic variants across the All of Us Research Program v7
22906,3,,0,1,mHealth ER Prediction
22905,,,0,1,Effects of weather on physiology
22904,1;3,FA1;FA8,2,0,Variable Analysis
15466,1;4;6;9,FA1;FA5;FA7;FA8,4,0,SDoH Analysis
22697,5;6;7;13,FA1;FA7;FA8,3,0,Physical Activity Patterns Across the Appalachian Mountain Region
13850,4;6,FA1;FA5;FA7,3,0,SGM and mental health
14321,1;2;6,FA1;FA7;FA8,3,0,NHPI cardiometabolic workspace
22898,,,0,1,Hydrocephalus - Controlled Tier
19616,2;5;6,FA1;FA7;FA8,3,0,Duplicate of Duplicate of Breast Cancer genetic variants
22894,1;2,FA1;FA8,2,0,Duplicate of germline determinants of somatic mosaicism
22893,3;4;7,FA1;FA5,2,0,Mental Health Screening Research
22892,2;3,FA8,1,0,Duplicate - Siloed Analysis of All of Us and UK Biobank Genomic Data
14227,1;7;19,FA1;FA6;FA8,3,0,Air pollution and climate change on cardiometabolic health
22885,,,0,1,First Workspace
22878,4;6,FA1;FA5;FA7,3,0,Duplicate of SGM and mental health
22877,11,FA1;FA3,2,0,Exploring Data
22873,1,FA1;FA8,2,0,Duplicate of Clonal Hematopoiesis in All of Us Genomes
22868,1;3,FA1;FA8,2,0,Duplicate of Demo - Cardiovascular Risk Scoring Copy
22867,2;3;11,FA1;FA3;FA8,3,0,"Duplicate of Complex traits, GWA and protein"
22866,,,0,1,Graphing test
22862,1;2;6,FA1;FA7;FA8,3,0,PRS Portability
22861,2;3;4,FA1;FA5;FA8,3,0,Rare variant aggregation for psychiatric treatment response prediction
22578,1;2;6,FA1;FA7;FA8,3,0,Duplicate of T2D Ancestry and Social Determinants
22859,,,0,1,Virtual Hospital (Aaron's Testing Space)
22856,1;11,FA1;FA3;FA8,3,0,ParkinsonAGTR1+
16443,,,0,1,Takeda A1ATD with Billing
22852,2;5;12,FA1;FA7;FA8,3,0,Melanoma PRS
22851,6,FA7,1,0,UTI_suboptimal
22849,3;4;6;11,FA1;FA3;FA5;FA7,4,0,SDOH_scales
22847,2,FA8,1,0,Duplicate of How to query All by All results and analysis details
22339,8;16,FA1;FA4;FA8,3,0,Warfarin and ML
22845,2;6;8,FA1;FA7;FA8,3,0,Short versus long read HLA sequencing
22837,1;9,FA1;FA8,2,0,Predicting cardiovascular risk in rheumatological autoimmune diseases
22827,,,0,1,Microbiome
22826,,,0,1,Prevalence KCNQ1 Mutation G316E
22763,1;3;6,FA1;FA7;FA8,3,0,Impact of gender and Latinx intersectional identities on hypertension control
22814,5,FA1;FA8,2,0,CTCL Geographic Distribution
22810,3;5;6,FA1;FA7;FA8,3,0,AI for Multi-Modal Analysis of Cancer Health Disparities
22807,2;4,FA1;FA5;FA8,3,0,[BACKUP Oct 20 2024] [JDC] Comorbidity of Substance Use and Chron
22806,2;4,FA1;FA5;FA8,3,0,[BACKUP Oct 20 2024] [Shared] Comorbidity of Substance Use and Chron
22805,1;2;4,FA1;FA5;FA8,3,0,Prevalence of hypertension in individuals with major depressive disorder
22803,1,FA1;FA8,2,0,Fundus
21003,,,0,1,Young ASCVD
7611,1;2;6,FA1;FA7;FA8,3,0,Genomic Project
22802,1;2;3,FA1;FA8,2,0,firstTry
21469,4,FA1;FA5,2,0,Gene Markers for ASD/ADHD/PTSD
22799,,,0,1,Disabled Female Medical  Utilization between General Female Population
22796,5,FA1;FA8,2,0,Spirituality and brain cancer
22794,1;3,FA1;FA8,2,0,Hypertension Prediction
22793,6;13,FA1;FA7,2,0,Sleep Apnea - Delays to Care (General Socio Disp)
22791,2,FA8,1,0,Rare variant burden analysis for Aplastic Anemia
22789,3;5;6;7,FA1;FA7;FA8,3,0,CodeCareBears
22783,,,0,1,Discovering Genetic Changes in Thyroglobulin that Result in Hypothyroidism
22782,1;3,FA1;FA8,2,0,Hackathon
22780,4;6;7,FA1;FA5;FA7,3,0,CLBP & SODH
22775,1,FA1;FA8,2,0,CETP/GLP1 Inhibitor Combination Therapy Workspace
21476,1;3,FA1;FA8,2,0,Onyi1
22771,1,FA1;FA8,2,0,Cross-sex-translation-ECG-features
22760,,,0,1,New-workspace
22751,4,FA1;FA5,2,0,Mental Health Access
18564,5,FA1;FA8,2,0,Personal and Family History of Cancer
22748,,,0,1,TRPV
22747,3;7,,0,1,Female Cycling Variability
22746,4,FA1;FA5,2,0,Risks and benefits of psychiatric treatments
22741,4;12,FA1;FA5;FA7,3,0,Alopecia Areata
21908,4;12,FA1;FA5;FA7,3,0,Androgenetic Alopecia
22727,6;10,FA1;FA4;FA7;FA8,4,0,Sickle Cell Disease NYS Outcomes
22717,6;8,FA1;FA7,2,0,Duplicate Intersectionality and Mental Physical Health
20588,6;8,FA1;FA7,2,0,Old  Version Duplicate of Covid Project
16229,5;6,FA1;FA7;FA8,3,0,CANCER TG
22711,2,FA8,1,0,Exploring Genetic and Environmental Contributions to Osteoporosis
22710,5;19,FA1;FA6;FA8,3,0,Environmental factors and cancer outcomes
14404,4,FA1;FA5,2,0,Hip and waist circumference as predictors of chronic pain disorders
22706,1,FA1;FA8,2,0,What time of day do kidney stone patients access the ED?
22705,2;6,FA7;FA8,2,0,allostatic_load
15570,2;15,FA2;FA8,2,0,ERV Rare Variant Burden Analyses
14112,2;4;8,FA1;FA5;FA8,3,0,Substance use disorder spectrum and related traits - v7.2
22694,2,FA8,1,0,pipeline palooza
22691,2,FA8,1,0,genomic cohort
22688,1;3;7,FA1;FA8,2,0,Wearables and GLP1 Medications
22686,5;8,FA1;FA8,2,0,Duplicate of Duplicate of Covid-19 vaccine uptake among cancer survivors V
10270,5;8,FA1;FA8,2,0,Duplicate of Covid-19 vaccine uptake among cancer survivors V
22685,1;3;6,FA1;FA7;FA8,3,0,"Diabetes, PAD, and LIMB LOSS OH MY!"
19199,1;2;6,FA1;FA7;FA8,3,0,HFpEF in African American Population (Official)
22681,1;7,FA1;FA8,2,0,Monitoring Cardiac Function Using Fitbit data
21372,6,FA7,1,0,Transgender Kidney Stones
19501,18,FA1;FA7,2,0,Eye Care Outcomes
22666,12,FA1;FA7,2,0,Dermatology Epidemiology Study
22662,3;8,FA1,1,0,Chronic Hepatitis
22657,5,FA1;FA8,2,0,HNSCC
22522,8;9,FA1,1,0,covid_autoimmunedisease_relation
22647,1;6;14;18,FA1;FA7;FA8,3,0,Vertigo
14877,7,,0,1,Methods to predict health outcomes from available AOU data. v7
22645,3;4;7,FA1;FA5,2,0,Wearable Technology for Assessing and Predicting Depression
22639,2;16,FA4;FA8,2,0,Duplicate of Pharmacogenomic haplotype characterization
22638,8,FA1,1,0,Duplicate of How to Reproduce the All of Us SARS-CoV-2 Antibody Study (v5)
22530,1;7,FA1;FA8,2,0,ChaturYodha
22558,2;6,FA7;FA8,2,0,PC Neighborhood
20152,1,FA1;FA8,2,0,Duplicate of Clonal Hematopoiesis
21687,1;3,FA1;FA8,2,0,Biomarker discovery in diabetes
22627,11,FA1;FA3,2,0,RBD/Cognitive Decline-PD
22626,2,FA8,1,0,Uncovering the genetic causes of rare hematological disorders
20583,2,FA8,1,0,Ascertainment bias study
22624,,,0,1,Practice Run
22621,1;3;6;7,FA1;FA7;FA8,3,0,MultiModal Diabetes Prediction
20007,2;4,FA1;FA5;FA8,3,0,Smoking Behavior Variant Validation
22228,1;2;16,FA1;FA4;FA8,3,0,Duplicate of Metformin HbA1C Project for Gio
14135,2;6,FA7;FA8,2,0,EnvStrat_PGS
22612,4;6;7;13,FA1;FA5;FA7,3,0,"Sleep, suicide, and social determinants of health"
22610,6,FA7,1,0,v4  Multiple stigmitization and social determinants of health on overall health
20063,,,0,1,nlrisk-gpu
22606,1;3,FA1;FA8,2,0,Duplicate of SAS Demonstration: Diabetes mellitus medication prescription
22605,2;11,FA1;FA3;FA8,3,0,Statistical methods to identify risk genetic variants across populations
22603,1;2,FA1;FA8,2,0,PhD Workstream 1
20733,6;10,FA1;FA4;FA7;FA8,4,0,Measuring Genetic Underdiagnosis
22591,3;4;6;7,FA1;FA5;FA7,3,0,DepressionScreeningWithDeepLearning
22589,,,0,1,Pneumonia in Adults
22585,,,0,1,Practice making visualizations
22584,,,0,1,U54
22583,2;4,FA1;FA5;FA8,3,0,Chronic Pain GWAS
22581,2;3;11,FA1;FA3;FA8,3,0,TAS2R38 supertaster variants and dementia
22580,6,FA7,1,0,SP Factors of Health of LGBTQ Individuals
22579,6,FA7,1,0,Food security and health outcomes
22575,2;10,FA1;FA4;FA8,3,0,UnfilteredGwas
22572,1;2,FA1;FA8,2,0,APOL1
22569,,,0,1,Variational Bayes For Group Testing Data
22562,2;18,FA1;FA7;FA8,3,0,V7_Eye_Disorders
15012,3,,0,1,Kidney Stones
22555,4;5;18,FA1;FA5;FA7;FA8,4,0,Vaping and Chronic Rhinosinusitis
6250,2,FA8,1,0,PRS with wgs vs array data
22553,1,FA1;FA8,2,0,EGFR
22549,4;10,FA1;FA4;FA5;FA8,4,0,RBC traits and sickle cell disease
22276,1,FA1;FA8,2,0,Test1
22534,2;11,FA1;FA3;FA8,3,0,Alzheimer's Disease Polygenic Risk Score
22532,1;7;11,FA1;FA3;FA8,3,0,Frailty in CKD
22518,3;15,FA2,1,0,[Giulia] Pregnancy episodes in All of Us
12195,2;3;8;11,FA1;FA3;FA8,3,0,Deep Learning Derived Phenotypes for Neuro-PASC V7_SHI Billing
22516,1;3;7,FA1;FA8,2,0,Gender and Wearable Data in People with Diabetes
22255,1;2,FA1;FA8,2,0,Somatic Mutation in T1D
22515,4,FA1;FA5,2,0,Family History of PTSD and the Military
19937,1;9,FA1;FA8,2,0,Duplicate of Epidemiology of Inflammatory Skin Conditions v7 dataset v7
22506,3,,0,1,heart
22504,1,FA1;FA8,2,0,BMI and Dental Caries
22501,,,0,1,allostatic_backup
22500,2,FA8,1,0,NJ_Duplicate of How to Work with All of Us Genomic Data (Hail - Plink)(v7)
22499,,,0,1,Back_up_group_project
22494,1;2;14,FA1;FA8,2,0,CH
22489,1;6,FA1;FA7;FA8,3,0,Sex differences in valvular heart disease
22486,1;3;7;13,FA1;FA8,2,0,"Omics-Related sleep , circadian rhythm phenotypes and Diabetes Risk"
22478,4;19,FA1;FA5;FA6,3,0,YOUTH+MENTAL HEALTH+CLIMATE CHANGE
22479,,,0,1,Test for Milestone
20118,1;2,FA1;FA8,2,0,Cardiometabolic traits
7840,1;2,FA1;FA8,2,0,Duplicate of Extending Polygenic Risk Scores for Unique Phenotypes
22462,,,0,1,H. pylori
22461,2,FA8,1,0,Duplicate of Uri_GWAS_workspace
22458,1;2,FA1;FA8,2,0,Genetic determinants of mitochondrial DNA phenotypes (v7) second 40k
22457,4;9,FA1;FA5,2,0,Duplicate of Lupus and Mental Health
14519,4;9,FA1;FA5,2,0,Lupus and Mental Health
19434,2,FA8,1,0,WGS_TLtyping_4
10153,2,FA8,1,0,apr2023_ All of Us Genomic Data Tester (Hail - Plink)(v7)
18038,8,FA1,1,0,CCDGS_VarEff_COVID
22445,6;18,FA1;FA7,2,0,Laser vs Eye drops for Glaucoma
22441,2;6,FA7;FA8,2,0,Ancestry inference and Health disparities
22440,5,FA1;FA8,2,0,cancer survivors
19576,4;6,FA1;FA5;FA7,3,0,PhenoAge_Sexual Minority
22407,3;4,FA1;FA5,2,0,Assessing Alcohol Use Disorder using Machine Learning Techniques
22406,1;2,FA1;FA8,2,0,HHD_HamptonAniyah
22404,1;2,FA1;FA8,2,0,HHD_Hampton_Shreya
22405,1;2,FA1;FA8,2,0,HHD_Hampton_Cydni
11474,4;6,FA1;FA5;FA7,3,0,PharmD Project - Mental Health and SDH
22403,2,FA8,1,0,GABBR1_ASD
22402,2,FA8,1,0,Genentech
22401,1;2;3;5;10,FA1;FA4;FA8,3,0,"Prevalence, Penetrance, PheWAS for HFE, TTE, and APOL1"
22386,2;3,FA8,1,0,TarGene replication study
22384,4;5,FA1;FA5;FA8,3,0,Psychoneurological Symptom Cluster
21603,1;2,FA1;FA8,2,0,P2X7R Cardiomyopathy
21995,6;18,FA1;FA7,2,0,Disparities in Cataract Care and Social Determinants of Health
22373,4;5;12,FA1;FA5;FA7;FA8,4,0,Vaping and Head and Neck Cancer
10504,,,0,1,POAG CONTROLED
22371,1;2;9,FA1;FA8,2,0,Duplicate of Duplicate of Autoimmune and Vitamin B12 Related Diseases
22364,4,FA1;FA5,2,0,Investigating Psychiatric Disorders V7 (revised 1)
22359,3;5;6;7,FA1;FA7;FA8,3,0,Cancer and Sleep
12075,9;14,FA1,1,0,Multiple sclerosis v7
22360,,,0,1,Cohort-based Analytics
17641,,,0,1,Burning Mouth Syndrome
22296,13;18,FA1;FA7,2,0,Sleep Apnea and Ocular Diseases
22352,3,,0,1,Risk Factor Analysis and Disease Prediction
18653,2,FA8,1,0,Kidney function/disease: Rare variant/gene discovery
4968,1;2;5;6;13,FA1;FA7;FA8,3,0,Polygenic_Risk_Score_Genetic_Ancestry_Calibration
22292,1;3;6;7,FA1;FA7;FA8,3,0,HeartDiseasePred_SDOH
22347,,,0,1,tryout_git
22341,5;6;11,FA1;FA3;FA7;FA8,4,0,Hispanic thyroid cancer
9696,2,FA8,1,0,Duplicate of Genetics of complex diseases
16135,1;2,FA1;FA8,2,0,Genetic factors of LDL-Cconcentration among Asian population
22328,1,FA1;FA8,2,0,Duplicate of V122I Carriers
22323,,,0,1,A-Lab
22320,2;5;6;7;13,FA1;FA7;FA8,3,0,Assessing Sleep In cancEr Development acroSs mulTiple Ancestries (SIESTA)
22319,2,FA8,1,0,Frozen Shoulder cohort
22315,1;11,FA1;FA3;FA8,3,0,Duplicate of Chronic Disease Multimorbidity
22308,1;2,FA1;FA8,2,0,PVC cardiomyopathy
20423,18,FA1;FA7,2,0,Prevalence of Uveitis
22302,10;11,FA1;FA3;FA4;FA8,4,0,Relationship between Genetic and Environmental Factors for Parkinson's Disease
8916,2;4,FA1;FA5;FA8,3,0,Comorbidity of Substance Use and Chronic Physical Conditions_v7
22300,5,FA1;FA8,2,0,Oral cancer
21944,,,0,1,Duplicate of How to Work with Long Read Data (v7)
22290,2;13,FA1;FA8,2,0,CBB575
14655,2;3;6,FA7;FA8,2,0,Medical Phenome of Speech and Language Problems and Disorders
22287,,,0,1,Duplicate of Investigation of individuals diagnosed with neuroendocrine tumors
15827,2;3;6,FA7;FA8,2,0,Medical Phenome of Speech and Language Problems (with Genetics)
22282,3,,0,1,Diabetis project - Duplicate of PAD Adverse Events - Raj
10570,1;4;6,FA1;FA5;FA7;FA8,4,0,Duplicate of PTSD and CVD Risk July '23
3324,1;4;6,FA1;FA5;FA7;FA8,4,0,PTSD and CVD Risk (hsCRP)
22279,6,FA7,1,0,Duplicate of SGM Project v3 COPY
22278,1;6;7,FA1;FA7;FA8,3,0,Wearables and Atrial Fibrillation
22263,1;3;11,FA1;FA3;FA8,3,0,New Glucose-Lowering Drugs and Cognitive Impairment in Diabetes
22274,5,FA1;FA8,2,0,Myeloma DNA Damage Repair Genes
22265,1,FA1;FA8,2,0,Atheroclerosis
22261,6,FA7,1,0,Tic Disorders and LGBTQ Identity
21987,4,FA1;FA5,2,0,Risk Factors for Corneal Ulcer Formation
22254,4;7,FA1;FA5,2,0,New Depression Dx
22256,,,0,1,LINS1 phenotypes
6402,6,FA7,1,0,Treatment disparities by providers and its association with race/ethnicity
22252,,,0,1,TIS and TED
22251,15,FA2,1,0,Meningioma and Contraception
22246,10,FA1;FA4;FA8,3,0,Lysosomal Disorders - GAA pseudodeficiency variants
22244,,,0,1,HCC Drug Validation
22241,7;15,FA2,1,0,Maternal Health v2
22233,1;3;15,FA1;FA2;FA8,3,0,Contraception Medication Sequencing - Controlled Tier
22229,2;11,FA1;FA3;FA8,3,0,Somatic Mutations & Aging
22225,1,FA1;FA8,2,0,Duplicate of AIM-AHEAD-Shared Continue (on JULIE)
18482,,,0,1,Investigation of individuals diagnosed with neuroendocrine tumors
6252,2;3;6;16,FA4;FA7;FA8,3,0,Pharmacogenomics Variation in the US
20347,1;2,FA1;FA8,2,0,Heart failure genetics analysis
22214,2;6,FA7;FA8,2,0,Duplicate of Genetic Ancestry
20937,8,FA1,1,0,mecfs_longcovid
16643,7;15,FA2,1,0,Maternal Health
22210,6;11,FA1;FA3;FA7,3,0,Intersectional Differences in Modifiable Risk Factors for Dementia
22195,4;6;15,FA1;FA2;FA5;FA7,4,0,PCOS Exploratory Analysis
22193,1;13,FA1;FA8,2,0,Pulmonary Hypertension and ANT
22185,3;4,FA1;FA5,2,0,Social determinants of underlying dimensions of psychopathology
22188,,,0,1,RepurposingCVDRiskScores
8134,2;4;8,FA1;FA5;FA8,3,0,Substance use disorder spectrum and related traits - v7
22089,2,FA8,1,0,Within-sibling rare variant analysis
22183,3;6,FA7,1,0,Assessment of Pathogenic Variants Replication
15218,2;3;5,FA1;FA8,2,0,Prostate Cancer Polygenic Scores in Symptomatic Cohort
22182,1;2,FA1;FA8,2,0,Duplicate of Genetics of Cardiovascular Disease related phenotypes
14853,1;6,FA1;FA7;FA8,3,0,"Investigating obesity related health outcomes, social determinants"
5715,1;2,FA1;FA8,2,0,Post Surgery Acute Kidney Injury
20709,3;6;7,FA7,1,0,DCM
8473,1,FA1;FA8,2,0,V122I Carriers
22173,1,FA1;FA8,2,0,SGLT2i
22172,,,0,1,FirstAccess
22170,1;2,FA1;FA8,2,0,T2D CAD
22165,,,0,1,ADHD (Controlled Tier Data)
21732,13,FA1,1,0,Aspergillosis (and Asthma)
7935,2,FA8,1,0,QC of Phase I long-read data
22161,2,FA8,1,0,MUC5B PheWAS
22159,1;2,FA1;FA8,2,0,APOL1 and kidney diseases
22158,5,FA1;FA8,2,0,Correlation Between Age and Diagnoses Rates of Breast Cancer
22156,4;15,FA1;FA2;FA5,3,0,PPD
22155,3;8;11,FA1;FA3,2,0,COVID_AD
22153,1;13,FA1;FA8,2,0,Pulmonary Hypertension and Step Counts
20572,1;6,FA1;FA7;FA8,3,0,Vitamin D and Cardiovascular Disease
17194,,,0,1,rs6190_temp
18494,2,FA8,1,0,Genetic architecture of complex traits
22046,1;3;6;7,FA1;FA7;FA8,3,0,Defining Social Risk Phenotypes in Young Adults with Prediabetes or T2D 2.0
22141,13,FA1,1,0,Genetic determinants of asthma and asthma subtypes
22140,3;5,FA1;FA8,2,0,genetic and environmental risk factors for pancreatic cancer at a young age
20815,2,FA8,1,0,GBS_GWAS_arrays
21477,2;18,FA1;FA7;FA8,3,0,Main
22133,3;7,,0,1,Fitbit Determinants of Exercise
22132,5;6,FA1;FA7;FA8,3,0,Gastric Cancer
22131,6,FA7,1,0,Retina Research
22123,1;2;16,FA1;FA4;FA8,3,0,Drug response GWAS - latest
22122,1,FA1;FA8,2,0,PCSK9i
22121,6;15,FA2;FA7,2,0,A_Project
20901,5,FA1;FA8,2,0,probiotic and bc controlled
21678,2;5,FA1;FA8,2,0,Complex Traits GWAS and Polygenic Scores (v7)_bella
21007,2,FA8,1,0,SDVAF
22119,4;6;9,FA1;FA5;FA7,3,0,SLE/RA/OA and risk of recurrent care use
21055,19,FA6,1,0,Female Reproductive Cancers
20429,1;2,FA1;FA8,2,0,Duplicate of CAD PRS_disk
14325,1;2,FA1;FA8,2,0,CAD PRS
22111,2;16;17,FA4;FA7;FA8,3,0,Duplicate: PGx variant frequency and medication exposures
22110,6;7,FA7,1,0,Wearables and The Human Phenome (For Meta-Analysis)
22107,,,0,1,MCM6 Gene Mutations and LCT Variants
22104,10,FA1;FA4;FA8,3,0,"Duplicate of G6PD pharmacogenomics (Powell, Geck, et.al)"
22105,1;8,FA1;FA8,2,0,P2X7R
21883,2;5;6,FA1;FA7;FA8,3,0,BC variants
22102,,,0,1,VSX2
22095,2;10,FA1;FA4;FA8,3,0,Healthy variant combinations
22084,1;9,FA1;FA8,2,0,GI Test
19480,6,FA7,1,0,SDOH Arthrodesis Rstudio V2
22075,,,0,1,Mining EMR Study
22074,,,0,1,Neurosurgery Research
22071,1;2;3,FA1;FA8,2,0,All of Us v7 GWAS on TG-to-HDL v2
13532,1,FA1;FA8,2,0,"Duplicate of Sleep, exercise and cardiovascular outcomes"
17893,2;18,FA1;FA7;FA8,3,0,Genomics of Macular Degeneration
21859,1;5,FA1;FA8,2,0,Prostate_cancer_ldl_effects
22036,6,FA7,1,0,iSDI - controlled tier
22059,13,FA1,1,0,Class Example
22051,4,FA1;FA5,2,0,Duplicate of Psychiatry All of Us Database
20920,1;6;14,FA1;FA7;FA8,3,0,Project 1
22047,3,,0,1,workspace_1
19106,19,FA6,1,0,Prevalence of fungal pathogens
22044,4,FA1;FA5,2,0,Multiple Chronic Condition Combinations
13313,1;3;6;7,FA1;FA7;FA8,3,0,Defining Social Risk Phenotypes in Young Adults with Prediabetes or T2D
11206,11,FA1;FA3,2,0,"Genetic variation, mitochondrial microproteins, aging-related health and disease"
22037,4;6;9,FA1;FA5;FA7,3,0,SLE and RA and OA and Recurrent Care use
20661,4;6,FA1;FA5;FA7,3,0,Dysphagia and Marijuana Use
22031,4;6,FA1;FA5;FA7,3,0,Children with Chronic Pain and Healthcare Utilization
22030,5,FA1;FA8,2,0,biomarkers duplicate
22028,3;6;11,FA1;FA3;FA7,3,0,ADRD & SDoH
22026,2,FA8,1,0,LEARNING DUPLICATE of How to Work with All of Us Genomic Data (Hail - Plink)(v7)
22024,1;2,FA1;FA8,2,0,Quantifying the proportion of symptomatic subtypes within ATTR patients
22018,4,FA1;FA5,2,0,Mental Health and Cosmetic Surgery Outcomes
22015,1;2;6;10,FA1;FA4;FA7;FA8,4,0,LDLR and SLCO1B1 Mutations
21637,,,0,1,DOAC GI Bleed
22009,6,FA7,1,0,Disparities in Orthopaedic & Neurosurgical Care Access
22007,1;2,FA1;FA8,2,0,Duplicate of TTR and amyloidosis v2
20286,5,FA1;FA8,2,0,Duplicate of Lung_Cancer_Analysis
22004,2;4,FA1;FA5;FA8,3,0,Depression Subtyping
22002,5;6,FA1;FA7;FA8,3,0,Metastatic breast cancer molecular disparities
22003,9,FA1,1,0,MS
7772,4;6,FA1;FA5;FA7,3,0,Neuropsychiatric Disorders in Sex Chromosome Aneuploidies V7
21998,2;6,FA7;FA8,2,0,Diverse Genetics Analysis
21996,1;6;7,FA1;FA7;FA8,3,0,Sept2624 Intersectional Analyses of variation in cardiometabolic disorders.
21994,5;6;15,FA1;FA2;FA7;FA8,4,0,Duplicate of SDOH and Health Care Utilization among Gynecologic Cancer Survivors
21992,,,0,1,Safety in Crashes
21058,2,FA8,1,0,Anthropometric Differences in Sex Chromosome Aneuploidies V7
21768,2;8,FA1;FA8,2,0,Sepsis Lipids DHCR7
21990,2,FA8,1,0,maxgcp-analysis
21989,2,FA8,1,0,Dailin's Workspace
20779,6;8,FA1;FA7,2,0,BW w/HIV
21266,2;4,FA1;FA5;FA8,3,0,Individual-level prediction of polygenic risk scores across populations
20628,12,FA1;FA7,2,0,Onychomycosis and Trends in Treatment Regimes
21448,2;6,FA7;FA8,2,0,NHPI Genetic Ancestry
21978,2;5;7,FA1;FA8,2,0,Cancer Data V7
21977,1;6;18,FA1;FA7;FA8,3,0,Discrimination in Medical and Ophthalmic Care Settings
4068,1;6,FA1;FA7;FA8,3,0,Trajectories of Cardiovascular Risk Among Sexual and Gender Minorities v2
21973,2;4;6,FA1;FA5;FA7;FA8,4,0,OUD GWAS
18287,1;6;7,FA1;FA7;FA8,3,0,Intersectional Analyses to understand variation in cardiometabolic disorders.
21970,2,FA8,1,0,Genomics of Meningioma v1
21968,4;6,FA1;FA5;FA7,3,0,SDOH+IRR
21943,4;6,FA1;FA5;FA7,3,0,SDOH PLUS IRR
21963,1;6,FA1;FA7;FA8,3,0,Controlled CVD/DM Risk Factor
21960,1,FA1;FA8,2,0,Retroactive Study Proposal RE: Lomaira
21711,2,FA8,1,0,Gene x Environment in Neurodevelopmental Disorders
9724,2,FA8,1,0,Stanford REDs
21143,2;5;6;12,FA1;FA7;FA8,3,0,wz-aa-wg-001
8425,2,FA8,1,0,aggregate_test_development
16369,1;11;15,FA1;FA2;FA3;FA8,4,0,Cardiometabolic trajectories with menopause and aging
21949,3;7;11;13,FA1;FA3,2,0,Sleep Apnea Analysis
21950,1;9;12,FA1;FA7;FA8,3,0,Palmoplantar psoriasis and common comorbidities in the US
15267,3;5;6,FA1;FA7;FA8,3,0,Sleep Quality
21912,3;7;11,FA1;FA3,2,0,ApneaPrediction
21671,9,FA1,1,0,RA & IBD Gene Study
21945,6,FA7,1,0,SGM Project v3
21942,9;14;16,FA1;FA4;FA8,3,0,Response to medications used for multiple sclerosis
8544,2;5,FA1;FA8,2,0,Thyroid Cancer Genetics v7
21940,4;15,FA1;FA2;FA5,3,0,Does Having ADHD Increase the Likelihood of Comorbid PMDD?
19935,4;12,FA1;FA5;FA7,3,0,Body-focused Repetitive Behaviors in Populations with Developmental Disabilities
21552,8;18,FA1;FA7,2,0,Duplicate of COVID-19 Anosmia ML Analysis
21936,,,0,1,sleep-based wearables derived markers of risk for disease outcomes
21932,10,FA1;FA4;FA8,3,0,Neurofibromatosis
19855,2;3;4;6,FA1;FA5;FA7;FA8,4,0,PGC4 Schizophrenia
21923,,,0,1,Explore
21685,3;14,FA1,1,0,Duplicate of Nick Seah Master's Thesis Working (is processing by Asra )
21920,,,0,1,HSCR
21913,4,FA1;FA5,2,0,Comparative effects of Medications in Mental Health
21911,1;4;6,FA1;FA5;FA7;FA8,4,0,Structural Risks and Biomarkers for Cardio-Metabolic Disease
21910,3;5,FA1;FA8,2,0,Cancer Data - Rachel
13185,2;16,FA4;FA8,2,0,Rare variant burden on pharmacogenes
12855,2;5,FA1;FA8,2,0,"Melanoma GWAS, Controled Access"
18200,6,FA7,1,0,GeneticConfounding
21901,3;5;6,FA1;FA7;FA8,3,0,AL and cancer risks
21897,2;5,FA1;FA8,2,0,Prostate cancer 2
21896,2;5,FA1;FA8,2,0,Duplicate of Genetic-association and admixture analysis of prostate cancer risk
21893,2;3;5,FA1;FA8,2,0,Sept2024-Validation/identification of breast cancer genetic risk factors
21889,1;3,FA1;FA8,2,0,Investigation of Electronic Cigarette Use and Cardiovascular Disease
21887,1;2,FA1;FA8,2,0,identifying genetic markers of aortic aneurysms
17597,1,FA1;FA8,2,0,Cardiometabolic Genetic Research
6854,1;2,FA1;FA8,2,0,PRS
21877,1;3;6;7;16,FA1;FA4;FA7;FA8,4,0,Statin use and CVEA
21871,1;5,FA1;FA8,2,0,GLP-1 Analysis (MM)
21867,2;4;16,FA1;FA4;FA5;FA8,4,0,PGx and Risk Factors in OUD Development
21866,,,0,1,PGRN Workshop
21864,6;12,FA1;FA7,2,0,Hidradenitis suppurativa
21863,1,FA1;FA8,2,0,Duplicate of Phenotype - Type 2 Diabetes (v7)
21861,2;3,FA8,1,0,Duplicate of PGRN 2024 Scientific Meeting  All of Us Genomics workshopBG
21853,2;3,FA8,1,0,Duplicate of PGRN 2024 Scientific Meeting  All of Us Genomics workshop
21851,6,FA7,1,0,Transfer Topic Modeling for Target Populations
21832,2,FA8,1,0,Duplicate of All of Us Genomic Data
21840,10,FA1;FA4;FA8,3,0,Sickle_Cell_Disease_2
11453,1;2;10,FA1;FA4;FA8,3,0,FH and ancestry
21827,2;3,FA8,1,0,Duplicate of PGRN 2024 Scientific Meeting  All of Us Genomics workshop_YS
11904,1;2;14,FA1;FA8,2,0,Identifying genetic risk factors for transient ischemic attacks
21826,3;6,FA7,1,0,Complex Disease Biomarker Discovery and Disparity Study
18059,6;15,FA2;FA7,2,0,Predictive Factors of Impaired Lactation
21824,3;11,FA1;FA3,2,0,Research Group 2024
21821,2;3,FA8,1,0,PGRN 2024 Scientific Meeting  All of Us Genomics workshop (Nikita Kolosov)
21820,2;3,FA8,1,0,Duplicate of PGRN 2024 Scientific Meeting  All of Us Genomics workshopKP
21819,2;3,FA8,1,0,"Duplicate of PGRN 2024 Scientific Meeting  All of Us Genomics workshop, RGE"
21815,2;3,FA8,1,0,PGRN 2024 Scientific Meeting  All of Us Genomics workshop TJG
21814,4;5;13;15,FA1;FA2;FA5;FA8,4,0,Reduced Risk of Endometrial Cancer Associated with Smoking Tobacco
21811,2,FA8,1,0,Hemophagocytic Lymphohistiocytosis
21807,1;2;13,FA1;FA8,2,0,Sex-specific CVD associations
21542,,,0,1,Inflammatory Skin Diseases - New
21803,2;3,FA8,1,0,PGRN 2024 Scientific Meeting  All of Us Genomics workshop - CC
21800,5;6;9;12,FA1;FA7;FA8,3,0,Sjogren's Syndrome
21799,2;3,FA8,1,0,Duplicate of PGRN 2024 Scientific Meeting  All of Us Genomics workshop_RL
21798,2;3,FA8,1,0,"PGRN 2024 Scientific Meeting All of Us Genomics workshop, SB"
21797,2;3,FA8,1,0,PGRN 2024 Scientific Meeting  All of Us Genomics workshop [JMJ]
21795,2;3,FA8,1,0,Duplicate of PGRN 2024 Scientific Meeting  All of Us Genomics workshop_OB
21786,2;3,FA8,1,0,PGRN 2024 Scientific Meeting  All of Us Genomics workshop - DGP
21785,2;3,FA8,1,0,VCU at PGRN
21760,4;6;7;15,FA1;FA2;FA5;FA7,4,0,Duplicate of FitBit Usage Pattern on Physical Activities & Sleep
21784,2;3,FA8,1,0,Duplicate of PGRN 2024 Scientific Meeting  All of Us Genomics workshop MSK
21782,2;3,FA8,1,0,Duplicate of PGRN 2024 Scientific Meeting  All of Us Genomics workshop KNT
21777,6,FA7,1,0,SUNY Downstate research
11638,1;2;16,FA1;FA4;FA8,3,0,Drug response GWAS - Alex copy (20 September)
21776,2;3,FA8,1,0,PGRN 2024 Scientific Meeting  All of Us Genomics workshop [jds]
21772,2;3,FA8,1,0,Ivan Molotkov PGRN 2024 Scientific Meeting  All of Us Genomics workshop
21770,10,FA1;FA4;FA8,3,0,Assessment of the genetic underpinnings of lymphedema
21769,1;6,FA1;FA7;FA8,3,0,AoU_DM_NEW
21767,,,0,1,MECFS-PILOT
21765,2;3,FA8,1,0,Duplicate of PGRN 2024 Scientific Meeting  All of Us Genomics workshop DU
16763,1;4;5;6,FA1;FA5;FA7;FA8,4,0,Social stress
21764,9,FA1,1,0,High Uric Acid Readings in Patients with SLE and Kidney Failure
21763,3;16,FA4;FA8,2,0,Duplicate of Intro to All of us Electronic Health Record data SH
21762,3;16,FA4;FA8,2,0,Intro to All of us Electronic Health Record data
21761,2;3,FA8,1,0,Duplicate of Workshop: Intro to All of Us Genomics Data_EL
21759,2;3,FA8,1,0,Duplicate of PGRN 2024 Scientific Meeting  All of Us Genomics workshop_JY
21755,2;3,FA8,1,0,Duplicate of PGRN 2024 Scientific Meeting  All of Us Genomics workshop_WW
21753,5;7,FA1;FA8,2,0,Cancer comorbidities and physical activity (version 202409)
8141,1;3;15,FA1;FA2;FA8,3,0,Contraception Medication Sequencing
21219,5;6;15,FA1;FA2;FA7;FA8,4,0,SDOH and Health Care Utilization among Gynecologic Cancer Survivors
21751,2;3,FA8,1,0,Max's PGRN 2024 Scientific Meeting  All of Us Genomics workshop
12342,4;6;7;15,FA1;FA2;FA5;FA7,4,0,FitBit Usage Pattern on Physical Activities & Sleep
21749,1;2;14,FA1;FA8,2,0,Stroke Polygenic Risk Scores
14066,6,FA7,1,0,wz-lifestyle-005-v7
21747,4;5;6,FA1;FA5;FA7;FA8,4,0,SDOH and Smoking Behaviors
21746,6,FA7,1,0,Housing and healthcare access
15978,2,FA8,1,0,pgs-bias
21743,6,FA7,1,0,Duplicate of SGM Cancer_ONLY
21741,2;3,FA8,1,0,Duplicate of PGRN 2024 Scientific Meeting  All of Us Genomics workshop_CKN
15262,1;3;6,FA1;FA7;FA8,3,0,Demographic differences in metabolic syndrome - Descriptive
21718,5,FA1;FA8,2,0,Colorectal research
17625,2;18,FA1;FA7;FA8,3,0,Marzban
16106,,,0,1,fnaber_all
7594,7,,0,1,FitBit AoU Dataset v7
21704,2;10,FA1;FA4;FA8,3,0,GLP1/CETP Wolfram Syndrome MR
8140,,,0,1,Project tests
21697,5;7,FA1;FA8,2,0,Comparison of Cancer Populations
2290,11,FA1;FA3,2,0,Dementia-Alzheimer's-CRP
21698,6,FA7,1,0,Osteoporosis and food insecurity
20110,1;2,FA1;FA8,2,0,Regenie
14293,4,FA1;FA5,2,0,Duplicate of Intersectional Analysis
21693,5,FA1;FA8,2,0,BRCA1_UTI
11893,5;6,FA1;FA7;FA8,3,0,Breast Cancer Genetic Testing and Social Determinants of Health
12749,5;6,FA1;FA7;FA8,3,0,Quality of Life in Breast Cancer Survivors
21691,6,FA7,1,0,"Effects of race/ethnicity, sex, and socioeconomic deprivation on discrimination"
21690,1;2;13,FA1;FA8,2,0,Park Project
21689,3;6,FA7,1,0,SSC
21688,2;5,FA1;FA8,2,0,Predicting Cancer Response to Therapy
21682,3,,0,1,Creutzfeldt-Jakob Disease (CJD) AI Model Development
21223,1;2;6;14,FA1;FA7;FA8,3,0,Stroke Phenotype Association Study
11801,2;3,FA8,1,0,Intro to All of Us Genomics Data-LOF-sites
21665,,,0,1,Arthritis Lab Work
20302,1;3;7;18,FA1;FA7;FA8,3,0,Thesis Aim 1
21661,3;4,FA1;FA5,2,0,Characterize heterogeneity in Major Depressive Disorder
21458,1;3;14,FA1;FA8,2,0,Bio-Med Research
21655,1,FA1;FA8,2,0,Capstone Sandbox
21645,2;6,FA7;FA8,2,0,BP genetic heterogeneity
21644,1;3;6,FA1;FA7;FA8,3,0,Cardiovascular Disease Prediction in Patients with Type 2 Diabetes
21641,1;6;14,FA1;FA7;FA8,3,0,Diet and SDOH Impacts on Hypertension in MI
21640,9;12;13,FA1;FA7,2,0,Duplicate of Psoriasis and OSA Association
21636,2;3;6;14,FA1;FA7;FA8,3,0,Duplicate of Duplicate of Argonaute Syndrome- Ago3
21635,2,FA8,1,0,Research on HFpEF
21628,6,FA7,1,0,Peds Surg SDoH
17942,3;9,FA1,1,0,Combined risk score for celiac prediction
21627,,,0,1,Thesis
21625,1;6,FA1;FA7;FA8,3,0,Disparity in Healthcare Utilization across Insurance Types
21616,16,FA4;FA8,2,0,COMT Gene
21575,2;11,FA1;FA3;FA8,3,0,SVs
21210,7;15,FA2,1,0,Investigating heart rate and sleep quality data in menopause
21611,9;12;15,FA1;FA2;FA7,3,0,Autoimmune skin diseases and pregnancy outcomes
21608,6;15,FA2;FA7,2,0,Access to HRT for Relief of Menopause Symptoms
7681,2,FA8,1,0,Association studies of tandem repeats_Genomics tier_v7_250k WGS
21606,1;3;6,FA1;FA7;FA8,3,0,Readmission in Heart Failure V7
21602,3;4;15,FA1;FA2;FA5,3,0,APO-PTSD
12441,1;2;5;8,FA1;FA8,2,0,HCC Genetics
21598,,,0,1,Urological Outcomes in Gender Dysphoria
18593,3;4;6,FA1;FA5;FA7,3,0,"Sociocultural Supports, Risk Factors, and Substance Use in Hispanic Adults"
21596,9,FA1,1,0,Juvenile localized scleroderma
21592,5,FA1;FA8,2,0,Glucose Capped AuNPs
21588,,,0,1,new
21587,1,FA1;FA8,2,0,Diabetes and Cardiomyopathy
21585,6,FA7,1,0,Health Care Access and Utilization
21582,1;6,FA1;FA7;FA8,3,0,Duplicate1 of Examining untreated and undiagnosed hypertension among SGM adults
21577,4;6,FA1;FA5;FA7,3,0,GBMSM dissertation
21573,,,0,1,MYBPC3 Cardiomyopathy
21571,6;11;14,FA1;FA3;FA7,3,0,Disparities in Dementia Diagnosis after TBI
21568,,,0,1,PAMAS_WM_ADHD
21564,1;5;9;12,FA1;FA7;FA8,3,0,Psoriasis study
21562,1;3;6,FA1;FA7;FA8,3,0,hypertension prevalence and barriers to care in underrepresented groups
8739,2,FA8,1,0,genCOST
9885,8,FA1,1,0,Assessing health-related social needs -- Controlled Tier (v7)
20630,2,FA8,1,0,TelSeq
12385,5,FA1;FA8,2,0,How are Mosaic Chromosomal Alterations Associated with Risk of Multiple Myeloma
21545,13,FA1,1,0,Alpha 1-Antitrypsin Deficiency Prevalence and Health Impact
21543,4;6;12,FA1;FA5;FA7,3,0,epi of dermatologic dz
10222,12,FA1;FA7,2,0,Epidemiology of Diseases
21540,2,FA8,1,0,Explore with genomics
21536,2,FA8,1,0,Duplicate of AllofUs Project
20224,1;3;6,FA1;FA7;FA8,3,0,Availability of Health Information within the Diabetic Population
20616,1;2;3,FA1;FA8,2,0,QTL
8926,2;6;9,FA1;FA7;FA8,3,0,Identity-by-descent in the United States/ NE Region
19951,1;4;6;14;15,FA1;FA2;FA5;FA7;FA8,5,0,Mental Health and HDP
15450,1,FA1;FA8,2,0,T2D_ACAF_PLINK2
21438,2,FA8,1,0,Genomic risk factors for Influenza A & B
6354,2;5;6,FA1;FA7;FA8,3,0,Prostate cancer genetics
21521,1,FA1;FA8,2,0,Obesity Genetics
18107,2;18,FA1;FA7;FA8,3,0,Menieres_disease
21515,8,FA1,1,0,Covid and Comorbidities - Time
21514,3;5;18,FA1;FA7;FA8,3,0,ENT-Greene Project
21510,6;9,FA1;FA7,2,0,Healthcare Access in Patients With Inflammatory Bowel Disease
21507,3,,0,1,Network analysis -- DP(CT)
21506,3,,0,1,Network Model -- DP
21500,5;6,FA1;FA7;FA8,3,0,Breast cancer in women
21497,5;6,FA1;FA7;FA8,3,0,Melanoma Treatments
20994,4,FA1;FA5,2,0,Use of SSRI/CBT in Obese Adults
21493,3;10,FA1;FA4;FA8,3,0,Genetic Modifiers in Cystic Fibrosis
21492,2;4,FA1;FA5;FA8,3,0,Opioid Genomic Analysis
21491,5;7,FA1;FA8,2,0,Fitbit GI Cancer
21485,1;2,FA1;FA8,2,0,cross-modality
21450,4,FA1;FA5,2,0,Opioid Analysis
21479,1;16,FA1;FA4;FA8,3,0,Metformin PGx Controlled
21471,,,0,1,Diverticulitis Research
21473,,,0,1,Pituitary Study
21472,4,FA1;FA5,2,0,Opioid Overdose Exploration
21463,3;6,FA7,1,0,Social Determinants of Health and Patient Outcomes
19191,,,0,1,Interindividual variability in liver toxicity
21462,5,FA1;FA8,2,0,AI Prediction for Colorectal Cancer
21456,3,,0,1,Test Workbench
17767,2;8;9;11;14,FA1;FA3;FA8,3,0,TB & HSV PheWAS 2
21410,2,FA8,1,0,SSRI_genetics
17389,3;11,FA1;FA3,2,0,Evaluations of ADRD
21447,6,FA7,1,0,Duplicate of Acute Sleep Deprivation and Health Outcomes
12645,6,FA7,1,0,Acute Sleep Deprivation and Health Outcomes
21442,5;8,FA1;FA8,2,0,DLBCL in people with HIV
18787,4;6,FA1;FA5;FA7,3,0,Duplicate of Exploring association between SDoH and mental well-being
21436,1;8,FA1;FA8,2,0,ANG2 pathway and Endothelial Dysfunction
20269,,,0,1,Heterogenous Disease Risk Modelling
21430,1;4,FA1;FA5;FA8,3,0,Loneliness and Perceived Health
21432,4;6,FA1;FA5;FA7,3,0,Immigration and Mental Health Outcomes
21431,2;7,FA8,1,0,"Physical Activity, Genetics, and Chronic Health Conditions"
21426,,,0,1,Exploring the phenotypic spectrum of inborn errors of immunity in adults
21425,2;6,FA7;FA8,2,0,Duplicate of AncestryAdmixtureRegression
13336,15,FA2,1,0,Preconception use of medical services
10913,2;4;15,FA1;FA2;FA5;FA8,4,0,Risk Architecture of Postpartum Psychiatric Disorders
21419,9,FA1,1,0,Treg and Autoimmune Disease
21122,,,0,1,Forough Hammond
15643,2;8,FA1;FA8,2,0,HLA Pilot
21409,5;10,FA1;FA4;FA8,3,0,Duplicate of Germline mutations in cancer susceptibility genes - Working WS
19976,5;10,FA1;FA4;FA8,3,0,Germline mutations in cancer susceptibility genes - Working WS
8288,2,FA8,1,0,LongReadsTRs_v7
21396,5,FA1;FA8,2,0,Bone Cancer
21394,1;12,FA1;FA7;FA8,3,0,Duplicate of Inflammatory Skin Diseases and Associated Conditions
19803,,,0,1,Barriers to Care
16533,3;7;11,FA1;FA3,2,0,Aging prediction
21078,4;6,FA1;FA5;FA7,3,0,Chronic pain stigma and disparities
21374,1;2,FA1;FA8,2,0,Cardiomyopathy and HF GWAS
21371,5;6,FA1;FA7;FA8,3,0,SGM Cancer
21368,2;16;17,FA4;FA7;FA8,3,0,Duplicate of Demo - (PGx) variant frequency and medication exposures
21366,5;6,FA1;FA7;FA8,3,0,Food Insecurity among AYA Cancer Survivors
21318,15,FA2,1,0,Women's Research
21359,1,FA1;FA8,2,0,MI and predisposing factors
16070,2;11,FA1;FA3;FA8,3,0,Genetic Analysis
18435,3;4;6,FA1;FA5;FA7,3,0,Health disparities among sexual and gender minorities
19880,3;4;7,FA1;FA5,2,0,fitbit mental health and sleep
21353,1;6,FA1;FA7;FA8,3,0,prediabetes
16241,2;5;12;18,FA1;FA7;FA8,3,0,Investigating the genetic drivers for complex diseases
21346,1,FA1;FA8,2,0,SCN5A genetic variants and arrhythmia
21343,2;3,FA8,1,0,Duplicate of Demo - Siloed Analysis of All of Us and UK Biobank Genomic Data
20120,,,0,1,Health Changes Project
21334,2;8,FA1;FA8,2,0,HLA Genotyping Stage 2
21326,4,FA1;FA5,2,0,The use of stimulants and suicide risk
12234,1;2;6;7,FA1;FA7;FA8,3,0,CKD genomics v7
21328,1;5,FA1;FA8,2,0,MOSAIC Lab
18565,2;3,FA8,1,0,PRIMED_Coordinating_Center
21327,1;3,FA1;FA8,2,0,DukeCS
12134,6,FA7,1,0,Dissertation on AHP
19946,,,0,1,Health_monitoring_device_impact
21320,1;6,FA1;FA7;FA8,3,0,Study 2: Target Trial Emulation of CGM Use
21319,3;6,FA7,1,0,Multimodal_analysis
11814,,,0,1,Abyssinian Church
19689,1;2;7,FA1;FA8,2,0,Shared Lifestyles and Genetic Risk Factors of MAFLD and Diabetes
21315,6,FA7,1,0,Phototherapy Access
21312,1;6,FA1;FA7;FA8,3,0,SGM CVH
20960,1,FA1;FA8,2,0,Sleep Vs Cardiometabolic Risk
21304,2;3;5,FA1;FA8,2,0,Genetic interactions associated to breast cancer
5484,2,FA8,1,0,Immunogenomic Associations with Disease and Differential Risk
21306,4;8,FA1;FA5,2,0,Duplicate of How To Work With All of Us COPE Survey Data (v7)
20605,1,FA1;FA8,2,0,Genetics of Post Operative Atrial Fibrillation
20989,,,0,1,Charlson Risk Score
21300,7,,0,1,24-Hour Activity Cycle & Health
21296,2,FA8,1,0,How to Work with AOU Genomic Data
21292,11,FA1;FA3,2,0,Alzheimer's and Allergies
21291,2;3;6;11,FA1;FA3;FA7;FA8,4,0,"Genetic, environmental, and social drivers of health in dementia"
21287,1;8,FA1;FA8,2,0,"ME/CFS, Fibromyalgia, And Post-Viral Fatigue"
21285,1;2;15;16,FA1;FA2;FA4;FA8,4,0,PGx Influence on GI Side Effects in Diabetic and PCOS Patients
21284,1;5;6,FA1;FA7;FA8,3,0,EO His vs NHW
21283,,,0,1,HCFC1 variants and associations with potential developmental phenotypes
20969,2;3;4,FA1;FA5;FA8,3,0,Population Genetics and Environment in Mental Health
21276,,,0,1,Adhesive capsulitis
21270,3;13,FA1,1,0,Asthma Burden with the Controlled Tier
21268,,,0,1,Patient experiences with Advanced Practice Providers
16752,2;5;6,FA1;FA7;FA8,3,0,PGS for Breast Carcinoma in Diverse Populations
18546,2;11,FA1;FA3;FA8,3,0,LOXY
21264,1;2,FA1;FA8,2,0,Genetics of Cirrhosis and HCC
21263,2;6;13,FA1;FA7;FA8,3,0,ECHB-PRS
7987,,,0,1,V7 PheRS analysis
13974,5,FA1;FA8,2,0,Duplicate of Asian Germline Cancer Project
21259,2;5,FA1;FA8,2,0,IL7 SNP
21250,6,FA7,1,0,Risk Factors of Corneal Disease
21247,1;3;6,FA1;FA7;FA8,3,0,Cardiology
16673,1;6,FA1;FA7;FA8,3,0,Cirrhosis Readmission
21244,,,0,1,macro news under zip
20017,5;6,FA1;FA7;FA8,3,0,Racial/ Ethnic Disparities in Ovarian Cancer Survivorship
21242,7,,0,1,Cannabinoid and Sleep
21241,4,FA1;FA5,2,0,Differential Diagnoses
21235,2;16;17,FA4;FA7;FA8,3,0,Dup of Demo - Pharmacogenomics (PGx) variant frequency and medication exposures
21234,2;3,FA8,1,0,Applying Deep Learning to Understand Disease-Genotype Relationships
21232,5,FA1;FA8,2,0,Controlled Cancer & Medical Expansion Dataset
21204,9,FA1,1,0,Scleroderma Exploratory Descriptive Analysis
21229,9,FA1,1,0,Autoimmunity Lab
21224,2;8,FA1;FA8,2,0,HLA Genotyping Stage 1
21222,2;3,FA8,1,0,EHR PRS controlled
21220,1;2,FA1;FA8,2,0,Pediatric T2D
21218,2;3,FA8,1,0,EHR-PRS
18453,1;2;3;5;7;16,FA1;FA4;FA8,3,0,pheWAS glp-1R agonists
21095,10;14,FA1;FA4;FA8,3,0,SCA-TBI Exploratory Analysis
3113,6,FA7,1,0,MED299-Spring2022
8936,6,FA7,1,0,Sepsis_VALIDATION
13611,2;5;6;12,FA1;FA7;FA8,3,0,wz-pca-001-v7
4384,,,0,1,Validation of Phenotype Risk Scores
21200,1;6,FA1;FA7;FA8,3,0,2.0 SDoH factors and Racial/Ethnicity identity associated with Type 2 Diabetes
15165,1;3;5;6;7,FA1;FA7;FA8,3,0,Breast Cancer Project
21198,1;6,FA1;FA7;FA8,3,0,Differences in Obesity-Related Comorbidities Among Rural vs. Urban Populations
21193,2,FA8,1,0,GWAS_SpeechDelay
9702,7;8,FA1,1,0,Wearable Data Exploration
21186,4;6,FA1;FA5;FA7,3,0,Autism and Mental Health
21184,1;2,FA1;FA8,2,0,Biostats
21181,15,FA2,1,0,Endometriosis biomarkers
21177,1;7,FA1;FA8,2,0,CKD
14805,2;10;15,FA1;FA2;FA4;FA8,4,0,Genetic correlates of perinatal HIE
21173,2,FA8,1,0,SjD+AAB TWAS
8414,4;6,FA1;FA5;FA7,3,0,The biology of stress in the neighborhood context (Controlled Tier V7)
21170,1;3,FA1;FA8,2,0,Duplicate of SAS Demonstration:
16979,2,FA8,1,0,SPLASH Population Variation
21166,2,FA8,1,0,Jordan GSCAN3 GxE Analyses
21164,,,0,1,Test 1
21163,3,,0,1,Automated Machine Learning and Gene-Environment Ineractions
20030,14,FA1,1,0,Migraine prediction
10446,6;15,FA2;FA7,2,0,Postpartum Care and Disparities in Maternal Health Outcomes
20835,8,FA1,1,0,Barriers to treatment among people with Hepatitis C
21158,6,FA7,1,0,Predictors of Variants of Uncertain Significance Results
19958,10;11,FA1;FA3;FA4;FA8,4,0,Phenotypes of Undiagnosed Heterozygotes of OTC deficiency and Fabry disease
21155,1;3;15,FA1;FA2;FA8,3,0,Duplicate of Contraception Medication Sequencing
11260,2,FA8,1,0,Urate Hyper- and hypouricemia associations-CDR7
21152,6;9;15,FA1;FA2;FA7,3,0,Duplicate of IBD and Endometriosis
21151,,,0,1,Papilledema Study
11400,1;3;6,FA1;FA7;FA8,3,0,"Black Bodies Matter - Diabetes, PAD, Limb Loss"
19471,1,FA1;FA8,2,0,Effect of Major SNPs on NASH
15344,1;2,FA1;FA8,2,0,CV_disease_GLI_controlled
21150,5,FA1;FA8,2,0,AA lung cancer
21032,2,FA8,1,0,PGS_Portability_Exploration
21149,1;9,FA1;FA8,2,0,Duplicate of Duplicate of Epidemiology of Inflammatory Skin Conditions v6
20871,2;16,FA4;FA8,2,0,Pharmacogenomic Variant and Haplotype Analysis
9502,2;4;6,FA1;FA5;FA7;FA8,4,0,Transferability of polygenic scores for substance use across genetic ancestries
21142,10,FA1;FA4;FA8,3,0,Duplicate of Pathogenic allele frequency - exploration
21141,2;6;7,FA7;FA8,2,0,Quantifying genetic risk across CV risk factors and outcomes
7968,1,FA1;FA8,2,0,BP_Meds_Genetics
21135,4,FA1;FA5,2,0,AoU FGIDs Analysis
21134,7,,0,1,Fitbit Metrics and Procedure Complications
21093,3;4;6;8,FA1;FA5;FA7,3,0,Long_Covid_tdv7
21132,1;3;4;6;7,FA1;FA5;FA7;FA8,4,0,CVD & Depression in Hispanics Fitbit
18718,2,FA8,1,0,Kanishk's Workspace
21128,4;12,FA1;FA5;FA7,3,0,Finasteride Side Effects
9514,1;4;6;18,FA1;FA5;FA7;FA8,4,0,Allostatic load & Glaucoma
21121,,,0,1,AM_testing
17494,2;6,FA7;FA8,2,0,V2: Genome-Wide Association Study in Gout of African Americans
21120,,,0,1,EDS
14518,8,FA1,1,0,HIVAndCOVID
21119,,,0,1,Pubertal timing
7802,12,FA1;FA7,2,0,Controlled Tier - Dermatologic Disease in PEH
18245,2;3;4,FA1;FA5;FA8,3,0,MDD_AND_INFLAMMATION_IN HISPANIC_GROUPS
21114,12,FA1;FA7,2,0,Neurotic Excoriations/Factitial Dermatitis
21111,,,0,1,Duplicate of Orthopedic fractures
21110,1;2,FA1;FA8,2,0,Atherosclerosis
21109,11,FA1;FA3,2,0,Chen's AD projects
21107,2;5,FA1;FA8,2,0,Duplicate of Complex Traits GWAS and Polygenic Scores (v7)
21104,2;5,FA1;FA8,2,0,PRS for Lung Cancer
21102,1;2,FA1;FA8,2,0,High GFR High CR Common Variants in Kidney Disease
21100,1;2;14,FA1;FA8,2,0,Sex- and race-differences in cardiovascular diseases
21099,14,FA1,1,0,Migraine with Overactive Bladder or Interstitial Cystitis as comorbidity
14794,12,FA1;FA7,2,0,Comorbidities associated with White Blood Cell Disorders
21098,6;18,FA1;FA7,2,0,SDOH and Eye Disease
20311,,,0,1,Hyperparathyroidism - Isha
21096,1,FA1;FA8,2,0,Mechanisms for cardiac fibroblast activation after myocardial infarction
21094,1;6,FA1;FA7;FA8,3,0,Venous Thromboembolism Disparities
21091,15,FA2,1,0,Cellular Metabolism and PCOS
21086,2;3,FA8,1,0,Intro to All of Us Genomics Data
10721,3;4,FA1;FA5,2,0,PTSD_ASUD_Wang_Lab1
21084,6,FA7,1,0,Income Disparity & Disease Risk
21082,2,FA8,1,0,Genetic interaction analysis on large cohorts
21074,2;4,FA1;FA5;FA8,3,0,psychiatric genetics
21073,2;10,FA1;FA4;FA8,3,0,Identifying and characterizing individuals resilient to severe genetic disorders
19865,3;5;6,FA1;FA7;FA8,3,0,Internship - Lung Cancer
21067,2;5,FA1;FA8,2,0,Zibo Research Cancer Genomics Study
21066,2;5,FA1;FA8,2,0,CancerGenetics
21065,6;12;13;18,FA1;FA7,2,0,Atopic Disease
21062,1;2,FA1;FA8,2,0,Duplicate of VTE Population Analysis
20766,6;7,FA7,1,0,EH Wearables and The Human Phenome
20487,18,FA1;FA7,2,0,Controlled Tier Genetics
13682,3;6;15,FA2;FA7,2,0,Identifying OB Events
21037,2;3;5;10,FA1;FA4;FA8,3,0,Exploring the Disease Spectrum of CTNNA1 and CDH1
21060,2;10,FA1;FA4;FA8,3,0,SSc_MR
21059,2;6,FA7;FA8,2,0,NDD_202408
20898,,,0,1,v1 Poor Quality of Life from the All of Us Research Program
12498,,,0,1,prescription opioids and alcohol use
19194,6,FA7,1,0,Mental & Physical Health
16509,4;6,FA1;FA5;FA7,3,0,General Health & Quality of Life
15549,6,FA7,1,0,Food Insecurity
15548,,,0,1,Duplicate of ADHD
12752,1,FA1;FA8,2,0,BMI
12501,,,0,1,ADHD
21054,1,FA1;FA8,2,0,ADPKD Cohort Exploration
21049,,,0,1,POAG_Inflam
9616,3,,0,1,Describing EHR-linked biobanks
21045,1;2;6,FA1;FA7;FA8,3,0,Polygenic risk score evaluation using all of us genetic data
21043,3;7,,0,1,SafeHealthFL: Safeguarding Health Data through Federated Learning
21041,2;5,FA1;FA8,2,0,Ancestry_Targeted_Cancer_Panel
21039,5;6,FA1;FA7;FA8,3,0,Cancer-associated genetic variants in diverse populations
21038,3;7;9,FA1,1,0,MVPA-IBD
21030,1;5,FA1;FA8,2,0,Clonal Hematopoiesis and Lung Cancer
21022,,,0,1,Roger_birthtrauma
21006,2,FA8,1,0,Structural Variant Signatures in Germline Genomes
21017,5;6,FA1;FA7;FA8,3,0,Colorectal Cancer Screening Post Medicaid Expansion
20155,6,FA7,1,0,Atopic Disease and SGM minority
21015,3;4;6,FA1;FA5;FA7,3,0,Mental Health and Blepharoptosis
21011,6,FA7,1,0,Duplicate of Data Exploration
21010,2;4,FA1;FA5;FA8,3,0,Ian's space 240820
21009,2,FA8,1,0,Duplicate of WGS_TLtyping_1
12244,1;2,FA1;FA8,2,0,Copy Nuclear genetic control of mtDNA copy number and heteroplasmy in humans
20899,1;2,FA1;FA8,2,0,Duplicate of Genetic determinants of mitochondrial DNA phenotypes
21005,1,FA1;FA8,2,0,Healthcare utilization for individuals with type 2 diabetes and obesity
21004,1;3;11,FA1;FA3;FA8,3,0,Duplicate of Shared Workspace_Staton
4669,1;3,FA1;FA8,2,0,5% trial v6
20998,,,0,1,Missing Values in CGM Data
10870,1;2,FA1;FA8,2,0,Duplicate of Type 2 Diabetes and Lipids PRS Current
20992,2,FA8,1,0,Y_Haplogroup_2024
20990,2,FA8,1,0,SBO
12067,1;2;14,FA1;FA8,2,0,Etiologic predictors of cardiovascular events among individuals with migraine
20987,1;3;7,FA1;FA8,2,0,Digital biomarkers for early diabetes detection
20986,1;11,FA1;FA3;FA8,3,0,Cognitive impairment in CKD
20985,,,0,1,Healthcare Access of Participants in Philadelphia Workforce Training Program
20984,,,0,1,Multimodal Prediction of Lumbar Spondylosis Outcomes
15646,7,,0,1,Sleep and The Human Phenome - Registered Tier Data Analysis
20981,,,0,1,Motivational Interviewing and AI
20978,2;5;6,FA1;FA7;FA8,3,0,CDKN1A variant
20548,6,FA7,1,0,V3 Multiple marginalization and social determinants of health on overall health
20975,2;3,FA8,1,0,Evaluation and exploration of genetic capabilities
20974,2,FA8,1,0,Castleman Genome Project
20968,2;5,FA1;FA8,2,0,Genome-wide association studies of cholelithiasis and biliary tract cancer
19557,,,0,1,Sex_Chr_Ploidy
20967,2;5,FA1;FA8,2,0,a.	Genome-wide association studies of cholelithiasis and biliary tract cancer
20965,2;4;6,FA1;FA5;FA7;FA8,4,0,Genomic analysis of anxiety in populations
20964,4,FA1;FA5,2,0,Alcohol Research using All_of_US
20963,3;4;6,FA1;FA5;FA7,3,0,Disparities in SUD Diagnoses - EDGE P50
20962,3;6;7,FA7,1,0,Fitbit and Lab Measures
20959,6,FA7,1,0,Asian American Orthopedics
13885,,,0,1,Duplicate of PAD Preliminary Data
20957,2;4,FA1;FA5;FA8,3,0,AUD ExWAS
17422,2;4,FA1;FA5;FA8,3,0,Investigating the Immunogenetic Basis of PTSD
11688,2;13,FA1;FA8,2,0,LungOmicsV7
20955,,,0,1,Optic_atrophy_controlled tier
20953,9,FA1,1,0,Autoimmune Disease
20952,2;11;13,FA1;FA3;FA8,3,0,Obstructive_sleep_apnea_Alzheimer_PRS
20951,,,0,1,Duplicate of Inflammatory Skin Diseases
20942,2;4,FA1;FA5;FA8,3,0,IAN: Genetic Studies
20939,,,0,1,Tripology
20765,2;4,FA1;FA5;FA8,3,0,Spine project
13548,4;7,FA1;FA5,2,0,Fitbit sleep of opioid  and cannabis users
20756,7;9;12,FA1;FA7,2,0,Autoimmune -registered tier
20931,2;4,FA1;FA5;FA8,3,0,OUD Share
20663,1;10,FA1;FA4;FA8,3,0,Kidney Disease Genetics
20902,4;6,FA1;FA5;FA7,3,0,Antidepressants and depression remission
8999,10,FA1;FA4;FA8,3,0,MAVEComparison
20803,,,0,1,Erythromelalgia
20914,1;9,FA1;FA8,2,0,Duplicate of Epidemiology of Inflammatory Skin Conditions v6
20911,1,FA1;FA8,2,0,DVT and PE Incidence in people with Restless Leg Syndrome
20909,1,FA1;FA8,2,0,Workspace: Type 1 Diabetes (081524)
20904,6,FA7,1,0,CH Research month
20869,4,FA1;FA5,2,0,Personalized Nutrition Initiative Abstract
12277,1;10,FA1;FA4;FA8,3,0,OLD - Monogenic Diabetes
19639,1;2,FA1;FA8,2,0,Systemic sclerosis (duplicated)
19416,4,FA1;FA5,2,0,BPD
18929,1;5,FA1;FA8,2,0,HYN to heart failure
19634,,,0,1,Disputed Genes
20624,6;12,FA1;FA7,2,0,Trans Derm Project
20889,3,,0,1,AoU_Health_Condition_Prevalences_v7 (Global Disease Burden)
20885,4,FA1;FA5,2,0,2 Poor Quality of Life & Poor Mental Health from the All of Us Research Program
20883,1;2;14,FA1;FA8,2,0,Environmental and genetic components of cerebrovascular diseases
20708,1;3;4;6;15,FA1;FA2;FA5;FA7;FA8,5,0,Kathy's Placenta Accreta and Future Depression
20865,2;18,FA1;FA7;FA8,3,0,WGS-QC
20880,1;7;9,FA1;FA8,2,0,Sleep health and risk of kidney stone disease: Association and physiopathology
20877,1;2,FA1;FA8,2,0,Novel SNPs in Vascular Disease
18468,2;9,FA1;FA8,2,0,MS CNVs and SNVs_v7 245k WGS release_May 2024_Controlled Tier
18206,2;5,FA1;FA8,2,0,Prostate Cancer and Genomics
20866,1,FA1;FA8,2,0,Duplicate of T2D_zipcode
20862,4;7,FA1;FA5,2,0,Stress and sleep via mobile health
20114,1;3;4;6;15,FA1;FA2;FA5;FA7;FA8,5,0,Placenta Accreta and Future Depression
18312,,,0,1,Lipedema
20859,1;6,FA1;FA7;FA8,3,0,Mediators of Social Determinants of Health and Cardiovascular Health in Women
20858,9;12,FA1;FA7,2,0,Prevalence of Psoriasis
8089,2;6;12,FA1;FA7;FA8,3,0,Genetics of Hidradenitis Suppurativa v7_2
20115,1;2,FA1;FA8,2,0,Phenotype Association With Genes3
20855,6,FA7,1,0,CureGN SDOH
6287,4,FA1;FA5,2,0,Fentanyl Study
14584,2;6,FA7;FA8,2,0,Height and HTN PRS Project
20839,13,FA1,1,0,healthcare utilization for ILD patients
20834,2;4;9,FA1;FA5;FA8,3,0,shared-pathomechanisms-immune-disease
20776,4,FA1;FA5,2,0,Heterogeneous treatment effects of antidepressants
20027,4,FA1;FA5,2,0,(OId) Heterogeneous treatment effects of antidepressants
20831,2,FA8,1,0,test1_controlled_tier
20828,2,FA8,1,0,DILI Genetics - Shared with Wilke lab
8689,2;5;6;10,FA1;FA4;FA7;FA8,4,0,Factors Implicated in Hereditary Breast and Ovarian Cancer Disparities
20061,,,0,1,EM prev/comorbid
20819,5,FA1;FA8,2,0,AGS VARIANTS AND ALL BY ALL II
20657,4;6;7;19,FA1;FA5;FA6;FA7,4,0,Social determinants of sleep health among US adults by gender and race-ethnicity
20730,4;6;7,FA1;FA5;FA7,3,0,Impact of Perceived Stress on Sleep Health Across Diverse US Demographic Groups
20731,6;7,FA7,1,0,Religiosity in Relation to Sleep Health among US Adults
20810,1;2,FA1;FA8,2,0,Duplicate of The ePRS project
20813,2,FA8,1,0,Pancreatitis Genomics
20757,,,0,1,Longitudinal Analysis of Adverse Drug Reactions and Treatment Efficacy
20724,2;16,FA4;FA8,2,0,Comprehensive Pharmacogenetic Variant and Haplotype Analysis
18620,1;2,FA1;FA8,2,0,The ePRS project
11227,6;9;15,FA1;FA2;FA7,3,0,IBD and Endometriosis
20806,,,0,1,Illuminating the Landscape of High-level Clinical Trial Opportunities
20805,,,0,1,Oculoplastics
20804,4;6;15,FA1;FA2;FA5;FA7,4,0,Pathways 2
20798,18,FA1;FA7,2,0,Global period - YAG
20797,5,FA1;FA8,2,0,Genetic Biomarkers in CTCL
20793,3,,0,1,Lysosomal storage research - Data Science Thesis Project
16909,7,,0,1,Descriptive Study of Physical Activity v2
20787,,,0,1,My Workspace Yin
20786,1;2,FA1;FA8,2,0,Duplicate of Common Variants in Kidney DIsease
20785,6,FA7,1,0,Head and Neck Workspace
20362,4;6,FA1;FA5;FA7,3,0,"Neighborhood condition, social context and IBS"
20783,2;5;6,FA1;FA7;FA8,3,0,SDOH liver
20778,,,0,1,Optic atrophy cohort
19890,3;6;11,FA1;FA3;FA7,3,0,Associations between social determinants of health and Alzheimer’s disease
15214,3;6;10,FA1;FA4;FA7;FA8,4,0,Familial Hypercholesterolemia
19362,2;5,FA1;FA8,2,0,CRC GxE MPRA
20762,2,FA8,1,0,Duplicate of genetic association analysis test
18339,,,0,1,SDHAF2
20758,1;2,FA1;FA8,2,0,Duplicate of Genetics of Cirrhosis
18624,5;6,FA1;FA7;FA8,3,0,rural - urban / neighborhood perception
12900,2,FA8,1,0,Time-to-event associations
20754,2;11,FA1;FA3;FA8,3,0,AD PRS
18744,1;11,FA1;FA3;FA8,3,0,ML in Time-to-Event Prediction of VA among Older Adults with T2DM and CAD
12241,1;9,FA1;FA8,2,0,High-dimensional characterization of sequelae of GLP-1 RA
20442,4;5;8,FA1;FA5;FA8,3,0,HIV and Cancer
20745,7;9;12,FA1;FA7,2,0,Autoimmune skin diseases
20743,1;4,FA1;FA5;FA8,3,0,Alcohol Use Workspace
20600,2;4;16,FA1;FA4;FA5;FA8,4,0,Susceptibility to Antidepressant Therapy Side - GWAS
20740,6,FA7,1,0,Duplicate of Neighborhood & health
20738,8,FA1,1,0,HIV and Lactase
20737,1;2;15,FA1;FA2;FA8,3,0,Maternal Predictions of Obesity
20732,4;6,FA1;FA5;FA7,3,0,Latino men Mental Health
19308,2,FA8,1,0,WGS_TLtyping_2
20729,,,0,1,Activators of G-protein signaling and genetic variation
16500,1;2;3,FA1;FA8,2,0,Genetics of Myocarditis
20721,1,FA1;FA8,2,0,Primary Hypertension
11140,1;2;14;16,FA1;FA4;FA8,3,0,ABCD-GENE project
20715,1,FA1;FA8,2,0,transferlearning
18802,7,,0,1,_Conformal Prediction Investigation - Fitbit Data
12230,2,FA8,1,0,PRS v7
19357,4;6,FA1;FA5;FA7,3,0,Intersectionality and Smoking Among BIPOC SGM
20706,,,0,1,External Validation of UK Biobank SNPs for Spinal Pathologies
20698,2;5,FA1;FA8,2,0,Duplicate of Characterizing germline-cancer predisposing variant patterns
20697,4;6;8,FA1;FA5;FA7,3,0,"HIV, Stigma and Substance Use"
13393,2;9;14;15,FA1;FA2;FA8,3,0,MS and Endometriosis
3180,,,0,1,Ophthalmic Epidemiology
20690,1,FA1;FA8,2,0,IIH and Anemia
20682,3,,0,1,Critical Care Cognition & Mobility
4425,1;2,FA1;FA8,2,0,Genetics of Cirrhosis
20675,15,FA2,1,0,AMH and placentation mediated pregnancy outcomes
20127,2;11,FA1;FA3;FA8,3,0,Constructing Age-dependent PheWAS Network
20672,7,,0,1,Fitbit research
18278,1,FA1;FA8,2,0,Comparing ASCVD Risk Estimates Using the PCE and PREVENT Equations
20660,2;18,FA1;FA7;FA8,3,0,Validating AMD Predictors
20664,1;2;3;4;8,FA1;FA5;FA8,3,0,Ancestral variation at CTRA gene loci
20649,1;5,FA1;FA8,2,0,CHIP Mutation Analysis
20645,2,FA8,1,0,How to Work with All of Us Genomic Data (Hail - Plink)(v7)
20642,13,FA1,1,0,Exacerbation cohort
15255,1;3;6;15,FA1;FA2;FA7;FA8,4,0,Study 1: Determinants of CGM Use
2196,10,FA1;FA4;FA8,3,0,Sickle Cell Trait (SCT) Associated Clinical Outcomes (SEP 2022)
20639,1;6,FA1;FA7;FA8,3,0,Perceived Neighborhood Impact on BMI
20636,2;3,FA8,1,0,genosyn
4202,1;2,FA1;FA8,2,0,Genetic determinants of mitochondrial DNA phenotypes
15663,5;6;15,FA1;FA2;FA7;FA8,4,0,Abnormal Uterine Bleeding
20625,,,0,1,SRC Pod 5 Project 1
20619,1;2,FA1;FA8,2,0,PR GWAS
8538,,,0,1,Genetic load
16603,1;2,FA1;FA8,2,0,Rare Variants ~ T2D
20614,1;3,FA1;FA8,2,0,Diabetes and CAD pt 2 - Applied Machine Learning Course
17842,2;3;16,FA4;FA8,2,0,WGS Processing
16230,1;2;16,FA1;FA4;FA8,3,0,Polygenics and Pharmacogenetics in Drug Efficacy
14552,1;2;6;8,FA1;FA7;FA8,3,0,Genetic Predispositions and Post Acute Sequelae of COVID-19 (PASC)
20609,3;6;11,FA1;FA3;FA7,3,0,Associations between SDoH and Alzheimer's - Controlled Tier
9824,2;3,FA8,1,0,Duplicate of Genomics-Workshop-July2023_230712
20606,1;4;11;14,FA1;FA3;FA5;FA8,4,0,Brain Care
20555,1;5;6,FA1;FA7;FA8,3,0,"Discrimination, and Cardiac Risk Factors in Cancer Patients v2"
20602,1,FA1;FA8,2,0,Sleep & Health Metrics Research
20598,2;6;11,FA1;FA3;FA7;FA8,4,0,genetic analysis for sarcopenia
20597,8,FA1,1,0,Duplicate of Long COVID
20596,5,FA1;FA8,2,0,cnsl and vrl
20595,2;3;6,FA7;FA8,2,0,Pancreatitis - Registered
20582,2,FA8,1,0,ACL Injury
20581,3;6,FA7,1,0,Burn Population SES & Clinical ML Analysis
14508,2,FA8,1,0,AoU Ancestry Definitions v7 GWAS - Aishi
20573,6,FA7,1,0,Overactive bladder
20570,4;13,FA1;FA5,2,0,AERD
20568,,,0,1,Interstitial Cystitis
20566,1;6;14,FA1;FA7;FA8,3,0,Diagnosis and Treatment of Atrial Fibrillation
20563,2,FA8,1,0,FH_project
20564,2,FA8,1,0,Health Changes Project3
20562,6;18,FA1;FA7,2,0,ACLED
19857,1;5;6,FA1;FA7;FA8,3,0,"CVD, Treatment Burden and Quality of life"
20558,3;5,FA1;FA8,2,0,Lung Cancer Data
5098,2;4;6;14,FA1;FA5;FA7;FA8,4,0,Biomarkers associated with TBI outcome in African ancestry individuals (v6)
20514,2;6,FA7;FA8,2,0,Multi-Ancestry GWAS of Autism Spectrum Disorder
9448,1;2,FA1;FA8,2,0,cad_rvas
20545,1,FA1;FA8,2,0,Recent Antibiotic Use and HbA1C Levels
20540,6;15,FA2;FA7,2,0,Healthcare Utilization and Barriers to Care for Women with GYN Conditions
20539,3;7,,0,1,Duplicate of LearningWorkspace
20535,2;6,FA7;FA8,2,0,Marten gnomAD Methods Testing
2800,3;7,,0,1,LearningWorkspace
20534,6;18,FA1;FA7,2,0,Ophthalmology
20175,1;3;4;6,FA1;FA5;FA7;FA8,4,0,Acute cardiovascular events during sociopolitical stress periods
13210,1;2,FA1;FA8,2,0,NHLBI-ECHB
20524,3;5;6,FA1;FA7;FA8,3,0,Machine learning to predict breast cancer non-remission V2
20520,,,0,1,Psych Structural Variants
20133,4,FA1;FA5,2,0,Blepharoptosis and Psychosocial Stress
20519,4;6,FA1;FA5;FA7,3,0,"Neighborhood quality & Social determinants of opioid use, abuse and dependance"
20517,2;8,FA1;FA8,2,0,Cryptococcal Meningitis
20515,12;13,FA1;FA7,2,0,Urticaria and associated comorbidities
20513,1,FA1;FA8,2,0,POPDC2
20506,6,FA7,1,0,Workspace
20471,2,FA8,1,0,GxE
13391,2;3,FA8,1,0,PheRS_geneticdisease_diagnosed_geneticancestry
5679,1;2;12,FA1;FA7;FA8,3,0,genomics_test
19724,8,FA1,1,0,Infection
20477,6;15,FA2;FA7,2,0,GDM in Pregnant Women & Health Literary & Social Det. of Health
20497,7,,0,1,Sleep disorders and Fitbit data
20491,2,FA8,1,0,Portability of polygenic risk scores
20485,5,FA1;FA8,2,0,Kaposi Sarcoma
20482,4,FA1;FA5,2,0,MAUD prescribing practices
19238,1;3;4;6,FA1;FA5;FA7;FA8,4,0,Multi-Dimensional Risk Factors for Heart Failure in Hispanic Population
17253,,,0,1,gene_environment_interactions
8146,2;13,FA1;FA8,2,0,PRSxtra AoU
20472,1;7;15,FA1;FA2;FA8,3,0,Exploration of FitBit Data r/t Pregnancy
15726,4;6,FA1;FA5;FA7,3,0,"Neighborhood Disadvantage, Prescription of Medication, and Opioid Abuse"
16594,,,0,1,Characterizing human mutation rates
20457,2;3;6;7,FA7;FA8,2,0,Sleep PheWAS CTv7 Community Workspace
20458,2;3;6;7,FA7;FA8,2,0,Sleep PheWAS RTv7 Community Workspace
20462,15;17,FA2;FA4;FA7,3,0,Population patterns in uterine fibroid treatment
20461,3;6,FA7,1,0,Duplicate of Demo - Social Determinants of Health MKJ
20460,,,0,1,pft and cardio
20456,11,FA1;FA3,2,0,Longevity pathway study
20448,18,FA1;FA7,2,0,Association of AMD with IMIDs
20446,1;2,FA1;FA8,2,0,Nonlinear PRS Investigations
20445,1;4;6,FA1;FA5;FA7;FA8,4,0,NHPI Secondary Data Analysis
20444,3;6,FA7,1,0,IBS Cohort Builder
20439,,,0,1,ACDF vs Disc Arthroplasty
12435,2;5,FA1;FA8,2,0,Female Breast Cancer
20431,12,FA1;FA7,2,0,The complex eczema patient
8111,2;3;15,FA2;FA8,2,0,Phenomic and Genomic Analysis of Endometriosis V7
7262,2;3;15,FA2;FA8,2,0,Phenomic and Genomic Analysis of Endometriosis V6
2727,2;3;15,FA2;FA8,2,0,Phenomic and Genomic Analysis of Endometriosis
2208,2,FA8,1,0,Covid
20428,3;4;7,FA1;FA5,2,0,WearNet for Major Depressive Order
20427,3;11,FA1;FA3,2,0,Hypo_ML
20426,2;5,FA1;FA8,2,0,Epidemiology of cancer risk genes
20416,2;4,FA1;FA5;FA8,3,0,TE AUD
20412,2;5;12,FA1;FA7;FA8,3,0,Genetic analysis of basal cell and squamous cell skin carcinomas
15286,2;5,FA1;FA8,2,0,Bladder cancer: the role of genetics and environment
20411,2,FA8,1,0,Obesity_BMI_ADIPOSIGN
20410,2,FA8,1,0,Validation of ML-MAGES method pipeline
20400,2;18,FA1;FA7;FA8,3,0,Genetic and Environmental Factors in Eye Conditions in a Diverse Population
20403,1;3;4,FA1;FA5;FA8,3,0,Dr. Raiszadeh - Cardiovascular Risk Factors for Schizophrenia Patients
5437,2,FA8,1,0,Creating_bgen_filtered_files
16363,1;6,FA1;FA7;FA8,3,0,Duplicate of SDoH associations with BMI
20397,1;3,FA1;FA8,2,0,Unsupervised Learning for Dietary Pattern Modeling
20396,1;6,FA1;FA7;FA8,3,0,Statins Disparity
16177,2;6,FA7;FA8,2,0,"Sleep, mental disorders, and SDOH"
17584,1,FA1;FA8,2,0,Obesity duration and cardiovascular events
20388,5;6,FA1;FA7;FA8,3,0,Financial burdens of thyroid cancer patients
20385,,,0,1,Creatine Global
11129,,,0,1,Duplicate of Genetic Alterations in Common Variable Immune Disease
20383,3;8,FA1,1,0,Host Genetic Determinants of Molecular Subphenotypes in Critical Illness
12371,1;2;5,FA1;FA8,2,0,Phenotype usa
20382,11,FA1;FA3,2,0,Biological/Physiological/Functional Parameter Fluctuations During Aging
20379,4;6,FA1;FA5;FA7,3,0,Mental Health Disparities_NYC
6131,5;6,FA1;FA7;FA8,3,0,Elucidating the molecular level difference in Breast cancer
20376,3;4;6,FA1;FA5;FA7,3,0,Perceived Discrimination in Intersectional Identities and Mental Health Outcomes
19403,1;4;5;6;7;8,FA1;FA5;FA7;FA8,4,0,"SDoH, cardiovascular health and CVD in Hispanic breast cancer survivors"
20370,3;11,FA1;FA3,2,0,LLM Drug Repurposing
20233,2,FA8,1,0,"Population-wide assay of variant effects for KCNH2, Long QT"
17107,2;4;8,FA1;FA5;FA8,3,0,Genetics of Psychiatric and Substance Use Traits
20361,5,FA1;FA8,2,0,Duplicate of Duplicate of Lung_Cancer_Analysis
20356,4;6,FA1;FA5;FA7,3,0,Demo - Social Determinants of Health
20322,2;5;9;15,FA1;FA2;FA8,3,0,Genetics of Endometriosis and Related Autoimmune Diseases
20343,,,0,1,LRS_AOU
12618,1;2;3;5;18,FA1;FA7;FA8,3,0,GWAS on Rare Phenotypes
20338,2;4,FA1;FA5;FA8,3,0,Duplicate of Genetic Architecture
12595,2;4,FA1;FA5;FA8,3,0,Neurogenesis Variants and Psychiatric Disorders
20332,,,0,1,HS-Controlled
20177,1;2;6,FA1;FA7;FA8,3,0,T2DGGI PheWAS
20331,13,FA1,1,0,HF cases
20329,,,0,1,GW Play workspace
20323,5;9,FA1;FA8,2,0,Autoimmune Conditions and Cancer Risks and Drug Repurposing
19852,1;11,FA1;FA3;FA8,3,0,Anti-HTN Medications and Cognitive Impairment in Elderly CKD Patients
14412,1;3;15,FA1;FA2;FA8,3,0,TL_new
17733,1;3;4;11;14,FA1;FA3;FA5;FA8,4,0,Alzheimer's Disease/ADRD_Sophia
20267,19,FA6,1,0,Climate Change Health Benchmark
20318,2,FA8,1,0,HKU_HSCR_crPRS
20314,5,FA1;FA8,2,0,Duplicate of Developing a poly genic risk assessment for cancer diagnosis
20310,2,FA8,1,0,PLM_replication
20303,1,FA1;FA8,2,0,Duplicate of HCC
19811,1;7;18,FA1;FA7;FA8,3,0,Physical Activity and Diabetic Retinopathy
20297,,,0,1,ACE polymorphism in Hispanics
20295,5,FA1;FA8,2,0,Prostate Cancer2
20294,,,0,1,IBS Cohort
20290,2;4,FA1;FA5;FA8,3,0,Jean PGS Pipeline Workspace
20289,2;4,FA1;FA5;FA8,3,0,Laura PGS Pipeline Workspace
20288,1;7,FA1;FA8,2,0,Jessica
20284,1;2;5,FA1;FA8,2,0,Type 2 Diabetes How to Work with All of Us Genomic Data Tutorial Comparison
20282,1;3;15,FA1;FA2;FA8,3,0,GLP-1 and Contraception Medication Sequencing
20276,1;3;7,FA1;FA8,2,0,Physical Activity and Weight Loss Medications (PCC Billing)
20237,3;7,,0,1,Physical Activity and Emergency Data (PCC Billing)
20273,6,FA7,1,0,Deception and Demographics
15453,1;2,FA1;FA8,2,0,Genetics of Anthropometric Traits
20271,1;2,FA1;FA8,2,0,"Genetic and clinical determinants of blood pressure,  kidney health and disease"
20268,1;2;6;7;9,FA1;FA7;FA8,3,0,PGSxE
12780,1;2,FA1;FA8,2,0,Duplicate of Duplicate of Extending Polygenic Risk Scores for Unique Phenotypes
20266,12,FA1;FA7,2,0,Skin of Color Dermatology
20261,2;3,FA8,1,0,Intro to All of Us Genomics Data MB
20260,2;3,FA8,1,0,Workshop: Intro to All of Us Genomics Data MB
20253,2;3,FA8,1,0,Duplicate of Workshop: Intro to All of Us Genomics Data [LH]
2414,4;8,FA1;FA5,2,0,New - COPE-Anxiety
2010,4;8,FA1;FA5,2,0,COPE-Anxiety
20236,1;2;10,FA1;FA4;FA8,3,0,Duplicate of FH and ancestry (MTO Copy)
20106,1;2;10,FA1;FA4;FA8,3,0,FH and ancestry - MTO (Depreciated)
19410,3;7,,0,1,Physical Activity and Emergency Data
9392,3;7;13,FA1,1,0,Physical Activity and Respiratory Disease
19409,1;3;7,FA1;FA8,2,0,Physical Activity and Weight Loss Medications
9695,5,FA1;FA8,2,0,A real-world study on therapeutic responses of medicines treating glioblastoma
20229,2;3,FA8,1,0,Duplicate of Workshop: Intro to All of Us Genomics Data MKJ
10394,1,FA1;FA8,2,0,util_tet
20221,2;3,FA8,1,0,Workshop: Intro to All of Us Genomics Data_RN
20215,4;6;7,FA1;FA5;FA7,3,0,"Wearable Devices, SDOH, and Mental Health Outcomes"
20213,5,FA1;FA8,2,0,Duplicate of Hemoglobin as a prognostic indicator in head and neck cancer
19421,1,FA1;FA8,2,0,Skin conditions in people with diabetes
19535,2,FA8,1,0,ADA/ADA2 Gene Analysis
20211,2;3,FA8,1,0,Duplicate of Workshop: Intro to All of Us Genomics Data_VL
20201,2,FA8,1,0,Germline variants in genes associated with telomere biology disorders
19983,4;6,FA1;FA5;FA7,3,0,Exploration of the Health & Mental Health of Autistic SGM Adults
20206,2;3,FA8,1,0,Workshop: Intro to All of Us Genomics Data NMS
13995,2,FA8,1,0,a genetic association test in the AoU Workspace
18648,1;2,FA1;FA8,2,0,NTproBNP_brain
20190,2;3;5;6,FA1;FA7;FA8,3,0,"Duplicate of Predicting Disease Outcomes using EHR, Surveys, and Genomics"
20188,5;6,FA1;FA7;FA8,3,0,Mammograms and Healthcare Disparities in Breast Cancer
5117,2;3;5;6,FA1;FA7;FA8,3,0,"Predicting Disease Outcomes using EHR, Surveys, and Genomics"
20184,2;3,FA8,1,0,Workshop: Intro to All of Us Genomics Data (HK)
20183,7,,0,1,Perceived Health and Physical Activity.
9598,4;15,FA1;FA2;FA5,3,0,Tobacco Use and Postpartum Depression
20176,6,FA7,1,0,Arthroscopy
9164,1;3;14,FA1;FA8,2,0,CVD prediction
19907,1;6;8,FA1;FA7;FA8,3,0,WCUCOMAOUGroup5_2
19483,2;8,FA1;FA8,2,0,Previously healthy Cryptococcal Cohort
20167,3;4;6,FA1;FA5;FA7,3,0,Psychiatry study
20161,1;2;3;10;11;13;14,FA1;FA3;FA4;FA8,4,0,Multi-modal ML models for predicting the onset of cardiometabolic disease
20070,3;4;7,FA1;FA5,2,0,Fitbit_mental_health(depression&anxiety)
20150,1;3;5,FA1;FA8,2,0,Whitecloud
17457,1;4,FA1;FA5;FA8,3,0,Allostatic load in chronic pancreatitis
20149,,,0,1,My Own Work
20147,5;6,FA1;FA7;FA8,3,0,Breast Cancer and Breast Reconstruction surgery
20145,5,FA1;FA8,2,0,Variant linked to hormone therapy resistance
20140,4;5;6;10,FA1;FA4;FA5;FA7;FA8,5,0,"increased lifetime breast cancer risk, BRRM, cancer fear"
20138,6;9,FA1;FA7,2,0,"Household income, Autoimmune disease, Healthcare experience"
19874,1;6,FA1;FA7;FA8,3,0,Racial and Socioeconomic Disparity in Statin Prescription Patterns and Outcomes
20052,2,FA8,1,0,MAIN MATTHEW SPACE
16971,1,FA1;FA8,2,0,Heterogeneous treatment effects of diabetes medications
20126,2;5,FA1;FA8,2,0,Genetic Ancestry of Melanoma
20119,,,0,1,HSCR study CHGG
20117,1;6,FA1;FA7;FA8,3,0,Socioeconomic Status and Chronic Kidney Disease
11009,1;2;6,FA1;FA7;FA8,3,0,Duplicate of Kidney disease workspace – controlled tier V7
20109,5;12,FA1;FA7;FA8,3,0,Skin Diseases
19997,,,0,1,CT - Representation of participants with disability in AoURP
20107,,,0,1,Clinical Trials
17374,1;2;10,FA1;FA4;FA8,3,0,FH and ancestry ASB
20105,,,0,1,Controlled Tier Tutorial
14785,2,FA8,1,0,Statistical Methods for Burden Tests
9038,3;4;6,FA1;FA5;FA7,3,0,Characterizing Pediatric Anxiety and Depression
20095,1;2;3;5;14,FA1;FA8,2,0,Lacunar Stroke in Cancer Survivorship
16793,1;2,FA1;FA8,2,0,Phenotype Association With Genes
20092,1;4;5;6,FA1;FA5;FA7;FA8,4,0,Breast Cancer LA & Miami
20089,2;3;15,FA2;FA8,2,0,Genetics of Anovulatory Infertility
20087,2;3;6;14,FA1;FA7;FA8,3,0,Duplicate of Argonaute Syndrome- Ago1
20086,1;4;5;6,FA1;FA5;FA7;FA8,4,0,All of Us USC - Breast Cancer
20079,2;18,FA1;FA7;FA8,3,0,MD
19112,2,FA8,1,0,mayasumproj
20081,3;13,FA1,1,0,EHR Insomnia Query
20080,3;4,FA1;FA5,2,0,Genetic Predisposition for Depression in Response to Trauma
20078,5,FA1;FA8,2,0,DPYD Fluoropyrimidines
3828,,,0,1,Infectious disease
18522,,,0,1,nlrisk
20069,1;4;6;8,FA1;FA5;FA7;FA8,4,0,Biological and social determinants of well-being in Filipinx Americans
20068,6;18,FA1;FA7,2,0,Hearing Health Disparities
20064,4;5;6,FA1;FA5;FA7;FA8,4,0,Treatment patterns and CAR-T access barrier among MM/lymphoma patients
18162,1;3;6;18,FA1;FA7;FA8,3,0,Food Insecurity and Eye Diseases Project
19376,3;18,FA1;FA7,2,0,Contrastive Learning - Glaucoma
15959,1;2,FA1;FA8,2,0,Genetic Ancestry Proportions of T2D and T2DN
20059,,,0,1,Ophthalmic Analgesia
20057,3;6;15,FA2;FA7,2,0,Improving Black Maternal Outcomes through  Predictive Analytics
16226,18,FA1;FA7,2,0,Mutations in FBN1 and Glaucoma
6588,2;3;13,FA1;FA8,2,0,Subtyping complex disease using EHR (CONTROLLED TIER)
12132,7,,0,1,FitbitGIS
12967,6;7,FA7,1,0,Fitbit GIS Zipcode
20045,2,FA8,1,0,PheWAS for Structural Variation
20044,1;13,FA1;FA8,2,0,Cognitive Function Before and After Implantation of HGNS
20040,2;11,FA1;FA3;FA8,3,0,Genetic Variants in AD
20033,10,FA1;FA4;FA8,3,0,EDS Example Workspace
20032,1;4;19,FA1;FA5;FA6;FA8,4,0,Duplicate of Cardio Paper Working Version
9739,1;4;19,FA1;FA5;FA6;FA8,4,0,Cardio Paper Working Version
19684,3;15,FA2,1,0,Pregnancy episodes in All of Us
20025,2;3,FA8,1,0,Duplicate -Workshop: Intro to All of Us Genomics Data
20023,1;3,FA1;FA8,2,0,Duplicate-SAS Demo: Diabetes mellitus medication prescription patterns (v7)
15518,5,FA1;FA8,2,0,MDS Workspace
20019,2;4,FA1;FA5;FA8,3,0,AlcoholUseDisorder_BMI
20018,4;6;11,FA1;FA3;FA5;FA7,4,0,"LGBT Older Adults, Social Supports, Mental Health and Quality of Life"
20016,3;7,,0,1,Duplicate of LearningWorkspace_MD
20011,1,FA1;FA8,2,0,T1D HF Risk Calculator
17092,1;2;4;14,FA1;FA5;FA8,3,0,Antipsychotics induced metabolic syndrome and cardiovascular complications
19408,8,FA1,1,0,Post-ICU Sepsis Recovery: Analyzing the Role of Social Support
20008,1;4;6;8,FA1;FA5;FA7;FA8,4,0,Mental health and well-being in Filipinx Americans
20005,5,FA1;FA8,2,0,Economic
19671,13,FA1,1,0,Infective pneumonia
19994,1;18,FA1;FA7;FA8,3,0,RVO and Glaucoma
19990,4,FA1;FA5,2,0,Social protective factors and depression
19989,3,,0,1,FlexNet - Registered Tier Data
19988,1,FA1;FA8,2,0,Hemo
19985,2;5;6,FA1;FA7;FA8,3,0,Duplicate of Prostate cancer genetics
19984,6,FA7,1,0,Diet and Exercise Eye Health
10431,2;3;13,FA1;FA8,2,0,All of Us Workshop
16693,2;6;9,FA1;FA7;FA8,3,0,PheWAS of autoimmune disease genetic variants
19982,2;8,FA1;FA8,2,0,Complement and sepsis
19980,2;4,FA1;FA5;FA8,3,0,Polygenic overlap
19977,4,FA1;FA5,2,0,GFAP
19975,1;10,FA1;FA4;FA8,3,0,VUS in IKD patients
18208,2,FA8,1,0,Speliotes_Lab_2024_dup2
15897,2,FA8,1,0,Speliotes_Lab_2024_Yanhua
19973,1,FA1;FA8,2,0,NHPI CVD SDH Analysis Workspace Controlled
10967,1;2,FA1;FA8,2,0,CAD meta-analysis v7 data (v1_231205)
19972,5,FA1;FA8,2,0,CTCL
19968,2;4,FA1;FA5;FA8,3,0,PRS for AUD
19967,3;6,FA7,1,0,Medical History
19961,10,FA1;FA4;FA8,3,0,Cystic fibrosis (CF) microbiota
19771,4;7;13;15,FA1;FA2;FA5,3,0,Sleep Disorders and Prenatal Outcomes
19957,5,FA1;FA8,2,0,Duplicate of Detecting Ovarian Cancer Early
19956,3;8,FA1,1,0,Contrastive Learning - Long COVID Recovery
4707,5,FA1;FA8,2,0,Detecting Ovarian Cancer Early
19947,1,FA1;FA8,2,0,NHPI CVD SDH Analysis Workspace
15565,2,FA8,1,0,CAMMK2/AMPK Dysfunction and Sleep Disturbance
14122,11,FA1;FA3,2,0,Alzheimer's Disease and Related Dementias
19940,2,FA8,1,0,Infantile_nystagmus
12250,3,,0,1,Patient phenotyping for All of Us
9494,5,FA1;FA8,2,0,Spectrum of tumors after breast cancer (V7)
19930,5;9,FA1;FA8,2,0,Hashimoto and Thyroid Cancer
17560,2;5,FA1;FA8,2,0,Myelodysplastic syndrome Copy Number Analysis
19918,5;6,FA1;FA7;FA8,3,0,New_BC_final
19929,3;13,FA1,1,0,Insomnia EHR Query
19181,11,FA1;FA3,2,0,PD_comorbidities
19925,1,FA1;FA8,2,0,Young Adult CKD
19924,5;6,FA1;FA7;FA8,3,0,Social determinants of lung cancer risk among Black and Hispanic Adults V2
19922,2,FA8,1,0,Matthew Sandbox
19836,1;11;14,FA1;FA3;FA8,3,0,BU Paper Sprint - AD + Stroke
18229,1;2;15,FA1;FA2;FA8,3,0,Reproductive and Metabolic Subtypes of Polycystic Ovary Syndrome (PCOS)
19906,1,FA1;FA8,2,0,Afib
18623,1;6;8,FA1;FA7;FA8,3,0,WCUCOMAOUGroup5
19902,2;3;13;18,FA1;FA7;FA8,3,0,Robust Contrastive Learning - Glaucoma
15654,6;12,FA1;FA7,2,0,HS
19894,5;10,FA1;FA4;FA8,3,0,Duplicate of Germline mutations in cancer susceptibility genes
19891,,,0,1,PSC-S
13465,1,FA1;FA8,2,0,Genetic Analysis of Congenital Heart Disease
16776,4;6,FA1;FA5;FA7,3,0,Antidepressant usage pattern
18887,2,FA8,1,0,POE_First
19877,1;5,FA1;FA8,2,0,new_GLP1_study
19876,5;6;11,FA1;FA3;FA7;FA8,4,0,Cervical cancer prevention and control in older population
19875,1,FA1;FA8,2,0,Using All of Us data to study genetic factors in congenital cardiac disease
12219,2,FA8,1,0,GWAS_CKD_1_v7_cmn
4623,2,FA8,1,0,GWAS_CKD_1_v6_cmn
19817,2;5;6,FA1;FA7;FA8,3,0,Breast Carcinoma with SDOH
19868,1,FA1;FA8,2,0,Determinants of Type 2 diabetes
19866,1,FA1;FA8,2,0,apixaban_weight_dosing
12643,1,FA1;FA8,2,0,HTN 1 Trial
19418,1,FA1;FA8,2,0,HCC
19862,5;6,FA1;FA7;FA8,3,0,LGBTQIA+ Cancer Prevention and Control
19859,6,FA7,1,0,Chronic Liver Disease Care Consumption Trajectories
18684,1;3,FA1;FA8,2,0,WCUCOMAOUGROUP7
12354,2;13,FA1;FA8,2,0,GDF11 PheWAS V6 (2.0)
19854,1;6,FA1;FA7;FA8,3,0,Minority Populations and Physical Health Outcomes
19853,5,FA1;FA8,2,0,Cancer risk in DLST variant carriers.
19851,18,FA1;FA7,2,0,Olfactory Neuroscience/Productivity
16562,7,,0,1,Descriptive Study of Physical Activity
19735,1,FA1;FA8,2,0,Diabetes in old adults
19850,5,FA1;FA8,2,0,Factors that influence Breast Cancer Recurrence
19849,8,FA1,1,0,STI and HIV
18552,6,FA7,1,0,WCUCOMAOUGroup2
19848,2,FA8,1,0,GTP-binding superfamily genes in disease
8063,4;6,FA1;FA5;FA7,3,0,Duplicate of SDOH Mental Health Risk Assessment v7
4321,4;6,FA1;FA5;FA7,3,0,SDOH Mental Health Risk Assessment v6 (Deprecated)
19840,5;6;12,FA1;FA7;FA8,3,0,Prevalence & Severity of Skin Cancer in Native Americans
19835,3;4;6;8,FA1;FA5;FA7,3,0,Duplicate of HIV outcomes in the context of the COVID-19 pandemic
19834,2;3,FA8,1,0,SNP to Continuous Data Transformer Network
19832,2;3;5;6,FA1;FA7;FA8,3,0,AML
19743,2,FA8,1,0,Exploring whether a common genetic signature underlies Burning Mouth Syndrome
19830,2;15,FA2;FA8,2,0,Genetics of Polycystic Ovary Syndrome
19826,2,FA8,1,0,Genomic Data Preview
19823,1;14,FA1;FA8,2,0,ws_stroke02_controlled tier
19821,1;6,FA1;FA7;FA8,3,0,"CHD, Diabetes, and Comorbidities"
19517,3,,0,1,KEYS Datasets
19818,2,FA8,1,0,drug_selection
19218,1;6,FA1;FA7;FA8,3,0,MENA-American Health
19813,2;13,FA1;FA8,2,0,Asthma GWAS - V7
19795,4;15,FA1;FA2;FA5,3,0,Severe lacerations during vaginal delivery
19810,6,FA7,1,0,Factors associated with healthcare access among Arab Americans - Controlled Tier
19805,10;15,FA1;FA2;FA4;FA8,4,0,Analyzing Hemochromatosis in Pre-menopausal Women
9472,2,FA8,1,0,Sunitinib Cardiomyopathy Case Report
19797,5;7,FA1;FA8,2,0,Cognitive and Motor Functions in Breast Cancer Survivors
19796,,,0,1,APC Mutation Study
19791,6,FA7,1,0,Factors associated with healthcare access among Arab Americans
19792,1,FA1;FA8,2,0,Cardiometabolic Pharmacology Research
19793,,,0,1,CHD associations
19790,18,FA1;FA7,2,0,Hearing loss in Down Syndrome
6728,4;6,FA1;FA5;FA7,3,0,Quality of Life in Mothers of Children with Chronic Health Conditions
19784,5,FA1;FA8,2,0,HNC and HPV
14214,1;14,FA1;FA8,2,0,Comorbidies in Bullous Diseases
19782,1;2;10;11;14,FA1;FA3;FA4;FA8,4,0,Association of genetic variants in NOTCH3 EGFr domains with age at stroke
19780,2;3;10,FA1;FA4;FA8,3,0,Prediction & Prevention of Complex Diseases through Genetics and Risk Factors
19777,1;2,FA1;FA8,2,0,Duplicate of Nuclear genetic control of mtDNA copy number
19704,6;15,FA2;FA7,2,0,Pregancyloss cohort
19773,,,0,1,obesity_semaglutide
19770,,,0,1,HS Hospitalizations
19768,1;2;8,FA1;FA8,2,0,Cardiometabolic Diseases and HIV
19767,3,,0,1,K-STAR KanSas cenTer for Alcohol Recovery
19765,6,FA7,1,0,Food Insecurity Trends in Clinical Reporting​: Controlled Tier
19322,5;6;8,FA1;FA7;FA8,3,0,Cervical Cancer risk
19756,12,FA1;FA7,2,0,Alopecia Areata- Medicinal Chemistry
19716,2;10,FA1;FA4;FA8,3,0,Keratoconus_SChakravarti
14114,,,0,1,Somatic Mutations and Inflammation
15534,3,,0,1,Disability Data in All of Us - Public vs Registered Tier
18566,11,FA1;FA3,2,0,WCUCOMAOUGroup1
19738,1;2,FA1;FA8,2,0,Understanding the Interplay of Lipid Metabolism Genes and Cardiovascular Disease
19736,1;4,FA1;FA5;FA8,3,0,Risk Factors for Postsurgical Complications
19732,2;18,FA1;FA7;FA8,3,0,JV1 Dataset
19727,5;6,FA1;FA7;FA8,3,0,data exploration of MTC demographics
19726,6;15,FA2;FA7,2,0,Patient and Healthcare related factors on Labor outcomes
14131,1;2,FA1;FA8,2,0,Genetic determinants of cardiomyopathy
17467,,,0,1,PAD Adverse Events - Saeed
11263,2;6,FA7;FA8,2,0,Local Ancestry Estimation
19702,2;5,FA1;FA8,2,0,Rare germline variants in cancer susceptibility genes_new_062824
19701,2;6,FA7;FA8,2,0,"Association between SDoH, PRS and Surgical outcomes"
19693,,,0,1,Duplicate of ASCVD Project
19691,4,FA1;FA5,2,0,Substance Use and Mood Disorders
19493,1;2;3;6;15,FA1;FA2;FA7;FA8,4,0,Duplicate of D-PRISM-Team-BandV (v7)
19679,13,FA1,1,0,Vitamin A Deficiency and Sleep Apnea
9557,8,FA1,1,0,G2H_AllofUSs
19658,10,FA1;FA4;FA8,3,0,Cystic Fibrosis and Respiratory Infections
17218,2;5;6,FA1;FA7;FA8,3,0,Breast Cancer genetic variants
19668,6,FA7,1,0,Effect of Social Determinants of Health on Lung Transplantation
19670,13,FA1,1,0,Vitamin Deficiency and Sleep Apnea
19667,,,0,1,Practice for All of Us
19665,6;18,FA1;FA7,2,0,Social determinants of health and ophthalmology outcomes
19448,15,FA2,1,0,RPL
19657,3;7,,0,1,Dup of Hospital Readmission - adding other step and sleep vars
19565,8;13,FA1,1,0,Pulmonary mycobacterial infection
9383,,,0,1,Social Determinants AAFP Pilot
19651,2;4;6;8,FA1;FA5;FA7;FA8,4,0,Anxiety_GWASsumstats
19640,1;9,FA1;FA8,2,0,Epidemiology of Inflammatory Skin Conditions v6 dataset v7
19629,6,FA7,1,0,Corneal Dystrophy Urban Environment versus a Rural Communities
8279,4;6,FA1;FA5;FA7,3,0,Chronic Opioid Use
19624,1;6,FA1;FA7;FA8,3,0,Disabilities
12141,1,FA1;FA8,2,0,Cardiometabolic Profile Project
19622,11,FA1;FA3,2,0,Duplicate of WCUCOMAOUGroup1
19580,2;5,FA1;FA8,2,0,BrCa
19574,2;5,FA1;FA8,2,0,Duplicate of Replication of LM GWAS
9318,1;3,FA1;FA8,2,0,CarDS Lab
18722,6;8,FA1;FA7,2,0,Social determinants of healthcare associated infection
19571,1;2;6,FA1;FA7;FA8,3,0,"SDOH, genetic susceptibility, and multimorbidity in Coronary artery disease"
19570,2;5,FA1;FA8,2,0,Control cohort for Familial CLL Germline Project
19566,4;6,FA1;FA5;FA7,3,0,Trichotillomania
19564,5,FA1;FA8,2,0,DICER1
19563,2;5,FA1;FA8,2,0,Chronic Lymphocytic Leukemia Variant Analysis
19558,,,0,1,Environmental Exposures in Chronic Sinusitis
19555,3;10,FA1;FA4;FA8,3,0,Fanconi Anemia Exploration
19553,,,0,1,LAsBEST 2024
6584,5,FA1;FA8,2,0,Lung_Cancer_Analysis
18582,4;7,FA1;FA5,2,0,Family History AUD + Fitbit
18932,1,FA1;FA8,2,0,Heterogeneity  of type 2 diabetes in socially diverse populations
16054,1;2,FA1;FA8,2,0,Phosphate metabolism - CDR7
8640,5;6,FA1;FA7;FA8,3,0,Interrogating cancer models
16601,1;3;6,FA1;FA7;FA8,3,0,Socioeconomic Disparities in Kidney Transplant Access for ESKD Patients
19231,4;6;15,FA1;FA2;FA5;FA7,4,0,Racial disparity in methadone dose during pregnancy
19529,2;18,FA1;FA7;FA8,3,0,Duplicate of Strabismus GWAS Project - Whitman Lab - Viola Lee
19522,1;2,FA1;FA8,2,0,Understanding the role of IL7R genetic variants in B/AAs
16051,1;11,FA1;FA3;FA8,3,0,Sarcopenia
19519,1;3,FA1;FA8,2,0,Atrial fibrillation bleeding risk
16587,6;8,FA1;FA7,2,0,Disparities in Surgical Care
19509,1;6,FA1;FA7;FA8,3,0,ML Prediction of Diabetes-Related ED Visit
19508,,,0,1,SVs_by_cancer_status
19228,2;5,FA1;FA8,2,0,Characterizing germline-cancer predisposing variant patterns
17905,5,FA1;FA8,2,0,Population Frequency Data Exploration
10783,2,FA8,1,0,Running KING on All of Us data
19498,7,,0,1,DST vs Sleep
19492,2;8,FA1;FA8,2,0,Non-HIV previously healthy individuals with Cryptococcosis
18446,,,0,1,CHD
19491,2;4,FA1;FA5;FA8,3,0,Genetics Research on Soda Tax
19419,5,FA1;FA8,2,0,Brain tumor
19269,11,FA1;FA3,2,0,Identifying Predictive SNPs for Levodopa/Carbidopa in Parkinson's Disease
17152,5;6,FA1;FA7;FA8,3,0,WCUCOM Biomedical Topics and Health Disparities Research Interest Group
19478,11,FA1;FA3,2,0,Biomarkers Sarcopenia
19477,2,FA8,1,0,immune surveillance v7 controlled
17322,1;2,FA1;FA8,2,0,Genetic architecture of rare and common cardiovascular diseases
19470,2;7,FA8,1,0,GWAS Cohort and Fitbit Data(Controlled)
18144,6,FA7,1,0,SDOH of Spinal Arthrodesis
19461,4;5,FA1;FA5;FA8,3,0,Marijuana use and neuropsychiatric outcomes among cancer survivors
19457,2,FA8,1,0,Sparse LD
6659,2;8,FA1;FA8,2,0,Previously Healthy Cryptococcosis Cohort
19445,6,FA7,1,0,GASTRIC HARC
16702,5;6,FA1;FA7;FA8,3,0,Racial Disparities in CHF Care Among Breast Cancer Survivors
10154,,,0,1,AMH and PA
14256,12,FA1;FA7,2,0,Seborrheic Derm Natural history
17360,7,,0,1,WHtR
19426,1;2;3;14,FA1;FA8,2,0,Stroke_Project
18696,5;6,FA1;FA7;FA8,3,0,AL and BC risk
19422,1;6;8,FA1;FA7;FA8,3,0,Impact of COVID-19 on the Hispanic Community
17694,1;6;8,FA1;FA7;FA8,3,0,Impact of COVID-19 on the Hispanic Community - Dataset v7
19412,1;15,FA1;FA2;FA8,3,0,postpartum_hypertension
12276,5;12,FA1;FA7;FA8,3,0,SkinCancer
19406,,,0,1,Biotechnia
17451,6,FA7,1,0,SDOH of Lumbar Puncture
19361,2,FA8,1,0,Characterization of Numts from long read sequence data
19394,1;2;3,FA1;FA8,2,0,All of Us v7 GWAS on TG-to-HDL with Regenie
19392,4,FA1;FA5,2,0,ED Opioid Encounters
18212,9;12,FA1;FA7,2,0,Atopic Dermatitis and Rheumatologic Conditions
19384,2,FA8,1,0,Common_Variants
19383,5;9,FA1;FA8,2,0,Hashimoto Thyroiditis and Cancer
19381,2,FA8,1,0,The role of structural variants on anthropometric traits
18962,1;6,FA1;FA7;FA8,3,0,SDOH/DM/MEDS
19369,5;7,FA1;FA8,2,0,Breast-Cancer_Exercise_Data
12513,7;9,FA1,1,0,Nighttime sleep of Individuals with Inflammatory Bowel Disease
19365,2;6;8,FA1;FA7;FA8,3,0,HIV Acquisition in Diverse Populations
19347,6,FA7,1,0,Non-Genetics_Rheumatic_heart_disease_cohort_ECR_Summit_TM_15052024
19342,1;2;10,FA1;FA4;FA8,3,0,Thoracic Aortic Disease Research
19341,4;7,FA1;FA5,2,0,Sleep to Quit
19282,1;3;16,FA1;FA4;FA8,3,0,SGLT2_june18th2024
15426,5;12,FA1;FA7;FA8,3,0,Cancer risks in vitiligo patients_Version2
19335,2;3;10,FA1;FA4;FA8,3,0,V7_RareDiseases
19329,2;8,FA1;FA8,2,0,Duplicate of Previously Healthy Cryptococcosis Cohort
19328,3;8,FA1,1,0,RECOVER
19327,5;6,FA1;FA7;FA8,3,0,Breast Cancer and SDOH
12966,2;4,FA1;FA5;FA8,3,0,Predicting psychiatric disorder risk for genetic analyses (V7_controlled)
19324,,,0,1,RING_Muts
2772,2,FA8,1,0,Rare_genetic_variations_in_a_diverse_population
18056,2,FA8,1,0,ED_RVAS_CTv7
19248,2,FA8,1,0,June2024_PheRSWAS_pTL_gTL
19319,,,0,1,Neptune2
19317,4,FA1;FA5,2,0,OUD validation dataset
19284,2,FA8,1,0,WGS_TLtyping_1
19307,7,,0,1,CancerandFit
19304,6;8,FA1;FA7,2,0,Covid Vaccine Uptake CT
4559,4;6;11,FA1;FA3;FA5;FA7,4,0,LGTBQ Health and Aging
16041,2,FA8,1,0,Laura-controled-genomics
19292,4;13,FA1;FA5,2,0,"Asthma, smoking, and vaping"
19289,3;15,FA2,1,0,Duplicate of EH/Rule-Based Algos to Define Pregnancy-Morbidity
19287,4,FA1;FA5,2,0,mod-severe pain
15711,1;3;4;6,FA1;FA5;FA7;FA8,4,0,Predictive Analysis of Whole Health Metrics on Chronic Health Outcomes
19279,8;18,FA1;FA7,2,0,Dysphagia/Dysphonia Project
19270,2,FA8,1,0,GWAS Study NYU
19268,1,FA1;FA8,2,0,NAFLD
16785,1;3;6;14,FA1;FA7;FA8,3,0,sdohanddm
19264,6;18,FA1;FA7,2,0,Vision Loss (Legal Blindness Classification)
19261,1;14;18,FA1;FA7;FA8,3,0,Demographical Modeling of Disease
14593,18,FA1;FA7,2,0,Allergic Rhinitis
19259,4,FA1;FA5,2,0,Loneliness and risk of chronic disease
13967,5;6;9,FA1;FA7;FA8,3,0,IBD-PNEUMONIA
17829,,,0,1,pain_intensity
19253,9;10,FA1;FA4;FA8,3,0,Lymphedema - intersection with autoimmunity
19252,6;12,FA1;FA7,2,0,Duplicate of Food Insecurity and HS
17396,2;5,FA1;FA8,2,0,Cancer treatment biomarkers (Kann)
19249,5,FA1;FA8,2,0,Lung Cancer Mutation Mapping
10369,5;6,FA1;FA7;FA8,3,0,Lipids and Cancer
17741,2;5,FA1;FA8,2,0,Ancestry in Precision Oncology
19230,5,FA1;FA8,2,0,Kann Lab Lung Cancer Study prelim
10941,1;2;6,FA1;FA7;FA8,3,0,NBD and T2D
19241,3,,0,1,Medical History Survey to Phecodes
19240,,,0,1,My First Workspace
11988,16,FA4;FA8,2,0,DILI Genetics
5527,1;6,FA1;FA7;FA8,3,0,Food Insecurity and Congestive Heart Failure (CHF)
19221,2;7,FA8,1,0,Soda Tax - Fitbit Data
19217,1;6,FA1;FA7;FA8,3,0,Ramzy Issa
19216,1;2,FA1;FA8,2,0,NAFLD Genetic Risk Factors
1169,5,FA1;FA8,2,0,Cancer Survivorship v3
19198,1;2;6,FA1;FA7;FA8,3,0,Heart Failure with Preserved Ejection Fraction in African American Population
15525,4,FA1;FA5,2,0,Duplicatev2 of Antidepressant Response Datav7
7714,,,0,1,V7-Data Elements and Quality
11155,5;6;7;9,FA1;FA7;FA8,3,0,Health Disparities and Chronic Disease
19195,1,FA1;FA8,2,0,AMP Deaminase
19169,2,FA8,1,0,Summer2024_Gen
19193,2;9;12,FA1;FA7;FA8,3,0,Prospective Study of candidate genes identified in individuals with CRMO
19186,3;4,FA1;FA5,2,0,Predicting Patients Risk for Opioid Use Disorder
19184,4,FA1;FA5,2,0,Psychiatry All of Us Database
7698,,,0,1,Duplicate of Evaluation of patients diagnosed with neuroendocrine tumors
14427,1;2,FA1;FA8,2,0,VTE Population Analysis
13582,6,FA7,1,0,Jieun's workspace
19172,11,FA1;FA3,2,0,Parkinson's Disease exploratory analysis
19168,4,FA1;FA5,2,0,Duplicate of EA&Cannabis
18155,4;6,FA1;FA5;FA7,3,0,SSAC Research
19159,5;15,FA1;FA2;FA8,3,0,Exploring Radioprotective Strategies in Gynecologic Cancer Radiotherapy
19162,2,FA8,1,0,Gene_phenotype_association_graph_model
19158,12,FA1;FA7,2,0,Dermatology Exploration
19157,3,,0,1,Data_represent_Huang
18886,1;2;6,FA1;FA7;FA8,3,0,AllbyAllTest
19153,2;4;5,FA1;FA5;FA8,3,0,Case-Case GWAS
19146,9,FA1,1,0,IBD Inference Improvement with Hap-IBD and P-smoother
12320,2;5,FA1;FA8,2,0,Duplicate of Radiogenomics v7
19139,1;15,FA1;FA2;FA8,3,0,EGFR germline mutants and homeostasis
5931,10,FA1;FA4;FA8,3,0,Rare disease in All of US
18759,,,0,1,Duplicate of SriramGroup
8114,6,FA7,1,0,hypertrophic cardiomyopathy (social determinants of health)
19126,6;17,FA4;FA7,2,0,Race and ethnicity recruitment
10612,1;2,FA1;FA8,2,0,Duplicate of T2D and T2DN - Preliminary
19116,6;15,FA2;FA7,2,0,PhD Brainstorm
10965,8,FA1,1,0,(backup) Assessing health-related social needs-- Controlled Tier (v7)
4972,1;6;13,FA1;FA7;FA8,3,0,(archived) Surgical intervention in reducing CVD risks in OSA  (v6)
4020,8,FA1,1,0,(archived) Assessing health-related social needs -- Controlled Tier (v6)
18815,5;6,FA1;FA7;FA8,3,0,Metastatic breast cancer and SDOH
18806,5;6;12,FA1;FA7;FA8,3,0,Skin Cancer
19109,3;4;6,FA1;FA5;FA7,3,0,"Black Women, Sexual Violence, Discrimination, and Sexual Health Decision-Making"
19021,2,FA8,1,0,Hobbit Hole
18067,2,FA8,1,0,Rheumatic_heart_disease_cohort_ECR_Summit_TM_15052024
19080,,,0,1,Survey weights
19073,2;6,FA7;FA8,2,0,Positive selection on biomedical traits in AA - GWAS associations
19070,2;5,FA1;FA8,2,0,MDS
18664,3;7,,0,1,Discovering and predicting the severity of musculoskeletal disorders.
18994,2;7,FA8,1,0,Dark/Bright Side of Soda Tax
18965,6;9,FA1;FA7,2,0,Social Determinants in Treating Osteoporosis in Rheumatoid Arthritis
18938,5;9;12,FA1;FA7;FA8,3,0,Localized Scleroderma and Hematological Malignancies
13542,1;2,FA1;FA8,2,0,Duplicate of PRS in populations across the epidemiological transition
16521,6;8,FA1;FA7,2,0,Exploring Covid Vaccine Uptake
18915,2;19,FA6;FA8,2,0,Air Pollution Sensitivity PRS
18793,1;13,FA1;FA8,2,0,NHLBI_SIP
16060,2;9,FA1;FA8,2,0,MS GWAS/PheWAS
18910,6;8,FA1;FA7,2,0,The Impact of COVID-19 on Health Equity and Vaccine Efficacy
7673,1;6;13,FA1;FA7;FA8,3,0,Disparities in health services access among adults with cardiometabolic diseases
18889,,,0,1,Impact of race and insurance status on contraceptive type and prescription rates
10414,7,,0,1,Conformal Prediction Investigation - Fitbit Data
14295,5,FA1;FA8,2,0,Hemoglobin as a prognostic indicator in head and neck cancer
18882,5,FA1;FA8,2,0,Head and Neck Cancer Analysis
18880,,,0,1,MC4R
7958,2,FA8,1,0,PheRS-WAS of TL-GRS and PheRS - CDRv9may2023
18865,2,FA8,1,0,NIH Grat
17130,4,FA1;FA5,2,0,EA&Cannabis
18854,1;3,FA1;FA8,2,0,Diabetes and CAD - Applied Machine Learning Course
13151,1;3,FA1;FA8,2,0,Duplicate of Updated Metabolic Syndrome Workspace
18850,,,0,1,0609_2024
18848,,,0,1,Age-associated dementias exploratory II
18846,1;6;7;11,FA1;FA3;FA7;FA8,4,0,Gerontologist Issues
18845,10,FA1;FA4;FA8,3,0,Arg40Cys and Phe354Cys variants in OTC
18840,1,FA1;FA8,2,0,Lp(a)
14793,12,FA1;FA7,2,0,Comorbidities associated with Myeloid Disorders
18578,1;6,FA1;FA7;FA8,3,0,Heart Failure Test
18829,4;6,FA1;FA5;FA7,3,0,Predicting Mental Health Outcomes from Racialized Stressors
18825,1;9,FA1;FA8,2,0,AID and AF
18824,2;11,FA1;FA3;FA8,3,0,Rare_variants_2
17831,,,0,1,Duplicate of duffy_neutropenia_project
18821,,,0,1,Galiano Wet-Lab
18404,6,FA7,1,0,PhenoAge and Sexual Minorities
18818,2;5;6,FA1;FA7;FA8,3,0,Duplicate of Satya
18817,3,,0,1,Exploring the functionality of the workbench
18814,5,FA1;FA8,2,0,Colorectal_Young vs. Old_Controlled
10563,5;10,FA1;FA4;FA8,3,0,Germline mutations in cancer susceptibility genes
17378,2,FA8,1,0,Duplicate of Heparin-induced Thrombocytopenia (HIT) GWAS
11407,2;16,FA4;FA8,2,0,Sept 8 2023 Checkpoint - CYP2C19 Clopidogrel Response - v7
10316,2;16,FA4;FA8,2,0,February 2024 Checkpoint - CYP2C19 Clopidogrel Response - v7
12116,2;16,FA4;FA8,2,0,Oct 6 2023 Checkpoint - CYP2C19 Clopidogrel Response - v7
17575,1;15,FA1;FA2;FA8,3,0,Exploring Pregnancy Complications: Implications for Future Health
11796,1;4;6;7,FA1;FA5;FA7;FA8,4,0,Duplicate of HRV + Physical Activity v3
18769,6,FA7,1,0,Duplicate of Individual Level Deprivation Index
18785,12,FA1;FA7,2,0,HS/Hospitalizations
18781,2,FA8,1,0,Gene Environment Interactions & Missingness
10499,2;10,FA1;FA4;FA8,3,0,Detecting the prevalence of ultra-rare gene mutations
18777,2;4;16,FA1;FA4;FA5;FA8,4,0,Susceptibility to Antidepressant Therapy Side-Effects and Outcomes
18775,1,FA1;FA8,2,0,AllofUs_Cardiovascular
18772,1,FA1;FA8,2,0,Debiasing Health Algorithms
18768,1;3,FA1;FA8,2,0,DKD Transplant
18705,3;6;7,FA7,1,0,Causal Inference with Wearables CTDv7
18763,2,FA8,1,0,A Multi-ancestry Analysis of the Genetic Architecture of Complex Diseases
15039,1;6,FA1;FA7;FA8,3,0,Elastic Models for Cardiometabolic disease in NHPI
18760,18,FA1;FA7,2,0,Glaucoma datatypes
16064,,,0,1,Duplicate of How to Backup Notebooks and Intermediate Results
18756,2,FA8,1,0,Duplicate of Understanding the role of genetic variants in development of ADRs
18755,,,0,1,PROJECT_001_TEST
7104,6;18,FA1;FA7,2,0,Vision Threatening DR
18671,2;16;17,FA4;FA7;FA8,3,0,V7_Pharmacogenomics (PGx) variant frequency and medication exposures
18748,4;6;13;18,FA1;FA5;FA7,3,0,Asthma+CRS+Depression+AR
18747,,,0,1,cardiomyopathy2
18746,5;6,FA1;FA7;FA8,3,0,Geography and Breast recon
18745,1,FA1;FA8,2,0,Investigation of Factors Associated with Insulin-Resistance
9718,6,FA7,1,0,Keratconus
18743,,,0,1,Correlations
18740,7;13,FA1,1,0,Physical activity and health in asthmatic participants
18739,9,FA1,1,0,Environmental Exposures and Rheumatologic Conditions
18738,2;3;11,FA1;FA3;FA8,3,0,AD-GWA
9609,13,FA1,1,0,SM IMIDs and sequelae
18641,2;6;13,FA1;FA7;FA8,3,0,"Racial disparities, discrimination and socioeconomic deprivation in COPD"
18731,,,0,1,Cardiomyopathy
18728,1;2;6,FA1;FA7;FA8,3,0,Genomic approach to understanding obesity in Hispanic populations
18724,,,0,1,Discharge stewardship
18721,2;5,FA1;FA8,2,0,Genomic analysis of blood samples
18715,1;3,FA1;FA8,2,0,islamIntro to All of Us Electronic Health Records Data
18714,1;3,FA1;FA8,2,0,Duplicate: Intro to All of Us Electronic Health Records Data-nn
18713,1;3,FA1;FA8,2,0,Duplicate: Intro to All of Us Electronic Health Records Data CS
18524,1;3,FA1;FA8,2,0,Duplicate of Workshop Attendees: Intro to All of Us EHR Data - NK
18708,1;3,FA1;FA8,2,0,Intro to All of Us Electronic Health Records Data_FS
18704,1;3,FA1;FA8,2,0,Workshop Attendees: Intro to All of Us Electronic Health Records Data
18516,1;3,FA1;FA8,2,0,Duplicate Intro to All of Us Electronic Health Records Data
18698,3;13,FA1,1,0,Asthma Burden
18693,1;3,FA1;FA8,2,0,Intro to All of Us Electronic Health Records Data AT
18691,1;3,FA1;FA8,2,0,Duplicate of Workshop Attendees: Intro to All of Us EHR Data
17030,2;5,FA1;FA8,2,0,Immune exhaustion related genes as risk factors for early onset breast cancer
18689,1;3,FA1;FA8,2,0,Intro to All of Us Electronic Health Records Data yrf
18688,1;3,FA1;FA8,2,0,Intro to All of Us Electronic Health Records Data
18687,1;3,FA1;FA8,2,0,Intro to All of Us Electronic Health Records Data.JTC
18686,,,0,1,Preliminary Diet Data
8162,2,FA8,1,0,TED Genomics v7
18677,6,FA7,1,0,SHARP Summer
18676,,,0,1,Assessing BP
12038,,,0,1,Representation of participants with disability in AoURP
18675,7,,0,1,Substance Abuse and Sleep
15900,2;10,FA1;FA4;FA8,3,0,GREGoR
15376,1;6,FA1;FA7;FA8,3,0,CMD medication adherence
11592,2,FA8,1,0,ADHD genomics study
18165,3;11,FA1;FA3,2,0,Comorbidity Clusters in Older Adults with Dementia
18663,1;4;13,FA1;FA5;FA8,3,0,Insomnia among Adults With Obesity
3859,8,FA1,1,0,Code repository for GPH researchers (Allen W. built under S Cook)
18659,,,0,1,FDA OSCR - Medical Supply Demand Modeling
18657,1;3,FA1;FA8,2,0,Intro to All of Us Electronic Health Records Data: BA
18331,1;15,FA1;FA2;FA8,3,0,Cardiovascular Health and Family History among Pregnant People
18654,1;3,FA1;FA8,2,0,Intro to All of Us Electronic Health Records Data YL
18652,1;3,FA1;FA8,2,0,Intro to All of Us Electronic Health Records Data_HCC
18532,2,FA8,1,0,UGT polymorphisms in cholestatic liver diseases
18649,1;3,FA1;FA8,2,0,Intro to All of Us Electronic Health Records Data DGC
18644,6,FA7,1,0,WCUCOMAOUGroup3
18645,1;7;14,FA1;FA8,2,0,AF Dataset Exploration
18643,5;10,FA1;FA4;FA8,3,0,EDS and cancer
18638,1;3,FA1;FA8,2,0,Intro to All of Us Electronic Health Records Data (JMH)
17515,6;7;8,FA1;FA7,2,0,Measuring fitbit Data among Latinx
15691,2;13;16,FA1;FA4;FA8,3,0,CYP2C19 PheWAS
18625,5;15,FA1;FA2;FA8,3,0,Genome Project
18618,6;15,FA2;FA7,2,0,SDOH and Polycystic Ovary Syndrome
16381,6;12,FA1;FA7,2,0,Dermatology Epidemiology 2024
18605,3;7;14,FA1,1,0,Migraine research with smart wearable device
9415,3,,0,1,son_hgsccl_workspace
18600,,,0,1,V7.1-Data Elements and Quality
18599,1;3,FA1;FA8,2,0,Duplicate: Intro to All of Us Electronic Health Records Data CN
18587,5,FA1;FA8,2,0,202406 lung cancer
18585,6,FA7,1,0,Toxic Chemical Release data and Health Disparities
17817,3,,0,1,LK-Research
18584,6,FA7,1,0,Rural CRC Socioeconomic and Geographic Disparities
18581,4;6,FA1;FA5;FA7,3,0,Physical exercise and health outcomes
13939,3;7,,0,1,Early-onset Cancers - Ruiyi
18573,4,FA1;FA5,2,0,South Asian suicidality
18571,4;5,FA1;FA5;FA8,3,0,Cervical cancer and nicotine use
18572,2;5;6,FA1;FA7;FA8,3,0,Genomic modifiers of lung cancer risk in diverse populations
18568,18,FA1;FA7,2,0,V7 Glaucoma and lifestyle factors
18558,11,FA1;FA3,2,0,Ophthalmic manifestations of neurodegenerative disease
18557,4;6;15,FA1;FA2;FA5;FA7,4,0,Explore Maternal Health Data
15030,6,FA7,1,0,Equity in Genetic Healthcare
9000,2;3;5,FA1;FA8,2,0,Risk factors in multiple myeloma
18554,2;3;4;6,FA1;FA5;FA7;FA8,4,0,Duplicate of Duplicate of Multi-Ancestry Psychosis Studies (MAPS)
18553,3;6;12,FA1;FA7,2,0,Dermatology in All Of Us
5076,2;13,FA1;FA8,2,0,LungOmics
18551,5,FA1;FA8,2,0,Kaposi
18545,1;4;6;14,FA1;FA5;FA7;FA8,4,0,Duplicate of post-stroke symptoms
18542,,,0,1,Neuropsychiatric family history and genetics
18540,1;3,FA1;FA8,2,0,Intro to All of Us Electronic Health Records Data NDA
18473,15,FA2,1,0,WCUCOMAOUGroup9
10727,15,FA2,1,0,Pregnancy in All of Us
18534,5,FA1;FA8,2,0,Colorectal CA_Young vs Old
18531,,,0,1,Analysis of Emergency Department Visits
17190,2,FA8,1,0,Rare Variant and multimorbidity in neuropsychiatric disorders
18438,2,FA8,1,0,Duplicate Genomic (Hail - Plink)(v7)
9647,2;8,FA1;FA8,2,0,Duplicate of Tuberculosis and NTM
18523,2,FA8,1,0,training_controlled_wgs_gwas
10651,2;3;8,FA1;FA8,2,0,sepsis_genetics
18514,1;4;5;8;12;15,FA1;FA2;FA5;FA7;FA8,5,0,actinic keratoses
18469,1;3;6;8;14,FA1;FA7;FA8,3,0,T2DB and Food Insecurity
14134,,,0,1,Variant Annotation
15725,6,FA7,1,0,racial disparity in liver disease
18486,,,0,1,cefepimeworkbench
18485,1;6;8,FA1;FA7;FA8,3,0,Duplicate of Impact of COVID-19 on the Hispanic Community
18417,1;3,FA1;FA8,2,0,Original Workshop: Intro to All of Us Electronic Health Records Data
18474,1;3,FA1;FA8,2,0,Duplicate: Intro to All of Us Electronic Health Records Data DS
18464,2,FA8,1,0,Cocci susceptibility
18463,,,0,1,New User Researcher Work Bench Tutorial
18461,2,FA8,1,0,CNVs and SNVs_v7 245k WGS release_May 2024_Controlled Tier
18460,9,FA1,1,0,Celiac Disease Outcomes
18457,6,FA7,1,0,SGM Barriers for Care
18456,1;16,FA1;FA4;FA8,3,0,P2Y12 Inhibitor Therapy and Cardiovascular Disease
18454,4;6;8,FA1;FA5;FA7,3,0,WCUCOMAOUGroup4
18451,1;7;15,FA1;FA2;FA8,3,0,PCOS and genetic variants
17891,2;6,FA7;FA8,2,0,Signals of positive selection on biomedical traits 2
18449,,,0,1,Telehealth Service Utilization and Outcomes
18445,12,FA1;FA7,2,0,Omar Research
18444,2;9,FA1;FA8,2,0,MS Duplicate of CNVs and SNVs_v7 245k WGS release_May 2024
13367,2;4,FA1;FA5;FA8,3,0,PRS Analysis of Mood and Psychotic Disorders
17709,3,,0,1,AI Risk Prediction
16234,3;7,,0,1,JWang Workspace
15384,1,FA1;FA8,2,0,AIM-AHEAD-Shared Continue
18416,1;4;14,FA1;FA5;FA8,3,0,Mental health CVD
11219,1;4,FA1;FA5;FA8,3,0,E-cig project
18408,2;16;17,FA4;FA7;FA8,3,0,Duplicate - Pharmacogenomics (PGx) variant frequency and medication exposures
12146,1;6;14,FA1;FA7;FA8,3,0,Diabetic Neuropathy - Controlled Tier UND
18403,,,0,1,Molluscum
4963,,,0,1,Skin diseases in All of Us
4159,1;9,FA1;FA8,2,0,Epidemiology of Inflammatory Skin Conditions v6
7929,1;4;9;12,FA1;FA5;FA7;FA8,4,0,Epidemiology of Inflammatory Skin Conditions v7
18385,1,FA1;FA8,2,0,Hypercholesterolemia
18374,1;12,FA1;FA7;FA8,3,0,MASLD_Psoriasis
18371,3;5;6,FA1;FA7;FA8,3,0,Geographical Disparities in Multiple Myeloma Care
11369,1;6;14,FA1;FA7;FA8,3,0,post-stroke symptoms
18358,,,0,1,CDC Project
18211,2,FA8,1,0,CNVs and SNVs_v7 245k WGS release_May 2024
16715,1,FA1;FA8,2,0,"genetic analysis for afib, hf, and pfo"
17541,,,0,1,MLR for SDH Expansion and Recurrence
18349,2;11,FA1;FA3;FA8,3,0,PheWAS for Role of Infectious Agents in Alzheimer's Disease Control Tier
18343,10,FA1;FA4;FA8,3,0,Participants with actionable variants
18338,5;6,FA1;FA7;FA8,3,0,Sociodemographic Barriers to Health Care Access for Breast Cancer Patients
18336,1;2;6,FA1;FA7;FA8,3,0,Biological and Genetic Markers Associated with Chronic Disease
17617,4,FA1;FA5,2,0,federated topic-score
18333,4,FA1;FA5,2,0,Isotretinoin & Depression
18328,1;7,FA1;FA8,2,0,NYUGSOM PMED 2.0
18327,5;7;12,FA1;FA7;FA8,3,0,Exploring the Link Between Outdoor Exercise and Skin Cancer Risk
14142,1;2;7,FA1;FA8,2,0,Gene by physical activity interaction effects on the risk of type 2 diabetes
17850,,,0,1,Data missingness
18324,,,0,1,Community Health Dr. Xiang
18323,3,,0,1,Paraganglioma PS4
18322,2,FA8,1,0,hypothyroidism CT
14189,2;10;13,FA1;FA4;FA8,3,0,COPD_workspace
18321,10,FA1;FA4;FA8,3,0,HNRNP-Related Neurodevelopmental Disorders
9165,1;2;5;6,FA1;FA7;FA8,3,0,All of Us Champion Project
18317,1;2,FA1;FA8,2,0,PRS 2 Myotoxicity
18314,2;5,FA1;FA8,2,0,Prostate_Cancer
10459,1;2,FA1;FA8,2,0,T2D and T2DN
18305,1;15,FA1;FA2;FA8,3,0,Duplicate of Personal predictors of gestational diabetes and pregnancy outcomes
18304,6,FA7,1,0,Abbie's Dissertation Project
18303,,,0,1,Multimorbidity and Sexuality and Gender Identity
18302,2,FA8,1,0,PRS Replicability
18293,8,FA1,1,0,Duplicate of G2H_AllofUSs old
18298,1;2,FA1;FA8,2,0,Cardiac Genetics
18297,2;3;5,FA1;FA8,2,0,May2024-Validation/identification of breast cancer genetic risk factors
18282,4;6;12,FA1;FA5;FA7,3,0,Psychosocial Impacts of Hidradenitis Suppurativa
18281,1;2,FA1;FA8,2,0,Duplicate of Genetic Ancestry Proportions of T2D and T2DN
18275,9;13,FA1,1,0,Methotrexate Use
18273,4,FA1;FA5,2,0,Similarities vs. Differences in Schizophrenia
18269,1;5,FA1;FA8,2,0,Impact of Cardiovascular Health on Metastasis
6894,16,FA4;FA8,2,0,ValidationCohortSelection
9608,2;5;11,FA1;FA3;FA8,3,0,Genetic Underpinnings of Cancer and AD
14662,2;6,FA7;FA8,2,0,PDI Phenome-Wide Analyses
18222,2,FA8,1,0,SV analysis
18214,2;5;6,FA1;FA7;FA8,3,0,PRS Calculation for Breast cancer by Lassosum Through Diverse Populations
14388,2;9;12,FA1;FA7;FA8,3,0,Identification of common gene loci between AD and IBD patients
18196,1;6;8,FA1;FA7;FA8,3,0,AACN: Treatment of T2D in PWHIV
18194,,,0,1,Trisomy 21 and virus
18192,5,FA1;FA8,2,0,prostate cancer survival
7915,4;5,FA1;FA5;FA8,3,0,Duplicate of Chronic pain in cancer population V7
18189,5,FA1;FA8,2,0,Duplicate of Prostate radiation
18187,1;2,FA1;FA8,2,0,V7_DiabetesAndBMI_WGS
18183,3;18,FA1;FA7,2,0,Glaucoma and periodontal disease
18177,6;11,FA1;FA3;FA7,3,0,Dementia cohort
10533,2;6,FA7;FA8,2,0,Idiopathic Scoliosis Case-Control Analysis
18159,4,FA1;FA5,2,0,smoking
18156,1;2,FA1;FA8,2,0,CVD genetics
18149,4,FA1;FA5,2,0,ADHD and Smoking
18148,3;16,FA4;FA8,2,0,INR prediction with hybrid machine learning for inpatients on warfarin
18146,6;9;12,FA1;FA7,2,0,Effect of perceived prejudice on receipt of biologic for treatment of psoriasis
18140,6,FA7,1,0,Ophtho Project
13658,4;6;7;8,FA1;FA5;FA7,3,0,The Association between Comprehensive Health and Postoperative Recovery
18133,1;2;5;6;13,FA1;FA7;FA8,3,0,Demo - Polygenic_Risk_Score_Genetic_Ancestry_Calibration
18130,1;3,FA1;FA8,2,0,Cardiovascular Risk Scoring
18129,1;2;3,FA1;FA8,2,0,All of Us v7 GWAS on LDL Cholesterol with Regenie
18125,1;5;6,FA1;FA7;FA8,3,0,Social Determinants of Breast Cancer
17839,1;6,FA1;FA7;FA8,3,0,SDoH factors and Racial/Ethnicity identity associated with Type 2 Diabetes
18119,4;6,FA1;FA5;FA7,3,0,Chronic pain and its social determinants in U.S. sexual and gender minorities
18115,7,,0,1,Fitbit Data Research Project
12280,2;3,FA8,1,0,Biostat ML
14141,3,,0,1,UNIFIER
18114,6;8,FA1;FA7,2,0,Original
17900,7,,0,1,Fitbit Data Exploration
16924,3;6;7;15,FA2;FA7,2,0,"Place, racism, and inequities"
18102,1;6,FA1;FA7;FA8,3,0,Rheumatoid heart disease
11856,,,0,1,duffy_neutropenia_project
17852,3,,0,1,Learn the AoU workbench
18098,1;2;5,FA1;FA8,2,0,EGFR Mutation Enrichment_Controlled
18094,1;14;16,FA1;FA4;FA8,3,0,Duplicate of ABCD-GENE project
18093,1;6,FA1;FA7;FA8,3,0,AMHE - Registered Tier Space
18088,2;4,FA1;FA5;FA8,3,0,Chronic pain
10623,4;6,FA1;FA5;FA7,3,0,Plastic Surgery
6502,1;15,FA1;FA2;FA8,3,0,Risk Scores for Postpartum Hypertension
18071,6;8;15,FA1;FA2;FA7,3,0,LAI Prep
18070,6;18,FA1;FA7,2,0,Glaucoma and Social Determinants of Helath
18066,6,FA7,1,0,Rates of HPV vaccinations among 9-45 years old Asian American Pacific Islander
18055,3,,0,1,Saini
18051,1;8,FA1;FA8,2,0,Exploring the Association between Hepatitis C Virus and Type 2 Diabetes Mellitus
18042,2;6;13,FA1;FA7;FA8,3,0,Asthma
18040,1;6,FA1;FA7;FA8,3,0,General Workspace
18023,3;7,,0,1,Duplicate of Duplicate of Hospital Readmission2
5549,1;3,FA1;FA8,2,0,Deep Metric Learning for Diabetes Subtyping
3686,4;6;8,FA1;FA5;FA7,3,0,Mental health and resilience among underserved populations during COVID-19
16411,,,0,1,Cross-trait analysis
16463,4,FA1;FA5,2,0,DED and Depression
17997,5;10,FA1;FA4;FA8,3,0,TNBC and Sickle Cell Anemia
17758,,,0,1,TryOut
17929,4;7,FA1;FA5,2,0,Multivariate associations between actigraphy and indices of mental health
15522,2,FA8,1,0,NMR_Biomarker_Imputation_Framework
17914,2,FA8,1,0,BED_grant
7877,2;5,FA1;FA8,2,0,Radiogenomics - Pilot Study v7
9137,3;4;6;8,FA1;FA5;FA7,3,0,AUD_MH_Genomics_v7_v2
17894,1;2;15,FA1;FA2;FA8,3,0,Pregnancy and birth outcomes
15289,1;4;5;6,FA1;FA5;FA7;FA8,4,0,Sociodemographic Disparities associated with Stress and CVD and Cancer
17886,3;7,,0,1,Duplicate of Hospital Readmission
17884,1;7,FA1;FA8,2,0,Exercise Habits with Diabetes
17879,1,FA1;FA8,2,0,Ozempic and musculoskeletal injuries
14341,2,FA8,1,0,Duplicate of phasing-lai-resource
17878,2,FA8,1,0,PD_test
17862,1;2;11,FA1;FA3;FA8,3,0,Testing cardiac phenotypes
14563,3;4;5,FA1;FA5;FA8,3,0,UR SON Pancreatic Cancer Cohort
17855,2;9,FA1;FA8,2,0,SLE-genomic transposable elements - v1
17704,11,FA1;FA3,2,0,cognitive impairment
17848,,,0,1,skin dz
17846,6;11,FA1;FA3;FA7,3,0,Alzheimer Research
17843,,,0,1,Geometric Vital Signs
17841,,,0,1,ad
15295,5,FA1;FA8,2,0,Glucocorticoids impact on breast cancer prognosis
17699,,,0,1,Somatic Mutations and Auto-Immunity
17003,6,FA7,1,0,Structural forces of social isolation
17819,,,0,1,Duplicate of meds_etl_debugging
17818,3;7;14,FA1,1,0,Migraine Project
17812,1;5;7,FA1;FA8,2,0,Gastric Cancer Cohort Exploration
17810,2,FA8,1,0,Fuchs Dystrophy
11297,2,FA8,1,0,Genetic and phenotypic analyses of Takotsubo cardiomyopathy
16389,1,FA1;FA8,2,0,Cardiovascular disease research
17806,6,FA7,1,0,SDOH
17723,1;6,FA1;FA7;FA8,3,0,HF Symptom Cluster
17801,1;4;6;12,FA1;FA5;FA7;FA8,4,0,Hidradenitis Suppurativa Demographics and Phenotype
17782,1,FA1;FA8,2,0,SES and medical conditions
17778,,,0,1,AHDC1
13615,1;2;14,FA1;FA8,2,0,VariantRisk_APOL1_v7
17773,1;3,FA1;FA8,2,0,Renal Labs
10803,1,FA1;FA8,2,0,LCR Workspace
17766,5;6,FA1;FA7;FA8,3,0,Amanda's workspace
17765,4;5;12,FA1;FA5;FA7;FA8,4,0,Oral cancer UCS
17760,1;4;6;11,FA1;FA3;FA5;FA7;FA8,5,0,"Pain severity, impact and social determinants in older adults with heart failure"
4716,,,0,1,VinceControlledTierAsthma
17757,6,FA7,1,0,Exploratory_analysis
17755,1;2,FA1;FA8,2,0,AAA
17753,15,FA2,1,0,Pelvic Organ Prolapse Counts
17751,,,0,1,Health Issues in Multiracial Persons and Regional Implicit Racial Bias
15775,,,0,1,Zbtb7b variants and disease
17745,5;7,FA1;FA8,2,0,CDK4/6
17682,1;3;6,FA1;FA7;FA8,3,0,Evaluating the PREVENT Risk Calculator
15112,3,,0,1,Archived: Missing Analysis
14782,1;5;6,FA1;FA7;FA8,3,0,"Breast Cancer, SDOH and Quality of Life"
17736,2,FA8,1,0,Hematuria
17735,4,FA1;FA5,2,0,Early Life Stress and Weight Change
17734,2,FA8,1,0,p63
17732,6;15,FA2;FA7,2,0,FXPOI Cohort
17730,,,0,1,STI_older adults
14266,2,FA8,1,0,european_project
17724,5,FA1;FA8,2,0,Early Onset Colon Cancer
13146,2;4,FA1;FA5;FA8,3,0,Chronic pain - OUD
17706,2;11,FA1;FA3;FA8,3,0,Genetic Risk Factors for Delirium
17705,,,0,1,Identifying Genetic Variants associated with Undiagnosed Rare Diseases
17698,,,0,1,Explorative Genetic Testing
11343,1;2,FA1;FA8,2,0,TTR and amyloidosis v2
12978,6,FA7,1,0,Dorra_Workspace
17691,1;6,FA1;FA7;FA8,3,0,Congestive Heart Failure vs Race vs Income
17618,6,FA7,1,0,Spinal stenosis
17688,3;5,FA1;FA8,2,0,BreastCancer
17681,10;13,FA1;FA4;FA8,3,0,Mucins in LR
14300,2,FA8,1,0,Using AoU data to unravel interconnectedness between dental + systemic disease
17674,,,0,1,TTUHSC Control Tier
17667,2,FA8,1,0,The genetics of sleep disorders and relationships with comorbid disease v7 - MOG
17665,,,0,1,TTUHSC
17663,,,0,1,Age-associated dementias exploratory
17657,2,FA8,1,0,Methods for GWAS with gene and environment interactions
17654,2;3;6;14,FA1;FA7;FA8,3,0,Argonaute Syndrome
13266,5;6,FA1;FA7;FA8,3,0,Impact of Social Risk Factors on Liver Disease among Asian Americans
17642,3;5;6,FA1;FA7;FA8,3,0,Duplicate of Updated oral cancer disparities
17639,1;6;14,FA1;FA7;FA8,3,0,DiabeticNeuropathy_UND_ControlledTier
17637,9,FA1,1,0,Multiple autoimmune study
14406,4;6,FA1;FA5;FA7,3,0,Poly substance Use
10662,1;4,FA1;FA5;FA8,3,0,Depression-Diabetes
17626,5;15,FA1;FA2;FA8,3,0,endometrial cancer
17624,6,FA7,1,0,Brain Injury
17623,1;6,FA1;FA7;FA8,3,0,"CKM Among Asian, Pacific Islander, and Multiracial Individuals"
17614,4;5,FA1;FA5;FA8,3,0,Leukoplakia and neuropathic pain
17610,8,FA1,1,0,Duplicate of SepsisCompliance_ReadmissionPrediction
14110,,,0,1,rs6190
17602,2;4;6;7;13,FA1;FA5;FA7;FA8,4,0,Sleep and Behavior v7
17600,2;16,FA4;FA8,2,0,Nucleoside analog pharmacology pharmacogenomics
17598,6;9,FA1;FA7,2,0,systemic lupus erythematosus and disability
17595,4;6;15,FA1;FA2;FA5;FA7,4,0,Perinatal Data
17594,,,0,1,Exploring IL-1R2 variants
14566,5;12,FA1;FA7;FA8,3,0,Myeloma Patients with Skin Cancer
17581,11,FA1;FA3,2,0,Duplicate of Alzheimer's drug repurposing validation
16332,1;2;4;15,FA1;FA2;FA5;FA8,4,0,Genetic and Epidemiological Links in MDD and Postpartum CVD and psych conditions
17576,2;14,FA1;FA8,2,0,DPYD Genetic Variation PheWAS
14647,5;6,FA1;FA7;FA8,3,0,Merkel Cell Carcinoma and Comorbidities
16263,6,FA7,1,0,LGBTQIA Health and Healthcare Experiences
4795,,,0,1,myeloid-disease-ctv6
2762,,,0,1,myeloid-disease-ct
5670,,,0,1,myeloid-disease-burden
7966,2;10,FA1;FA4;FA8,3,0,Duplicate of Hereditary blood disorders
7584,1;2;5,FA1;FA8,2,0,Duplicate of Genetic resilience to hematological malignancies
17562,1;6,FA1;FA7;FA8,3,0,Outcomes of left main coronary artery STEMI
17556,,,0,1,Informatics review and comparison
17555,6,FA7,1,0,ED Visits
17549,5;6,FA1;FA7;FA8,3,0,Colorectal Cancer Screening Among Medicaid Enrollees
17547,1,FA1;FA8,2,0,Weight and closed loop therapy in type 1 diabetes
17546,1;3;13,FA1;FA8,2,0,PAH Prediction Algorithm v7
7842,1;2;3;5,FA1;FA8,2,0,Duplicate of Prediction of Polygenic Traits
17544,11,FA1;FA3,2,0,BTMs and AD
16874,1,FA1;FA8,2,0,Duplicate of 2 X 2 MR ind level data
17543,6,FA7,1,0,Duplicate of Health Literacy & Hysterectomies
17532,1;7,FA1;FA8,2,0,Duplicate of Association of physical activity and CVD event
17533,1,FA1;FA8,2,0,BMI data
17531,1;6;11;13;14,FA1;FA3;FA7;FA8,4,0,Duplicate of hypertensionDementia
17526,3;6,FA7,1,0,Exploring the Landscape of Health Disparities in All of Us v7
17513,11,FA1;FA3,2,0,Older adults in US
17418,1;2;4;5;11,FA1;FA3;FA5;FA8,4,0,ALDH2 PheWAS
17508,3,,0,1,Longitudinal/EHR Data Analysis
17156,3;4;7,FA1;FA5,2,0,"Exploring wearables, psychological health, and treatment (V7)"
15417,1;2;6,FA1;FA7;FA8,3,0,NHPI Obesity Genetics Workspace
17504,1;4,FA1;FA5;FA8,3,0,E-Cigarettes and Heart Failure
17503,6;11,FA1;FA3;FA7,3,0,Medication Use and SDoH
17489,2;15,FA2;FA8,2,0,Pregnancy Complications
17488,1;2;14,FA1;FA8,2,0,IA PKD
17485,,,0,1,Identification of ASD risk genes within AllofUs
17480,1;2;4,FA1;FA5;FA8,3,0,Duplicate of Electronic Cigarette Summary Statistics-B
17463,,,0,1,UBA1_somatic_Met41
17476,2;11,FA1;FA3;FA8,3,0,Biomarker for Parkinson's Disease Exploration
17470,1;8;14,FA1;FA8,2,0,COVID_HIV_dissertation_project
17465,4;6,FA1;FA5;FA7,3,0,Disrcimination-Communication Delay (Bidgoli)
17464,2;4,FA1;FA5;FA8,3,0,pain_and_mental_disorder_precision_medicine
17459,6;13,FA1;FA7,2,0,Disparities in Upper & Lower Respiratory Disorders
17452,15,FA2,1,0,Pre-eclampsia & Environment
17449,3,,0,1,Test Workbench 1
17445,2;5,FA1;FA8,2,0,Cancer Population Genomics
17442,8;10,FA1;FA4;FA8,3,0,Cystic Fibrosis and COVID-19: US-based Outcomes and Vaccination Rates
17433,3;6,FA7,1,0,Usual Source of Care in All of Us Using Andersen's Behavioral Model
17435,2,FA8,1,0,RARe-SOURCE
17426,1;9;14,FA1;FA8,2,0,DADA2 Genetics
17425,1;6,FA1;FA7;FA8,3,0,bn-test1
8759,2,FA8,1,0,genetic-replication-r7
15490,6,FA7,1,0,Food Insecurity Trends in Clinical Reporting​
13729,3;11,FA1;FA3,2,0,Alzheimer’s Disease Data Builder and Prediction Model
17409,4;6,FA1;FA5;FA7,3,0,"Impact of Demographic Factors on Tobacco, Alcohol, and Drug"
17408,2,FA8,1,0,IGS_protein
10147,,,0,1,Orthopedic fractures
17406,4;6;15,FA1;FA2;FA5;FA7,4,0,F31
12503,6;18,FA1;FA7,2,0,Disparities in Healthcare Utilization and Access for Hispanic Uveitis Patients:
17400,3,,0,1,Stokes 1
17398,12,FA1;FA7,2,0,Isotretinoin and Patients of Color
17395,1,FA1;FA8,2,0,Kidney Disease in T2D with NGS
17394,1;3,FA1;FA8,2,0,Demonstration: Diabetes mellitus medication prescription patterns (v7)
17390,1;2;6,FA1;FA7;FA8,3,0,Non-glycemic genetic effects on HbA1c
17388,6,FA7,1,0,Relationship between SDI and Barriers to Health Care in the Deep South
8492,1,FA1;FA8,2,0,Naxerova Lab Cardiovascular Disease Evolution (v7 dataset)
4121,1,FA1;FA8,2,0,Naxerova Lab Cardiovascular Disease Evolution (v6 dataset)
17380,7;13,FA1,1,0,Duplicate of Circadian new
12009,1;13,FA1;FA8,2,0,Obesity Duration
17270,1;13,FA1;FA8,2,0,Timing of Pulmonary Hypertension Exacerbations
17376,,,0,1,Variant frequency and demographic factors in DDX41-associated malignancies
17373,2;4;10,FA1;FA4;FA5;FA8,4,0,Opioid use disorder Mendelian randomization
17342,1;2;6,FA1;FA7;FA8,3,0,FL Controlled Tier v7
15957,,,0,1,missingness_demographics
7703,1;3;4,FA1;FA5;FA8,3,0,Cardiovascular disease risk factors in schizophrenia patients
17332,5,FA1;FA8,2,0,Cancer prevention among Middle Eastern and North African (MENA) Americans
17331,,,0,1,All_of_us_training
17328,2;15,FA2;FA8,2,0,Male Infertility (FSG)
17325,2;14,FA1;FA8,2,0,SUDEP
17321,1;15,FA1;FA2;FA8,3,0,Healthcare Utilization in Women with a history of Gestational Diabetes
8954,2,FA8,1,0,Duplicate of Microbiome Associated Variant Associations
9530,1;4;6,FA1;FA5;FA7;FA8,4,0,Language and Individual Variation in Well-being
17319,13,FA1,1,0,Respiratory Conditions
14187,4;6,FA1;FA5;FA7,3,0,Asian American Mental Health and Fatigue
16608,6;18,FA1;FA7,2,0,Vision Loss
12539,1;2;3,FA1;FA8,2,0,Development and evaluation of polygenic risk scores across complex diseases
17296,1;6,FA1;FA7;FA8,3,0,Hispanics Diabetes Study
17288,6;13,FA1;FA7,2,0,Asthma Health Disparities within Minorities
17189,1;6,FA1;FA7;FA8,3,0,Obesity VS INCOME in AA's
17217,1;6,FA1;FA7;FA8,3,0,Type 2 diabetes correlation w/ an lack of intake of potassium
16906,1,FA1;FA8,2,0,CKD between Asian and Whites
17274,3,,0,1,N3C covid ML
17263,2;9,FA1;FA8,2,0,Monoclonal B lymphocytosis (MBL)
17262,,,0,1,RH
8703,2;3;4;6,FA1;FA5;FA7;FA8,4,0,Duplicate of Multi-Ancestry Psychosis Studies (MAPS)
17259,2;9,FA1;FA8,2,0,SLE Duplicate of How to Work with All of Us Genomic Data
17257,1;3,FA1;FA8,2,0,Demo - Cardiovascular Risk Scoring
17251,1;2,FA1;FA8,2,0,v7_baselinecharacteristic_databases
17250,2,FA8,1,0,V7_Hypothyroidism genomics _Anav
17243,6,FA7,1,0,Duplicate of Explore healthcare access and SDH
11156,2,FA8,1,0,BCT PTRS (V7)
16922,2;10,FA1;FA4;FA8,3,0,Tandem repeats in human phenotypes
17230,,,0,1,test-ws2
17229,18,FA1;FA7,2,0,Meniere's Genetics
17225,2;5,FA1;FA8,2,0,Breast_Cancer_Supressor_orthologus_SM1
17221,15,FA2,1,0,Rare genetic mutations associated with male infertility
14803,1;6,FA1;FA7;FA8,3,0,Interdisciplinary approach to understanding obesity in Hispanic populations
17071,1,FA1;FA8,2,0,Statin and Liver Disease
17205,,,0,1,Soda Tax
17118,2,FA8,1,0,Keratoconus
17198,5,FA1;FA8,2,0,Brain Tumors
17186,6;11;18,FA1;FA3;FA7,3,0,Duplicate of Health Disparities in Age-Related Macular Degeneration
17184,5;15,FA1;FA2;FA8,3,0,postmenopausal bleeding and endometrial cancer
17173,1;6,FA1;FA7;FA8,3,0,Exploring the Prevalence and Variability of Cardiac Arrhythmias Among Latinos
17168,1;6,FA1;FA7;FA8,3,0,Disparities in medical care post myocardial infarction
17167,3;5;6,FA1;FA7;FA8,3,0,HPV-Related Cancers and Associated Social Determinants of Health
17165,1;6;7;19,FA1;FA6;FA7;FA8,4,0,Exploring Neighborhood Health and Steps Per Day Among Those With Hypertension
15645,2,FA8,1,0,Duplicate of Delirium Tremens Research
16894,5;6;12,FA1;FA7;FA8,3,0,HAU in cutaneous melanoma
17160,12,FA1;FA7,2,0,Duplicate of Dermatologic disease
17159,4;6;8,FA1;FA5;FA7,3,0,Severe Mental Illness and COVID pos - SDOH
17157,3,,0,1,First Project
8888,2;4;6,FA1;FA5;FA7;FA8,4,0,Smoking and Genetic Ancestry
17151,3;6;11,FA1;FA3;FA7,3,0,Duplicate of Sleeping Disease & Alzheimer's Disease
6674,1;7,FA1;FA8,2,0,Association of physical activity and CVD event
17140,1;15,FA1;FA2;FA8,3,0,Pregnancy Induced Hypertension
17136,9;12,FA1;FA7,2,0,Lupus
17135,5,FA1;FA8,2,0,test2
3905,2;4,FA1;FA5;FA8,3,0,Predicting psychiatric disorder risk for genetic discovery analyses V6.1
4057,2;4,FA1;FA5;FA8,3,0,Predicting psychiatric disorder risk for genetic analyses (V6_controlled)
17126,2;4,FA1;FA5;FA8,3,0,Duplicate of Genetics of Smoking
16996,18,FA1;FA7,2,0,CSCR Prevalence Study
17125,,,0,1,Cis-regulatory variation impacting expression of X chromosome NDD genes
15944,5;9,FA1;FA8,2,0,Genomics_ CohortBC_CVD
16020,2;5;9,FA1;FA8,2,0,Genetic study of colorecal adenoma and inflammatory bowel disease
15164,10,FA1;FA4;FA8,3,0,Pathogenicity v2 of the c.427G>A (p.A143T) GLA variant in Fabry patients
10596,2;5,FA1;FA8,2,0,Family History of Chronic Conditions3
17095,,,0,1,Wounds
17103,1;4;6;15,FA1;FA2;FA5;FA7;FA8,5,0,Factors in High-Risk Pregnancies & Preterm Births among Black Women
17098,11,FA1;FA3,2,0,A-to-I editing
17099,2,FA8,1,0,Rare variant and gene associations
17097,5;6,FA1;FA7;FA8,3,0,Sexual Minority Disparities Among Cancer Survivors (V2)
17096,2;5;6,FA1;FA7;FA8,3,0,Breast Cancer Markers in Native Hawaiian
11928,2;6;11,FA1;FA3;FA7;FA8,4,0,Duplicate Detection of Gene-Environment Interactions for Complex Diseases (v7)
17088,2,FA8,1,0,polygenic risk score validation
16732,6;7,FA7,1,0,Prehab
17083,1;3;7,FA1;FA8,2,0,Metabolic health outcomes and physical activity
17081,6,FA7,1,0,Intersectional LGBTQ+ Health Equity v7
17080,1,FA1;FA8,2,0,Diabetes dataset training
17075,,,0,1,"Diabetics, chronic wounds, and related factors"
17072,,,0,1,Duplicate of Duplicate of OAB patients - DM copy
17069,2,FA8,1,0,GWAS Pipeline
17067,5;8;12,FA1;FA7;FA8,3,0,HLA Typing Organ Transplant
17059,3,,0,1,Grace-Epi
12527,4;6,FA1;FA5;FA7,3,0,Substance Abuse and LGBTQIA+
17056,6;9,FA1;FA7,2,0,dermatomyositis
16857,1,FA1;FA8,2,0,Cardiovascular disease risk factors genetics in SCAD patients
12813,,,0,1,Patient features
17055,4;7,FA1;FA5,2,0,"Fitbit Data, Sleep Disruption, and Mental Health"
17052,1;2,FA1;FA8,2,0,Adiposity
17049,1;3;6;7,FA1;FA7;FA8,3,0,Cardiovascular Risk Calculator
17048,4,FA1;FA5,2,0,Anterior Knee Pain
16130,2,FA8,1,0,Duplicate of IGS_v2 (larger storage)
17034,5;6,FA1;FA7;FA8,3,0,Sexual Minority Disparities Among Cancer Survivors
17045,1;3;4;6,FA1;FA5;FA7;FA8,4,0,Substance use and Cardiovascular disease risk among Latino and Hispanic people
8137,2,FA8,1,0,DDIPGX (drug-drug interaction pharmacogenomics)
16386,6,FA7,1,0,Social Determinants of Health and Uterine Leiomyomas in Hispanic Women.
11221,2,FA8,1,0,Ion Channelopathies Variants
17033,7;15,FA2,1,0,Impact of Endometriosis on Sleep
17024,12,FA1;FA7,2,0,Hidradenitis suppurativa study
17019,5;16,FA1;FA4;FA8,3,0,Tamoxifen in Breast Cancer
17018,1,FA1;FA8,2,0,Type 2 Diabetes in MOH
17010,,,0,1,sdoh notes exploration
17009,3,,0,1,COPY of EHR-Safe
15689,1;3;7;15,FA1;FA2;FA8,3,0,Study of wearable measures during different stages of pregnancy
17005,6;11,FA1;FA3;FA7,3,0,SGM and Dementia
7691,2;3;6;7,FA7;FA8,2,0,Sleep PheWAS RTDv7
17000,7,,0,1,Duplicate of Descriptive Study of Sleep
16992,6;13,FA1;FA7,2,0,Dust-mites Infestation in Low-income Households
16991,5,FA1;FA8,2,0,"BAP1 Breast Cancer, Mesothelioma, and Lymphoma Patients"
9178,1;6,FA1;FA7;FA8,3,0,Diabetes-Related Emergency Department Visit Prediction
15656,1;3;6,FA1;FA7;FA8,3,0,ML for Predicting ER Visit
16985,2;9,FA1;FA8,2,0,SjD rare variants
16984,6,FA7,1,0,SODH
16983,15,FA2,1,0,PPH Study
16977,3;6;7;15,FA2;FA7,2,0,Maternal Health Project 1
16981,3,,0,1,Leap
16980,3;11,FA1;FA3,2,0,HI PD
12325,1;2;10,FA1;FA4;FA8,3,0,FH and ancestry - All variants
5553,1;2;10,FA1;FA4;FA8,3,0,Duplicate of FH & ASCVD Risk
16956,2;5,FA1;FA8,2,0,breast cancer srWGS asn euro afr replicate gwas 2
16974,,,0,1,Duplicate of OAB patients - (Original analysis)
16748,5;6,FA1;FA7;FA8,3,0,Salivary Malignancy Neoplasm Research
16963,,,0,1,Tukey's 1-df_v2
16960,4,FA1;FA5,2,0,OCD
14634,2;6,FA7;FA8,2,0,NHPI cardiorenal workspace
16950,,,0,1,Tukey's 1-df robust regression
16944,4;18,FA1;FA5;FA7,3,0,Substance Use and Eye Disease
16930,2;5,FA1;FA8,2,0,breast cancer srWGS euro replicate gwas
16934,2;11,FA1;FA3;FA8,3,0,PheWAS for Role of Infectious Agents in Alzheimer's Disease
16932,,,0,1,Value-based rehabilitation health services research
15308,6,FA7,1,0,All of Us Meharry ILE Research Project
16926,5;6,FA1;FA7;FA8,3,0,Disparities in Healthcare Access in non-Hodgkin Lymphoma Patients
16925,2;10,FA1;FA4;FA8,3,0,Genome STRiP for HEDGE Controls (hail) v7
7222,4;6,FA1;FA5;FA7,3,0,"Social Determinants of Health, Trauma, and Health Outcomes for SGM People"
16916,,,0,1,Cat's Delirium
16913,,,0,1,drug nitrofurantoin
16910,6,FA7,1,0,Inflammatory Skin Diseases and associated inflammatory conditions / environment
16907,1;4;6,FA1;FA5;FA7;FA8,4,0,Exploring diabetes and depression among Black communities
3924,2;5,FA1;FA8,2,0,Family History of Chronic Conditions2
14766,14;19,FA1;FA6,2,0,Migraine and Air Quality
16893,4;8,FA1;FA5,2,0,Social distancing and mental health
8298,1;4;6;16,FA1;FA4;FA5;FA7;FA8,5,0,Duplicate of Pharmacogenomics and Medical Outcomes 2
16891,2;6,FA7;FA8,2,0,admixture_reproduce_signal
16885,18,FA1;FA7,2,0,hearing loss
10115,2;18;19,FA1;FA6;FA7;FA8,4,0,Sinusitis and air pollution
16878,,,0,1,test-ws
10062,,,0,1,Disability
16877,4;6,FA1;FA5;FA7,3,0,Duplicate of Socio-demographics & Mental Health
16875,5,FA1;FA8,2,0,sex differences in head and neck cancers
16867,,,0,1,15q13.3DS
16860,14,FA1,1,0,Cerebral Palsy
16859,2;4;6;8,FA1;FA5;FA7;FA8,4,0,Duplicate of Discrimination and mental health
16849,6;14,FA1;FA7,2,0,"Migraine, Zipcode, Pollution"
16843,10,FA1;FA4;FA8,3,0,Cystic Fibrosis
16841,2;8,FA1;FA8,2,0,IEI related rare variants in adults with death from infection
16827,1;3;4,FA1;FA5;FA8,3,0,Duplicate of Demo - Medication Sequencing
16826,,,0,1,Systems Biology of Routine Laboratory Tests
14920,15;17,FA2;FA4;FA7,3,0,Maternal genes
16811,1,FA1;FA8,2,0,Rare variants and common variants
16807,4;6;15,FA1;FA2;FA5;FA7,4,0,Racial and Ethnic Disparities in Psychological Features of PCOS
8683,2,FA8,1,0,PheWAS of MFAP2 SNPs
16548,1,FA1;FA8,2,0,Liver Research
16800,1;6,FA1;FA7;FA8,3,0,Cardiometabolic Health Among Multiracial Individuals V1
8226,2,FA8,1,0,V7_NF1
16795,,,0,1,Duplicate of Duplicate of OAB patients - CSC
2520,1;3,FA1;FA8,2,0,Phenotype - Type 1 Diabetes and Type 2 Diabetes
5215,2,FA8,1,0,Rare genetic variant associations with human height
15912,1;2;14,FA1;FA8,2,0,Duplicate of Identifying genetic risk factors for transient ischemic attacks
4093,1;2;3;6;15,FA1;FA2;FA7;FA8,4,0,D-PRISM-Team-BandV
16787,4;5;6,FA1;FA5;FA7;FA8,4,0,Psychosocial characteristics & quality of life among transgender survivors
13590,10,FA1;FA4;FA8,3,0,Viability of Complementary Long Read Verification in Homologous Regions for cWGS
15636,2;4;9,FA1;FA5;FA8,3,0,Co-morbid conditions in carriers of ZIP8 A391T (Rs13107325)
16784,4,FA1;FA5,2,0,SSRI
16780,,,0,1,Exploring inverse probability weighting with COPE data
16783,,,0,1,Peri-partum Cardiomyopathy
16781,3,,0,1,Counterfactual Augmentations
16779,2;13,FA1;FA8,2,0,Genome-Wide Association Study of Asthma
16777,,,0,1,sex chr evolution
16774,,,0,1,sex_chr_evolution
16769,2,FA8,1,0,Yuzheng
16768,12,FA1;FA7,2,0,Keloid 2
16760,2;4;6,FA1;FA5;FA7;FA8,4,0,Genetics of antidepressant exposure
16610,,,0,1,meds_etl_debugging
16751,1;3;6;14,FA1;FA7;FA8,3,0,Fair Prediction of Two-year Stroke Risk in Patients with Atrial Fibrillation
16746,2,FA8,1,0,Lipid_Function_Decode
16738,1,FA1;FA8,2,0,Genetic Modifiers in Polycystic Kidney Disease
16737,4;6;11,FA1;FA3;FA5;FA7,4,0,How Social Isolation impacts Healthy Aging
16729,1;3;6,FA1;FA7;FA8,3,0,Obesity abstract
16721,1;6,FA1;FA7;FA8,3,0,Liver Cirrhosis
16714,6;12,FA1;FA7,2,0,Eczema
16713,,,0,1,ECig med conditions
13196,2,FA8,1,0,Detecting somatic CNAs in AoU (V7)
16704,6;15,FA2;FA7,2,0,Social Demographic Predictors of Delivery Complications (McDonald)
16698,5,FA1;FA8,2,0,Duplicate of Workspace for JL UChicago
14665,6;16;17,FA4;FA7;FA8,3,0,All Participants
13260,1;3;6,FA1;FA7;FA8,3,0,Predictive Model of Cardiovascular Risk in People with Type II Diabetes
16692,6;7,FA7,1,0,Working Analysis of Functional status among survivors of RF
16689,6;7,FA7,1,0,Duplicate of Duplicate: Functional status among survivors of RF
16688,1;5,FA1;FA8,2,0,"How do Vitamin B12, A and C levels influence risk of clonal hematopoiesis?"
16682,1;6,FA1;FA7;FA8,3,0,Mediators of Cardiovascular Health and Social Determinants of Health in Women
16681,5;9;12,FA1;FA7;FA8,3,0,Skin Disease
16680,1;4;9;12;14;18,FA1;FA5;FA7;FA8,4,0,Ocular Co-morbidities
12701,1;3;6,FA1;FA7;FA8,3,0,(Duplicate of)^2 Multivariate trajectories of treatment response...
13023,2;4,FA1;FA5;FA8,3,0,Genetic Investigation of Fibromyalgia (& ME/CFS)
16668,5;6;10;17,FA1;FA4;FA7;FA8,4,0,BC VUS Identification
16651,2;18,FA1;FA7;FA8,3,0,Macular Hole/VMT
16663,4,FA1;FA5,2,0,AIBDs and Psych
16662,1,FA1;FA8,2,0,Cost-related Medication Adherence
16659,10,FA1;FA4;FA8,3,0,Genetics of Long QT
16021,3,,0,1,Anthropometric Exploration
16655,3;10,FA1;FA4;FA8,3,0,IDeaS Rare Disease Exploration
12347,3;7,,0,1,Disease Risk Prediction
16647,2;6;11,FA1;FA3;FA7;FA8,4,0,Characterization and genetics of periodontal disease
16646,,,0,1,Cardiovascular_Diseases_Data_Analysis
16645,1,FA1;FA8,2,0,Quantifying CVD by County NHPI vs total
14042,1;2,FA1;FA8,2,0,PRS 2024
16642,18,FA1;FA7,2,0,Glaucoma-Prescreening-Surveys
16641,2,FA8,1,0,admixed_prs_analysis V6: MVP PGS
16640,1;7,FA1;FA8,2,0,Physical Therapy and Comorbidity Analysis
16635,3;7;8,FA1,1,0,FL-WD
4431,4;6,FA1;FA5;FA7,3,0,Association of alcohol use disorder with health-related quality of life.
16002,2;4,FA1;FA5;FA8,3,0,Using MoChA to identify CNVs
15552,6,FA7,1,0,Health literacy with version 7 latest dataset
11333,1;2;11,FA1;FA3;FA8,3,0,AD genetics (v7)
14707,3;5;8,FA1;FA8,2,0,Vaccine and cancer
16605,6;7;19,FA6;FA7,2,0,Fitbit data Environment.
16602,3;7;8,FA1,1,0,Duplicate of Long-COVID AoU Project
16599,18,FA1;FA7,2,0,Meniere's
16597,1;5;12,FA1;FA7;FA8,3,0,Self perception in alopecia areata
16593,3,,0,1,Investigating complementary and integrative health approaches
14040,2;3;8,FA1;FA8,2,0,"surveys, and genetic predictors of post-COVID phenotypes. v7"
16590,3;4,FA1;FA5,2,0,Iron Metabolism in Alcohol Use Disorder
15979,6,FA7,1,0,Dermatophytes in Peds - Registered Tier
15891,6,FA7,1,0,Dermatophytes in pediatrics
16586,,,0,1,Genomes For Linear Probes
16579,1;3,FA1;FA8,2,0,Training with Diabetes and initial data exploring of HF and AFib
16578,3;5,FA1;FA8,2,0,Upper Tract Urothelial Cancer
14205,4;18,FA1;FA5;FA7,3,0,Glaucoma and Depression
13401,2,FA8,1,0,PIEZOcontrolled
16569,2;4,FA1;FA5;FA8,3,0,Psychiatric analysis
12214,1;7,FA1;FA8,2,0,NYUGSOM PMED
16566,,,0,1,GI Malignancies
16564,2;6;15,FA2;FA7;FA8,3,0,Duplicate of Cervical insufficiency
16563,2;6;15,FA2;FA7;FA8,3,0,Cervical insufficiency
16561,2;4,FA1;FA5;FA8,3,0,Genetic factors associated with psychiatric concerns and comorbid conditions
16547,6,FA7,1,0,Hispanic Access to OA Care
4600,6;15,FA2;FA7,2,0,The Social Determinants of Maternal Mortality
16539,6,FA7,1,0,"The Prevalence of Ocular Trauma, Incidence of Firearm Trauma, & SVI"
16536,5,FA1;FA8,2,0,Cancer Survivors and Language
16532,11,FA1;FA3,2,0,ADRD treatments trial emulation
16525,,,0,1,Sexual Dimorphism in Nocturnal Awakenings
16515,9;13,FA1,1,0,DMPM IMT CV events
16514,3;5,FA1;FA8,2,0,NUO 1.5.24
16513,13,FA1,1,0,Determinants of Asthma
16508,1,FA1;FA8,2,0,Kidney Disease in T2D
16506,3;5;7,FA1;FA8,2,0,Duplicate of Breast Cancer Diagnosis Prediction_March2024
16505,2;5;6,FA1;FA7;FA8,3,0,Mudasir Rashid
16350,3;5;7,FA1;FA8,2,0,Duplicate of Breast Cancer Diagnosis Prediction_2
16499,2,FA8,1,0,Genomic Data (Hail - Plink)(v7)
16181,2;10,FA1;FA4;FA8,3,0,Evolutionary History of G6PD-Deficiency in African-Ancestral Populations
16498,,,0,1,Heart workspace 1
16496,1,FA1;FA8,2,0,Truckers
16486,5,FA1;FA8,2,0,Testing: Breast Cancer Excel
16484,2;9,FA1;FA8,2,0,PRS for irAE prediction
13660,2;9,FA1;FA8,2,0,Polygenic risk scores for immune-related adverse event prediction
16480,,,0,1,How To use All of Us for Military and Veteran Research
6528,1;6,FA1;FA7;FA8,3,0,Social Determinants of Health and Disease
13483,11;13;15,FA1;FA2;FA3,3,0,ADRD Exploration
16476,2;15,FA2;FA8,2,0,Genetic risk of female egg aneuploidy
16474,5;9,FA1;FA8,2,0,VCFfiles_ CohortBC_CVD
16269,2;9;14;15,FA1;FA2;FA8,3,0,Duplicate of MS and Endometriosis
16461,15,FA2,1,0,Primary Ovarian Insufficiency
16453,6,FA7,1,0,Social Determinants of Health in Diagnosis of Neurodevelopmental Disorders
16447,6,FA7,1,0,Community Health Priorities for Hispanic Populations in the Deep South
16446,3,,0,1,STS Feature Selection
16445,6,FA7,1,0,Bayard NHPI Mental Querying
16444,2;5,FA1;FA8,2,0,Rare genetic variant contributions to multiple cancers
16442,5;15,FA1;FA2;FA8,3,0,Duplicate of AUB and predictors of EMB and endometrial cancer
13320,,,0,1,LDLR rare variants
12148,2;9;14;15,FA1;FA2;FA8,3,0,Genetic Predictors of Multiple Sclerosis Related Postpartum Relapse
16438,3;4,FA1;FA5,2,0,Duplicate of Gender differences in mental health
16436,16,FA4;FA8,2,0,Bleeding on Anticoagulants
16434,,,0,1,Longitudinal CBC
16203,5;15,FA1;FA2;FA8,3,0,AUB and predictors of EMB and endometrial cancer
16430,1;11;12,FA1;FA3;FA7;FA8,4,0,"Skin Conditions, Demographics, and Association with Neuropsychiatric Illnesses"
16427,,,0,1,myeloid-disease-ctv7
16367,1;6;15,FA1;FA2;FA7;FA8,4,0,Association Maternal BMI with GDM Risk in later stages of pregnancy
16426,6;8,FA1;FA7,2,0,"Duplicate of ""Official State"" Language Equity"
16425,2,FA8,1,0,phenotypic network GWAS
16420,,,0,1,Duplicate of myeloid-disease-ct
16416,2;4;8,FA1;FA5;FA8,3,0,Marco 2 workspace
15604,1;7,FA1;FA8,2,0,GLP-1 cohort try
16414,19,FA6,1,0,Gout - geo tracked
16404,19,FA6,1,0,gout dataset
4062,3;9;15,FA1;FA2,2,0,MS-v6
14477,2;3;6;13,FA1;FA7;FA8,3,0,Asthma_ICS
16395,4;7;19,FA1;FA5;FA6,3,0,Heat and Mental Health Inequalities
9495,1;4;14,FA1;FA5;FA8,3,0,The effects of marijuana use and substances of misuse on cardiovascular events
16393,1;13,FA1;FA8,2,0,Echocardiography Findings and Prevalence of Pulmonary Hypertension post-COVID
16392,1;9;13,FA1;FA8,2,0,Risk of cardiac events in dermatomyositis
16258,4;5,FA1;FA5;FA8,3,0,Lithium exposure and cancer risk Copy
15995,4;6,FA1;FA5;FA7,3,0,Everyday Discrimination & Allostatic Load among Black Women
14840,1;2;6;13,FA1;FA7;FA8,3,0,INTERVENE
16387,5,FA1;FA8,2,0,Cancer Biomarkers
11926,3;5;7,FA1;FA8,2,0,Breast Cancer Diagnosis Prediction
12488,12,FA1;FA7,2,0,Keloids and Hypertrophic Scars
16384,3;8,FA1,1,0,PASC Data Exploration
14032,5;6,FA1;FA7;FA8,3,0,Breast Cancer QOL Disparities v2
13945,2;6;7,FA7;FA8,2,0,Estimating PGx-Guided Drug Policy Performance
16366,,,0,1,Disease
1805,4;8,FA1;FA5,2,0,Built_environment_covid_V4
15910,,,0,1,hydroxychloroquine
16355,6,FA7,1,0,Perceived Discrimination & Allostatic Load: Impact on US-Born Black Individuals
16351,2;8;10,FA1;FA4;FA8,3,0,Genetic Contribution to the reduced risk of HIV in Sickle Cell Disease
16344,2,FA8,1,0,admixed_prs_analysis: coranova
16340,5,FA1;FA8,2,0,Ca125
16339,2;6,FA7;FA8,2,0,buprenorphine
6748,6,FA7,1,0,Multimorbidity Exploratory Analysis
16337,1,FA1;FA8,2,0,obesity prevalence by race and gender demo
16336,1;2;11,FA1;FA3;FA8,3,0,Delirium Genetics
16335,,,0,1,SAIDs
16333,2,FA8,1,0,Plink Practice
16329,,,0,1,Relating Functional Assay Results to Clinical Phenotypes in Urea Cycle Disorders
14280,1;6,FA1;FA7;FA8,3,0,Health Disparities in Chronic and Common Diseases Controlled Tier
16320,6;8;9,FA1;FA7,2,0,HLA B27 positivity prevalence and relationship to T cell receptor repetoire
16292,1;16,FA1;FA4;FA8,3,0,Personalizing Antihypertensives and Diabetic Medications
16316,2;7,FA8,1,0,genetics_tutorial
16310,2;18,FA1;FA7;FA8,3,0,Hearing loss across the lifespan
13494,1;2;5;13,FA1;FA8,2,0,Genomics in predicting immune checkpoint inhibitor efficacy in lung cancer
16286,1;6,FA1;FA7;FA8,3,0,Insights into Anemia and Associated Factors in Type 2 Diabetes Patient Cohorts
11229,9;13,FA1,1,0,Dermatomyositis Treatments and Comorbidities v7 Sept 2023
8147,2;18,FA1;FA7;FA8,3,0,Workspace1_MUSC_Tier7
11493,14;18,FA1;FA7,2,0,MenieresDisease
16282,5,FA1;FA8,2,0,Cancer Research v7
16279,11,FA1;FA3,2,0,Exploratory dementia analyses
16278,,,0,1,Cognition and Health Care Access and Planning among Asian
16272,2;15,FA2;FA8,2,0,NVP Genomics
15137,6;7,FA7,1,0,Duplicate: Functional status among survivors of RF
16268,16,FA4;FA8,2,0,ValidationCohortSelection mgatzen
16264,2;3;16,FA4;FA8,2,0,Pharmacogenetic + EHR Analysis
16262,4;7;15,FA1;FA2;FA5,3,0,Trajectories of physical activity behavior during pregnancy and postpartum
16257,4;6,FA1;FA5;FA7,3,0,"Duplicate of Sleep Disorders, Neighborhood, and Social Determinants of Health"
13317,2;4,FA1;FA5;FA8,3,0,Understanding the Genetic Basis of Borderline Personality Disorder
16161,3;4,FA1;FA5,2,0,data_preprocessing_Sophie_Wang_Lab1
8007,2;5,FA1;FA8,2,0,PanCancer_WGS_AoU_v7
16238,2;11,FA1;FA3;FA8,3,0,Genetic determinants of delirium
16237,1,FA1;FA8,2,0,Left Atrial Appendage Closure
16233,1;15,FA1;FA2;FA8,3,0,Age-related differences in CVD risk factors among women
16228,1,FA1;FA8,2,0,Obesity and Metabolic Disease in NHPI
16223,2;5;6,FA1;FA7;FA8,3,0,Environmental risk factors for Bladder Cancer
16217,9;13,FA1,1,0,Duplicate of Dermatomyositis Treatments and Comorbidities v7 Sept 2023
13579,1;6;16,FA1;FA4;FA7;FA8,4,0,TAN: Diabetes Type 2: Metformin vs Alternatives
16209,1;4;13,FA1;FA5;FA8,3,0,Duplicate2 of v7 Symptom Clusters in Chronic Conditions - Controlled Tier
11280,1;4;13,FA1;FA5;FA8,3,0,Duplicate of v7 Symptom Clusters in Chronic Conditions - Controlled Tier
16206,2;3;6;7;11,FA1;FA3;FA7;FA8,4,0,Alzheimers disease polygenic score
16204,13,FA1,1,0,MTX ILD study March 2024
16202,2;5,FA1;FA8,2,0,ExWAS and Burden Testing for Breast Cancer
16200,1,FA1;FA8,2,0,HDL x Alcohol
16196,1;2,FA1;FA8,2,0,genomic and genetic analysis of obesity
15124,3;6,FA7,1,0,Atlas2AoU
16189,5;15,FA1;FA2;FA8,3,0,Chris D. 3-18-24
16187,9,FA1,1,0,Lupus and Rheumatoid
16183,2;4;6,FA1;FA5;FA7;FA8,4,0,GxE Effects on Alcohol and Tobacco Use
8056,1;18,FA1;FA7;FA8,3,0,v7 Afib and glaucoma progression to surgery
11765,12,FA1;FA7,2,0,Genetic analysis for complex skin conditions
16165,3,,0,1,Derm 2024
12869,2;3,FA8,1,0,Scalable and efficient polygenic scores in diverse populations
16142,1;5,FA1;FA8,2,0,Cardio-Onc Project
16138,,,0,1,Genetic variation
16137,3;5;7,FA1;FA8,2,0,Duplicate of Breast Cancer Diagnosis Prediction
15293,4;7,FA1;FA5,2,0,The Impact of an Active Lifestyle
16132,6;19,FA6;FA7,2,0,Disability and place
12468,3,,0,1,v7 Simple structure identification for better explainable predictive model
16129,9;12,FA1;FA7,2,0,Prurigo nodularis and celiac disease
16127,,,0,1,Fibromuscular dysplasia
16124,1;6,FA1;FA7;FA8,3,0,Young_test
15892,2,FA8,1,0,Duplicate of PheWAS for structurally variable regions (NEW)
16114,6;10,FA1;FA4;FA7;FA8,4,0,Health Disparities of Minorites with Sickle Cell Disease
16113,5;6,FA1;FA7;FA8,3,0,Racial disparities in gastric cancer
16107,2,FA8,1,0,Rare Variants Burden Analysis
16108,6,FA7,1,0,Smell loss and Social Determinants of Health
16102,1;3;6,FA1;FA7;FA8,3,0,Neighborhood environment and diabetes
15849,6,FA7,1,0,Health disparity in prevalence of hyperthyroidism
16097,1;5,FA1;FA8,2,0,GLP1agonist_HCC
16095,2;3,FA8,1,0,CD177 PheWAS
16090,3,,0,1,Unraveling the Diagnostic Odyssey
16087,3;6;13,FA1;FA7,2,0,Duplicate of Comparative effectiveness of treatments for obstructive sleep apnea
16082,1;9,FA1;FA8,2,0,CVD_SLE_RA
16077,5;6,FA1;FA7;FA8,3,0,Factors_Impacting_HRQOL_in_Cancer_Survivors_2
12540,5;6,FA1;FA7;FA8,3,0,Breast Cancer Research V7
16073,2;4;15,FA1;FA2;FA5;FA8,4,0,Perinatal_Phenotypes_Predictors_and_Outcomes
16072,4,FA1;FA5,2,0,wellbeing and lifestyle
15620,2,FA8,1,0,NMO Genetics
16067,10,FA1;FA4;FA8,3,0,Sreekar Workspace
16057,4;6,FA1;FA5;FA7,3,0,Disparities in injury burden and associated outcomes
16056,,,0,1,Tattoos
16055,1,FA1;FA8,2,0,Heart disease and digital health
6132,1;2,FA1;FA8,2,0,Phosphate metabolism
16052,1,FA1;FA8,2,0,Cardiometabolic Health Predictors and Precision Therapy
14575,3;5,FA1;FA8,2,0,Duplicate of BRCA1 testing
16049,,,0,1,craniofacial/dental/oral
16048,1;18,FA1;FA7;FA8,3,0,Renin angiotensin blockade and otoprotection
4228,1;2,FA1;FA8,2,0,Duplicate of Hypertension_GWAS
11177,1;15,FA1;FA2;FA8,3,0,HS Comorbidities
16026,,,0,1,Lead poisoning cases
16024,14,FA1,1,0,Long Read Repeat Expansion Analysis
16023,2;4,FA1;FA5;FA8,3,0,Activators of G protein signaling network analysisn Controlled
16011,2,FA8,1,0,Small open reading frames in drug discovery
7907,2;3;5,FA1;FA8,2,0,Identifying Outcomes for PRS Risk Prediction
16005,,,0,1,Variations in Fistula after Head and Neck Free Flap Reconstruction
16003,2;5;12;18,FA1;FA7;FA8,3,0,Developing and testing PRS for complex disease in different ancestry groups
15999,1,FA1;FA8,2,0,Foreign Born v Non Foreign Born Outcomes
15998,2,FA8,1,0,GWAS-PheWAS_LEI
15996,5,FA1;FA8,2,0,"ACEs, Allostatic Load, and Risk of Breast Cancer"
15994,,,0,1,Semaglutide IIH
15992,,,0,1,rare-variants-query
15991,18,FA1;FA7,2,0,Genetic Hearing Loss
15985,,,0,1,AF
8478,6;8;11,FA1;FA3;FA7,3,0,"Frailty, older SGM and PLWH Data V7"
15983,1,FA1;FA8,2,0,Healthcare Determinants
15981,7;15,FA2,1,0,Wearables and Pregnancy
11742,1;2;10,FA1;FA4;FA8,3,0,Duplicate of v7 controls for genotype_sequence and endocrine disorders_traits_ES
15637,2,FA8,1,0,Parsonage-Turner Syndrome GWAS
15974,2;18,FA1;FA7;FA8,3,0,TUBB2B
15956,,,0,1,Filtering VDS
15972,3,,0,1,counterfactual_augmentations
15971,3;6;7;8,FA1;FA7,2,0,Sepsis and Wearables CTDv7
15835,1;2,FA1;FA8,2,0,Rare variants - metabolic
15962,2;5,FA1;FA8,2,0,T-ALL
15958,1;3,FA1;FA8,2,0,Nephrology
15955,2;14,FA1;FA8,2,0,Histone variant PheWAS
15952,6;18,FA1;FA7,2,0,High Myopia Screening
15949,1;16,FA1;FA4;FA8,3,0,genomic_impact_bp
15947,1;2;6,FA1;FA7;FA8,3,0,APOL1 gene mutations and Kidney Disease - Replication
15943,3;6;7,FA7,1,0,Bariatric Surgery and Wearables CTDv7
15940,3;6;7,FA7,1,0,US Physical Activity Landscape
15934,2;9;10,FA1;FA4;FA8,3,0,Participation bias
15925,1,FA1;FA8,2,0,A143T
15924,10,FA1;FA4;FA8,3,0,Chan_SHL
15919,2;3,FA8,1,0,AllofUS Exome Variant Analyses
15918,,,0,1,Thyroid
15916,,,0,1,AMD
15914,5,FA1;FA8,2,0,Breast cancer Transwomen
15913,8,FA1,1,0,Impact of long COVID on surgical outcomes
15911,1;2;11,FA1;FA3;FA8,3,0,HeartAndBrainGenetics
15909,1;7,FA1;FA8,2,0,Physical Activity and Health outcome
13538,2;6,FA7;FA8,2,0,MAFLD_GWAS_test
15894,3;7,,0,1,UCHC machine learning
15893,5;6,FA1;FA7;FA8,3,0,Cancer health services
15889,5;12,FA1;FA7;FA8,3,0,NewSkinCancer
15885,2;10,FA1;FA4;FA8,3,0,Incidence of secondary findings in individuals of varying ancestry
14307,15,FA2,1,0,Employing Growth Models in assessing maternal health
13234,4;6,FA1;FA5;FA7,3,0,SGM and SUDs - Alberto
15881,2,FA8,1,0,DOCK4 cohort
15880,2;4;13,FA1;FA5;FA8,3,0,university-research-asthma
15879,2,FA8,1,0,Long-read technologies and pangenome approaches
15874,6;13,FA1;FA7,2,0,Chronic obstructive pulmonary disease prediction with AI models
9465,2;14,FA1;FA8,2,0,Explore the potential mechanisms of complex structure variants in human
15872,,,0,1,European vs Diverse Cohorts
15867,2,FA8,1,0,V7_pregnancy_health-related traits
14719,2,FA8,1,0,V7_women-health-related traits
15862,4;15,FA1;FA2;FA5,3,0,Perinatal Mental Health
15856,11,FA1;FA3,2,0,DLB
11609,,,0,1,Adjusting results using multiple crossproduct marginal distributions
15852,4,FA1;FA5,2,0,Duplicate of Mental health and deaf patients - registered tier
14379,,,0,1,Clarke Lab Registered Tier
15844,1;2;11;14,FA1;FA3;FA8,3,0,Linking Neurodevelopmental and Neurodegenerative Disorders using All of Us
4449,6;12,FA1;FA7,2,0,Food Insecurity and HS
15840,,,0,1,Genetic modifiers of bronchiectasis outcomes
14294,1;2;4;15,FA1;FA2;FA5;FA8,4,0,Duplicate of Determinants of PCOS
4028,2;9,FA1;FA8,2,0,SLE PheWAS
14618,1;6,FA1;FA7;FA8,3,0,NHPI Cardiovascular Disease Workspace
15824,9;14;15,FA1;FA2,2,0,Pre and Post Menopause MS Comorbidities
15822,,,0,1,VBAC Calculator
15818,11;14,FA1;FA3,2,0,TBI + Genetics
13853,2;4;14;18,FA1;FA5;FA7;FA8,4,0,"Genomic Architecture of PTSD, Tinnitus, and TBI"
15811,2,FA8,1,0,Parkinsons
14274,,,0,1,HHV6_dev2
11106,1,FA1;FA8,2,0,"MCU Genetic Variation, Obesity, and Vascular Disease"
10836,2;4;15,FA1;FA2;FA5;FA8,4,0,perinatal depression
15803,3;5;6,FA1;FA7;FA8,3,0,Determining utility of AoU to study blood cancers
15722,3;5;6,FA1;FA7;FA8,3,0,the Distribution of Multiple Myeloma Risk Factors and Treatment Patterns (new)
6632,3;5;6,FA1;FA7;FA8,3,0,the Distribution of Multiple Myeloma Risk Factors and Treatment Patterns
15588,3;6,FA7,1,0,TL_risk_prediction
15799,1;4;6,FA1;FA5;FA7;FA8,4,0,Psychosocial factors and Clonal Hematopoiesis of Indeterminate Potential (CHIP)
15798,1;2,FA1;FA8,2,0,Genetics of Cardiovascular Disease related phenotypes
15778,3;8,FA1,1,0,Prediction of Sepsis Risks using Vital Signs Data
15777,1;2;14,FA1;FA8,2,0,Mediators of the CKD and ICH Association
15774,10,FA1;FA4;FA8,3,0,Review of SCD data in AoU
12758,1;2,FA1;FA8,2,0,Genetic-risk factors for type 2 diabetes
15056,6,FA7,1,0,Health Discrepancies in the Transgender Population in the Southern United States
15740,4,FA1;FA5,2,0,"Association between smoking, e-cig use and mental disorders"
10852,2;5,FA1;FA8,2,0,FOXA1  AND GNB5 GENE
15723,2;8,FA1;FA8,2,0,JAK/STAT SNPs
15718,12,FA1;FA7,2,0,Tinea Versicolor
15717,12,FA1;FA7,2,0,Contact Dermatitis v4
15716,12,FA1;FA7,2,0,Contact Dermatitis v3
11242,1;2;6,FA1;FA7;FA8,3,0,SIRE vs GA for T2D
14102,1;2,FA1;FA8,2,0,Investigation of HGI in AoU
15688,1,FA1;FA8,2,0,Duplicatev2 of Autozygosity and complex traits - a replication
15684,5;9,FA1;FA8,2,0,controlled mds/aid
15675,15,FA2,1,0,Pregnant Persons
15396,1;2;16,FA1;FA4;FA8,3,0,Duplicate of Drug response GWAS - Alex copy (20 September)
15671,,,0,1,Factors Acting as Barriers to Health Care
15670,2,FA8,1,0,Genomics Creutzfeldt-Jakob disease (CJD)
15668,5;6,FA1;FA7;FA8,3,0,Cancer and Environmental Toxins
8978,1;6,FA1;FA7;FA8,3,0,"Diabetes Mellitus and Obesity among Hisp/Lat, NHW, NHB, Non-Hisp Asian"
15659,1;4;6,FA1;FA5;FA7;FA8,4,0,Social Determinants of Health in Cardiac Rehab
15650,,,0,1,AITD/HT
15160,2,FA8,1,0,Delirium Tremens Research
13959,1;4,FA1;FA5;FA8,3,0,Impact of childhood mental health disorders
15642,6;8;15,FA1;FA2;FA7,3,0,Perinatal paper
15625,1;2;6,FA1;FA7;FA8,3,0,Duplicate of CAD and Dental Health
15512,4;8,FA1;FA5,2,0,COVID-19 Mental Health Moderators
12777,9,FA1,1,0,IBD in Diverse Populations
15614,,,0,1,rsID test
15612,2;5;6,FA1;FA7;FA8,3,0,Lung Cancer GWAS
15606,1;5,FA1;FA8,2,0,Test PFOS
15596,4,FA1;FA5,2,0,OUD and Surgical Pain
15594,5;9,FA1;FA8,2,0,Fatigue in Individuals with Breast Cancer and IBS versus Breast Cancer and IBD
15593,2,FA8,1,0,Duplicate of Duplicate of Psmb11 polymorphisms
13779,1;2,FA1;FA8,2,0,hyperXeGFR
15476,,,0,1,WorkbenchBackChannel
15586,1;18,FA1;FA7;FA8,3,0,Duplicate of Diabetic Retinopathy
15582,1,FA1;FA8,2,0,Gene Mutation and Kidney Disease
15574,1;2,FA1;FA8,2,0,Structural variants in diabetes
14553,3;7,,0,1,TD2
15569,,,0,1,LCT Variations and SIBO
6486,2;5,FA1;FA8,2,0,Interrogating link between germline variation and tumor evolution
15563,2,FA8,1,0,CCA_ct_v7
15561,2,FA8,1,0,Duplicate of  Cirrhosis_v7
14363,2;3;18,FA1;FA7;FA8,3,0,Genetics of age related hearing loss
11077,16,FA4;FA8,2,0,Pancreatitis Azathioprine Replication (Mercaptopurine not removed)
14643,2;9,FA1;FA8,2,0,Autoimmune diseases
15557,11,FA1;FA3,2,0,Aging biomarkers exploration
15553,1,FA1;FA8,2,0,Cardiac burden scans
14784,2;3,FA8,1,0,Duplicate of Demo - Assessment of pathogenic variants - notebook cleanup
2767,2;6,FA7;FA8,2,0,Health Disparities
15543,3;4,FA1;FA5,2,0,24v1
14638,2,FA8,1,0,Genetic data compression
15430,12,FA1;FA7,2,0,Duplicate of Risk factors - derm
15244,,,0,1,ASCVD Project
15538,1;2,FA1;FA8,2,0,Young onset T2D
15532,,,0,1,data test
15530,1;4,FA1;FA5;FA8,3,0,EkbergAOU
15529,4;6,FA1;FA5;FA7,3,0,Mental health disparity
15528,,,0,1,AoU-MH
15523,2;11,FA1;FA3;FA8,3,0,Rare_variants
13686,1;5;6,FA1;FA7;FA8,3,0,"Discrimination, Social Determinants, and Cardiac Risk Factors in Cancer Patients"
15511,2;5;6,FA1;FA7;FA8,3,0,Satya
13073,2;5;12,FA1;FA7;FA8,3,0,9. Lung Cancer GWAS v7
6705,2,FA8,1,0,8. Liver-related diseases
15510,5,FA1;FA8,2,0,Lung_Cancer_Analysis_Vikram_Project
15509,2;18,FA1;FA7;FA8,3,0,7. GRANT_AMD analysis
15506,1;7,FA1;FA8,2,0,Gout by Ethnicity
15501,6;7,FA7,1,0,Physical Activity and Sedentary Time CTDv7
15427,,,0,1,Firefighters' Carcinogenic Exposures
15495,,,0,1,HCV and Healthcare Utilization
9703,4,FA1;FA5,2,0,Duplicate of Duplicate of Antidepressant Response Datav7
15493,1;3;18,FA1;FA7;FA8,3,0,Age related macular degeneration and GLP-1
7745,1,FA1;FA8,2,0,Duplicate of Autozygosity and complex traits - a replication
15491,,,0,1,Duplicate of Iron deficiency in anticoagulated menstruators
11872,4;6,FA1;FA5;FA7,3,0,OLD_A risk model of CHC and TRMHC among H/L gender minorities
15468,2;6;7,FA7;FA8,2,0,Polygenic Risk Scores and Physical Activity (Extended) CTDv7
15488,4;6,FA1;FA5;FA7,3,0,A risk model of CHC and TRMHC among H/L gender minorities
15485,2;12,FA1;FA7;FA8,3,0,WGS CCCA
10318,4;6;18,FA1;FA5;FA7,3,0,Otology Outcomes
15480,5;6,FA1;FA7;FA8,3,0,Grant Proposal
15478,4;7,FA1;FA5,2,0,Accelerometer-based Indicators of Long-Term Physical Activity Maintenance
14930,,,0,1,Iron deficiency in anticoagulated menstruators
5992,12,FA1;FA7,2,0,Lloyd_Wound_Healing
15471,2;11,FA1;FA3;FA8,3,0,Genetic Variant Exploring with Alzheimer's Disease Sequencing Project
15470,5,FA1;FA8,2,0,Prostate Cancer Genetics v7
15469,1;2;5;8,FA1;FA8,2,0,HLA diversity and obesity in women with breast cancer
15395,15,FA2,1,0,"Female Reproductive Health Among Military Servicemembers, Veterans and Civilians"
15451,12,FA1;FA7,2,0,Frontal Fibrosing Alopecia and Hypothyroidism
15446,15,FA2,1,0,Female infertility associated with noncoding variants
15444,12,FA1;FA7,2,0,Risk factors - derm + lice
15443,2,FA8,1,0,Mobile_Element_Insertion
15433,13;19,FA1;FA6,2,0,WSP-SNPs_Asthma
15405,2,FA8,1,0,OGT-CDG Variants
9069,1;6,FA1;FA7;FA8,3,0,Kidney Disease 1
15394,3;5;7;11,FA1;FA3;FA8,3,0,shushunr_0223
14224,1,FA1;FA8,2,0,AIM-AHEAD-Shared
15380,6;15,FA2;FA7,2,0,Women's Health in Asian American Populations
15377,12,FA1;FA7,2,0,Contact Dermatitis v2
15375,12,FA1;FA7,2,0,Contact Dermatitis
15370,1;6,FA1;FA7;FA8,3,0,Cirrhosis Readmissions
15369,2;11,FA1;FA3;FA8,3,0,Alzheimer - Imaging Genetics
9565,1;2,FA1;FA8,2,0,Updated Cardiac PheWAS
13619,2;9;13;14;18,FA1;FA7;FA8,3,0,MS GWAS
15365,2;3,FA8,1,0,JAK-STAT_SNPs
10681,2;16,FA4;FA8,2,0,Pharmacogenomic haplotype characterization
15358,2;3;4,FA1;FA5;FA8,3,0,Genetic Association Between Monoamine Oxidase and Serious Mental Illness
3943,9;13,FA1,1,0,Dermatomyositis Analysis on Treatments and Comorbidities
15354,5,FA1;FA8,2,0,Family history cancer
14184,5;9,FA1;FA8,2,0,The Impact of IBD  on Symptom Burden for Individuals with Breast Cancer
15351,1;6;8;15,FA1;FA2;FA7;FA8,4,0,Retrospective analysis of dolutegravir metabolic effects during pregnancy
15350,3;6,FA7,1,0,Vulvovaginal Candidiasis
15330,2,FA8,1,0,Carrier Screening
3968,1;18,FA1;FA7;FA8,3,0,Diabetic Retinopathy
15348,4,FA1;FA5,2,0,Black women and pain disclosure
15335,1;2,FA1;FA8,2,0,Polygenic Risk Score of Behavioral Factors to Predict Cardiovascular Disease
15334,1;3;6,FA1;FA7;FA8,3,0,Diabetes-SDoH-WAS-v7
15331,5,FA1;FA8,2,0,MDS Analysis
13960,1;2;6,FA1;FA7;FA8,3,0,Gene Environmental Interactions and Disparities in Polycystic Kidney Disease
15325,1;3;5,FA1;FA8,2,0,HeartLungBreastInsights
15324,3,,0,1,EHR-Safe_Backup
15323,2,FA8,1,0,TP53_Arg72_Pro
15321,1;13;15,FA1;FA2;FA8,3,0,Pre-ec-inflam
12237,11,FA1;FA3,2,0,old Alzheimer's
15309,4;13,FA1;FA5,2,0,"Duplicate of Vaping, Smoking and Asthma_EY"
15307,1;4;6,FA1;FA5;FA7;FA8,4,0,Taubman: Maladherence to Hypertension Treatment Plans + Mental Health Impact
15209,1;4;6,FA1;FA5;FA7;FA8,4,0,Leite: Maladherence to Hypertension Treatment Plans & Impact on Mental Health
8956,2;3,FA8,1,0,Genetic Disease Risk Mechanisms v7
7676,2;3,FA8,1,0,Genetic Disease Risk Mechanisms GPU
6206,2;3,FA8,1,0,Genetic Disease Risk Mechanisms
4517,3,,0,1,Individual risk assessment
15302,5,FA1;FA8,2,0,Colorectal Cancer Study
15297,1,FA1;FA8,2,0,BEATS LAB
15296,9;12,FA1;FA7,2,0,Demographic factors associated with autoimmune skin diseases
14158,2;5,FA1;FA8,2,0,PanCancer_WGS_AoU_v7_w4
15282,1;2;14,FA1;FA8,2,0,Genetics of cardiac structure and function
12782,12,FA1;FA7,2,0,Risk factors - derm
15269,,,0,1,SMW Healthcare Access
15265,4,FA1;FA5,2,0,Pain in Older Latinos
15264,10,FA1;FA4;FA8,3,0,Fanconi Anemia
15261,2,FA8,1,0,Identification of pathogenic regulatory variants in congenital heart diseases
15057,2,FA8,1,0,Rate of reports in carrier screening
15258,1;6,FA1;FA7;FA8,3,0,Hispanic social health two
15254,1;6,FA1;FA7;FA8,3,0,Social influences Hispanic obesity
15247,3,,0,1,RepresentationLearning
15243,2,FA8,1,0,GWAS MI Study
4328,6,FA7,1,0,Promoting Health Equity Among Patients with Limited English Proficiency
12799,6,FA7,1,0,Promoting Health Equity Among Patients with LEP v7
2796,1,FA1;FA8,2,0,Healthcare Access and Utilization and Hospital Readmission in Heart Disease
15239,8,FA1,1,0,Chronic respiratory diseases after TB and need for rehabilitation
14929,15,FA2,1,0,Duplicate of PLAU_Workspace_AdversePregnancyOutcomes
15237,2;10,FA1;FA4;FA8,3,0,Prevalence of Friedreich ataxia and FXN allelic variants
14051,1,FA1;FA8,2,0,Armel Batchi
15230,,,0,1,TMS Demographics
12168,2,FA8,1,0,Z_Archived Duplicate of How to Work with All of Us Genomic Data
2640,6,FA7,1,0,Z_Archived Dental Health Disparities Project
15220,1,FA1;FA8,2,0,Ethnicity and obesity
15219,7;15,FA2,1,0,SleepWell Mom: Exploring Postpartum Recovery Through All of Us Data
15211,13,FA1,1,0,Duplicate of Interstitial lung disease epidemiology
15210,2;5;9,FA1;FA8,2,0,Autoimmune/Cancer Study
13139,2;4,FA1;FA5;FA8,3,0,Subjective Well-being with Genetics Data
15204,4;18,FA1;FA5;FA7,3,0,Glaucoma and Stress
15193,4;12,FA1;FA5;FA7,3,0,Grover's disease
4569,4;12,FA1;FA5;FA7,3,0,Psychiatry
13663,1;3;14,FA1;FA8,2,0,CVD-Risk-Prediction
15190,1;6;8;14,FA1;FA7;FA8,3,0,PASC study
15189,1;8,FA1;FA8,2,0,Hypertension Correlation to COVID-19
15026,2,FA8,1,0,MR test
10691,1;4;6,FA1;FA5;FA7;FA8,4,0,Greenspaces and Well-Being
15185,2,FA8,1,0,PGx Extraction
15180,18,FA1;FA7,2,0,MT-RNR1
5227,9;14,FA1,1,0,Multiple Sclerosis_PheWAS_by_Sex_Race_Ethnicity
10928,5;12,FA1;FA7;FA8,3,0,Genetic Biomarkers in Head and Neck Squamous Cell Carcinoma
14211,5;6,FA1;FA7;FA8,3,0,Cancer Disparities Among SMW and SMM
15171,6;15,FA2;FA7,2,0,Non-Severe and Severe Maternal Morbidity
5420,,,0,1,Exploring the AoU system
15103,1,FA1;FA8,2,0,VBAC
15166,2,FA8,1,0,GWAS Learning
5056,8,FA1,1,0,TB-HIV prevention therapy
1702,1;4;13,FA1;FA5;FA8,3,0,Symptom Clusters in Chronic Conditions
3224,1;4;13,FA1;FA5;FA8,3,0,Symptom Clusters in Chronic Conditions - Controlled Tier
5639,1;4;13,FA1;FA5;FA8,3,0,Symptom Clusters in Chronic Conditions v6 RT
3941,1;4;13,FA1;FA5;FA8,3,0,v6 Symptom Clusters in Chronic Conditions - Controlled Tier
8458,1;4;13,FA1;FA5;FA8,3,0,v7 Symptom Clusters in Chronic Conditions - Controlled Tier
15158,1;2,FA1;FA8,2,0,VTE replication
15155,4;6,FA1;FA5;FA7,3,0,Asian American CC and HCU v6
15152,,,0,1,ResearchTrial
12216,2,FA8,1,0,HypertensionUKBB
15145,4;15,FA1;FA2;FA5,3,0,Perinatal Mental Health Screening and Treatment
15134,5;6,FA1;FA7;FA8,3,0,modified_malignant cancers in different racial groups_02152024
15129,1;6,FA1;FA7;FA8,3,0,The impact of SDOH on multimorbidity profiles in ACS
15096,2,FA8,1,0,CFcarrier
15123,3;6;7;15,FA2;FA7,2,0,Pregnancy and Wearables RTDv7
15121,,,0,1,Sports SES project
15120,5,FA1;FA8,2,0,Cu in Serum Control
15119,5,FA1;FA8,2,0,Cu in Serum
15114,1;14,FA1;FA8,2,0,Role of variants in GPCR regulating proteins in disease
15113,5;12,FA1;FA7;FA8,3,0,Duplicate of Exploring Available Data
15107,1;2;14,FA1;FA8,2,0,PS - Duplicate of VariantRisk_APOL1_v7
2589,1;3,FA1;FA8,2,0,Duplicate of 5% trial
15094,2,FA8,1,0,BMI_v7
14646,1;6;15,FA1;FA2;FA7;FA8,4,0,Association of Maternal Obesity and Pregnancy-Induced Hypertension
15079,4,FA1;FA5,2,0,Cultural Competency and HC Utilization Among AAs
11148,6;8,FA1;FA7,2,0,Sleep Changes in Individuals with Prior COVID-19 Diagnosis
15077,1;12,FA1;FA7;FA8,3,0,AllOfUs Research
15067,3;4,FA1;FA5,2,0,EHR Mining for SUD Treatments
8413,1;2,FA1;FA8,2,0,BMI and genetic variance in Obesity Hypoventilation Syndrome
15053,10,FA1;FA4;FA8,3,0,Penetrance of rare variants in glycogen metabolism
15051,1;2,FA1;FA8,2,0,Sean
13520,2,FA8,1,0,KSD replication
14759,,,0,1,VWD
15046,,,0,1,Pneumonia bonus project
15044,1;3;4,FA1;FA5;FA8,3,0,PTSD and cardiovascular health
15042,8,FA1,1,0,HIV and viral hepatitis
15041,,,0,1,Vietnamese immigrant health
13999,1;2,FA1;FA8,2,0,"Duplicate of NHPI Lab Workspace (A.O. 1/2, v4, USE THIS)"
15037,3;15,FA2,1,0,Barriers to Care Among Patients with Endometriosis
15034,6,FA7,1,0,Patient perception of access to care and physician cultural competency
15033,2;6,FA7;FA8,2,0,Development and Application of Multi-omics Methods  for Complex Trait Analyses
7922,6,FA7,1,0,Duplicate of Healthcare Access Among the Underrepresented in Rural Areas
15025,5,FA1;FA8,2,0,PARPi secondary malignancy variants
13544,1;2,FA1;FA8,2,0,T2D Risk Stratification
13105,1,FA1;FA8,2,0,Pharmacoequity of SGLT2 inhibitors
15022,5,FA1;FA8,2,0,Preliminary analysis for NIH grant proposal
15014,1;14,FA1;FA8,2,0,Pre_DM_CVD
14989,,,0,1,General Genetics Group Project
15010,3;10,FA1;FA4;FA8,3,0,Cystic Fibrosis Workbench
14807,4;6;13,FA1;FA5;FA7,3,0,Asthma and Social Stressors 2
11423,1;2,FA1;FA8,2,0,HDL & CVD in NHPI - Dataset v7 - Version 2
3763,,,0,1,CHIT1 mutation and it's association to mast cell activation syndrome
14996,1;5,FA1;FA8,2,0,Cardiovascular disease in cancer survivors
14987,,,0,1,Assessing Sex Bias in Diseases
14983,3;7;11,FA1;FA3,2,0,Fitbit investigation
14982,2;4,FA1;FA5;FA8,3,0,Genetics of SUDs and Health Outcomes
14976,,,0,1,Train the Trainer Tutorial
14960,12,FA1;FA7,2,0,PADI3
13044,1,FA1;FA8,2,0,Renal-ControlledTier
14957,6;8;18,FA1;FA7,2,0,SLAGC
14956,,,0,1,Duplicate_Allopurinol_BP_effects
14955,1;2,FA1;FA8,2,0,Identifying Genetic Determinants of Heart Disease
14954,,,0,1,pa_controlled_tier
14953,1;2;13,FA1;FA8,2,0,SNX29 PheWAS
14942,6;8,FA1;FA7,2,0,Sample_workspace2024
14940,4;6;8,FA1;FA5;FA7,3,0,sample_workspace_2024
14938,1,FA1;FA8,2,0,"Duplicate of Sleep, exercise and cardiovascular outcomes_SA"
14936,4,FA1;FA5,2,0,Substance Abuse Comorbidities
14933,,,0,1,Back_up_EHRSAFE
14932,3,,0,1,OUD
14931,1;14;18,FA1;FA7;FA8,3,0,Metabolic Syndrome and Eye Disease
14928,4,FA1;FA5,2,0,Nicotine and the Genetic Code
14927,5,FA1;FA8,2,0,multimodal biomarker predict lung cancer immune therapy
14926,2;18,FA1;FA7;FA8,3,0,Hearing_loss_cohort_analysis
14923,4;11,FA1;FA3;FA5,3,0,Duplicate of Opioid Use Patterns among Older Adults
14915,4;11,FA1;FA3;FA5,3,0,Opioid Use Patterns among Older Adults
1867,2;3;5;10,FA1;FA4;FA8,3,0,Compare ancestry calibration methods for a CRC PRS old
14908,2,FA8,1,0,Height
14906,5;6;12,FA1;FA7;FA8,3,0,Cutaneous Squamous Cell Carcinoma and Access to Care
14905,5,FA1;FA8,2,0,HPV oropharyngeal cancer research
14902,,,0,1,Duplicate of Duplicate of Maaz Cardio - Controlled Tier
14900,,,0,1,Human genetic variation of canine disease/trait genes
14899,6,FA7,1,0,Coccidioidomycosis - Demographic and Epidemiologic Exploration
9407,,,0,1,TPOT2
14897,2;5;6,FA1;FA7;FA8,3,0,Prostate Cancer - WGS - CNV
14895,4,FA1;FA5,2,0,Exploring the Data - Predictors and Outcomes of Loneliness
14894,2,FA8,1,0,PheWAS for structurally variable regions
10778,5;6,FA1;FA7;FA8,3,0,Colorectal Cancer Disparities
13608,2,FA8,1,0,Main_LeeLab
14380,4;13,FA1;FA5,2,0,"Vaping, Smoking and Asthma"
14883,1;2;6,FA1;FA7;FA8,3,0,CAD and Dental Health
14878,6,FA7,1,0,Urgency Incontinence and access to third line therapies
13286,2;4;6;8,FA1;FA5;FA7;FA8,4,0,Anxiety
14870,4,FA1;FA5,2,0,Rare Diseases and Mental Health
14871,1,FA1;FA8,2,0,drkim
14866,2,FA8,1,0,Duplicate of Internal - Python PheWAS
14864,2,FA8,1,0,Quality control exome data
14856,4;6,FA1;FA5;FA7,3,0,Cigar use health outcomes
14855,11;14,FA1;FA3,2,0,NDD-NDG0
8433,2;4;6,FA1;FA5;FA7;FA8,4,0,Multiancestry genetic studies of neuropsychiatric conditions (v7.2)
14842,2;10,FA1;FA4;FA8,3,0,Vitamin D variant penetrance assessment
14850,3;11,FA1;FA3,2,0,Pascoal Lab
6439,2;6;8,FA1;FA7;FA8,3,0,Genetic and SDOH - Infectious diseases - R21
14588,6;12,FA1;FA7,2,0,Chronic Spontaneous Urticaria and Comorbidities
14838,6;15,FA2;FA7,2,0,Stillbirth
14835,,,0,1,PSC CAses
14749,2;5,FA1;FA8,2,0,The role of provider characteristics in genomic testing among cancer patients
14831,2;14,FA1;FA8,2,0,TBI Genomics
14827,3;5;10,FA1;FA4;FA8,3,0,chow1-controlled
6177,,,0,1,Alcohol Use Explorations
14824,1;2,FA1;FA8,2,0,Genomic VarIants Associated with Shape
14823,1;2;11,FA1;FA3;FA8,3,0,AD Genomics
13713,1;6,FA1;FA7;FA8,3,0,"Exploring the Intersections of Diabetes, Obesity, and Socioeconomic Status"
14818,,,0,1,Time Spent Outcomes
14817,,,0,1,Neptune-practice
14815,15,FA2,1,0,PCOS Cohort
14814,1;13;14,FA1;FA8,2,0,Duplicate of Circadian Rhythms and Vascular Disease v7 2/5/24
14813,2;9,FA1;FA8,2,0,IBD
14812,2;5;6,FA1;FA7;FA8,3,0,PrecisionMedicine_LungCancer_AA_Cohort
14808,5;8,FA1;FA8,2,0,Herpesviruses and Gastrointestinal Cancers
14806,8,FA1,1,0,ART adehrence
14801,2,FA8,1,0,Orbital and periorbital tumors
14799,1;2;5;6,FA1;FA7;FA8,3,0,Cardiovascular Symptoms in Breast Cancer Survivors
14798,9,FA1,1,0,Sarcoidosis Autoimmune Comorbidities
8136,9;12,FA1;FA7,2,0,v7 Rheumatologic-Dermatologic Diseases Comorbidity Analysis
14797,1,FA1;FA8,2,0,Blood Pressure Management Strategy
14795,2;3;10;11;17,FA1;FA3;FA4;FA7;FA8,5,0,EOAD
13687,2,FA8,1,0,New of Evangelos: PheWAS for Tandem Repeat Expansions
11252,2,FA8,1,0,PheWAS for Tandem Repeat Expansions
12733,2,FA8,1,0,Evangelos: PheWAS for Tandem Repeat Expansions
14062,2,FA8,1,0,PheWAS analysis for Tandem Repeat Expansions
14783,6;15,FA2;FA7,2,0,Stillbirth and Social Determinants of Health
14781,2;10,FA1;FA4;FA8,3,0,Correlating GRM7 SNPs with Cognition in NF1
14779,5,FA1;FA8,2,0,Role of BAP1 mutations in polyposis
14778,1;4;6,FA1;FA5;FA7;FA8,4,0,Asian American HTN and Mental Health
11697,2;6;11,FA1;FA3;FA7;FA8,4,0,Hispanic/AMR Workspace
12881,,,0,1,Alcohol Use Explorations v7
14560,1;5;15,FA1;FA2;FA8,3,0,BMI Cancer
14757,2,FA8,1,0,Evaluating Phasing Algorithms on Diverse Populations
14746,11,FA1;FA3,2,0,Summary Statistics_ ECAD V1
14739,,,0,1,ASD
14736,6,FA7,1,0,Duplicate of Acne_AC
14732,10,FA1;FA4;FA8,3,0,EDS and Surgical Outcomes
14729,,,0,1,Sports Med
14019,5;6,FA1;FA7;FA8,3,0,"Data exploration: cancer, care teams, and access to care"
10648,6;8,FA1;FA7,2,0,[Controlled Tier] HCV Care Cascades
14599,1;2,FA1;FA8,2,0,Lipids GWAS Analysis
12272,1;2,FA1;FA8,2,0,"NHPI Lab Workspace (A.O. 10/13, v3, USE THIS)"
14706,4,FA1;FA5,2,0,Duplicate of Genetic predisposition of SIADH during antidepressant treatment
14705,2,FA8,1,0,PRS Starter Workbook
8610,,,0,1,Barriers to Care for Adults who use Substances
14692,,,0,1,Genetic SERPINA1 Patients
14691,4,FA1;FA5,2,0,Duplicate of Suicide & Suicidal Ideation Associations with Drugs & Alcohol
4732,3;6;15,FA2;FA7,2,0,PFD prevalence (using ICD)
14172,5,FA1;FA8,2,0,Breast Cancer Research
14687,2;7,FA8,1,0,Physiology Representation of Genomic Phenotypes
14686,2;7,FA8,1,0,Wearable-genotype
14428,,,0,1,Human blood test parameter Data
12535,6;8,FA1;FA7,2,0,Food Security and Health
14679,6;8;11,FA1;FA3;FA7,3,0,Duplicate of Hepatitis C and Parkinson's disease
14667,2;5,FA1;FA8,2,0,Pancreatic_Cancer_Structural_Variants_Study
13432,2;3,FA8,1,0,Update Rare Variant Computational Predictor Optimization
6957,3;7;8,FA1,1,0,COVID-19 Physical Activity Behavior Patterns
6795,1;2;6,FA1;FA7;FA8,3,0,Rurality PheWAS
13998,1;2;6;15,FA1;FA2;FA7;FA8,4,0,Duplicate of Duplicate of postpartum hemorrhage
8811,1;2;6;15,FA1;FA2;FA7;FA8,4,0,Duplicate of postpartum hemorrhage
13153,1;2,FA1;FA8,2,0,Multi-ancestry polygenic risk scores
14657,4,FA1;FA5,2,0,Research on perceived stigma and patients with substance use disorder
13972,6,FA7,1,0,Analyze Emergency Care Disparities Across Demographics.
11115,1;2;5,FA1;FA8,2,0,Genetics of HCC and CCA
9743,1,FA1;FA8,2,0,Clonal Hematopoiesis
14640,1;3;6,FA1;FA7;FA8,3,0,Social Determinants of Health in Cardiovascular Disease
14493,6,FA7,1,0,Discrimination Index
14631,1;3;4,FA1;FA5;FA8,3,0,Hyponatremia associated with the use of common antidepressants
14629,1;14,FA1;FA8,2,0,Post-Op Afib CABGs
14626,1;2,FA1;FA8,2,0,Duplicate of Genetics of Diabetes and its related Metabolic Traits
14624,,,0,1,M-omics_research
14620,1;13,FA1;FA8,2,0,EPI Thesis
14611,1;3;7,FA1;FA8,2,0,Machine Learning and Heart Disease
14600,4;6,FA1;FA5;FA7,3,0,Cigar
14241,5,FA1;FA8,2,0,Genetic Mutation Comparison Between Cancer Patients
14598,1;6,FA1;FA7;FA8,3,0,NHPI cardiovascular disease risk workspace
14578,1;2,FA1;FA8,2,0,2SNPs for BMI in CFGP
14471,2;18,FA1;FA7;FA8,3,0,Duplicate of Glaucoma polygenic
4940,15,FA2,1,0,Pregnancy and postpartum
14580,1,FA1;FA8,2,0,NIDDK Diabetes
8585,2,FA8,1,0,SleepyHeart Project v1
14574,2,FA8,1,0,CFGP follow up
6003,1;2;14,FA1;FA8,2,0,Data inventory exploration Dataset v6
14565,2;10,FA1;FA4;FA8,3,0,HMBS_controlled
14559,2;5,FA1;FA8,2,0,PanCancer_WGS_AoU_v7_w5
14558,3;7,,0,1,LLM Analysis
12497,4;15,FA1;FA2;FA5,3,0,The effects of anti-depressants and  susceptibility of postpartum
14549,,,0,1,VOUS study - CTD_v7 duplicate
14510,4;6;7,FA1;FA5;FA7,3,0,Blind and Visually Impaired People with Fitbit and Mental Health Data
14545,4;6,FA1;FA5;FA7,3,0,Opioid Prescription and Health Outcomes
14544,2;6,FA7;FA8,2,0,Ancestry and Health
14528,8,FA1,1,0,HIV Descriptive Statistics
14527,5,FA1;FA8,2,0,Weaver syndrome (EZH2-related overgrowth)
14448,5,FA1;FA8,2,0,pancreatic cancer
14521,1,FA1;FA8,2,0,Cardiac Amyloidosis
14502,1;2;11,FA1;FA3;FA8,3,0,Supercentenarian Sequencing
14499,3;6,FA7,1,0,"Investigating the social, biological, and genetic influences on co-infections"
14308,1;14,FA1;FA8,2,0,Anticoagulant Drugs
11269,1;2,FA1;FA8,2,0,Cardiometabolic (Genetic)
14491,2;8;9,FA1;FA8,2,0,Genetics_and_Genomics_of_Sarcoidosis
14084,2,FA8,1,0,GWAS Lpa New
14476,2,FA8,1,0,mWES
9764,5;6,FA1;FA7;FA8,3,0,Rural/Urban Cancer Disparity Research
14470,,,0,1,eda
14467,4;15,FA1;FA2;FA5,3,0,Pregnancy and cannabis use
14466,2,FA8,1,0,Duplicate of Malocclusion
14465,8,FA1,1,0,Post-Op Complications Following COVID-19 Infection
14454,2,FA8,1,0,Exceptional Tacrolimus Dose Patient Case
14451,1;4,FA1;FA5;FA8,3,0,PTSD and health
14450,2;3;5,FA1;FA8,2,0,01232024-Validation/identification of breast cancer genetic risk factors
14445,6,FA7,1,0,Referral for Treatment in Bells Palsy + Facial Paralysis
14442,7;13,FA1,1,0,Circadian new
14441,4,FA1;FA5,2,0,The association between opioid abuse and depression
14440,9;11;12,FA1;FA3;FA7,3,0,Psoriasis and Neuro Disease
14393,2;4,FA1;FA5;FA8,3,0,depression phenotype network
14434,,,0,1,Systemic disease caused by lung damage
14432,1;2,FA1;FA8,2,0,Duplicate of Post Surgery Acute Kidney Injury
11008,2,FA8,1,0,Internal - Python PheWAS
13907,1;4;9;12,FA1;FA5;FA7;FA8,4,0,Epidemiology of Inflammatory Skin Disease v7 CT
11670,3;6;7;18,FA1;FA7,2,0,Duplicate of SDHA in Eye Conditions - v7 Dataset
14418,,,0,1,Adverse Anesthesia Events
14415,,,0,1,Clarke Lab Controlled Tier
10619,5;6;12,FA1;FA7;FA8,3,0,Duplicate of Atopic dermatitis and lymphoma
14400,5,FA1;FA8,2,0,"Biomarker testing in Cancer (NSCLC, CRC, Prostate)"
14389,1;4;6,FA1;FA5;FA7;FA8,4,0,Asian American CVD & MH Project
14387,6,FA7,1,0,Perceptions and Utilization of Healthcare Among Asian Americans
14385,4;6,FA1;FA5;FA7,3,0,Treatment for AUD (V7)
14383,3,,0,1,Comorbidity detection
14382,,,0,1,NMO and MOGAD phenotyping
2956,2;8;9,FA1;FA8,2,0,ARI Genomics Workspace
14210,4;15,FA1;FA2;FA5,3,0,Maternal Health Project
14364,4;9,FA1;FA5,2,0,"Celiac disease, cognition, and mental health"
7344,6,FA7,1,0,Discrimination in Health Care Settings: Race-Ethnicity and Sexual Orientation
14361,,,0,1,Sriram Group
14360,,,0,1,ASD-genetics-ML
14357,5;6,FA1;FA7;FA8,3,0,BCA Prevalence among H/L Women
7439,4;6,FA1;FA5;FA7,3,0,Sex and Mental Health: Navigating Discrimination in Healthcare
11382,1;2;9,FA1;FA8,2,0,Duplicate of Autoimmune and Vitamin B12 Related Diseases
14342,1;15,FA1;FA2;FA8,3,0,Pregnancy Disorders
3298,4;6;8,FA1;FA5;FA7,3,0,"Stress, coping, and well-being during the COVID-19 pandemic"
2485,4;6;8,FA1;FA5;FA7,3,0,Coping strategies and psychological well-being during the COVID-19 pandemic
14125,5;6,FA1;FA7;FA8,3,0,Duplicate of malignant cancers in different racial groups
11028,4;6;8,FA1;FA5;FA7,3,0,Protective Factors for Sexual Minority Women’s Mental Health during COVID-19 v7
14319,4;6,FA1;FA5;FA7,3,0,Striley
14315,,,0,1,JY - Prevalence of ophthalmic conditions among ASD patients
14314,3;11,FA1;FA3,2,0,Multi_modal Alzheimer's disease
14312,1;13,FA1;FA8,2,0,CT Circadian Rhythms and Cardiovascular Disease
14305,1;3;15,FA1;FA2;FA8,3,0,Predicting Preeclampsia With Late Prenatal Care
14304,5,FA1;FA8,2,0,Early onset colorectal cancer
10513,1,FA1;FA8,2,0,MoCHa_test
14297,1;14,FA1;FA8,2,0,CVD and environmental pollutants
14298,18,FA1;FA7,2,0,Ophthalmology Research
8941,2,FA8,1,0,Microbiome Associated Variant Associations
14291,2;10;11,FA1;FA3;FA4;FA8,4,0,Modifiers of clinical penetrance to iron overload
7612,1;2;13,FA1;FA8,2,0,Explore the potential mechanisms of noncoding variants in human diseases
12121,1;4;6,FA1;FA5;FA7;FA8,4,0,Perceived Discrimination on Health Outcomes
13716,2;4,FA1;FA5;FA8,3,0,Khudari AOU Project
14286,6,FA7,1,0,Veteran Health Characteristics
13795,2,FA8,1,0,tgg-repeats-analysis
14279,6;9;12,FA1;FA7,2,0,SDoH in Psoriasis and Psoriatic Arthritis
10060,4;9;12,FA1;FA5;FA7,3,0,Vitiligo Research Project
14268,1;2;13,FA1;FA8,2,0,Biomarker and drug target discovery for human diseases
14258,2;3;10,FA1;FA4;FA8,3,0,V7_LoF_2024
14255,1;2;6;13,FA1;FA7;FA8,3,0,Explore the potential mechanisms of noncoding variants in human diseases merge
14252,,,0,1,Allele Frequency Analysis
14249,2;7,FA8,1,0,Sleep_Quality
14247,5,FA1;FA8,2,0,GLP1 inhibitor and thyroid cancer
14244,1;2,FA1;FA8,2,0,Genetics of Diabetic Kidney Disease - controlled tier
14243,1;2,FA1;FA8,2,0,Diabetic Kidney Disease
14237,,,0,1,OE-CRC
14231,,,0,1,Duplicate of How to Get Started with Controlled Tier Data (v7)
11215,1;3;6,FA1;FA7;FA8,3,0,Duplicate of Uncontrolled Diabetes Prediction and Fairness Measurement
14225,2;11,FA1;FA3;FA8,3,0,APOE PheWAS
5682,1;2;5;6;11;14,FA1;FA3;FA7;FA8,4,0,"Genetic ancestry, race, AL in breast cancer"
14203,1;2;6;7,FA1;FA7;FA8,3,0,Sleepy Heart Project
14218,,,0,1,Neptune
10790,2,FA8,1,0,DGBIs_On_AllofUs
10584,1;4,FA1;FA5;FA8,3,0,Cardiovascular risk factors and serious mental illnesses exploration
14201,5;6,FA1;FA7;FA8,3,0,Oncological Advanced Care Marginalization for Hispanic/Latinx Populations
13068,3;5,FA1;FA8,2,0,BRCA1/2 VIP P/LP variants
13284,1,FA1;FA8,2,0,GxE Coronary Artery
14178,7,,0,1,Controls for Sleep Study
14107,2,FA8,1,0,Understanding the role of genetic variants in development of ADRs
14170,1;2;3;14,FA1;FA8,2,0,Deeply learning the genomics of ASD
14166,,,0,1,Testosterone
14160,4,FA1;FA5,2,0,Nature and Health (Controlled Tier)
14156,4;13,FA1;FA5,2,0,trazodone Use for Insomnia
14152,4;6,FA1;FA5;FA7,3,0,Stigma and Discrimination among LGBTQ+ Populations with Organ Disease
14149,18,FA1;FA7,2,0,Drug Use in Retinitis Pigmentosa
4454,1;2,FA1;FA8,2,0,PRS modeling
11198,1;2;5,FA1;FA8,2,0,Epidemiology of Genetic Risk Factors Related to Liver Diseases
14139,4;6,FA1;FA5;FA7,3,0,A systematic exploration of management strategies for spinal pain disorders
12228,1;6;19,FA1;FA6;FA7;FA8,4,0,Nutrient sensing and their impact on diabetes  and cardiometabolic diseases
12135,5;10;17,FA1;FA4;FA7;FA8,4,0,Evaluation of Hereditary Gastrointestinal Cancer Syndromes
14136,1;4;6,FA1;FA5;FA7;FA8,4,0,Step Up
13799,2;4;9,FA1;FA5;FA8,3,0,RA project
8389,2;6;9,FA1;FA7;FA8,3,0,Duplicate of Admixture mapping and IBD mapping in the United States
14116,2;5,FA1;FA8,2,0,PanCancer_WGS_AoU_v7_w3
14073,2;4;8,FA1;FA5;FA8,3,0,Substance use disorder spectrum and related traits - v7.1
14109,5;6,FA1;FA7;FA8,3,0,malignant cancers in different racial groups Jan 2024
14106,1;15,FA1;FA2;FA8,3,0,Risk of early IHD in women with dysmenorrhea
14105,2,FA8,1,0,Genomic Analysis
14101,3;5,FA1;FA8,2,0,Cancer corhot EHR
14100,2;5,FA1;FA8,2,0,PanCancer_WGS_AoU_v7_w2
14094,18,FA1;FA7,2,0,Glaucoma in myopia
13942,1;6,FA1;FA7;FA8,3,0,Barriers to care in heart failure
10483,,,0,1,Chynna_Clinvar
14080,2;6;18,FA1;FA7;FA8,3,0,Glaucoma Demographics Study
14077,1;15,FA1;FA2;FA8,3,0,Adverse Pregnancy Outcomes
14075,,,0,1,Characteristics of Response Inconsistency (Controlled)
13071,12,FA1;FA7,2,0,Lichen Planus and its Associations
13683,2,FA8,1,0,DS1
14068,5;6,FA1;FA7;FA8,3,0,Disparities in Immunotherapy
14067,5;6,FA1;FA7;FA8,3,0,Disparity in Immunotherapy
14058,3;15,FA2,1,0,PLAU adverse event prediction
14054,1,FA1;FA8,2,0,statin intolerance
11870,1;6;7;19,FA1;FA6;FA7;FA8,4,0,"Physical activity, diet, and built environment impact on people with obesity"
14050,1;13;15,FA1;FA2;FA8,3,0,Preeclampsia_ inflammatory
14049,2,FA8,1,0,Analysis of IG and TCR using LRS
14047,5,FA1;FA8,2,0,Elective Pelvic Nodal Irradiation in Bladder Cancer
13433,2;3,FA8,1,0,Trisomy 21 and SLP
14041,2;12,FA1;FA7;FA8,3,0,Hidradenitis Suppurativa v7
14039,2,FA8,1,0,HLA_frequency
14034,1;2,FA1;FA8,2,0,Exploring the Role of Neonatal Diabetes Genes in Common Forms of Diabetes
14033,,,0,1,Identification of novel genetic causes of congenital hyperinsulinism
14028,3;15,FA2,1,0,check
14027,3;15,FA2,1,0,Uterine Fibroids (2023/2024)
14026,2;7,FA8,1,0,Mitochondrial dysfunction and sleep disturbance
14022,6,FA7,1,0,Asian American Healthcare Utilization
14024,6;18,FA1;FA7,2,0,Duplicate of Optho Health Disparities
14021,4;6;15,FA1;FA2;FA5;FA7,4,0,Postpartum Depression Study
14020,1;2,FA1;FA8,2,0,Genome-wide identification of high risk variants and diabetes
14008,,,0,1,Characteristics of Response Inconsistency
5685,3;4;6,FA1;FA5;FA7,3,0,Examining substance disparities across intersections using machine learning
14004,4;13,FA1;FA5,2,0,Duplicate of Insomnia participants with cannabis usage
14000,3;7,,0,1,FIt
13997,2;16,FA4;FA8,2,0,Johnny Powell_MedScholars
13991,4;5;12,FA1;FA5;FA7;FA8,4,0,Psychedelics
13982,4,FA1;FA5,2,0,Gender Inequalities in diagnosis of anxiety and prescription of meds
13983,,,0,1,Toxoplasmosis and brain disorders
13981,2;4,FA1;FA5;FA8,3,0,Duplicate of Subjective Well-being with Genetics Data
13975,,,0,1,Mood & Alcohol
12419,1;2;6;7,FA1;FA7;FA8,3,0,Recovery of CKD genomics v7
13968,6;15,FA2;FA7,2,0,CECI
13964,3;4;12,FA1;FA5;FA7,3,0,Dermatology
13958,1;2;6,FA1;FA7;FA8,3,0,Environmental Interactions and Disparities in Kidney Diseases
13955,6;15,FA2;FA7,2,0,K development
13952,1;2,FA1;FA8,2,0,Genetic and other determinants of cardiovascular disease
2415,7,,0,1,Development of methods to predict health outcomes from available AOU data.
13950,4;6,FA1;FA5;FA7,3,0,Determinants of Chronic Liver Disease
13946,2,FA8,1,0,How to Work with All of Us Genomic Data (Hail - Plink)(v7) - MV - Dec 2023
13941,,,0,1,Mohs
11899,,,0,1,Chromoblastomycosis
13938,2;5,FA1;FA8,2,0,BLADDER CANCER
13904,6;10,FA1;FA4;FA7;FA8,4,0,Social Determinants of Health and Sickle Cell Disease
12613,,,0,1,yogi
13890,4;6,FA1;FA5;FA7,3,0,RJ_Tribe_Insights_1
13888,2,FA8,1,0,PheWAS on oral health
13881,9,FA1,1,0,Relationship Between Pediatric IBD and Pollutant Exposure
13880,1;16,FA1;FA4;FA8,3,0,Paediatric Pharmacogenomics
10689,2,FA8,1,0,Duplicate of Exploratory Prep for PheWAS
13878,5;12,FA1;FA7;FA8,3,0,Keratinocyte Cancers and Immunosuppression
13876,5;12,FA1;FA7;FA8,3,0,Cancer workspace
9075,1;2;5;8,FA1;FA8,2,0,ABO PheWAS - v7
13873,1;9;12,FA1;FA7;FA8,3,0,Association between inflammation and heart failure
13874,4;6,FA1;FA5;FA7,3,0,AANHPI Depression
11529,2,FA8,1,0,RPGR Genomics
13872,1;2;5,FA1;FA8,2,0,Epidemiology of Genetic Risk Factors Related to Liver Diseases - MV - 21 Dec
13869,2;3,FA8,1,0,4. Workshop: Intro to All of Us Genomics Data
13860,4;9;12,FA1;FA5;FA7,3,0,Acne/Isotretinoin Projects
13858,,,0,1,Moral Diversity
13843,2;3,FA8,1,0,Workshop: Intro to All of Us Genomics Data - December 2023 - MV
4562,2,FA8,1,0,Fibrosis
7805,5,FA1;FA8,2,0,Identifying and assessing risk for recurrent breast cancer - controlled v7
13203,12;13,FA1;FA7,2,0,HS & Asthma
13848,4;6,FA1;FA5;FA7,3,0,Duplicate of Demo - General Health and Well-Being of SGM Participants (v6)
13840,1;4;13,FA1;FA5;FA8,3,0,R01 Grant v7 Symptom Clusters in Chronic Conditions - Controlled Tier
13637,1,FA1;FA8,2,0,dietitian counseling
13839,3;6,FA7,1,0,Model-based SDoH
13836,4;6;15,FA1;FA2;FA5;FA7,4,0,Duplicate of PPD_ST
7865,2;5;12,FA1;FA7;FA8,3,0,Lichen planus v7
2557,1,FA1;FA8,2,0,CVD Risk Factor Profiles Tier 5 (Workspace updated 2022)
13831,5;8,FA1;FA8,2,0,Helicobacter Infection
9639,1;4;6;14;18,FA1;FA5;FA7;FA8,4,0,Strabismus and ambylopia
13825,6;12,FA1;FA7,2,0,Survey Data - Skin Diseases
13818,1;11,FA1;FA3;FA8,3,0,Frailty
13816,,,0,1,COL5A1 genetic variation in arterial dysplasia
13395,1;11,FA1;FA3;FA8,3,0,Summary Statistics _ECAD_AD
13809,1;11;14,FA1;FA3;FA8,3,0,Using genetics to predict resilience after a heart attack or stroke
13805,4,FA1;FA5,2,0,Mental Health and Lower Leg Surgery
12774,1;3;6,FA1;FA7;FA8,3,0,SDOH of CGM initation
13804,3;6,FA7,1,0,NYULH EHR group Zhong
13803,,,0,1,Duplicate of Demo - All of Us Descriptive Statistics
13793,,,0,1,Ortho patients
13789,1;6,FA1;FA7;FA8,3,0,Duplicate of Diabetes Mellitus and Related Disorders (v7)
6335,1;6,FA1;FA7;FA8,3,0,Diabetes Mellitus and Related Disorders (v6)
13787,1;8,FA1;FA8,2,0,HIV and Statin use
13785,1;3;7,FA1;FA8,2,0,Wearables:  Machine Learning Workspace
11016,2;4;11;14,FA1;FA3;FA5;FA8,4,0,Neurological Disorders and Aging with a Focus on Associations with TOP3B
9777,2;3,FA8,1,0,Duplicate of Genomics-Workshop-July2023
4622,1;2;6;9,FA1;FA7;FA8,3,0,Duplicate of Biological social and genomic risk factors of Lupus and CVD
9605,1;2;6;9,FA1;FA7;FA8,3,0,Duplicate 2: Biological social and genomic risk factors of Lupus and CVD (DSv7)
13777,6;7,FA7,1,0,Social Determinants of Health and Fitness Trackers
13776,,,0,1,Periodontitis assessment
10383,1;2;4,FA1;FA5;FA8,3,0,Electronic Cigarette Summary Statistics
9709,1;2;4;6;9,FA1;FA5;FA7;FA8,4,0,BDup. of Biological social and genomic risk factors of Lupus and CVD
13084,12,FA1;FA7,2,0,Alopecia areata comorbidities analysis
7902,2;4,FA1;FA5;FA8,3,0,Duplicate of Genetics of substance use and substance use disorders
13771,1;7,FA1;FA8,2,0,Personalised Prevention of Early-Onset Type 2 Diabetes - Pre-project
5003,5,FA1;FA8,2,0,Alcohol in cancer survivors
13763,,,0,1,Rare Diseases
11380,,,0,1,Network-based hypothesis for long QT patients
13755,,,0,1,Exploring the Exercise Data available
13754,9;12,FA1;FA7,2,0,Psoriasis and Melanin
6914,2;4,FA1;FA5;FA8,3,0,PGC-PTSD: Determining the Genomic Architecture of PTSD
13744,2;4,FA1;FA5;FA8,3,0,Cannabis Frequency PGS
6697,3;4,FA1;FA5,2,0,post ED treatment pathways
13736,3;10,FA1;FA4;FA8,3,0,Ataxia-telangiectasia
13725,4,FA1;FA5,2,0,Treatment for MDD
13721,3;6;7,FA7,1,0,Hospitalization and Wearables CTD7
13718,6,FA7,1,0,Barriers to care among patients with chronic liver disease in the US
13708,2;5,FA1;FA8,2,0,Ensemble PRS Method
11463,2;5;6,FA1;FA7;FA8,3,0,Genomic Variation Contributing to Racial Health Disparities in Pancreatic Cancer
13607,6,FA7,1,0,Tennessee Disparities and Health
13705,2;6,FA7;FA8,2,0,HCA Omics and SDoH
13701,2;3;5,FA1;FA8,2,0,12122023-Validation/identification of breast cancer genetic risk factors
13700,1;2;6;10,FA1;FA4;FA7;FA8,4,0,Hereditary Cardiac Conditions
13699,6;8,FA1;FA7,2,0,Marissa Fiorello
13697,1;2,FA1;FA8,2,0,AoU_tissue_PRS_controlled_v7
13693,2;11,FA1;FA3;FA8,3,0,Genetic risk variants in GBA and Parkinson's Disease
13692,1;2,FA1;FA8,2,0,T2D - MetaSTAAR
13688,9;12,FA1;FA7,2,0,"Language barrier in treatment for acne, psoriasis and atopic dermatitis"
13474,12;13;18,FA1;FA7,2,0,"Association between keloid, atopic dermatitis, allergic contact dermatitis"
13681,15;19,FA2;FA6,2,0,The Health Impacts of Climate Change
12756,6,FA7,1,0,Acne_AC
13679,9;12;14,FA1;FA7,2,0,Rosacea and Autoimmunity
13676,,,0,1,Duplicate of Prevalence and clinical features of protoporphyria
13675,1;2;6,FA1;FA7;FA8,3,0,Duplicate of Genetics of Atrial Fibrillation
13563,4,FA1;FA5,2,0,Schizophrenia sophia project
13572,4,FA1;FA5,2,0,Opioid  and cannabis users for Vijaya
2132,1,FA1;FA8,2,0,AKI readmission
8012,3,,0,1,EHr-Safe
13667,1;14,FA1;FA8,2,0,Stroke Incidence Cohort
13664,4;7;11,FA1;FA3;FA5,3,0,urgency urinary incontinence in geriatric population
13661,,,0,1,CV Exploration
13656,,,0,1,bioage_pred_20231208
13655,9,FA1,1,0,Genetics of ZIP8 in Crohn's disease
9602,1;4,FA1;FA5;FA8,3,0,"Depression, coronary artery disease and WBC counts"
13038,2;4;9;14;15;18,FA1;FA2;FA5;FA7;FA8,5,0,Increased Risk for Postpartum Depression in IMID-affected Women
13645,6;9;15,FA1;FA2;FA7,3,0,Pregnancy in women with autoimmune rheumatic conditions
13646,,,0,1,Dental and Oral Health in All of Us Data
13622,13,FA1,1,0,RespiratoryOmics
13621,15,FA2,1,0,Maternal Mortality and Nutritional Abnormalities
13618,1;6,FA1;FA7;FA8,3,0,SGLT2 Inhibitors and social determinants of health
13616,2;3;8;11,FA1;FA3;FA8,3,0,Infection rate by age-group for APOE-e4 carrier status
13496,4;6,FA1;FA5;FA7,3,0,Li Lab Mental Health Disparity V7
10945,2,FA8,1,0,Duplicate of How to Work with Genomics Data (CRAM_Processing and IGV) v7
13599,1;2;9;15,FA1;FA2;FA8,3,0,20231207 working version v7 Hidradentis suppurativa GWAS
13598,4;6;9,FA1;FA5;FA7,3,0,Social determinants of health in systemic lupus erythematosus
13587,,,0,1,BAVM
13586,4;11,FA1;FA3;FA5,3,0,Dementia & SES
8752,3;6;13,FA1;FA7,2,0,Social Determinants of Sleep Disorders in Multiethnic Sample
13568,3;6,FA7,1,0,Palliative Care
13565,1;2,FA1;FA8,2,0,CAD meta-analysis v7 data
12537,4,FA1;FA5,2,0,schizophrenia
13559,3,,0,1,V7_Review variants on workbench only
13554,1,FA1;FA8,2,0,Chizzy Diabetes
13491,,,0,1,Ppil4 project
13549,1;6,FA1;FA7;FA8,3,0,AoU_RExSES
12673,2;6,FA7;FA8,2,0,test_all_of_us
12238,3;5;6,FA1;FA7;FA8,3,0,Cancers and health disparity
13531,2,FA8,1,0,Rare variants in the pathogenesis of autoinflammation (unprovoked inflammation)
13527,3;5;12,FA1;FA7;FA8,3,0,Duplicate of DLE Project
13523,1;3;15,FA1;FA2;FA8,3,0,Women's CV health
13522,2;9;14,FA1;FA8,2,0,multiple_sclerosis
13512,5;9;12,FA1;FA7;FA8,3,0,skin cancer and ISDs
12828,2;6;9,FA1;FA7;FA8,3,0,(Ishana) Leveraging health systems data to achieve health equity in the US
13508,2;18,FA1;FA7;FA8,3,0,cataract_replication_pr
13505,1;2;3;5;13,FA1;FA8,2,0,Calcium Inibs and MM
13504,1,FA1;FA8,2,0,Statin use in patients with NASH
13498,1;2,FA1;FA8,2,0,Rare Noncoding Variants in Cardiac Disease
12098,2;6,FA7;FA8,2,0,craut_wkspce1_ct
13484,2;3;6;7,FA7;FA8,2,0,ECG PheWAS CTDv7
13016,12,FA1;FA7,2,0,Dermatologic disease
13468,7,,0,1,alcohol_fitbit
13457,2,FA8,1,0,renos1_controled
13453,2,FA8,1,0,renos1
7400,1;3;6;7,FA1;FA7;FA8,3,0,Hypertension and Type II Diabetes Mellitus Multimorbidity
13448,,,0,1,adprh genetic
13447,1,FA1;FA8,2,0,P2RX7
13446,5,FA1;FA8,2,0,ADPRH and cancer
13443,1,FA1;FA8,2,0,qgm-registeredv7
13426,2,FA8,1,0,GBA1 Mutations
13406,9,FA1,1,0,PSC_ibd_statins_CRC
13419,2;15,FA2;FA8,2,0,Genome Wide Association Study of PCOS phenotypes
13418,1;2;3;15,FA1;FA2;FA8,3,0,CVD and miscarriage
13415,1;2,FA1;FA8,2,0,BTNL9
12505,2,FA8,1,0,Rare variant computational predictor optimization
13407,1;2,FA1;FA8,2,0,Precision medicine study on heart disease and diabetes
13404,2;5;8;16,FA1;FA4;FA8,3,0,Graft-versus-Host Disease and HLA Haplotype Diversity
13402,1;2,FA1;FA8,2,0,Diastolic Heart Failure Risk Factor Analysis
10498,16,FA4;FA8,2,0,Tinaye_PharmGKB
12547,2,FA8,1,0,Work with All of Us Genomic Data (Hail - Plink)(v7)
11209,4;8,FA1;FA5,2,0,COVID-19 Puerto Rican Resilience Comparison
13374,6,FA7,1,0,Discrimination and HealthCare Access
10889,3;6;14,FA1;FA7,2,0,Migraine SDH
11516,2;9,FA1;FA8,2,0,Role of Common and Rare Variants in Autoimmunity
7273,4;6,FA1;FA5;FA7,3,0,Impact of Immflamatory Activation via Minority Stress in Fatigue and Depression
13353,4,FA1;FA5,2,0,Duplicate of schizophrenia
13349,1;6;9;18,FA1;FA7;FA8,3,0,GLP-1 RA Association with DR and DME
13331,6;14,FA1;FA7,2,0,Migraine_V1
13297,6;12,FA1;FA7,2,0,HS and
12930,1;2,FA1;FA8,2,0,Hypertension SNP
12650,2;10;11,FA1;FA3;FA4;FA8,4,0,Monogenic causes of PD in the population with African-American genetic ancestry
13305,,,0,1,Fungal Diseases
13209,2;5,FA1;FA8,2,0,Tinaye_Leukemia Associations with RUNX1 MLH and MSH Germline Variants
11334,1;7,FA1;FA8,2,0,NYUGSOM PMED Accelerometry
13310,2,FA8,1,0,Malocclusion
13308,2;9;14,FA1;FA8,2,0,Genetic Risk Loci of MS
13307,2,FA8,1,0,Duplicate of Occlusion
13303,2;3,FA8,1,0,SyntehticDNA
13287,,,0,1,Nneoma Okezie
13283,2;9,FA1;FA8,2,0,Genomic Variations in Sjogren's Disease
13282,6,FA7,1,0,Chronic Illnesses of Young Adulthood
13280,18,FA1;FA7,2,0,Glaucoma and environmental factors
2042,1;13,FA1;FA8,2,0,Obstructive lung diseases in All of Us
12640,10,FA1;FA4;FA8,3,0,Sickle Cell Anemia Study
13277,2;7,FA8,1,0,alcohol
13274,2,FA8,1,0,Sleep_Alcohol
13272,4;6;12,FA1;FA5;FA7,3,0,HS and Depression in Black Patients
13271,,,0,1,Prevalence of Allergies
13268,3;5;12,FA1;FA7;FA8,3,0,DLE Project
13265,2;3,FA8,1,0,Prediction of Genotype Positivity in Patients With Hypertrophic Cardiomyopathy
12986,3;4;7,FA1;FA5,2,0,Machine learning methods for substance use detections
13249,1;3,FA1;FA8,2,0,ML/DL For Early Diabetes Prediction
13248,16,FA4;FA8,2,0,Transplant & Immunosuppression
12446,1,FA1;FA8,2,0,GLP-1 and SGLT-2 inhibitors and adverse gastrointestinal outcomes
13135,2,FA8,1,0,Precision medicine for all
13243,6;12,FA1;FA7,2,0,Diagnostic Patterns in Dermatology
13217,12,FA1;FA7,2,0,Alopecia and iron studies
13235,1;2,FA1;FA8,2,0,Genetic associations with Venous thromboembolism (VTE)
13232,4;6,FA1;FA5;FA7,3,0,Duplicate of 2 - Asian American Mental Health
12992,4;6,FA1;FA5;FA7,3,0,2 - Asian American Mental Health
13227,1;2,FA1;FA8,2,0,LDH/Lipid GWAS
13218,2,FA8,1,0,Occlusion
13216,3;7,,0,1,Hospital Readmission
12155,4;6;8,FA1;FA5;FA7,3,0,Mental health impact of COVID-related policies (v7)
13214,7,,0,1,KNEE
13207,6;7,FA7,1,0,Sleep Health & Rural Populations
13202,5,FA1;FA8,2,0,Family history and cancer screening
13199,15,FA2,1,0,Exploratory Obstetric Research
13198,18,FA1;FA7,2,0,TedGlaucomaRepeat
3884,1;2;5,FA1;FA8,2,0,Clonal hematolymphoid cells in general population
10833,1;2;10,FA1;FA4;FA8,3,0,Duplicate of v7_WH controls for genotype_sequence and endocrine disorders_traits
13195,1;2;10,FA1;FA4;FA8,3,0,Duplicate of v7 controls for genotype_sequence and endocrine disorders_traits_VJ
12996,1;14,FA1;FA8,2,0,Atrial Fibrillation Data Review
13189,2;10,FA1;FA4;FA8,3,0,ACMG_List
1521,1;6;11,FA1;FA3;FA7;FA8,4,0,Duplicate of Dementia-Hypertension-Diabetes-2_DatasetV3
13187,2;3,FA8,1,0,Duplicate of Workshop: Intro to All of Us Genomics Data DS
13186,1;11,FA1;FA3;FA8,3,0,Alzheimer's Disease and APOE4
13175,7;8,FA1,1,0,Comparing self-reported and Fitbit data in All of Us program participants
13169,7,,0,1,TEST Wearables Data
13163,4;6,FA1;FA5;FA7,3,0,"Housing Instability, Food Insecurity, and Healthcare Access among SGM"
13162,6;9,FA1;FA7,2,0,Celiac Disease Cohort
13161,5;6;7,FA1;FA7;FA8,3,0,PA and Cancer
13005,5;6;9,FA1;FA7;FA8,3,0,CACRC Clinical Risk Factors
13154,,,0,1,Corneal Diseases
13147,1,FA1;FA8,2,0,HR
12767,4,FA1;FA5,2,0,Investigating Comorbidity of AUD and Depression
13130,2;6;18,FA1;FA7;FA8,3,0,Factors Affecting Disease Progression in AMD: Social and Genetic Factors
13123,1;2;3;10,FA1;FA4;FA8,3,0,Duplicate of ECG for Monogeneic Arrythmias
8651,6;18,FA1;FA7,2,0,Optho Health Disparities
13120,,,0,1,Boone Research Group - Novel Gene Discovery
13119,4,FA1;FA5,2,0,OUD_SurveyData
13118,8,FA1,1,0,HLA
13115,1;12;13;18,FA1;FA7;FA8,3,0,AoU-CAD
9549,2;10,FA1;FA4;FA8,3,0,COPA_phenotyping
11462,4;6,FA1;FA5;FA7,3,0,Asian American Mental Health
6129,2,FA8,1,0,Urate Hyper- and hypouricemia associations
2372,4;6;18,FA1;FA5;FA7,3,0,Effect of Thyroid Eye Disease on Mental Health
13069,,,0,1,Sleep Data Fit bit
10716,1,FA1;FA8,2,0,v7.2 Cardiac comorbidites of inflammatory skin conditions
13052,2;5,FA1;FA8,2,0,Cancer Genome Analysis
12876,6,FA7,1,0,Neighborhood Characteristics and Non-Medical Use of Prescription Medications
4479,5;6,FA1;FA7;FA8,3,0,Hispanic Females at risk for cervical cancer screening non-compliance
7730,9;13,FA1,1,0,Dermatomyositis Treatments and Comorbidities v7
12786,1,FA1;FA8,2,0,Renal
13043,10;15,FA1;FA2;FA4;FA8,4,0,Effects of hEDS on obstetric outcomes and gynecologic conditions
13041,2;5,FA1;FA8,2,0,Polygenic risk scores for cancer
13033,,,0,1,Fatigue
7364,4;6;13,FA1;FA5;FA7,3,0,Asthma and Social Stressors
13030,2;6,FA7;FA8,2,0,v7 - Influence of Genetic Ancestry on Disease Risk in Diverse Populations
13029,2,FA8,1,0,Interpreting Variants
11253,,,0,1,Inclusive Physical Data Project
4475,5;8,FA1;FA8,2,0,V6 Controlled Tier HIV and Cancer Screening
9066,5;8,FA1;FA8,2,0,V7 Controlled Tier HIV and Cancer Screening
13014,2,FA8,1,0,0. Duplicate of How to Work with All of Us Genomic Data (Hail - Plink)(v7)
12646,1;2;9;15,FA1;FA2;FA8,3,0,Working version v7 Hidradentis suppurativa GWAS
12997,6;18,FA1;FA7,2,0,Housing and Ocular Health
12943,,,0,1,Characterizing mitochondrial genome variation and constraint
12995,6,FA7,1,0,"SGM, social support and health"
12818,,,0,1,PAD Preliminary Data
12991,2;3,FA8,1,0,Replication of predicted loss of function variant associations
3927,6;12,FA1;FA7,2,0,Barriers to Care for Patients with Chronic Skin Diseases and US Adults (v6)
7173,6;9;12,FA1;FA7,2,0,Psoriasis by Social Determinants of Health
12984,1,FA1;FA8,2,0,Diabetes and Race/Ethnicity
12970,2;15,FA2;FA8,2,0,Polycystic Ovary Syndrome
12969,6;13;18,FA1;FA7,2,0,Glaucoma risk factors
12964,3;6;9,FA1;FA7,2,0,Systemic Lupus Erythematosus
12544,3,,0,1,Transfer Learning in Healthcare
12956,5,FA1;FA8,2,0,OC 2
10811,1;3,FA1;FA8,2,0,Updated Metabolic Syndrome Workspace
12945,3;4;6,FA1;FA5;FA7,3,0,Reducing Racial/Ethnic Biases in ML Prediction of Depressive Disorders
12941,,,0,1,Pneumonia Management
12092,8,FA1,1,0,Hepatitis C Positivity During the COVID-19 Pandemic Era
12665,5;10,FA1;FA4;FA8,3,0,"Leukemia Pathogenic Variant Associations (RUNX1, MLH and MSH Germline Variants)"
12689,2;4;6,FA1;FA5;FA7;FA8,4,0,Chronic pain & SUDs
12927,2,FA8,1,0,Genomic Data
12921,6,FA7,1,0,Urology
12545,2;6;11,FA1;FA3;FA7;FA8,4,0,dup3Detection of Gene-Environment Interactions for Complex Diseases (v7)
9558,2,FA8,1,0,VNTR analysis using Long-Read Sequencing3
9236,10,FA1;FA4;FA8,3,0,v7 G6PD pharmacogenomics
12908,9;12,FA1;FA7,2,0,Z Alopecia Areata and other immune-mediated diseases
12905,,,0,1,BUOrtho-1
11860,10,FA1;FA4;FA8,3,0,v7 G6PD pharmacogenomics_v002
12897,1;7,FA1;FA8,2,0,Generalized Linear Regression with Zero Inflated Functional Covariates
12524,1;7,FA1;FA8,2,0,Registered Tier Functional Zero Inflated Covariates Regression Model
12893,2,FA8,1,0,Genome-wide Association Study of Calcium Pyrophosphate Deposition Disease
12892,2;5,FA1;FA8,2,0,SUMO and cancer
12889,5;6,FA1;FA7;FA8,3,0,Genetic and Social Determinants of Cancer
12884,4;6;7,FA1;FA5;FA7,3,0,Physical Activity and Stress
12866,4;6,FA1;FA5;FA7,3,0,Classification of Mental Health Disorders and Social Determinants of Health
12864,6,FA7,1,0,Socioeconomic & Demographic Practice
12253,12,FA1;FA7,2,0,V7 Duplicate2
4315,12,FA1;FA7,2,0,Duplicate2 of Alopecia Areata and other Immune-Mediated Dermatologic Conditions
12858,2;16;18,FA1;FA4;FA7;FA8,4,0,hearing
12853,9,FA1,1,0,Effects of Care Access on Rheumatoid Arthritis
12852,8,FA1,1,0,Covid-19 Exploration RSP
10264,3;5,FA1;FA8,2,0,BRCA1 testing
12849,3;5,FA1;FA8,2,0,BRCA1 testing OLD
8761,7;15,FA2,1,0,Maternal Heart Rate and Post Partum Complications
2948,16;18,FA1;FA4;FA7;FA8,4,0,Metformin and Glaucoma
7891,16;18,FA1;FA4;FA7;FA8,4,0,Metformin and Glaucoma v7
12836,12;13;18,FA1;FA7,2,0,pemphigoid and atopy
12833,3;6;7,FA7,1,0,Hospitalization and Activity RTDv7
12831,3;6;7,FA7,1,0,AHA Essential 8 RTDv7
12830,4,FA1;FA5,2,0,Psychological Assessment Research
11831,1;3;14,FA1;FA8,2,0,DZ Stroke
12822,6;11;15,FA1;FA2;FA3;FA7,4,0,Ovarian Hormone levels and Sleep Disorders in Women with Menopause
12674,15,FA2,1,0,Hallucinogen use
12719,4;6;11,FA1;FA3;FA5;FA7,4,0,Depression care in older adults
12801,3,,0,1,All of Us_Perio
12795,1;3;7,FA1;FA8,2,0,Heart Failure Prediction using Wearables
12793,2;6;13,FA1;FA7;FA8,3,0,Multi-ethnic genome wide association study of asthma
12790,1;15,FA1;FA2;FA8,3,0,Heritable Cardiac Conditions and Pregnancy
9058,5;7,FA1;FA8,2,0,Cancer and digital health
10642,3,,0,1,EHR Workspace
9486,2;5;12,FA1;FA7;FA8,3,0,Factors associated with multiple skin cancer development
12781,7,,0,1,FitBit Data
12405,11,FA1;FA3,2,0,Parkinson's Disease Risk Factors
4323,6,FA7,1,0,Duplicate of ATSU_how_to_create_reusable_code
2284,6,FA7,1,0,Young Adults’ Social Determinants of Health
12766,1;6,FA1;FA7;FA8,3,0,MENA health disparities
12765,1;6,FA1;FA7;FA8,3,0,Duplicate of MENA health disparities
12764,,,0,1,mecfs_clinvar
9761,1,FA1;FA8,2,0,General Exploration
5816,1;4;6,FA1;FA5;FA7;FA8,4,0,Communities of Color - UNCG
10709,1,FA1;FA8,2,0,Cardiovascular outcomes
7086,3;16,FA4;FA8,2,0,Warfarin Outcomes
12162,1;4;9;12,FA1;FA5;FA7;FA8,4,0,Duplicate of Epidemiology of Inflammatory Skin Conditions v7 Template
12745,4,FA1;FA5,2,0,Genetic and Environmental Risk Factors of SCZ
12744,4,FA1;FA5,2,0,Exploring mental health and autism
12742,,,0,1,Analysis of fatty acid synthase SNPs
12737,,,0,1,Corticosteroid duration of effect for knee osteoarthritis
7549,5;6,FA1;FA7;FA8,3,0,PSA testing frequencies in high risk populations
12732,2;3,FA8,1,0,Duplicate of Workshop: Intro to All of Us Genomics Data (ASHG2023)
12730,2,FA8,1,0,Duplicate of How to Work with All of Us Genomic Data (Hail - Plink)(v7)_ASHG
9371,1;6;7;13;15,FA1;FA2;FA7;FA8,4,0,Maternal Health & Sleep
12724,2;3,FA8,1,0,Duplicate of Workshop: Intro to All of Us Genomics Data_ASHG
12716,,,0,1,Facial Paralysis
12703,2,FA8,1,0,hifi str trainging
12339,5;12,FA1;FA7;FA8,3,0,Derm Cancer Epidemiology
9866,1;4;6,FA1;FA5;FA7;FA8,4,0,"Discrimination, Social Support, and health outcomes among People with T2DM"
9265,1;6,FA1;FA7;FA8,3,0,"Diabetes Type 2, SDOH, and prescription (V7)"
9001,1;4;6,FA1;FA5;FA7;FA8,4,0,Impact of Substance Abuse   Serious Mental Illness on patients with CHF (V7)
12651,1;2,FA1;FA8,2,0,Phosphate metabolism_v7
12629,3,,0,1,epedemiological ann eda
5506,1,FA1;FA8,2,0,PTC vs BMI in ages 18-27
11633,,,0,1,SDOH_ERH_FITBIT
12626,10,FA1;FA4;FA8,3,0,Duchenne Muscular Dystrophy & Gene Therapy
12612,9,FA1,1,0,Genetics Project-Crohn's disease
5422,4;6;8,FA1;FA5;FA7,3,0,Disparities in COVID-Related Stress Exposure and Impact on Health Outcomes
12378,2,FA8,1,0,Hypothyroidism Polygenic Risk Score Project
12608,,,0,1,Salmonella Across Different Demographics
12606,2;16,FA4;FA8,2,0,Duplicate of Peter Sauer - CYP2C19 Clopidogrel Response - v7
11127,2,FA8,1,0,GWAS_CAD
12596,2,FA8,1,0,test-vm-config
11709,2;6;11,FA1;FA3;FA7;FA8,4,0,Dupe2 of Detection of Gene-Environment Interactions for Complex Diseases (v7)
11687,2;6;11,FA1;FA3;FA7;FA8,4,0,Dupe1 of  Detection of Gene-Environment Interactions for Complex Diseases (v7)
12592,,,0,1,Healthcare Access and Utilization
12590,12,FA1;FA7,2,0,IM for HS
12587,12,FA1;FA7,2,0,V7 dup of V5
12586,11,FA1;FA3,2,0,Ascorbic Acid during aging
12564,5,FA1;FA8,2,0,Factors of High Prevalence Breast Cancer in Women
12584,2,FA8,1,0,Tractor-mix analysis on multiple traits
12583,9,FA1,1,0,autoimmune
12569,4;6,FA1;FA5;FA7,3,0,PTSD-SDOH
12565,2;5;6,FA1;FA7;FA8,3,0,Multiple Myeloma v7
12566,4;6,FA1;FA5;FA7,3,0,Stress and Family
6889,2;5;6,FA1;FA7;FA8,3,0,Multiple Myeloma dn
12560,5,FA1;FA8,2,0,Cancer Survivorship
12554,5,FA1;FA8,2,0,Cancer therapy-induced orofacial neuropathies
12550,1;4;16,FA1;FA4;FA5;FA8,4,0,SUD and Metformin
12549,2;11,FA1;FA3;FA8,3,0,Duplicate of Precision and Diversity in Alzheimer's Disease and Dementia
11522,5;6,FA1;FA7;FA8,3,0,Racial Disparities and Social Determinants in Patients with Solid Cancers
10330,15,FA2,1,0,Gender Diverse Lab Reference Range
12532,1;4;15,FA1;FA2;FA5;FA8,4,0,Reproductive Endocrine-related Mood Disorders
8944,1;3;6,FA1;FA7;FA8,3,0,Social Determinants of Cardiovascular Diseases
12529,2,FA8,1,0,Genetics of Moyamoya Disease
9047,5,FA1;FA8,2,0,MITF - cancer risk
12526,2;5;12,FA1;FA7;FA8,3,0,Genetic Association Between Biological Factors and Skin Cancer
12516,2,FA8,1,0,extract-data-4
12515,2,FA8,1,0,extract-data-3
12514,1;11,FA1;FA3;FA8,3,0,Alz + Blood Transfusion
12512,3,,0,1,Kidney Transplant Recipient Validation Cohort
12509,5,FA1;FA8,2,0,hnc
3996,1;7;15,FA1;FA2;FA8,3,0,Pregnancy Heart Rate Study v6
12507,1,FA1;FA8,2,0,Medications and non-HDL cholesterol in incident MI
3929,18,FA1;FA7,2,0,Representation of blind/low vision and deaf/hard of hearing populations
12496,1;7,FA1;FA8,2,0,playground01
7621,2;16,FA4;FA8,2,0,CYP2C19 Clopidogrel Response - v7
12226,3;6;15,FA2;FA7,2,0,PTL Data Availability
12490,3;5;12,FA1;FA7;FA8,3,0,Duplicate of Microbiome Influence on Skin Cancer Progression
12483,7,,0,1,actigraphy
12478,,,0,1,AssociationStudies
11481,,,0,1,Phenotyping
12341,1;6,FA1;FA7;FA8,3,0,Congestive Heart Failure vs Race and Income
12472,2,FA8,1,0,"Family, genetic, and environmental influence on human development and health"
12463,4;6,FA1;FA5;FA7,3,0,"Sleep Disorders, Neighborhood, and Social Determinants of Health"
12467,,,0,1,Screening Study
12466,3;7,,0,1,v7 of LearningWorkspace
11961,1;3;9,FA1;FA8,2,0,SLE-Cardio
12458,2;10,FA1;FA4;FA8,3,0,2 Exploration of clinical phenotypes linked with TNFAIP3 variants
12457,1;6;8,FA1;FA7;FA8,3,0,"Gentics, social determinants of health chemosensory symptoms"
12456,1;2;6,FA1;FA7;FA8,3,0,Gene-environment interactions in cardiovascular diseases
11863,16,FA4;FA8,2,0,Bupriopion
12445,9,FA1,1,0,Celiac Susceptibility Based on Geographical Influences
12443,10,FA1;FA4;FA8,3,0,AVE_ODIC_MAVE
12440,3;7,,0,1,Fitbit_Heart_Diease
12420,16,FA4;FA8,2,0,Pharmacogenomic Variants of Significance in Heart Transplant Recipients
10647,2;8,FA1;FA8,2,0,PheWAS Pipeline HLA-DQB1
12173,3;5;6,FA1;FA7;FA8,3,0,HPV Patients 10-10-023
8187,18,FA1;FA7,2,0,SES factors of conversion from GS to OAG
11566,,,0,1,Combined effect of rare and common variation
12410,2;4,FA1;FA5;FA8,3,0,Cannabis & schizophrenia PRS
12400,8;11,FA1;FA3,2,0,NeuroCOVID and dementia
12322,,,0,1,OncoDerm Research
12398,2;10,FA1;FA4;FA8,3,0,Personal Health Implications for Carriers of Autosomal Recessive Disease
12391,2;6,FA7;FA8,2,0,allostasis eda
12381,4,FA1;FA5,2,0,Immunometabolism in psychiatric disorders
11210,1;2;5,FA1;FA8,2,0,Hepatocellular carcinoma ExWAS analysis
4793,2;3,FA8,1,0,Phenomic and Genomic Analysis of Autism in All of Us
12370,1;2;15,FA1;FA2;FA8,3,0,Duplicate of Genetic Analyses of Blood Cell Traits - BT copy
12368,1,FA1;FA8,2,0,Duplicate of Phenotype - Ischemic Heart Disease (v7)
12367,,,0,1,Exploring_srWGS_VCF_Data
12362,,,0,1,Explore_Genomics_VCF_Data
12350,2,FA8,1,0,TL_afr_10k
12346,,,0,1,Disease Prediction with Graph Representation v2
12318,11;14,FA1;FA3,2,0,Dementia and neuropathy
12150,2;5,FA1;FA8,2,0,Radiogenomics v7
12315,7,,0,1,Heart rate response to activity
9324,1;2,FA1;FA8,2,0,PRS modeling v7
11918,,,0,1,A-Lab project: MIT & Asian Women for Health - Cultural Differences in Healthcare
12308,3;5,FA1;FA8,2,0,Blood Cancer Screening
12307,2;5,FA1;FA8,2,0,prostate cancer genomic risk
12303,3,,0,1,R21_2023
12200,2,FA8,1,0,Hail-Sample-GWAS-Test
4919,2;6,FA7;FA8,2,0,GeneticAncestry
12278,2,FA8,1,0,genomics exploration
12274,1;14,FA1;FA8,2,0,Health outcomes of Asians - Mimi's proposal
7255,1,FA1;FA8,2,0,PTC and Blood Pressure Relationship
12269,12;14,FA1;FA7,2,0,Inflammatory Skin Disease and Neurological Disorders
3989,4;6;18,FA1;FA5;FA7,3,0,V6 Duplicate of Cannabis-glaucoma study
12268,3;7,,0,1,LearningWorkspace_v7
12093,1;10,FA1;FA4;FA8,3,0,Monogenic Diabetes
12267,1;6;15,FA1;FA2;FA7;FA8,4,0,Evaluating Disparities in Pregnancy Health
12017,6,FA7,1,0,Mali's D015-housing (2023)
12259,1;11,FA1;FA3;FA8,3,0,CADASIL/NOTCH3 genetic variants in the general population
12257,2;3;5;6,FA1;FA7;FA8,3,0,UMN AoU R21 project
10479,4,FA1;FA5,2,0,Smoking Rare Variants
12239,2,FA8,1,0,"Gene markers within the populace, for cancers impacting the US Airforce"
3595,4,FA1;FA5,2,0,Investigating the longitudinal clinical trajectories of psychiatric disorders V5
12229,1;2;14,FA1;FA8,2,0,Duplicate: Etiologic predictors of CVD events  among individuals with migraine
12225,,,0,1,Exploration of Data
12224,7,,0,1,MV change point detection
12215,1;3,FA1;FA8,2,0,Phenotype - Type 1 Diabetes and Type 2 Diabetes (v7)
12212,1,FA1;FA8,2,0,GLP-1 agonists study
12211,12,FA1;FA7,2,0,V7
12115,12,FA1;FA7,2,0,IM 2023
11671,1;6,FA1;FA7;FA8,3,0,Diabetes in Middle Class American
12209,6;9;12,FA1;FA7,2,0,IM Individual
12208,1;6,FA1;FA7;FA8,3,0,Registered dietition
12207,1;15,FA1;FA2;FA8,3,0,BIOL 418 Genetic Analysis in Medicine
12206,1;15,FA1;FA2;FA8,3,0,Hemoglobinopathies and Pregnancy Outcomes
3777,1;2;14,FA1;FA8,2,0,"Data inventory exploration, including genetic data (v5)"
3567,1;2;14,FA1;FA8,2,0,Data inventory exploration Dataset v5
12202,2,FA8,1,0,Tutorial - How to Work with All of Us Genomic Data (Hail - Plink)(v7)
12183,4;12,FA1;FA5;FA7,3,0,MDD and atopic dermatitis in women of color
12177,,,0,1,Molecular biomarkers
2860,2;3;5,FA1;FA8,2,0,Precision Health Outcomes Realized - PHOuR Breast
4063,2;3;5,FA1;FA8,2,0,Precision Health Outcomes Realized - PHOuR Breast - v6
1264,2;3;5,FA1;FA8,2,0,Precision Health Outcomes Realized (PHOuR) Breast Project-Original
1507,2;3;5,FA1;FA8,2,0,Precision Health Outcomes Realized (PHOuR) Breast Project
7785,2;3;5,FA1;FA8,2,0,Precision Health Outcomes Realized - PHOuR Breast - v7
12176,2;3;5,FA1;FA8,2,0,Duplicate of Precision Health Outcomes Realized - PHOuR Breast - v7DUP
12171,1;2;6,FA1;FA7;FA8,3,0,AH HIS Genetics Diabetes
12169,1;2,FA1;FA8,2,0,Validation of functional variants with laboratory and physical measurements
12167,11,FA1;FA3,2,0,MCI Project _ new
12157,2;6;10,FA1;FA4;FA7;FA8,4,0,CF and non-CF genome analyses
12101,2;6,FA7;FA8,2,0,Investigating Structural Variations in African American Populations
12151,5;7,FA1;FA8,2,0,Lifestyle Behaviors and Cancer Survivorship
10370,2;15,FA2;FA8,2,0,Pre-eclampsia Study Space
4424,2;6;16,FA4;FA7;FA8,3,0,Pharmacogenetics in diverse populations
8142,1;2,FA1;FA8,2,0,HDL & CVD in NHPI - Dataset v7
12129,,,0,1,Liver disease and activity
7750,6,FA7,1,0,IU AoU v7
12128,2;11,FA1;FA3;FA8,3,0,Duplicate of Duplicate of Alzheimers_GWAS_Take5_2023_10_08_b
12127,2;11,FA1;FA3;FA8,3,0,Duplicate of Alzheimers_GWAS_Take5_2023_10_08_a
12123,,,0,1,Post Op Large Repair Mohs Infections
12118,18,FA1;FA7,2,0,Genetics of hearing loss
12114,2;3,FA8,1,0,Exploring the Genetic Basis for Autism Spectrum Disorder (ASD)
9223,2;4;6,FA1;FA5;FA7;FA8,4,0,PRS for psychiatric traits in admixed population
11678,15,FA2,1,0,Women's Health - Curating the Specific Aims
12105,4;5,FA1;FA5;FA8,3,0,How Smoking Impacts the Intensity of Lung Cancer
12102,9;10;12,FA1;FA4;FA7;FA8,4,0,Psoriasis patients and POTS/MCAS/EDS
10713,2;6;9,FA1;FA7;FA8,3,0,PediOnc
12097,1;2;6;14,FA1;FA7;FA8,3,0,CVD
12089,15,FA2,1,0,SMAD variants in PCOS
12082,7,,0,1,Wearable device
12076,3;5;12,FA1;FA7;FA8,3,0,Microbiome Influence on Skin Cancer Progression
8292,2;3;13,FA1;FA8,2,0,copd_weight_loss_v7_joe
12068,,,0,1,Exploring Chelsea health
12046,2;8,FA1;FA8,2,0,Dengue Virus
12059,7,,0,1,HR BI workspace
12053,9,FA1,1,0,Examining the effects of COVID diagnosis on new onset autoimmune diseases
12039,3;16,FA4;FA8,2,0,[v7] DennyLab - USD - Dr. Wilke - Drug Induced Liver Injury
12035,3;4,FA1;FA5,2,0,"Duplicate of Social determinants of smoking, vaping and related diseases (v7)"
12033,3;4,FA1;FA5,2,0,"Duplicate of Social determinants of smoking, vaping and related diseases"
12032,1;3;10;14,FA1;FA4;FA8,3,0,Estimating disease prevalence of Hereditary Hemorrhagic Telangiectasia (HHT)
2141,4;7,FA1;FA5,2,0,Depression Fitbit Study (Clinical Phenotyping)
12024,7;8,FA1,1,0,COVID-19 Sedentary Behavior Patterns
12020,,,0,1,rRNA Copy Number Test Project
4651,3;4;6,FA1;FA5;FA7,3,0,Asian American Health
12015,5;6,FA1;FA7;FA8,3,0,Project 2023
9241,2,FA8,1,0,CLYBL and MTHFR
11939,8,FA1,1,0,COVID-19 Genetics Research
9657,3;4,FA1;FA5,2,0,Phenoconversion in depressive disorders
11994,1;5;6;7,FA1;FA7;FA8,3,0,Hepatocellular Carcinoma - SDH
7238,5,FA1;FA8,2,0,A Life History Framework of Human Cancer Risk
4189,2;4,FA1;FA5;FA8,3,0,Meta-analysis of tobacco use disorders and associations with health outcomes
11984,1,FA1;FA8,2,0,Correlates of Obesity
11982,2,FA8,1,0,Duplicate of How to Work with Genomic Data (Hail - Plink
11980,8,FA1,1,0,PrEP Inequities Texas
11979,,,0,1,PH_heart_rate
11978,1;6,FA1;FA7;FA8,3,0,Neighborhood Determinants of Heart Failure Prognosis
5769,2,FA8,1,0,Validation of Polygenic Scores
10886,6;8;17,FA1;FA4;FA7,3,0,Correlation between HIV in the Florida African American and SDOH
11977,,,0,1,Lung related problems
11975,1;4,FA1;FA5;FA8,3,0,BIO340 BONUS PROJECT HEART DISEASE
11973,,,0,1,Treatment of Patients with HFrEF and ESKD
11965,1,FA1;FA8,2,0,Dental Conditions on Diabetic Population
10613,2;10,FA1;FA4;FA8,3,0,Exploration of clinical phenotypes linked with TNFAIP3 variants
11949,5;6,FA1;FA7;FA8,3,0,Cancer and SGM Health Disparities
11944,1;2;3,FA1;FA8,2,0,Risk Prediction Models Across Common Complex Diseases
11937,2,FA8,1,0,TERT VNTR Exploratory Analysis
11919,6;15,FA2;FA7,2,0,Termination of Pregnancy
11916,,,0,1,test_cohort_building2
11895,,,0,1,Demographic Factors and Teleretinal Screening
11808,9;12;13;18,FA1;FA7,2,0,AoU-Psoriasis-2023-Speed Test
11908,2;5,FA1;FA8,2,0,Dev Thyroid Cancer Genetics v7
11888,4,FA1;FA5,2,0,"Inflammation, Chronic Pain, Hip/Waist Circumference"
11875,18,FA1;FA7,2,0,Glaucoma Pre-Screening
11883,12,FA1;FA7,2,0,Allostatic load in nonscarring vs. scarring alopecia
11882,,,0,1,Eating Disorder Exploration
11881,3,,0,1,Duplicate of vus-control - copy
11874,,,0,1,Buproprion and CYP2B6
11873,5,FA1;FA8,2,0,Melanoma and Associations
10224,4;6,FA1;FA5;FA7,3,0,LGBTQ Mental Healthcare Access & Disparities (July 2023)
11867,5;6,FA1;FA7;FA8,3,0,discrimination and HRQoL
11868,3;7,,0,1,EgoNetwork
10494,2,FA8,1,0,Gene association study
11866,,,0,1,test_cohort_building
11846,5;6,FA1;FA7;FA8,3,0,Cancer and healthcare discrimination-RIV
3906,4;16,FA1;FA4;FA5;FA8,4,0,CYP2C19 Voriconazole Pharmacogenetics
11852,1;6,FA1;FA7;FA8,3,0,Cardiovascular Health of Immigrants
11853,1;3;7;14,FA1;FA8,2,0,Wearable Device Study
11849,2;6,FA7;FA8,2,0,Duplicate of Ancestry-informed genome-wide association test_YSL
11845,5;6,FA1;FA7;FA8,3,0,LGBTQIA+ individuals with Cancer and Discrimination-RIV
11844,2,FA8,1,0,pgs-application-project
11842,4;6;9,FA1;FA5;FA7,3,0,LGBTQ IBD
11838,2,FA8,1,0,Vitamin D Levels
11492,,,0,1,Pharmacogenomics of Membrane Transporters
9219,2,FA8,1,0,GBS 2
11826,,,0,1,Trauma and Public Health
11825,12,FA1;FA7,2,0,Alopecia and Ferritin
11821,4;5;6,FA1;FA5;FA7;FA8,4,0,Impact of SDOH on smoking cessation and lung cancer screening v7
11690,1;6;18,FA1;FA7;FA8,3,0,Vision Urbana- SI
11818,2;6;9,FA1;FA7;FA8,3,0,Identity-by-descent in the United States - Ishana
11813,2;3,FA8,1,0,DSTest2 - Duplicate of Workshop: Intro to All of Us Genomics Data
11812,2;3,FA8,1,0,DS - Test  - Duplicate of Workshop: Intro to All of Us Genomics Data
11810,4;6;11,FA1;FA3;FA5;FA7,4,0,The Role of Housing in the Health of Sexual and Gender Minority Elders
11809,5;6,FA1;FA7;FA8,3,0,Cancer Survivors Genetic Testing
11802,,,0,1,Liver Exploration Study
11786,7,,0,1,Preoperative exercise therapy
11779,5,FA1;FA8,2,0,AML-testing
11724,2;3;9,FA1;FA8,2,0,Duplicate of SLE genetic cohort
11722,1;9;15,FA1;FA2;FA8,3,0,Duplicate of Duplicate of SLE cohort
11773,,,0,1,Orbital and periorbital infections
11772,7,,0,1,Antiseizure medicine
11769,,,0,1,test_workspace to learn workbench2
11760,,,0,1,JZ OM Project
9745,1;4;6;7,FA1;FA5;FA7;FA8,4,0,HRV + Physical Activity v3
11756,,,0,1,Dengue
11262,1;6,FA1;FA7;FA8,3,0,Lp(a) and SES
11261,1;6;8;9;12;15,FA1;FA2;FA7;FA8,4,0,"CAC, RFs, and Preventive Therapies"
11748,1;3;5;6,FA1;FA7;FA8,3,0,Prostate Cancer ASCVD
11218,15,FA2,1,0,Chlamydia Research Project
11741,4;6,FA1;FA5;FA7,3,0,Cannabis and Opioid Use
10635,5;6,FA1;FA7;FA8,3,0,LGBTQIA+ individuals with Cancer and Discrimination
10617,5;6,FA1;FA7;FA8,3,0,Cancer and healthcare discrimination
10974,2;4,FA1;FA5;FA8,3,0,Investigating zebrafish genome-wide association study (GWAS) signals in humans
11714,,,0,1,Rheumatic fever
10785,4;7,FA1;FA5,2,0,Fitbit REM Sleep- Relations to Substance Use and Personal/Family Health History
11712,5;10;12,FA1;FA4;FA7;FA8,4,0,Hereditary hemochromatosis and skin cancers
11707,,,0,1,Checkpoint Inhibitors  V7
11702,5,FA1;FA8,2,0,Alcohol consumption correlation to breast cancer in women ages 20-40
11701,10,FA1;FA4;FA8,3,0,Global Genes Xcellerate Rare Disease Data Comparison - Kleefstra Syndrome
11698,2;11,FA1;FA3;FA8,3,0,Duplicate of Duplicate of Alzheimers_GWAS_Take5_d2
11695,12,FA1;FA7,2,0,CCCA and Ferritin
11694,,,0,1,Fair Counterfactual Optimization
9527,4,FA1;FA5,2,0,Suicide & Suicidal Ideation Associations with Drugs & Alcohol
11685,5,FA1;FA8,2,0,Valley Fever & Cancer
11681,2;16,FA4;FA8,2,0,(Updated v7) Population genomic medicine with a focus on pharmacogenomics
11680,2,FA8,1,0,Genetics of Blood Cell Traits
11679,6,FA7,1,0,Shin
11133,2;6;11,FA1;FA3;FA7;FA8,4,0,Dupe Detection of Gene-Environment Interactions for Complex Diseases (v7)
11676,6;12,FA1;FA7,2,0,Acne
11675,3;4;6,FA1;FA5;FA7,3,0,v7 Asian American Health
11674,8,FA1,1,0,Differences in new HIV diagnosis per state in the US
4095,1;2;5;8,FA1;FA8,2,0,ABO PheWAS - v6
7760,1;2;14,FA1;FA8,2,0,Variant Risk  Assessment of Cardiometabolic Disease_v7
10560,1;4;15,FA1;FA2;FA5;FA8,4,0,bariatric surgery pregnancy
11657,3;7,,0,1,Readmission risk prediction
11655,4;6,FA1;FA5;FA7,3,0,Mental Health among Asian Americans and Pacific Islanders in the Midwest
11652,,,0,1,Population health at Lehigh
11651,4;6,FA1;FA5;FA7,3,0,Duplicate of Mental Health Disparities Controlled
3099,,,0,1,OAB patients
11643,1,FA1;FA8,2,0,Type 1 Diabetes
11640,2;5;6,FA1;FA7;FA8,3,0,PSA Baselines in Different Populations
11639,3,,0,1,Risk Prediction for Heterogeneous Healthcare Data
11636,2;4,FA1;FA5;FA8,3,0,Investigating zebrafish genome-wide association study (GWAS) signals II
5487,1;2,FA1;FA8,2,0,Duplicate of Cholesterol PheWAS
5564,6,FA7,1,0,Explore healthcare access and SDH
4675,3;7;8,FA1,1,0,Long-COVID AoU Project
11130,2,FA8,1,0,Genomic Data All of Us  (Hail - Plink)(v7)
11619,1;6,FA1;FA7;FA8,3,0,Weight-related discrimination
11603,1;14,FA1;FA8,2,0,CHIP controlled
11599,2;3;5,FA1;FA8,2,0,Duplicate of Evaluation of genetic risk in a diverse PCa patients
11591,,,0,1,NIH_R15
11589,7;11,FA1;FA3,2,0,"Timing, Temporal Characteristics, and Pattern of Physical Activity"
4339,1;2,FA1;FA8,2,0,evaluating the performance of CAD polygenic risk score
11584,1;14;15,FA1;FA2;FA8,3,0,Preeclampsia_genetic
11583,1;14;15,FA1;FA2;FA8,3,0,Preeclampsia_Aging_NB1
11579,14;18,FA1;FA7,2,0,Correlational Study
11577,6,FA7,1,0,Socioeconomic factors
11576,8,FA1,1,0,Modupe Onigbogi
11573,2;3;5,FA1;FA8,2,0,Genomic risks with cancer
11570,11,FA1;FA3,2,0,blood work
11569,,,0,1,TARP Syndrome Genetic Variants
11466,1;14,FA1;FA8,2,0,Migraine Study
11568,,,0,1,Dermatomyositis_Cancer
6163,18,FA1;FA7,2,0,CRS study
11536,1;6,FA1;FA7;FA8,3,0,Duplicate of ML Approaches for HDL in NHPI
11525,6,FA7,1,0,Evaluating Hispanic Community Health Study/Study of Latinos with All of Us
11519,1;2,FA1;FA8,2,0,Landscape of long-read structural variants in obesity risk
11173,7,,0,1,VO2max
11507,3,,0,1,PRS_DL
11504,2,FA8,1,0,MST1R PheWAS v2
11502,2;11,FA1;FA3;FA8,3,0,ApoE Interaction Analysis
11499,4;19,FA1;FA5;FA6,3,0,Gulf Coast Work
11477,,,0,1,Disease Prediction with Graph Representation
11434,1;6;18,FA1;FA7;FA8,3,0,Vision Urbana
11494,4,FA1;FA5,2,0,Meaning and depressive symptoms
8779,2;5;6,FA1;FA7;FA8,3,0,PCa_test_V7
11491,,,0,1,Rhinophyma_part2
11489,1;2;5,FA1;FA8,2,0,NAFLD GWAS
11487,1;2,FA1;FA8,2,0,AF_genetics_SJJ
11485,,,0,1,HEAL Lab
11484,,,0,1,HPO Project Data
7932,,,0,1,Analysis of Biomarkers in PAAD
10797,3,,0,1,PhecodeMappings
11471,12,FA1;FA7,2,0,Barriers to care in rheumatologic-dermatologic diseases
11469,5,FA1;FA8,2,0,The Relationship between the Gut Microbiome and Fatigue in Breast Cancer
11467,18,FA1;FA7,2,0,Duplicate of CRS study_Krishna
11465,1;2,FA1;FA8,2,0,9p21 Analysis
11458,4;6,FA1;FA5;FA7,3,0,Emerging Adults
11457,,,0,1,[Duplicate] Prescriptions in Patients with a Family History of xx
11452,1,FA1;FA8,2,0,CABG Qual
11449,9,FA1,1,0,genetic mutations and autoimmune disease
11445,1,FA1;FA8,2,0,Impact of group attributes on clinical decision making
11437,,,0,1,Soybean Production Health Outcomes
11430,,,0,1,Rhinophyma
9175,5;7,FA1;FA8,2,0,correlation of biometric data with survival in HN cancer
11425,6;18,FA1;FA7,2,0,Glaucoma Patient Perceptions
8467,4,FA1;FA5,2,0,Mental illness and substance abuse in adults with chronic pain
11418,1;2,FA1;FA8,2,0,Duplicate of HDL & CVD in NHPI - Dataset v7
11414,,,0,1,Ocular Surface Disease
11410,5,FA1;FA8,2,0,Investigating the use of Immunotherapy in threating Lung Cancer
8929,2;6;9,FA1;FA7;FA8,3,0,Mutetwa Duplicate of Identity-by-descent in the United States
11389,10,FA1;FA4;FA8,3,0,CFTR genetic variation
11357,1;7,FA1;FA8,2,0,BJ_Epidemiology of Gout
2012,4,FA1;FA5,2,0,COVID Study
10510,4;8,FA1;FA5,2,0,Fentanyl Mortality
11386,4;6,FA1;FA5;FA7,3,0,"Examining Associations among SDoH, Pain, Substance use, and Veteran Status"
11374,2;5,FA1;FA8,2,0,yafangli
11373,1;6;13,FA1;FA7;FA8,3,0,ED Men
11370,2;3,FA8,1,0,AGBT 2023: Intro to All of Us Genomics Data
11367,4;6;11,FA1;FA3;FA5;FA7,4,0,Duplicate of LGTBQ Health and Aging
11363,2,FA8,1,0,Multivariate analysis of metabolic traits
11362,,,0,1,: Large Language Models for Patient Comprehension of Healthcare information
4944,2,FA8,1,0,female_with_miscarriage
7332,15,FA2,1,0,miscarriage and infertility genomes
8128,5;6,FA1;FA7;FA8,3,0,Access Barriers to Multiple Myeloma Treatment
11354,2,FA8,1,0,Python PheWAS
9987,10,FA1;FA4;FA8,3,0,Analyzing the CFTR variants in chronic pancreatitis patients
7606,1;4;6,FA1;FA5;FA7;FA8,4,0,"Current Perceived Stress, Discrimination and Allostatic Load"
4044,4,FA1;FA5,2,0,CP pain medication evaluation
3608,,,0,1,Pancreatitis and Vitamin Deficiency
11342,5;6,FA1;FA7;FA8,3,0,The Role of Social Determinants of Health for Breast Cancer Treatment
9430,1;6,FA1;FA7;FA8,3,0,ML Approaches for HDL in NHPI
11332,1;5,FA1;FA8,2,0,"Lifestyle factors, molecular biomarkers with CVD, liver disease, and cancer"
11329,1;2;14,FA1;FA8,2,0,Variant Risk  Assessment of Cardiometabolic Disease_v7_pt2
11326,1;2;16,FA1;FA4;FA8,3,0,Drug response GWAS - Alex copy (5 September)
11302,2,FA8,1,0,AoU_Osteoarthritis_CN
11123,6;7,FA7,1,0,Fisk Bulldogs-FitBit Research Group
11300,5,FA1;FA8,2,0,Selection Bias in Cancer Gender association v7
11299,7,,0,1,try1
11298,6;15,FA2;FA7,2,0,Health Equity Disparities - Maternal-Infant Health
11277,1,FA1;FA8,2,0,Obesity analysis
11275,3;10,FA1;FA4;FA8,3,0,VUS control - CG
7923,2;6,FA7;FA8,2,0,[Controlled Tier v7] Skin color-based discrimination and life outcomes
11273,9,FA1,1,0,ThyroidAutoimmunity
11272,2,FA8,1,0,Characterization of Genomic Determinants
11267,1;2,FA1;FA8,2,0,Cardiometabolic
9070,3,,0,1,vus-control - copy
8692,1;6;7,FA1;FA7;FA8,3,0,Team Sleepy Heart -Control Tier
6279,3;6,FA7,1,0,Exploring the Landscape of Health Disparities in All of Us
11170,,,0,1,ADHD and Healthcare 4
11231,1;9;15,FA1;FA2;FA8,3,0,Duplicate of SLE cohort
9531,2;5;6,FA1;FA7;FA8,3,0,Data Research (V7)
11224,4;5;6,FA1;FA5;FA7;FA8,4,0,"Stress, Discrimination and Cancer Screening"
9585,2,FA8,1,0,Polyadenylation Signal
11207,4;6,FA1;FA5;FA7,3,0,Mental Health Disparities Controlled
5228,4;6,FA1;FA5;FA7,3,0,Mental Health Disparities Discovery Phase
7694,2,FA8,1,0,Duplicate of ALPK3
10335,1;2,FA1;FA8,2,0,"New GWAS with Biobanks for statins, metmorfins and hypertensive"
11204,1;2,FA1;FA8,2,0,"Duplicate of GWAS with Biobanks for statins, metmorfins and hypertensive"
10253,4,FA1;FA5,2,0,Post-FDA Evaluation of Antidepressants for Bipolar Depression
10489,7,,0,1,Duplicate of Descriptive understanding of ME/CFS cohort
9618,4;5;6,FA1;FA5;FA7;FA8,4,0,"Ritu Banga Stress, Discrimination and Cancer Screening"
7950,4;5;6,FA1;FA5;FA7;FA8,4,0,Helpful Code Cancer Screening Disparities: Perceived stress and discrimination
11180,2;13,FA1;FA8,2,0,Phenotypes associated with severe asthma
11185,5,FA1;FA8,2,0,Breast cancer risk to the next generations
7512,6;8,FA1;FA7,2,0,HIV-Infected Black Women
10916,1;6,FA1;FA7;FA8,3,0,Andrew's First Workspace
11184,,,0,1,Mexican Coalition Research
11181,,,0,1,Cardiopulmonary clinical test values across demographic groups
7063,1;2,FA1;FA8,2,0,Clonal Hematopoiesis in NYC All of Us individuals
11169,2;5;6,FA1;FA7;FA8,3,0,nwineinger.cancer
11159,3,,0,1,Data Quality for Domain-Specific Uses
9513,6,FA7,1,0,V2 Multiple marginalization and social determinants of health on overall health
8098,3,,0,1,Disease Risk Prediction Demo Code - ER
11098,2,FA8,1,0,Example of How to Work with All of Us Genomic Data (Hail - Plink)(v7)
11154,3,,0,1,Military Status and CABP Prescribing
11153,3,,0,1,Antibiotic Prescribing for CABP based on Military Service Status
11152,4,FA1;FA5,2,0,PTSD and Brain Injuries
11151,1;2,FA1;FA8,2,0,v7_ phenomic_comparison
11146,2;5;12,FA1;FA7;FA8,3,0,Lung Cancer Genetic Analysis
11145,1;3;6,FA1;FA7;FA8,3,0,Duplicate of Multivariate trajectories of treatment response in chronic disease
5926,3;16,FA4;FA8,2,0,DennyLab - USD - Dr. Wilke - Drug Induced Liver Injury
4602,16,FA4;FA8,2,0,DILI with Augmentin
11126,,,0,1,Clinical pathology research
6829,1,FA1;FA8,2,0,ALPK3_1
11120,2;6;7,FA7;FA8,2,0,Polygenic Risk Scores and Physical Activity CTDv7
10039,4;6,FA1;FA5;FA7,3,0,SDH x Mental Health x FHH
10734,,,0,1,AD EMR verification
11104,10,FA1;FA4;FA8,3,0,Prevalence and clinical features of acute hepatic porphyria (AHP)
11119,8;11,FA1;FA3,2,0,"HIV, Aging, and Biopsychosocial/Cognitive Outcomes"
11110,9,FA1,1,0,Microscopic colitis
11108,3;4;6;11,FA1;FA3;FA5;FA7,4,0,AI/ML and EHR on SUD data to advance health equity of Hispanics older adults
11101,,,0,1,FMT
3192,2;6,FA7;FA8,2,0,Ancestry-informed genome-wide association test
11095,4,FA1;FA5,2,0,Exploratory analysis of clozapine use for schizophrenia and related disorders
11094,2,FA8,1,0,Bleeding
6104,,,0,1,Prevalence and clinical features of protoporphyria
11086,10,FA1;FA4;FA8,3,0,Causal inference for rare diseases
9821,1;2;6,FA1;FA7;FA8,3,0,Insights into PLA2R1 function from PheWAS of LOF variants (v7)
2358,12,FA1;FA7,2,0,Duplicate of Alopecia Areata and other Immune-Mediated Dermatologic Conditions
11081,2;5,FA1;FA8,2,0,Genetics of aggressive prostate cancer
11079,4;15,FA1;FA2;FA5,3,0,Postpartum depression long term effects
2473,,,0,1,liver_disease_ bisphosphonate
3623,4;6;8,FA1;FA5;FA7,3,0,Protective Factors for Sexual Minority Women’s Mental Health during COVID-19 v5
11026,4;9;12,FA1;FA5;FA7,3,0,Acne Project
11023,5,FA1;FA8,2,0,UROP - Breast Cancer Malignancy Prediction
11021,8,FA1,1,0,MIDRC-All of Us Interoperability
11020,2;3,FA8,1,0,Psychosis Controlled
7074,4;6,FA1;FA5;FA7,3,0,Opioid Use Disorder and Access to Treatment
11015,,,0,1,Breast Reduction Study
11014,1,FA1;FA8,2,0,"Diet, microbiome, and multi-omics signatures associated with liver health"
8091,18,FA1;FA7,2,0,Alcohol and Glaucoma (V7)
11006,8,FA1,1,0,ASU Bio 340 HIV/AIDS Project
11005,2;3;6,FA7;FA8,2,0,Phenome-wide association study of Sleep Deprivation
7886,,,0,1,Analysis of insertions and deletions in regulatory elements
10898,2;3,FA8,1,0,Timplab Workshop: Intro to All of Us Genomics Data
10926,2,FA8,1,0,Timplab How to Work with Genomics Data (CRAM_Processing and IGV)_v7HC
10924,2,FA8,1,0,Timplab How to Work with All of Us Genomic Data (Hail - Plink)(v7)
10970,1,FA1;FA8,2,0,Parathyroid data
10964,,,0,1,Representation by socio-demographic and geographic status
10962,13,FA1,1,0,Asthma and Obesity_ControlledTier(v7)
10952,7,,0,1,Data validity threshold evaluation
9731,2,FA8,1,0,Research on CYP3A4 and ABCB1 genes
10948,5,FA1;FA8,2,0,AYA Cancer Survivors - v7
10944,4;6;8,FA1;FA5;FA7,3,0,SDOH of Post-Operative Infection
10940,5;6,FA1;FA7;FA8,3,0,Screening disparities for prostate cancer
8457,5,FA1;FA8,2,0,PDAC v7
8662,,,0,1,Matt O'Donnell Workspace for Documentation and Data Catalog Digest
4930,3,,0,1,vus-control
5360,4;6,FA1;FA5;FA7,3,0,"Examining Associations Between SDoH, Chronic Pain, &  Substance Use"
10930,9,FA1,1,0,Hashimoto's thyroiditis
8855,2;5,FA1;FA8,2,0,A template for AoU Team Relampago for BRCA1/2 Variant Anaylses
8173,4,FA1;FA5,2,0,Duplicate of Relationships between Risky Drinking & Medical Conditions
4129,4;6;8,FA1;FA5;FA7,3,0,Mental health impact of COVID-related policies
10670,4;8,FA1;FA5,2,0,Covid Mental Health v7
10914,1;2;3;6;11,FA1;FA3;FA7;FA8,4,0,Duplicate of Admixture and AD risk
10883,15,FA2,1,0,"The Effects of Genetics, Epigenetics, and Lifestyle on the Risk of Miscarriage"
9628,2,FA8,1,0,Genetic Variation in Osteoarthritis (OA)
7679,3,,0,1,EHR Data Quality Dimensions - V7 (AoU Dataset v.7)
10896,2;3,FA8,1,0,Workshop: Intro to All of Us Genomics Data ES
10888,6,FA7,1,0,APAMSA Research Project
10885,2;8;9;14,FA1;FA8,2,0,ProsperNova Multiple Sclerosis
10884,1;2,FA1;FA8,2,0,Duplicate of Type 2 Diabetes and Lipids PRS
10876,2,FA8,1,0,Genome Test
10874,1;2,FA1;FA8,2,0,Duplicate of Heart Failure Genetic Analyses
10871,2,FA8,1,0,Duplicate of SNP irAEs
8876,2;6;9,FA1;FA7;FA8,3,0,Kevin Duplicate Identity-by-descent in the United States
10859,12,FA1;FA7,2,0,Alopecia Research
10858,5,FA1;FA8,2,0,Duplicate of Spectrum of tumors after breast cancer (V7)_CC
10847,1;6;14,FA1;FA7;FA8,3,0,Early Onset Stroke
10846,,,0,1,Alcoholism
10845,1,FA1;FA8,2,0,Type 2 diabetes pharmacogenomics
10841,5;6,FA1;FA7;FA8,3,0,Prostate cancer survivorship
8307,2;3;4;6,FA1;FA5;FA7;FA8,4,0,Multi-Ancestry Psychosis Studies (MAPS)
9136,,,0,1,assess periodontal disease and premature birth as risk factor for OCSCC
10839,6;12,FA1;FA7,2,0,Dermatology Epidemiology
10838,1;2,FA1;FA8,2,0,Duplicate of Improved methods for multi-ancestry GWAS
10835,3,,0,1,Velan IGV verification
10826,2;3;4;6,FA1;FA5;FA7;FA8,4,0,Genetic Associations With Smoking Patterns among Hispanic Participants
10828,4;5;6,FA1;FA5;FA7;FA8,4,0,SDOH Cancer and Distress
7020,5;6,FA1;FA7;FA8,3,0,Lung Cancer Screening
10822,,,0,1,Prevalence Project
10814,6;7;19,FA6;FA7,2,0,Built Environment
10812,4,FA1;FA5,2,0,Testing NIH Independence data
10810,5;6,FA1;FA7;FA8,3,0,Duplicate of Lung Cancer Screening
10806,2;3,FA8,1,0,Psychosis
10805,5,FA1;FA8,2,0,Duplicate of Spectrum of tumors after breast cancer (V7)_EY
10802,1;2;3;4;6;15,FA1;FA2;FA5;FA7;FA8,5,0,Predicting Preeclampsia to reduce Maternal Mortality in Diverse Groups of Women
10616,2;6,FA7;FA8,2,0,Disparity Research
10798,,,0,1,Cleft_regions_stomach_cancer_Aug10_2023
10625,6;12,FA1;FA7,2,0,Dermatologic Conditions in Underrepresented Groups
10796,1,FA1;FA8,2,0,Aortic Valve Replacement Outcomes
10795,,,0,1,CABG Outcomes Analysis
10780,5;6,FA1;FA7;FA8,3,0,Study of Patient Factors Associated with Myeloid Malignancies
10779,,,0,1,Improving Representation in Biomedical Studies
7893,4;6;15,FA1;FA2;FA5;FA7,4,0,PMAD & SUD among SMW
10378,2;11,FA1;FA3;FA8,3,0,Alzheimers_GWAS_Master
10765,2;11,FA1;FA3;FA8,3,0,Alzheimers_GWAS_Master_MGH
8200,1;3;7;8,FA1;FA8,2,0,All of Us chronic conditions Fitbit analysis
7997,,,0,1,RUNX1-FPD Control Comparisons
10762,6,FA7,1,0,Healthcare accessibility
10757,1;2;6;17,FA1;FA4;FA7;FA8,4,0,Candidacy Materials
10756,4;12,FA1;FA5;FA7,3,0,Lifestyle Associations in Inflammatory Skin Diseases
10755,1;11,FA1;FA3;FA8,3,0,Frailty and CVD/CKD
10749,2;3;8;11,FA1;FA3;FA8,3,0,Deep Learning Derived Phenotypes for Neuro-PASC (V7)
10748,,,0,1,HemePredisposition
10674,1;2;10,FA1;FA4;FA8,3,0,v7 controls for genotype_sequence and endocrine disorders_traits
8979,4;6,FA1;FA5;FA7,3,0,Mental Health Disparities
10741,1;6,FA1;FA7;FA8,3,0,Prevalence of Cardiometabolic Disease Risk Factors in LGBTQIA+ opulations
10592,4,FA1;FA5,2,0,Nature and health
7666,1;4;6;7,FA1;FA5;FA7;FA8,4,0,HRV + Physical Activity
10730,3;4;6,FA1;FA5;FA7,3,0,Mental health diagnosis and treatment
10722,3;4,FA1;FA5,2,0,Duplicate of Duplicate of Sophie_Wang_Lab1
10717,8,FA1,1,0,My All of Us SARS-CoV-2 Antibody Study - Original Study (v4)
9034,5;6;15;18,FA1;FA2;FA7;FA8,4,0,Deaf Contraception Study
5257,,,0,1,Duplicate of Epidemiology of eye disorders and diseases (2)
10711,7,,0,1,Exploratory analysis wearable Fitbit data
10710,1,FA1;FA8,2,0,Cox Proportional Hazard Models for CVD Outcomes in NHPI populations
10708,2;3,FA8,1,0,x_chrom_exploration_v7
10706,1;6;18,FA1;FA7;FA8,3,0,V7-Controlled Impact of Social Determinants of Health- Diabetic Retinopathy
10454,1;6;18,FA1;FA7;FA8,3,0,V7-Impact of Social Determinants of Health on Diabetic Retinopathy
9351,2,FA8,1,0,all_by_aou_preliminary
10699,5,FA1;FA8,2,0,Cancer variation in adults and children
10698,2;11,FA1;FA3;FA8,3,0,Dementia_AD_byrace_Trans_Ethnic
10696,18,FA1;FA7,2,0,Strabismus Phenotypes
10694,11,FA1;FA3,2,0,Mirabegron
10671,4;8,FA1;FA5,2,0,Covid Mental Health v6 (Fixed)
10688,2,FA8,1,0,Analyzing genetic variations which are associated with changes in drug efficacy.
10462,1;6,FA1;FA7;FA8,3,0,PCI Group 1
10680,1;2,FA1;FA8,2,0,Duplicate of NHPI Blood Pressure GWAS
10677,1;2;10,FA1;FA4;FA8,3,0,Duplicate of v7 endocrine disorders_traits
10673,2,FA8,1,0,Exploration of unmapped lrWGS data
10497,4;13,FA1;FA5,2,0,Major Depressive Disorder and Insomnia
10667,5;6;12,FA1;FA7;FA8,3,0,SDOH Young Adults
10666,2;16,FA4;FA8,2,0,Duplicate of Azathioprine Genetics
10661,5,FA1;FA8,2,0,Duplicate of Epidemiological Profile of Breast Cancer
10659,2;6,FA7;FA8,2,0,Complex Disease
10658,5;6,FA1;FA7;FA8,3,0,LGBT Cancer Disparities
10348,1,FA1;FA8,2,0,Hypercholesterolemia Project
10653,6,FA7,1,0,Controlled NHPI Exploration
10650,6,FA7,1,0,NHPI Exploration
3963,5;6,FA1;FA7;FA8,3,0,Molecular subtypes of pancreatic cancer and racial health disparities v2
10227,1;4;9;12;13;14,FA1;FA5;FA7;FA8,4,0,Elena_lit_review
9464,,,0,1,Survey of Data Relevant to Urea Cycle Disorders (CDRv7 Data)
9081,2,FA8,1,0,Identifying genetic variants and phenotypes in Long QT patients
10427,1;5;6,FA1;FA7;FA8,3,0,Allostatic Load in Cancer Disparities
10607,1;5,FA1;FA8,2,0,Allostatic load and cancer
10599,3,,0,1,Duplicate of EHR-Safe
10594,1,FA1;FA8,2,0,Microbiome in vascular disease
8496,1,FA1;FA8,2,0,Predictors of rupture in thoracic aortic aneurysm
10590,1,FA1;FA8,2,0,Exploratory analysis of the impacts of hypertension diagnosis
10589,1;2;6,FA1;FA7;FA8,3,0,Angad Johar
10577,5;19,FA1;FA6;FA8,3,0,Cancer and the Environment Revision
10581,4;6,FA1;FA5;FA7,3,0,Substance Use Among Middle Eastern and North African Participants
8991,1,FA1;FA8,2,0,Introductory to All of Us
10578,4,FA1;FA5,2,0,Childhood Trauma and Major Depression
10537,2,FA8,1,0,Mitochondrial Disease
10574,3,,0,1,Interplay of Eosinophil-Mediated Diseases and Whooping Cough
10573,1;2,FA1;FA8,2,0,HF-GWAS
8156,2;10,FA1;FA4;FA8,3,0,RYR1 and malignant hyperthermia
10566,2;5,FA1;FA8,2,0,Updated Colorectal Cancer PRS Analysis
10562,2;15,FA2;FA8,2,0,Fibroids
10556,1;4,FA1;FA5;FA8,3,0,Cortisol
10522,4;10,FA1;FA4;FA5;FA8,4,0,Hypermobile Ehlers Danlos Syndrome Group Project
10553,6,FA7,1,0,iSDI vs zSDI
10551,1,FA1;FA8,2,0,Diabetes Type 2
10535,2;10,FA1;FA4;FA8,3,0,Genetic Screening for Long QT Syndrome
10531,1;6,FA1;FA7;FA8,3,0,Type 2 diabetes and specific SNPs
10529,7;13,FA1,1,0,CT Circadian Rhythms and valve disease
8269,18,FA1;FA7,2,0,ENT Epidemiology
5987,1,FA1;FA8,2,0,Oral contraceptive use and hypertension
10524,7;13,FA1,1,0,Duplicate of Circadian Rhythms and valve disease
9848,2;3,FA8,1,0,Duplicate of Genomics-Workshop-July2023_YSL
10515,8;9,FA1,1,0,Stevens Johnson Syndrome
4712,3;4,FA1;FA5,2,0,OLD Precision SUD Phenotyping to Accelerate Genetics Studies v6
9697,2,FA8,1,0,Inflammatory Genes
10496,2;10,FA1;FA4;FA8,3,0,Duplicate of hEDS control matching
10491,,,0,1,Allergies Research
10490,11,FA1;FA3,2,0,Lipids and dementia
10486,2,FA8,1,0,Duplicate of Medwas study
7793,2,FA8,1,0,Practice of GWAS in AoU - 2023 CTv7
10484,2,FA8,1,0,Cardiovascular_Variants
10051,8,FA1,1,0,HIV Research
10481,1,FA1;FA8,2,0,LCAT NHS
6179,4;6;8;11,FA1;FA3;FA5;FA7,4,0,"Frailty, older SGM and PLWH V6"
10477,9,FA1,1,0,autoimmunity_genomics
10471,5;9,FA1;FA8,2,0,Autoimmune Skin conditions in pts with Gastric Cancer
10469,6,FA7,1,0,Assessing healthcare outcomes and utilization among the unhoused
10225,,,0,1,Cleft_regions_stomach_cancer
10461,5,FA1;FA8,2,0,BIO 340: Uterine Cancer
10007,5;12,FA1;FA7;FA8,3,0,AK
10458,6,FA7,1,0,Pathways to Gender-Affirming Care
7441,6,FA7,1,0,CSCR and SDOH
10453,2,FA8,1,0,Duplicate # 2 of How to Work with All of Us Genomic Data (Hail - Plink)(v7)
10450,6,FA7,1,0,Identity discordance among SGM v2
10447,,,0,1,Anticoagulant Bleeding
10445,9,FA1,1,0,Lupus and Healthcare Utilization
10439,,,0,1,Anticoagulant Use in a Nursing Home Population
10438,1;2;7,FA1;FA8,2,0,"Duplicate of BMI, physical activity, and ADPKD severity and progression"
10436,1;6,FA1;FA7;FA8,3,0,"Diabetes - prevalence, ML"
10435,1;2;18,FA1;FA7;FA8,3,0,Meta-biobank genome wide association study for diabetic retinopathy.
10385,3;4;7,FA1;FA5,2,0,Fitbit_mental(depression&anxiety) Single Region
4508,7,,0,1,Descriptive understanding of ME/CFS cohort
10081,9,FA1,1,0,IBD vs. Pericarditis Association Analysis
9984,4;15,FA1;FA2;FA5,3,0,Research Day
10367,1;2,FA1;FA8,2,0,Duplicate Hail Processing Diabetes
10365,2;10,FA1;FA4;FA8,3,0,Variant
10360,5,FA1;FA8,2,0,Multiple Myeloma Demographic
2047,4;8,FA1;FA5,2,0,Covid Mental Health v5
10347,4,FA1;FA5,2,0,"Rare variation in ADHD and related diagnoses, CT v7"
10345,1;2;16,FA1;FA4;FA8,3,0,metformin.response
10254,2;11,FA1;FA3;FA8,3,0,Alzheimers_GWAS_Take5
10329,2;5,FA1;FA8,2,0,Duplicate of Family History of Chronic Conditions2
10340,2;5;6;7,FA1;FA7;FA8,3,0,Duplicate of Impact of Nutrition and Physical Fitness on Prostate Cancer
10066,1;2,FA1;FA8,2,0,"GWAS with Biobanks for statins, metmorfins and hypertensive"
10328,5;9;12,FA1;FA7;FA8,3,0,Derm research
10326,5;9;12,FA1;FA7;FA8,3,0,Vitiligo Comorbidities
9720,10,FA1;FA4;FA8,3,0,Huntington's Disease Study
10322,,,0,1,AoU Long Reads R1
10319,2;6,FA7;FA8,2,0,Clopidogrel Response
10302,2;3,FA8,1,0,DN_Duplicate of Workshop: Intro to All of Us Genomics Data
10301,2;3,FA8,1,0,JX_Workshop: Intro to All of Us Genomics Data
10300,2;3,FA8,1,0,YY_Workshop: Intro to All of Us Genomics Data
10297,2,FA8,1,0,DN_Duplicate of How to Work with All of Us Genomic Data (Hail - Plink)(v7)
10294,1;2,FA1;FA8,2,0,Duplicate of Type 2 Diabetes and Lipids PRS v7
8252,1;4;6;11,FA1;FA3;FA5;FA7;FA8,5,0,Protective Factors Associated with Stress Resilience Among Minoritized Groups
10292,1;2,FA1;FA8,2,0,TTR and amyloidosis
10286,5;15,FA1;FA2;FA8,3,0,Prevalence of OAB in patients with Gynecologic Cancer
4733,2,FA8,1,0,CAC - NEI - Dr.Hufnagel - TYR PheWAS
10285,2,FA8,1,0,LW How to Work with All of Us Genomic Data (Hail - Plink)(v7)
10284,3,,0,1,Duplicate of SCA-Project
10281,2;6;16,FA4;FA7;FA8,3,0,Duplicate of Pharmacogenetics in diverse populations
10280,2;9,FA1;FA8,2,0,hprc_evaluation
10277,8,FA1,1,0,Tuberculosis patients with latent and/or active infection
10271,15,FA2,1,0,Exploring social determinants of maternal health
9545,,,0,1,Characterization of heart murmur
10223,6,FA7,1,0,Duplicate of Discrimination and Healthcare Utilization
3541,3;4,FA1;FA5,2,0,"Social determinants of smoking, vaping and related diseases"
10174,,,0,1,IPF_CT
10167,3;10,FA1;FA4;FA8,3,0,CS Duplicate of Demo - Family History in EHR & PPI Data
10164,4;6,FA1;FA5;FA7,3,0,Effects of Cultural Processes on Nicotine Use among Hispanic/Latinx (Dataset v7)
10158,6,FA7,1,0,Associations Between Discrimination and Social Determinants of Health
10008,6,FA7,1,0,Transgender demographic distributions among All of Us participants
10150,1,FA1;FA8,2,0,Purdue heart failure prediction models
10145,12,FA1;FA7,2,0,Spironolactone VTE Risk in Alopecia Patients
9971,4;6,FA1;FA5;FA7,3,0,Duplicate of Understanding substance use
10124,3;10,FA1;FA4;FA8,3,0,JX_Demo - Family History in EHR & PPI Data
10114,1;14,FA1;FA8,2,0,Sudden Cardiac Death & Seizures
10105,2,FA8,1,0,Rare immune disease haplotypes
10096,7,,0,1,Diarrhea + Wearable Data
10011,6;8,FA1;FA7,2,0,"Duplicate of COVID, Discrimination, and Resilience"
6063,1;12,FA1;FA7;FA8,3,0,Derm (Registered)
9680,1;3;6;11;14,FA1;FA3;FA7;FA8,4,0,SDOH and the Most Burdensome Neurological Disorders in the U.S.
10053,1;2;3,FA1;FA8,2,0,Duplicate of Risk Prediction Models Across Common Complex Diseases
2942,6;8,FA1;FA7,2,0,"COVID, Discrimination, and Resilience"
10045,1,FA1;FA8,2,0,Lipids - research prep
5374,6,FA7,1,0,The comorbid landscape of health disparities in the All of Us Research Project
10034,,,0,1,Craniosynostosis Surgery Outcomes
10033,,,0,1,DIEP flap complications in obese vs non-obese patients
9413,2;10,FA1;FA4;FA8,3,0,HEDGE control matching
3851,3;8,FA1,1,0,AOU_Recover_Long_Covid_v6
10017,,,0,1,Timplab How to Work with Long Read Data (v7)
6923,1,FA1;FA8,2,0,HTN HTE
10005,,,0,1,Anti-HTN Prescription Patterns
4050,1;6,FA1;FA7;FA8,3,0,Social Determinates of Health and Cardiovascular Disease Risk
9999,12,FA1;FA7,2,0,Vitiligo Project
9996,3;7,,0,1,Genetic Contributions to Sleep
9983,2,FA8,1,0,AoU Genomics - Helen Yu
9978,3;5,FA1;FA8,2,0,Neural Network Cancer Prediction
9977,2;3,FA8,1,0,JRC Duplicate of Genomics-Workshop-July2023
9976,2,FA8,1,0,Genomic Data (Hail - Plink)(v7)_JVJ
9974,2;3,FA8,1,0,Workshop
9973,2;3,FA8,1,0,Duplicate of Genomics-Workshop-July2023bmm
9972,2,FA8,1,0,VNTR analysis using Long-Read Sequencing4
9968,2;3,FA8,1,0,Sloof 071323 Genomics-Workshop-July2023
9966,2;3,FA8,1,0,Duplicate of Genomics-Workshop-July2023-AD
9964,2;3,FA8,1,0,AS-DuplicateGenomics-Workshop-July2023
9955,2;3,FA8,1,0,YG-Duplicate of Genomics-Workshop-July2023
9952,2;3,FA8,1,0,Duplicate of Genomics-Workshop-July2023-JLB
9950,2;3,FA8,1,0,ShB Duplicate of Genomics-Workshop-July2023
9948,2;3,FA8,1,0,Duplicate of Genomics-Workshop-July2023-Min
9947,2;3,FA8,1,0,Genomics-Workshop-July2023_JX
9930,,,0,1,Mammary Gland
9928,14,FA1,1,0,Drug/Disease/Symptom Interactions
9912,6,FA7,1,0,Identity discordance among SGM
9908,1;6,FA1;FA7;FA8,3,0,Peripartum Cardiomyopathy
9905,2;3,FA8,1,0,KDegatano Genomics-Workshop-July2023
9899,2;3,FA8,1,0,N.J.Duplicate of Genomics-Workshop-July2023
9898,2;3,FA8,1,0,JNC Duplicate of Genomics-Workshop-July2023
9893,2;3,FA8,1,0,Bohang_Duplicate of Genomics-Workshop-July2023
9879,2;3,FA8,1,0,EJR Duplicate of Genomics-Workshop-July2023
9875,2;3,FA8,1,0,Duplicate of Genomics-Workshop-July2023_SLB
9645,3;4,FA1;FA5,2,0,Opioid_Abuse_Predictor_MD
9869,6,FA7,1,0,Health disparities experiences by transgender people in the United States
9868,2;3,FA8,1,0,Genomics-Workshop-July2023_JVJ
9867,12,FA1;FA7,2,0,Vulvar Dermatoses
9664,3;9;12,FA1;FA7,2,0,Generalized pustular psoriasis
9860,2;3,FA8,1,0,Duplicate of Genomics-Workshop-July2023-EK
4338,4;6,FA1;FA5;FA7,3,0,Effects of Cultural Processes on Nicotine Use among Hispanic/Latinx (Dataset v6)
9856,2;3,FA8,1,0,Duplicate of Genomics-Workshop-July2023-YH
9852,2;3,FA8,1,0,Duplicate of Genomics-Workshop-July2023 CS
9850,2;3,FA8,1,0,Jim Genomics-Workshop
9849,2;3,FA8,1,0,Duplicate of Genomics-Workshop-July2023_jmh97
9847,2;3,FA8,1,0,Duplicate of Genomics-Workshop-July2023 Aniko S
9845,2,FA8,1,0,NSAID Adverse Reaction Prediction Study v7 updated
9829,2;3,FA8,1,0,JH_Duplicate of Genomics-Workshop-July2023
9825,2;10,FA1;FA4;FA8,3,0,Alloimmunization test cohort
9822,2;3,FA8,1,0,XL - Duplicate of Genomics-Workshop-July2023
9818,2;3,FA8,1,0,Duplicate of Genomics-Workshop-July2023-RJWP2023
8780,1;2,FA1;FA8,2,0,Duplicate of GWAS_EXAMPLE
4715,1,FA1;FA8,2,0,tryvvvbp
9810,2;3,FA8,1,0,Duplicate of Genomics-Workshop-July2023 LUZ ARROYO
9776,2;3,FA8,1,0,MV Duplicate of Genomics-Workshop-July2023
9795,2;3,FA8,1,0,Practice Duplicate of Genomics-Workshop-July2023
3886,1;14,FA1;FA8,2,0,Differences in Cardiovascular Disease across All of Us Cohorts
9772,2;3,FA8,1,0,DCA-230712-Duplicate of Genomics-Workshop-July2023
9289,2,FA8,1,0,All of Us GWAS on OUD
9757,3,,0,1,EHR project
9754,12,FA1;FA7,2,0,Duplicate of Lichen Sclerosus Comorbidity Analysis
9112,12,FA1;FA7,2,0,Lichen Sclerosus Comorbidity Analysis
9751,3;6;12,FA1;FA7,2,0,DEI
8918,2;11;14,FA1;FA3;FA8,3,0,Long read tandem repeat expansions in neurodegenerative disease
5645,2;11;14,FA1;FA3;FA8,3,0,Tandem repeat expansions in neurodegenerative disease
9747,,,0,1,IPF_control_cohort
9740,2;9;13,FA1;FA8,2,0,TRG_RAILD
9736,,,0,1,Myositis
9735,2;11,FA1;FA3;FA8,3,0,Alzheimers_GWAS_Take4
9704,2;11,FA1;FA3;FA8,3,0,Alzheimers_GWAS_Take3
9010,3;4,FA1;FA5,2,0,Sophie_Wang_Lab
9726,1;2;6,FA1;FA7;FA8,3,0,"PREVENTv7, gwas, afr+amr"
9280,1;5;6,FA1;FA7;FA8,3,0,SDoH and cardiometabolic risk
9719,3,,0,1,Duplicate of vus-control
9715,,,0,1,About Treatment Resistance
9707,,,0,1,Long Distance running and OA
9700,2,FA8,1,0,LL workspace
5595,1;15,FA1;FA2;FA8,3,0,Incidence of female infertility due to obesity in US regions
9684,3,,0,1,Predicting Rare Diseases with Machine Learning
9682,,,0,1,Antiplatelet Reversal
9677,1;2;6,FA1;FA7;FA8,3,0,"PREVENTv7, omicspred, afr+amr"
9675,4;5;8;12,FA1;FA5;FA7;FA8,4,0,Duplicate of Leukoplakia
9671,2;16,FA4;FA8,2,0,Vancomycin Pharmacogenomics
9625,2;16,FA4;FA8,2,0,Thiopurine pharmacogenomics
9669,9;12,FA1;FA7,2,0,Pemphigus Vulgaris Environmental Factors
5131,1;2;10,FA1;FA4;FA8,3,0,Controls for genotyping and sequencing
9218,1;2,FA1;FA8,2,0,GWAS Test
9659,1,FA1;FA8,2,0,Exploration of latent wellness factors from self report and clinical biomarkers
9656,,,0,1,Chatterjee lab Hopkins
9404,12,FA1;FA7,2,0,Duplicate of Dermatology
8397,1;2;13,FA1;FA8,2,0,Explore the potential mechanisms of noncoding variants in human diseases test08
9652,2,FA8,1,0,Geocoding PheWAS
9648,3,,0,1,vus-control - Shengfeng Xu
2188,4;8,FA1;FA5,2,0,Investigation on Suicide in the COVID-19 pandemic
2014,4;8,FA1;FA5,2,0,Relationship between depression symptoms and COVID-19
9519,9;12,FA1;FA7,2,0,Duplicate of DLE Comorbidities
5674,1;3;14,FA1;FA8,2,0,"Prevalence of Cluster Headache, TACs, and other Headache Disorders"
3966,2;6,FA7;FA8,2,0,Impact of global and local ancestry on genome-wide association V6 studies
6747,,,0,1,Payless Health
9629,1;2;14,FA1;FA8,2,0,Duplicate of GSEM and polygenic risk score modeling of ASCVD
9624,,,0,1,Malnutrition_Workspace_Jared_Redmond
9455,3,,0,1,rsid 7:150979265:C:A Variant Carriers and EHR data
3819,3,,0,1,THA and TKA Risk Score
9615,6;15,FA2;FA7,2,0,Pregnancy Outcomes Paper
9611,,,0,1,Test_Min
8947,6,FA7,1,0,Latino Health Outcomes
8930,2;6;9,FA1;FA7;FA8,3,0,Duplicate of Identity-by-descent in the United States
9596,3;6,FA7,1,0,Exploratory Analysis of the Impacts of Social Determinants of Health
9228,7,,0,1,Spine_fitbit
9595,,,0,1,Cri du Chat
9594,12,FA1;FA7,2,0,Dermatology Project
9592,1;6,FA1;FA7;FA8,3,0,Registered Tier Chronic Disease Prevalence Korean and Korean-Americans
9593,1;6,FA1;FA7;FA8,3,0,Diet-Related Chronic Disease Prevalence Korean-Born Koreans and Korean-Americans
9589,2;6;9,FA1;FA7;FA8,3,0,Not_Assigned_Duplicate of Identity-by-descent in the United States
9586,2;3,FA8,1,0,autoimmunity_cohort_explorer
9182,4;6,FA1;FA5;FA7,3,0,Differences in AUD Utilization (V7)
9578,6,FA7,1,0,Health Care Access and Utilization Among Sexual and Gender Minorities
9576,18,FA1;FA7,2,0,(v7) Representation of blind/low vision and deaf/hard of hearing populations
9572,1;10;14;15,FA1;FA2;FA4;FA8,4,0,Women of reproductive age with sickle cell
6285,2;10,FA1;FA4;FA8,3,0,Genome STRiP for HEDGE controls
9571,2,FA8,1,0,Phasing and Imputation Reference Creation
9564,,,0,1,Duplicate of SMARD1
8477,2;15,FA2;FA8,2,0,Uterine Fibroids_v4_
9556,1;3;6;8,FA1;FA7;FA8,3,0,Duplicate of DIVERS pneumococcal <65y
9554,3;5,FA1;FA8,2,0,Multiple Myeloma - Cancer Research with David
5000,1;3;6;8,FA1;FA7;FA8,3,0,DIVERS pneumococcal <65y
9553,,,0,1,Idiopathic_pulmonary_fibrosis
5999,18,FA1;FA7,2,0,Alcohol and Glaucoma (V6)
6447,2;10,FA1;FA4;FA8,3,0,hEDS control matching
9550,1;2;3;6,FA1;FA7;FA8,3,0,GWAS for coronary heart disease
7498,1;4;6,FA1;FA5;FA7;FA8,4,0,Cholesterol Impact on Psychostimulant use
4014,5;13,FA1;FA8,2,0,Pulmonary Carcinoid
9543,2;3;11,FA1;FA3;FA8,3,0,Duplicate of Genotypic and Phenotypic Modeling of Aging
9539,2;3;4,FA1;FA5;FA8,3,0,PheWAS Smoking for Depression
4190,2,FA8,1,0,Utilizing Genomic Data to Analyze Chronic Pancreatitis Genetic Variations
9534,4;6;12,FA1;FA5;FA7,3,0,Depression in Underrepresented Patients with Dermatologic Disease
9251,3;4;6,FA1;FA5;FA7,3,0,"Cannabis Use, Cannabis Use Disorder, and Experiences of Discrimination"
9526,2;6;9,FA1;FA7;FA8,3,0,Mutetwa Southwest Duplicate of Identity-by-descent in the United States
9525,,,0,1,POIS
9524,2;4,FA1;FA5;FA8,3,0,Physical Health in Schizophrenia and Related Psychosis
4334,2;3;4,FA1;FA5;FA8,3,0,Smoking and Drinking Phenotype GWAS
8995,4;12,FA1;FA5;FA7,3,0,Duplicate of Vaping and Contact Dermatitis
8013,4;5,FA1;FA5;FA8,3,0,Association Between AUD and Breast Cancer v7
9143,1;2;5;7,FA1;FA8,2,0,Breast cancer inequities
6542,2;6;7,FA7;FA8,2,0,Polygenic Risk Scores and Physical Activity CTDv6
9498,,,0,1,Investigating a Genetic Driver for Fibrotic Diseases
9487,1;6;15,FA1;FA2;FA7;FA8,4,0,Examining the Relationship Between Cardiovascular Health in Menopausal Women
9479,1;2;8;9,FA1;FA8,2,0,Type I Diabetes and HLA Workspace Controlled
9476,1,FA1;FA8,2,0,Cardiovascular Risk Groups and Treatments/Interventions
9473,3,,0,1,Payless.Health
9475,1,FA1;FA8,2,0,Cardiac Arrhythmia v7
9370,7,,0,1,ABA
9470,2,FA8,1,0,Molly duplicate of Fibromyalgia genomics
8964,1;2;13,FA1;FA8,2,0,Explore the potential mechanisms of noncoding variants in human diseases test98
8038,6;13,FA1;FA7,2,0,Racial and Ethnic Disparities in Medication Adherence Among Patients with Asthma
7678,2;10,FA1;FA4;FA8,3,0,Updated Hereditary Hemochromatosis Analysis
9460,6,FA7,1,0,Injection Access to Care and Healthcare Utilization
9457,2;11,FA1;FA3;FA8,3,0,WGS analysis of Alzheimer's disease
8039,2;16,FA4;FA8,2,0,Azathioprine Genetics
4841,4,FA1;FA5,2,0,"OLDER Genetics, social environment, and depression research"
9454,12,FA1;FA7,2,0,dermatology projects
4997,2;4;6;8,FA1;FA5;FA7;FA8,4,0,Discrimination and mental health
9450,4,FA1;FA5,2,0,Duplicate of Hip and waist circumference as predictors of chronic pain disorders
9446,2;3;10,FA1;FA4;FA8,3,0,V7_PhenotypeRiskScore_AllDiseases_OMIM_focused
9445,,,0,1,CILIA4PR
8997,1,FA1;FA8,2,0,MMPx2
9436,6,FA7,1,0,Duplicate of CSCR and SDOH
9433,,,0,1,Survey of Data Relevant to Urea Cycle Disorders (V7 Data)
3110,,,0,1,Survey of Data Relevant to Urea Cycle Disorders
2780,2,FA8,1,0,Fibromyalgia genomics
9420,1;6,FA1;FA7;FA8,3,0,Duplicate of Ocular Hypertension (V7)
9417,4,FA1;FA5,2,0,Depression Analysis
9409,12;13,FA1;FA7,2,0,Asthma disease biomarkers
9408,1;2;6,FA1;FA7;FA8,3,0,PRS Verification and Descriptive Statistics
3735,1;2;6;15,FA1;FA2;FA7;FA8,4,0,postpartum hemorrhage
9406,4;6;7,FA1;FA5;FA7,3,0,Data Science Project
9390,2;3;15,FA2;FA8,2,0,Duplicate of Phenomic and Genomic Analysis of Endometriosis V7
4473,1;2;6,FA1;FA7;FA8,3,0,AoU_ancestry_PRS_controlled_v6
9388,1;2;3,FA1;FA8,2,0,HCM
9375,2,FA8,1,0,V7_Genomic studies of women-health-related traits
9002,2,FA8,1,0,GBS Exploratory Investigation
9374,,,0,1,Transportation and medical care
9369,1;7,FA1;FA8,2,0,Duplicate of Epidemiology of Gout
5088,1;7,FA1;FA8,2,0,Epidemiology of Gout v6
9372,7,,0,1,Activity changes before and after acute care
5565,6;9;12,FA1;FA7,2,0,Healthcare Disparities in Dermatologic Disorders
9359,2;18,FA1;FA7;FA8,3,0,Duplicate of Glaucoma heterogeneity
8990,2;6;9,FA1;FA7;FA8,3,0,Duplicate of Identity-by-descent in the United States/Southwest
9355,1;7,FA1;FA8,2,0,Atrial Fibrillation Risk Factors v7
9352,2,FA8,1,0,AOU_Phasing
9350,11,FA1;FA3,2,0,Alzheimer's Disease and NLR
9346,11,FA1;FA3,2,0,Dementia and Antibiotic Use
9344,9;12,FA1;FA7,2,0,DLE Comorbidities
9342,5;6,FA1;FA7;FA8,3,0,Prostate Cancer (CRPC)
9339,1;2;4;9;18,FA1;FA5;FA7;FA8,4,0,Glaucoma polygenic risk v7
9338,4,FA1;FA5,2,0,Financial trauma
9336,2;3,FA8,1,0,gentic risk of complex diseases
9331,2;6,FA7;FA8,2,0,Duplicate of Genomics and Health of Latinx People in All of Us
4309,10,FA1;FA4;FA8,3,0,G6PD pharmacogenomics
9326,13,FA1,1,0,Improving Understanding of Risk Factors in Patients with Critical Illness
9325,11,FA1;FA3,2,0,Neurodevelopmental Populations and Dementia Prevalence
9322,1;3;6,FA1;FA7;FA8,3,0,Uncontrolled Diabetes Prediction and Fairness Measurement
9321,4;5;6,FA1;FA5;FA7;FA8,4,0,Lung cancer risk among Black and Hispanic people
9315,1;6,FA1;FA7;FA8,3,0,Role of Over-Expressed Immune Signature
8112,2,FA8,1,0,Duplicate of test_genetic structure_AoUv7
9310,5;12,FA1;FA7;FA8,3,0,Incidence Rates of Inflammatory Appearing Conditions
9303,2;4;6;10,FA1;FA4;FA5;FA7;FA8,5,0,SCIPER: Sickle Cell Injury and Predictive Genomics Exploration and Research
9301,9;14,FA1,1,0,Autoimmune Conditions
5545,4;6,FA1;FA5;FA7,3,0,Understanding the Impact of SDoH on Health Outcomes in Patients with PTSD
9299,2,FA8,1,0,ADHD GWAS
5486,1,FA1;FA8,2,0,Duplicate of Association of Cholesterol with Heart Diseases
5517,2;6,FA7;FA8,2,0,Duplicate of Race/Ethnicity PheWAS
4096,2;16,FA4;FA8,2,0,Estimating Local Ancestry in the AllofUs Cohort to be Utilized in GWAS
9060,4;6,FA1;FA5;FA7,3,0,Sleep Disorders and Neighborhood Social Determinants of Health
9294,6;14,FA1;FA7,2,0,Traumatic Brain Injury (TBI) in Sexual and Gender Minority (SGM) Populations
9288,3,,0,1,COVID Outcomes Exploratory Analysis
9275,4;6,FA1;FA5;FA7,3,0,Racial and Ethnic Disparities in Behavioral Healthcare Access and Utilization
9273,,,0,1,RUNX1 Population within All of Us
5206,1;6;15,FA1;FA2;FA7;FA8,4,0,CVD Risk + PCOS
4542,2,FA8,1,0,GWAS of pica
4445,2,FA8,1,0,variable prediction accuracy of polygenic scores in diverse populations
3257,2;6,FA7;FA8,2,0,Genetic correlation within admixed populations
9263,3;4;6,FA1;FA5;FA7,3,0,"Dup. of Cannabis Use, Cannabis Use Disorder, and Experiences of Discrimination"
3023,,,0,1,HCTestWorkspace
9256,1;2;3;14,FA1;FA8,2,0,Type 2 Diabetes Complications risk prediction - AC
6493,5;15,FA1;FA2;FA8,3,0,Human Reproduction Study
9249,2;6;9,FA1;FA7;FA8,3,0,Raj1 Duplicate of Identity-by-descent in the United States
6181,2;6;9,FA1;FA7;FA8,3,0,Leveraging health systems data to achieve health equity in the US
9245,5;6,FA1;FA7;FA8,3,0,Duplicate of Duplicate of Cancer screening among immigrants (V7)
9239,1;6,FA1;FA7;FA8,3,0,Shahjalal Chowdhury
6277,2;3,FA8,1,0,multimodal-gwas
9221,6,FA7,1,0,Insurance Type & Ramucirumab Use
9226,1;7;15,FA1;FA2;FA8,3,0,Pre-eclampsia and Gestational Diabetes Datasetv7
9225,2;11,FA1;FA3;FA8,3,0,Alzheimer's disease project
9217,1;2;6,FA1;FA7;FA8,3,0,"PREVENTv7, burden, ASCVD"
9214,5,FA1;FA8,2,0,The Roles of Genes in Triple Negative Breast Cancer
9203,2,FA8,1,0,RMS How to Work with AllofUs Genomic Data (Hail - Plink)(v7)
9201,2,FA8,1,0,PGRN_workshp_How to Work with All of Us Genomic Data (Hail - Plink)(v7)
9199,2,FA8,1,0,pgrn-hail-gwas demo
9197,2,FA8,1,0,pgrn-aou-hail-gwas_KH
9195,2,FA8,1,0,PGRN-aou-hail-gwas
9194,2,FA8,1,0,PGRN-AoU-GWAS
9192,2,FA8,1,0,pgrn-hail-demo
9189,1;2;10,FA1;FA4;FA8,3,0,Duplicate of Mendelian Randomization of Lifestyle Related Factors
9186,,,0,1,AllOfUs EDA
9184,2;9,FA1;FA8,2,0,SLE PheWAS (v7)
9183,4;6,FA1;FA5;FA7,3,0,Differences in AUD Utilization (V6)
9177,9;12,FA1;FA7,2,0,Vitiligo Patients
9166,4,FA1;FA5,2,0,loneliness vs. isolation
5307,5,FA1;FA8,2,0,oral cavity carcinoma
8845,10,FA1;FA4;FA8,3,0,Exploring Marfan Syndrome
8407,4,FA1;FA5,2,0,genomic_impact_mh
9108,1;2;3,FA1;FA8,2,0,Duplicate of All of Us v6 GWAS on LDL with Regenie and dsub
9099,3,,0,1,AoU_Joshi Stephen
9093,5;12,FA1;FA7;FA8,3,0,Barriers to care in cutaneous malignancies
9089,1;2,FA1;FA8,2,0,Detection and analysis of genetic risk factors for insulin resistance v7
9088,3;4,FA1;FA5,2,0,PTSD research
9085,2;6,FA7;FA8,2,0,New Rye Estimates
9083,2;3,FA8,1,0,CAC - JHU - Dr. Guerrerio - Loeys-Dietz syndrome - CDR7
9076,,,0,1,COVID Social Support
9071,2,FA8,1,0,Genomic Data (Hail - Plink)(v7) copy
9067,1;7,FA1;FA8,2,0,Monitoring heart and sleep data using Wearable devices
9065,13,FA1,1,0,Asthma and FABP4 Variants - 2nd attempt
9064,3;5;6,FA1;FA7;FA8,3,0,GI Cancer
9062,6;9;12,FA1;FA7,2,0,"Blistering disorders QoL, Access to care, and epidemiology"
8977,6,FA7,1,0,Constructing an Individual Deprivation Index
9051,1;15,FA1;FA2;FA8,3,0,Hypertensive disorders of pregnancy in AoU
9046,6;8;18,FA1;FA7,2,0,Chronic Rhinosinusitis
9035,1;2;3;4;6;17,FA1;FA4;FA5;FA7;FA8,5,0,Duplicate of Duplicate of Genetics of Bipolar Disorder and Comorbidities - v7
8163,3,,0,1,Controlled tier 6 IGV
9030,6;12;15,FA1;FA2;FA7,3,0,Melasma Prevalence in Filipinos
9029,9;14,FA1,1,0,MS_test1
9027,1,FA1;FA8,2,0,Cardiovascular Disease and PGx Drugs
9022,2,FA8,1,0,VNTR analysis using Long-Read Sequencing2
9017,5;7,FA1;FA8,2,0,Impact of Physical Activity on Ovarian Cancer Outcomes
9016,4,FA1;FA5,2,0,Polypharmacy in chronic pain conditions
9013,,,0,1,Duplicate of myeloid-disease-burden
9012,2;18,FA1;FA7;FA8,3,0,Genetics of central serous chorioretinopathy
8996,18,FA1;FA7,2,0,Acute Angle Closure
6967,4;12,FA1;FA5;FA7,3,0,Vaping and Contact Dermatitis
4824,1;2;4;9;18,FA1;FA5;FA7;FA8,4,0,Glaucoma polygenic risk
8987,1,FA1;FA8,2,0,Stimulant & Ca+ channel blocker Impact on CVD
8974,6;11,FA1;FA3;FA7,3,0,Social Determinants of Health and AD
8955,2,FA8,1,0,Duplicate of How to Work with All of Us Genomic Data (Hail - Plink)(v7) --Haile
8953,9,FA1,1,0,IBD Analysis
8948,6;12,FA1;FA7,2,0,Duplicate of Acne Vulgaris and other dermatological conditions
8817,2;9;14,FA1;FA8,2,0,Exploratory analysis of Multiple Sclerosis Disease types
8939,,,0,1,Genome editing off-targets
8938,3;11,FA1;FA3,2,0,V6 Missing Data in Indices
8933,,,0,1,PheRS to Diagnose Autoinflammatory Disease
8859,3;6;7,FA7,1,0,Fitbit Clustering CTDv7
8932,,,0,1,Replicate code for use with other diagnoses
8931,3,,0,1,Duplicate of SBU Explainable AI for Trees
8927,2;5;6,FA1;FA7;FA8,3,0,Duplicate of PCa_test_V7_Hail
6308,2;4,FA1;FA5;FA8,3,0,Comorbidity of Substance Use and Chronic Pain_v6
8914,3;6;7,FA7,1,0,Fitbit Clustering RTDv7
7933,2;4;6,FA1;FA5;FA7;FA8,4,0,Trans-ethnic genetic studies of neuropsychiatric conditions (v7)
7660,2,FA8,1,0,PRISM
8902,1;2;5;8,FA1;FA8,2,0,Duplicate of ABO PheWAS
8900,1;2,FA1;FA8,2,0,BMIanalyses v7
8898,8,FA1,1,0,yong_longcovid
8885,,,0,1,Test_demo workspace
8884,,,0,1,Valley Fever Exploratory Workspace
8170,2;4,FA1;FA5;FA8,3,0,All of Us (AUD) Project - Controlled Tier
8882,1;8,FA1;FA8,2,0,Duplicate of HIV immunogenetic study
8345,13,FA1,1,0,Asthma and FABP4 variants
8872,6,FA7,1,0,Epidemiology of ophthalmic diseases
7339,6,FA7,1,0,Health Care Discrimination
5022,2;5,FA1;FA8,2,0,Genetic Risk Scores for Cancer
8865,1;2;9,FA1;FA8,2,0,Duplicate of Genetic association studies of kidney disease and related traits
8856,4;15,FA1;FA2;FA5,3,0,Postpartum psychosis genetics
8858,1;2;5,FA1;FA8,2,0,Obesity and GI Cancer Counts
8857,1,FA1;FA8,2,0,v7.1 Cardiac comorbidites of inflammatory skin conditions
8853,2;4,FA1;FA5;FA8,3,0,PTSD-resilience-vulnerability
8850,1;2;10,FA1;FA4;FA8,3,0,Variation in HbA1c Across Ancestries and G6PD Deficiency Variants
7113,1;3;9,FA1;FA8,2,0,BOLD T2II
8842,4,FA1;FA5,2,0,Analysis of FM
8838,4,FA1;FA5,2,0,CSBD
8831,2;5,FA1;FA8,2,0,Genetic Predictors of PSA Levels
8686,2,FA8,1,0,VNTR analysis using Long-Read Sequencing
8687,2;4,FA1;FA5;FA8,3,0,RMPlab_TR
8816,1;3,FA1;FA8,2,0,Clustering Cardiovascular Patients
8815,4;8,FA1;FA5,2,0,long_covid_and_depression
7467,5;6,FA1;FA7;FA8,3,0,Duplicate of Cancer screening among immigrants
8793,2;18,FA1;FA7;FA8,3,0,CRS
8785,2;11,FA1;FA3;FA8,3,0,"Parkinson's Disease, Pesticides and Iron Dysregulation"
5254,5,FA1;FA8,2,0,Cervical Dysplasia
8778,1;2,FA1;FA8,2,0,Cardiac PheWAS
8776,3;4;6,FA1;FA5;FA7,3,0,Duplicate of WCM PHS Capstone Project of Suicide Risk
8770,15,FA2,1,0,Labor/PPH Diagnosis v7
8764,1;14,FA1;FA8,2,0,Duplicate of Platelet measurements and stroke: a cross-sectional study
8762,7,,0,1,African Americans Screen Time and Sedentary Activities
8760,4;14,FA1;FA5,2,0,CNOT_genes_rare_lookup
8758,1;2;6,FA1;FA7;FA8,3,0,PREVENTv7 CHD PRS
8757,2;3;6;11,FA1;FA3;FA7;FA8,4,0,Duplicate of Alzheimer's Disease
8750,,,0,1,Start
7231,4;8,FA1;FA5,2,0,Causality of Depression in Young Adults in Covid-19 Pandemic
8746,4;6,FA1;FA5;FA7,3,0,PTSD_Wang
8728,1;15,FA1;FA2;FA8,3,0,Relationship between Gestational Diabetes biomarkers and Pre-eclampsia
8719,5,FA1;FA8,2,0,Cancer Risk Study
8713,1,FA1;FA8,2,0,SPHK1 receptor and myocardial infarction mortality
8710,1;2;3,FA1;FA8,2,0,Forta_T2D_Complications
8203,4;14,FA1;FA5,2,0,Duplicate of Chronic Pain Cases
8705,,,0,1,Duplicate of participation_analysis
8491,5;6,FA1;FA7;FA8,3,0,Somatic/Germline Calling in Clinical Tumor Samples
8701,6,FA7,1,0,Rotator cuff Access to Care and Healthcare Utilization
8700,6,FA7,1,0,Meniscus tear Access to Care and Healthcare Utilization
8697,6,FA7,1,0,Hip Osteoarthritis Access to Care and Healthcare Utilization
8694,6,FA7,1,0,Shoulder Degenerative disease Access to Care and Healthcare Utilization
8699,6;14,FA1;FA7,2,0,Carpal Tunnel Syndrome Access to Care and Healthcare Utilization
8301,6,FA7,1,0,UPDATED Knee Osteoarthritis Access to Care and Healthcare Utilization
8693,5,FA1;FA8,2,0,Filtering Common Variants Called By Tumor Sequencing Panels
8685,2;3;5;10,FA1;FA4;FA8,3,0,Penetrance study empowered by full WGS analysis
7420,,,0,1,Mitra_040723
8684,4;6,FA1;FA5;FA7,3,0,social determinants and substance use disorders
8673,1;6;7,FA1;FA7;FA8,3,0,Team Sleepy Heart
8671,2;4;6,FA1;FA5;FA7;FA8,4,0,Double Hit Gangerz Project
8664,1,FA1;FA8,2,0,Diabetes and AI Evaluation and Perspective
8663,1;4,FA1;FA5;FA8,3,0,Public Health Impact of Family History
8543,1,FA1;FA8,2,0,v7 Cardiac comorbidites of inflammatory skin conditions
8653,5;6;16,FA1;FA4;FA7;FA8,4,0,Duplicate of Tamoxifen and Genetic Variation in Breast Cancer
8611,,,0,1,CFS Analysis
8608,2;4;8,FA1;FA5;FA8,3,0,"Duplicate of Substance use disorder spectrum and related traits (V7, 20230518)"
8582,,,0,1,Analysis of AoU Data
8552,,,0,1,Analysis of  CFS
8548,1,FA1;FA8,2,0,Duplicate of v6 Cardiac comorbidites of inflammatory skin conditions
7844,1,FA1;FA8,2,0,Cardiac comorbidites of inflammatory skin conditions
5452,2,FA8,1,0,Genetics of complex diseases
7538,3;7,,0,1,Fitbit v6
8506,2;3;4,FA1;FA5;FA8,3,0,Duplicate of Duplicate of Demo - PheWAS Smoking
7992,3;4;7,FA1;FA5,2,0,Fitbit for mental health v7
8503,2;9,FA1;FA8,2,0,Variations in DUOX2
8501,5;8,FA1;FA8,2,0,Latent TB
8498,2;10,FA1;FA4;FA8,3,0,Using population-level genetic data to understand digenic and monogenic disease
8486,1;5;6,FA1;FA7;FA8,3,0,Duplicate of Cardiovascular Risk in Long-Term Survivors of Breast Cancer
8471,5,FA1;FA8,2,0,Cancer Risk
8465,2;3,FA8,1,0,V7_Mapping Variants to public databases
8461,2,FA8,1,0,Polyadenylation Signals
8090,11;18,FA1;FA3;FA7,3,0,Tinnitus and Cognition V7
8443,2;6,FA7;FA8,2,0,Duplicate of admixedPRS
8102,5;6,FA1;FA7;FA8,3,0,Breast Cancer Disparities Among Sexual Minority Women
6189,2;3;6;8,FA1;FA7;FA8,3,0,HLA Typing
8436,6;12,FA1;FA7,2,0,Barriers to Care for Patients with Chronic Skin Diseases and US Adults (v7)
8427,9,FA1,1,0,Autoimmune lymphoproliferative syndrome
8423,5,FA1;FA8,2,0,Exploration Study of NR2E3 v7
8416,5;6,FA1;FA7;FA8,3,0,Health Disparities Demo
8415,7;11,FA1;FA3,2,0,Modeling dementia using digital patterns from wearable devices
8412,5;6,FA1;FA7;FA8,3,0,Disparities in Sinonasal Oncology
5709,1;6,FA1;FA7;FA8,3,0,Disparities in In-Hospital Quality of Care for Acute Myocardial Infarction
8127,,,0,1,Duplicate of HG Epidemiology
8391,2;4;6,FA1;FA5;FA7;FA8,4,0,hC4A as a risk factor for SCZ in the diverse population
8386,8,FA1,1,0,long_covid_causal_discovery
8371,9,FA1,1,0,Personalized Medicine in Pediatric Inflammatory Bowel Disease
8370,1;7,FA1;FA8,2,0,Fitbit data pre/post intervention
7928,1;3;7;13,FA1;FA8,2,0,AMP-HYP CTv7
8362,1;14,FA1;FA8,2,0,Stroke Cases
8360,1,FA1;FA8,2,0,Olubu Adiji
8350,4;6;7,FA1;FA5;FA7,3,0,social determinants and inflammation v7
8349,11,FA1;FA3,2,0,Alzheimer's Dataset
8341,4;6;8,FA1;FA5;FA7,3,0,Inflammation and Depression among People with HIV
8336,5,FA1;FA8,2,0,Duplicate of A Life History Framework of Human Cancer RIsk
8332,3;9,FA1,1,0,SLE Prediction
8322,5,FA1;FA8,2,0,Breast Cancer QOL
7727,,,0,1,Genetic investigation of participation bias (v7)
8289,1;14,FA1;FA8,2,0,HHT Prevalence Screening
8309,1,FA1;FA8,2,0,Heart Disease
6875,5;6,FA1;FA7;FA8,3,0,Disparities in breast Cancer Screening
8306,2,FA8,1,0,Genotype first - cardiomyopathy
8305,3;11,FA1;FA3,2,0,Duplicate of Missing Data in Indices
6420,,,0,1,GWU_BMI_playground CT
8300,,,0,1,PFAS and Zipcodes
2795,6;11,FA1;FA3;FA7,3,0,Sleep disorder and dementia across diverse racial and ethnic groups
8293,1;3;6,FA1;FA7;FA8,3,0,Multivariate trajectories of treatment response in chronic disease
8283,3;9,FA1,1,0,Duplicate of SLE Prediction
8266,1;5;6,FA1;FA7;FA8,3,0,Racial/Ethnic Disparities in Liver Disease 2
8257,3,,0,1,Model Performance Improvement After Ontology Rollup
4058,3,,0,1,Duplicate of Longitudinal view for EHR data quality review
8245,1,FA1;FA8,2,0,What is the increased risk that obesity has on getting Type II diabetes
8238,2;10,FA1;FA4;FA8,3,0,HEDGE long read analysis
8234,2,FA8,1,0,Pharmacogenomics of G-Protein Coupled Receptors
8229,6;18,FA1;FA7,2,0,Duplicate of Social Disparities and Age-Related Macular Degeneration
7388,6,FA7,1,0,Multiple marginalization and social determinants of health on overall health
5809,1;5;6,FA1;FA7;FA8,3,0,Racial/Ethnic Disparities in Liver Disease
8217,3,,0,1,Development of Real-Valued Sex Physiology Variable (cv7)
8216,3,,0,1,Inclusive representations of sex physiology: methods and validation (rv7)
6629,3;8,FA1,1,0,DM Prevalence (use HTN demo template)
8210,1;2;8;9,FA1;FA8,2,0,Type I Diabetes and HLA Workspace v7
8202,1;5;6,FA1;FA7;FA8,3,0,Duplicate of Racial/Ethnic Disparities in Liver Disease
8201,,,0,1,Transportation Issues
8189,1;14,FA1;FA8,2,0,Migraine and Risk of Stroke
8193,9,FA1,1,0,Rare and common TNFAIP3 mutations in immune disease
8120,1;2;13,FA1;FA8,2,0,Explore the potential mechanisms of noncoding variants in human diseases new
8190,2;8;9,FA1;FA8,2,0,Genetic characterization and association study of antibody response-related loci
8181,2;13,FA1;FA8,2,0,IL9 epigenetic regulation
1651,1;6;7,FA1;FA7;FA8,3,0,Impact of Physical Activity
8175,5;16,FA1;FA4;FA8,3,0,Response to Tamoxifen between Black and White women
6210,2;5,FA1;FA8,2,0,Colorectal Cancer PRS Analysis
8172,3,,0,1,SNV deleteriousness
4937,2,FA8,1,0,TED Genomics - v6 DO NOT USE
8161,3,,0,1,All of US
8154,,,0,1,PsychGenEpi_CTv7
5756,3;6;14,FA1;FA7,2,0,Disparities in Headache Disorders
5812,14,FA1,1,0,Access to Health Care and Utilization Among Headache Disorders
5587,4;14,FA1;FA5,2,0,Psychiatric and Medical Comorbidity in Headache Disorders
5673,3;14,FA1,1,0,Prevalence of Migraine Disorders in the All of Us Research Program
6544,1;4;7;14,FA1;FA5;FA8,3,0,Daily Step Counts and the Risk of Headache Disorders
8133,6;13,FA1;FA7,2,0,Insomnia among All of Us partners
8131,1,FA1;FA8,2,0,HS QoL - Orenstein Copy
8125,4,FA1;FA5,2,0,Hyper Active Minds
7771,1;2;14,FA1;FA8,2,0,Cerebrovascular-Neurodevelopmental
8117,3;6,FA7,1,0,Duplicate of Antibiotic Prescribing for Community Acquired Bacterial Pneumonia
8109,2,FA8,1,0,koji_v7
8085,,,0,1,Hair Loss Epidemiology Research
8074,,,0,1,Duplicate of CASR Analysis
6211,1;12,FA1;FA7;FA8,3,0,Hidradenitis Suppurativa Quality of Life Study
8100,1;2;11,FA1;FA3;FA8,3,0,Mosaicism and Atrial Fibrillation
8094,,,0,1,PGRA
8092,4,FA1;FA5,2,0,Post-lab-7
7684,1;2,FA1;FA8,2,0,Duplicate of Duplicate of Type 2 Diabetes: PRS and Family History
8082,9;12,FA1;FA7,2,0,JAK Pathway Variants and Skin Disease
8078,1;6;13;14;18,FA1;FA7;FA8,3,0,v7 POAG in OSA
8076,5;12,FA1;FA7;FA8,3,0,Skin Conditions and Associations
8066,1;2;6,FA1;FA7;FA8,3,0,GWAS for heart failure_v7
7798,4;10,FA1;FA4;FA5;FA8,4,0,Duplicate of Sickle Cell
8057,4;9;12,FA1;FA5;FA7,3,0,DLE
7998,5;6,FA1;FA7;FA8,3,0,Female Breast Cancer Health Disparity Research
8050,1;2;15,FA1;FA2;FA8,3,0,PCOS insulin resistance v7
8049,2;5,FA1;FA8,2,0,Duplicate of Evaluating functional genomic evidence as a cancer risk predictor
8048,2;5;6,FA1;FA7;FA8,3,0,PCa SDOH & Prognostic genomics
8047,2,FA8,1,0,Duplicate of Lysosomal Function and Viral Disease
8042,4,FA1;FA5,2,0,Illusion of Social Media
7963,1,FA1;FA8,2,0,group 15
8027,5;6,FA1;FA7;FA8,3,0,Cancer screening in sexual and gender minorities
4674,2;6,FA7;FA8,2,0,"[Deprecated, v6] Skin color-based discrimination and life outcomes"
8025,1;3;15,FA1;FA2;FA8,3,0,Preeclampsia project
8022,2,FA8,1,0,PRS-curation-v7
8014,6,FA7,1,0,Duplicate of lama nazzal
6962,4;5,FA1;FA5;FA8,3,0,Association Between AUD and Breast Cancer
6807,2;4;8,FA1;FA5;FA8,3,0,Duplicate of Substance use disorder spectrum and related traits - v6
4031,1,FA1;FA8,2,0,Risk of CKD in Diabetes
7957,1;6;16,FA1;FA4;FA7;FA8,4,0,Metformin & the Incidence of Non-DM Diseases in Type 2 Diabetics
8008,2;3;10,FA1;FA4;FA8,3,0,V7_Immune
8005,2,FA8,1,0,V7 - Epidemiologic and genomic insights into iron homeostasis
8003,2,FA8,1,0,Longread_data_mehmood
8002,2;3,FA8,1,0,Demo
7982,2,FA8,1,0,PRS V6
7981,3,,0,1,Optimizing trial criteria using real-world data
7976,,,0,1,Skin Cancers
7962,2,FA8,1,0,Duplicate of PGX with All of Us Genomic Data (Hail - Plink)(v6)
7961,6;12,FA1;FA7,2,0,Characteristics and Health Care Utilization of Individuals with Vitiligo
7959,1;6;17,FA1;FA4;FA7;FA8,4,0,PERD Industries - The Linkage Between Low Income and Rates of Nephropathy
7952,6,FA7,1,0,Chinese American
7937,2;6;12,FA1;FA7;FA8,3,0,Duplicate of Genetics of Hidradenitis Suppurativa v7
6347,2;6;8;13,FA1;FA7;FA8,3,0,Asthma dataset v6
7930,5;6,FA1;FA7;FA8,3,0,Melonama
3370,2,FA8,1,0,AoU-LR Phase 2: Broad Sample Selection (Part 1)
6948,3;4;6;7,FA1;FA5;FA7,3,0,Wearables and Mental Health
7328,5,FA1;FA8,2,0,leukemia
7015,5,FA1;FA8,2,0,Social Isolation and Cancer
6577,2,FA8,1,0,Lysosomal Function and Viral Disease
4210,1;13;14,FA1;FA8,2,0,Circadian Rhythms and Vascular Disease
7909,1;3,FA1;FA8,2,0,Duplicate of Cardiometabolic disease case counts
7832,1;6,FA1;FA7;FA8,3,0,Duplicate of Type II Diabetes
7906,2,FA8,1,0,Dup of Dup How to Work with All of Us Genomic Data (Hail - Plink)(v7)
7905,2,FA8,1,0,Duplicate of Duplicate of How to Work with All of Us Genomic Data (v7)
7904,2;6;8;13,FA1;FA7;FA8,3,0,Asthma v1 dataset v7
7585,2;6,FA7;FA8,2,0,Sex-stratified genetic analysis of common gout comorbidities (v7)
7901,6;7;8,FA1;FA7,2,0,Sepsis and Activity
7791,6,FA7,1,0,Dupe Procedural differences as applied to different ethnicities and races
7762,1;2;14,FA1;FA8,2,0,Variant Risk  Assessment of Cardiometabolic Disease_v2_2
7892,,,0,1,SELENON Cases
7888,4;6,FA1;FA5;FA7,3,0,Duplicate of Parent Psychopathology and Social Determinants of Health
7887,2;3;13,FA1;FA8,2,0,V7 copd_weight_loss
7878,15,FA2,1,0,DEFEND
7871,1;2;14,FA1;FA8,2,0,Cerebrovascular Disorders
7869,1;2;5,FA1;FA8,2,0,Gene-Environment Interactions in NAFLD and its complications with data update
3760,2;5,FA1;FA8,2,0,Radiogenomics - Pilot Study
7863,2;4;15,FA1;FA2;FA5;FA8,4,0,Duplicate of Genetics of postpartum depression
3183,1,FA1;FA8,2,0,OLD_Genetics and Triglycerides_OLD
7856,7,,0,1,Health tracking and illness detection behaviors
7855,2;6,FA7;FA8,2,0,PRS Jin
7822,6;12,FA1;FA7,2,0,Duplicate of Dermatologic Diseases
7843,4,FA1;FA5,2,0,Diet and mental health
3030,2;15,FA2;FA8,2,0,Steroid Hormone GWAS Downstream
7838,2;3;10,FA1;FA4;FA8,3,0,V7_PheWAS
3050,1;2,FA1;FA8,2,0,Improved methods for multi-ancestry GWAS
7828,13;15,FA1;FA2,2,0,Pregnancy and Stimulants
7819,1;6,FA1;FA7;FA8,3,0,AIM-AHEAD
7815,6,FA7,1,0,Vascular & Interventional Radiology
7814,1;7;15,FA1;FA2;FA8,3,0,Pregnancy and Fitbit
7812,1;4,FA1;FA5;FA8,3,0,Duplicate of E-Cigarette And Atrial Fibrillation V7
7810,1;6,FA1;FA7;FA8,3,0,"CVD, Race and Exercise"
7809,3;4;6;8,FA1;FA5;FA7,3,0,Duplicate of Social Determinants and Mental Health
7808,12,FA1;FA7,2,0,Dermatology Projects_ver7
7806,,,0,1,UV Exposure and Skin Diseases Dataset v7
7803,4,FA1;FA5,2,0,Anophthalmia
7800,6;12,FA1;FA7,2,0,Duplicate of Understanding Burden of Dermatologic Disease in Homeless population
7796,1;2;3;6;15,FA1;FA2;FA7;FA8,4,0,APOL1 pheWAS v7
7790,2;3;11,FA1;FA3;FA8,3,0,Duplicate of Dementia Genetics Dataset v7
7779,6,FA7,1,0,Amblyopia
7780,2,FA8,1,0,Genomic Data Privacy
7776,1;2,FA1;FA8,2,0,Type 1 Diabetes GRS
7775,1;2;6,FA1;FA7;FA8,3,0,Multi-trait analysis of metaboloic diseases (VUMC) with v7
4529,,,0,1,Neuropsychiatric Disorders in Sex Chromosome Aneuploidies V6
5448,2,FA8,1,0,Multiallelic Genes Investigation
7617,5,FA1;FA8,2,0,AYA Cancer Survivorship v7(Controlled)
7742,5;6,FA1;FA7;FA8,3,0,Racial Disparities in Melanoma
7739,6,FA7,1,0,Duplicate of Access to Healthcare for the Transgender Community
7738,1;2,FA1;FA8,2,0,Structural variation associated with nutrition and digestive phenotypes
7732,5,FA1;FA8,2,0,Duplicate of Gastric Cancer
7726,5,FA1;FA8,2,0,Prevalence of Germline Mutations for Cancer -CSC
7700,2;4,FA1;FA5;FA8,3,0,Duplicate of Rare Genetic Variation and Risk for Neuropsychiatric Disorders
7725,2,FA8,1,0,4-20-23 Duplicate of Gene-environment interactions in osteoarthritis
7101,5,FA1;FA8,2,0,Prevalence of Germline Mutations for Cancer
7722,1;2,FA1;FA8,2,0,v7_ Polygenic risk scores of T2D predicts risk of T2D across populations
7719,7,,0,1,Exercise Differences
7696,1;15,FA1;FA2;FA8,3,0,Duplicate of PE_clincial
7682,6,FA7,1,0,Social determinants of health in MENA population living in the U.S.
7677,1;2,FA1;FA8,2,0,Duplicate of CAD PRS
7662,7;14,FA1,1,0,Exploratory analysis of SUDEP biomarkers v7
7655,4,FA1;FA5,2,0,Duplicate of Bipolar Disorder Gene Analysis
7638,2,FA8,1,0,admixed_prs_analysis V7
7614,12,FA1;FA7,2,0,"Atopic dermatitis epidemiology, risk factors, & complications"
7616,,,0,1,Duplicate of Alcohol Use Explorations
7604,2,FA8,1,0,MultiSuSiE_v7
5516,2,FA8,1,0,Large-Scale Genome Partitioning of Height Variation
7568,1;13,FA1;FA8,2,0,Pulmonary Hypertension
7566,2;11,FA1;FA3;FA8,3,0,Alzheimer's Disease resilience_TierDatasetV7
7562,2,FA8,1,0,Hare-Harris WGS space
6106,1;2;3;5,FA1;FA8,2,0,Prediction of Polygenic Traits
4901,1;13,FA1;FA8,2,0,Pulmonary Hypertension and Other Diseases
7132,1,FA1;FA8,2,0,BIO 194 PTC and BMI (controlled tier)
7552,1;2,FA1;FA8,2,0,Exon 2 RNLS SNP and diabetes
7530,4,FA1;FA5,2,0,ADPKD Final
7524,3;4;8;18,FA1;FA5;FA7,3,0,Anosmia
7522,17,FA4;FA7,2,0,Outreach Team
7520,1;2;14,FA1;FA8,2,0,Chronic Kidney Disease and Polygenic Risk Scores for Cardiovascular Disease
7481,3;4;6,FA1;FA5;FA7,3,0,Cannabis Use and Cannabis Use Disorder: Risk and Protective Factors
7518,,,0,1,Acetaminophen toxicity
7515,2;11,FA1;FA3;FA8,3,0,AD.04142023
7457,1;18,FA1;FA7;FA8,3,0,Hearing Loss and Statins
7510,1;13,FA1;FA8,2,0,methamphetamine
7500,11;18,FA1;FA3;FA7,3,0,Dementia research
7497,1;2;3;4;6;15,FA1;FA2;FA5;FA7;FA8,5,0,Predicting preeclampsia using multiple chronic conditions and genetic data
5713,2;5;12,FA1;FA7;FA8,3,0,Lichen planus
7493,2,FA8,1,0,HEDGE related data
7168,,,0,1,OAB patients - CSC
7489,1,FA1;FA8,2,0,Obesity duration and CVD
7487,1;5;6,FA1;FA7;FA8,3,0,Cardiovascular Risk in Long-Term Survivors of Breast Cancer
7486,6,FA7,1,0,Knee Osteoarthritis Access to Care and Healthcare Utilization
7483,4,FA1;FA5,2,0,Geospatial Econometrics Class Project
7479,6,FA7,1,0,lama nazzal
7474,1,FA1;FA8,2,0,Perio Dx trajectory
7447,1,FA1;FA8,2,0,Biomarkers of Inflammation in Periodontal and Heart Disease
7466,2;3,FA8,1,0,Duplicate of Genomic Data
6084,2,FA8,1,0,genetic-replication-r6
7463,6,FA7,1,0,Mandibles
7465,1;15,FA1;FA2;FA8,3,0,Glucose Uptake and Contra-Insulin Effect in Gestational Diabetes
4925,1;2,FA1;FA8,2,0,Improved methods for multi-ancestry GWAS (Dataset v6)
6639,1;2,FA1;FA8,2,0,Dilated Cardiomyopathy Genomic Data
7426,4;6,FA1;FA5;FA7,3,0,Parent Psychopathology and Social Determinants of Health
7451,1;2;14,FA1;FA8,2,0,Variant Risk  Assessment of Cardiometabolic Disease_v3
7444,6;18,FA1;FA7,2,0,Epidemiology of eye diseases
7442,2,FA8,1,0,test_genetic structure
7440,1,FA1;FA8,2,0,Diabetes BMI CKD
3902,2;4,FA1;FA5;FA8,3,0,Rare Genetic Variation and Risk for Neuropsychiatric Disorders
5139,1;14,FA1;FA8,2,0,Carpal Tunnel and Amyloidosis
5641,14,FA1,1,0,Lab-value cutoffs associated with increased risk of intracranial hemorrhage
7417,,,0,1,Amyloidosis analysis
7428,6,FA7,1,0,HS_1
7427,1;3;5;14;18,FA1;FA7;FA8,3,0,TabNet for Risk Factor Prediction
5125,1;2,FA1;FA8,2,0,Type 2 Diabetes: PRS and Family History
7421,1;6;14,FA1;FA7;FA8,3,0,Stroke survivors - stroke belt states versus non-stroke belt states
7419,9;13;19,FA1;FA6,2,0,Allergies in young adults in the Midwest
7416,3,,0,1,Simple structure identification for better explainable predictive model
7415,1;3,FA1;FA8,2,0,Cardiometabolic disease case counts
7414,11,FA1;FA3,2,0,Nsaid elderly
5964,2,FA8,1,0,Urogenetics of stone disease
7396,,,0,1,Project
7402,10,FA1;FA4;FA8,3,0,Dyspareunia and EDS
5689,2,FA8,1,0,analyze_100k_WGS_for_TRs
7390,2;4;11,FA1;FA3;FA5;FA8,4,0,Genetic predictors of AD/ADRDs Across Diverse Populations
7389,3,,0,1,Notes NLP
7385,4;19,FA1;FA5;FA6,3,0,Mental_health_equity
7181,,,0,1,Glucosamine and Peripheral Arterial Disease
7358,6;18,FA1;FA7,2,0,MedScholars Cataract Project
7374,2;3,FA8,1,0,Irritable Bowel Syndrome
7144,,,0,1,Platelet
6938,4;5,FA1;FA5;FA8,3,0,Chronic pain in cancer population
6022,2;5,FA1;FA8,2,0,Breast and Ovarian Risk Alleles
7355,8,FA1,1,0,Duplicate of How to Reproduce the All of Us SARS-CoV-2 Antibody Study
7347,9,FA1,1,0,Chrohn's Disease Project
7346,,,0,1,Hypoglycemia Prediction
7343,6;12,FA1;FA7,2,0,Dermatologic Diseases
7329,2,FA8,1,0,Local ancestry inference
7322,2,FA8,1,0,Hair Loss Research
2130,5;6,FA1;FA7;FA8,3,0,Cancer in US born vs Foreign Born Hispanic Participants v4
3017,6,FA7,1,0,Genetic and Epigenetic Changes for HCG Cancers Among Hispanic Participants
2129,5;6,FA1;FA7;FA8,3,0,Cancer in US born vs Foreign Born Hispanic Participants v5
6655,2,FA8,1,0,PRS-curation
7313,6;12,FA1;FA7,2,0,Acne Vulgaris
7312,6;12,FA1;FA7,2,0,Prurigo Nodularis
4788,1,FA1;FA8,2,0,Genetics and Triglycerides
7299,16,FA4;FA8,2,0,Fellowship project
7298,1;2;10;13,FA1;FA4;FA8,3,0,PAH genetic predisposition
7165,,,0,1,Group 8: PTC Mutations and Haplotypes Distribution
7289,2;16,FA4;FA8,2,0,CYP2C19 Clopidogrel Response
7288,5,FA1;FA8,2,0,Solid tumor Research
7286,,,0,1,lungDisease
7281,4,FA1;FA5,2,0,Bipolar Disorder Gene Analysis
7277,18,FA1;FA7,2,0,Ophtho research
7270,,,0,1,Selection Estimate Benchmarking
5231,,,0,1,HG Epidemiology
5604,1;3;7,FA1;FA8,2,0,Exploring cardiovascular diseases with predictive models and network analysis
7266,6;18,FA1;FA7,2,0,Asian American Dysmorphia in Cosmetic Procedure Decision-making
2774,4,FA1;FA5,2,0,Genetic predisposition of SIADH during antidepressant treatment
7261,5;11,FA1;FA3;FA8,3,0,Influences of SNPs on neuropsychological symptoms and cognitive impairment
5947,2;3;11,FA1;FA3;FA8,3,0,Dementia Genetics
2545,3;4;6;8,FA1;FA5;FA7,3,0,COVID-19 and Visual Impairment
3179,1;2;6,FA1;FA7;FA8,3,0,Trans-ancestry analysis of Type 2 Diabetes
7233,4;6,FA1;FA5;FA7,3,0,Traumatic brain injuries leading to the eventual diagnosis of Schizophrenia
7249,,,0,1,PFAS in Firefighters
6818,1,FA1;FA8,2,0,Prevalence of PTC Mutations in People with High Cholesterol
7246,1;6,FA1;FA7;FA8,3,0,Diabetes Asians
4285,,,0,1,Testing models of the phenotypic structure of psychopathology
7244,1,FA1;FA8,2,0,Dataset 3.25.23
7228,5;6,FA1;FA7;FA8,3,0,HPV-associated cancer prevention uptake among SGD individuals
7193,4;6,FA1;FA5;FA7,3,0,PRIDEnet R01 aim development space
7224,5;6,FA1;FA7;FA8,3,0,HPV-associated cancer prevention among SGD individuals
7216,2;3,FA8,1,0,Machine learning-based GWAS
4926,3;4;5;6;8;9,FA1;FA5;FA7;FA8,4,0,UCI MDS x Innopiphany Capstone Project 2022
4990,3;4;5;6;8;9,FA1;FA5;FA7;FA8,4,0,UCI MDS x Innopiphany Capstone Project 2022 (CG)
7211,,,0,1,Moms of kids with DS Registered Tier
7208,,,0,1,AsianCervicalCancerVaccine
7206,3;6,FA7,1,0,"Recurrent UTIs, yeast infections, and BV among SGM populations"
7204,2,FA8,1,0,Rye extension
7201,4;15,FA1;FA2;FA5,3,0,Causality of Onset of Depression in Perimenopausal Women
7185,2,FA8,1,0,SNP-interaction PRS
6159,5;6,FA1;FA7;FA8,3,0,Disparities in Cervical Cancer
7171,1;5;6;15,FA1;FA2;FA7;FA8,4,0,Disparity in Uterine Cancer II
7170,4;5,FA1;FA5;FA8,3,0,"Marijuana , Opiates and Cancer"
6702,1;10,FA1;FA4;FA8,3,0,Hereditary Hemochromatosis Analysis
7169,3,,0,1,SCA-Project
7163,10,FA1;FA4;FA8,3,0,Penetrance of PKD2 variants in ADPKD
7161,1;2;8;9,FA1;FA8,2,0,Type I Diabetes and HLA Workspace
7160,2,FA8,1,0,LBP SNPs
7159,1;2;6,FA1;FA7;FA8,3,0,Multi-trait analysis of metaboloic diseases (VUMC)
2943,1;2;6,FA1;FA7;FA8,3,0,Multi-trait analysis of metaboloic diseases
6389,4,FA1;FA5,2,0,Mental Health Disorders and Adult-onset Allergies
7153,3;5;6,FA1;FA7;FA8,3,0,Breast Cancer Neoadjuvant Therapy Outcomes
7057,,,0,1,Hail to Plink PASK-ATXN2-USF1 pipeline
6456,,,0,1,Stone_BYU_Phewas_Study
7147,2,FA8,1,0,Genomic Data (Hail - Plink)(v6)
4995,3,,0,1,medical_sequence_modeling
5871,1;2;6;7,FA1;FA7;FA8,3,0,PRS and other risk factors of Cardiovascular Disease
7125,6,FA7,1,0,Medication trends in the gender and sex minority population
7139,2,FA8,1,0,UF AoU Workspace #1
6710,2,FA8,1,0,STING and Disease
7131,1;5,FA1;FA8,2,0,BK
7114,6;18,FA1;FA7,2,0,Social Disparities and Age-Related Macular Degeneration
6977,6;18,FA1;FA7,2,0,Social Disparities and Macular Degeneration
5582,3;6,FA7,1,0,HealthyElders
7108,1,FA1;FA8,2,0,Control Groups to Clients enrolled in Medically Tailored Meals
6617,2;5,FA1;FA8,2,0,pancreatic cancer genomic data
6281,,,0,1,Temporal Representation for Improving Accuracy
7107,2;9,FA1;FA8,2,0,Test_Lupus
7105,,,0,1,Evaluating genetic variants in Polycystic Kidney Diseases
4242,3;7;8,FA1,1,0,Exploring_AOU_Data
4806,18,FA1;FA7,2,0,Exploring data within the NIDCD missionary areas
5951,2;5;6,FA1;FA7;FA8,3,0,CDKN1A/p21 SNP
5750,1;2,FA1;FA8,2,0,Extending Polygenic Risk Scores for Unique Phenotypes
4240,1;2;6;14,FA1;FA7;FA8,3,0,Social and biological determinants of cardiovascular disease v6
6950,3;4,FA1;FA5,2,0,TMJ_Medical_history
4293,1;4;6;14,FA1;FA5;FA7;FA8,4,0,Disparities in Post-Stroke Pain
7095,6,FA7,1,0,Procedural differences as applied to different ethnicities and races
6692,1,FA1;FA8,2,0,BIO 194 PTC and BMI
6397,3;8,FA1,1,0,SARS-CoV-2 (COVID-19) mRNA vaccination and varicella-zoster virus reactivation
6791,2;3;8;11,FA1;FA3;FA8,3,0,Deep Learning Derived Phenotypes for Neuro-PASC
7092,1;2,FA1;FA8,2,0,Polygenic risk scores of T2D predicts risk of T2D across populations
7088,1,FA1;FA8,2,0,Autozygosity and complex traits - a replication
4985,2,FA8,1,0,alcohol_consumption_gwas_v02032023
7083,,,0,1,INR
7081,5;10,FA1;FA4;FA8,3,0,Effects of Sickle Cell Disease on Breast Cancer Patients
5919,2;6;18,FA1;FA7;FA8,3,0,Glaucoma Research -- Dataset v6
7076,1;4;7;14,FA1;FA5;FA8,3,0,ECIG-AFIB
7071,,,0,1,LSDs
7069,4,FA1;FA5,2,0,Duplicate of *Duplicate* of Mental health and deaf patients - registered tier
5698,1;2;14,FA1;FA8,2,0,protein_to_ehr_phenotype
6239,4;5;6,FA1;FA5;FA7;FA8,4,0,Stress and Prostate Cancer Among African American Men
3325,4;6,FA1;FA5;FA7,3,0,Treatment for OUD
7060,2,FA8,1,0,alcohol_consumption_gwas_latin_lagc
7053,4;6,FA1;FA5;FA7,3,0,"Black Women, Sexual Violence, and Sexual Health Decision-Making"
7051,2,FA8,1,0,SNP irAEs
7043,2,FA8,1,0,X_CHROM_EXPLORATION
6400,5;8;9;14,FA1;FA8,2,0,orgs_ncd_v6
7040,2;5,FA1;FA8,2,0,Exploring Polygenic Risk Scores for PSA
7039,2;3;8,FA1;FA8,2,0,long_covid_genome_analysis
7036,1;16,FA1;FA4;FA8,3,0,hyp4_CKD_Diabetes_Ischemic
7035,1,FA1;FA8,2,0,Visualization_participants_for_hyp3_and_hyp4
5599,6;12,FA1;FA7,2,0,Cutaneous skin diseases in people of color
6185,1;6;8,FA1;FA7;FA8,3,0,Ethnicity Disparities in Acute Myocardial Infarction in PLWH
7024,2,FA8,1,0,Dyslexia & ADHD Genomic Link(s) Research
7019,,,0,1,PNI Study
7017,6;12;18,FA1;FA7,2,0,plaquenil screening
7012,2;4,FA1;FA5;FA8,3,0,Autozygosity and depression - controlled tier
4125,,,0,1,Dx Tool- AIS genes
6963,6;12,FA1;FA7,2,0,Understanding Burden of Dermatologic Disease in Homeless population
7010,,,0,1,Eating Disorder Study
4532,5;6,FA1;FA7;FA8,3,0,v6 - Health Equity IRAD
7007,6,FA7,1,0,Social Determinants of Health and PAD
2441,1;2;14;15,FA1;FA2;FA8,3,0,manning-lab-diabetes-2022
6999,2;4,FA1;FA5;FA8,3,0,Autozygosity and depression
5463,5;12,FA1;FA7;FA8,3,0,Keloid and Hypertrophic Scar
6994,5,FA1;FA8,2,0,Count of Lung Cancer Cases with genetic data
6993,5,FA1;FA8,2,0,Prostate radiation
6992,,,0,1,Chronic Prostatitis
5637,2,FA8,1,0,PheWAS Workflows
6990,5;16,FA1;FA4;FA8,3,0,Checkpoint Inhibitor Warfarin Drug-Drug Interactions
6989,1;3,FA1;FA8,2,0,Using AI to Predict the Development of Cardiovascular Disease
6987,1;2;3;10,FA1;FA4;FA8,3,0,ECG for Monogeneic Arrythmias
6981,1;2,FA1;FA8,2,0,BMIanalyses
6978,2,FA8,1,0,Duplicate of Demo - Assessment of pathogenic variants
6973,4;6,FA1;FA5;FA7,3,0,Racial discrimination in depression-related outcomes
6811,2,FA8,1,0,Height polygenic score
6958,2;5,FA1;FA8,2,0,MUTYH Y179C frequency
6954,1;3;6;11,FA1;FA3;FA7;FA8,4,0,Incorporating Measures of Discrimination to Improve Prediction Model Accuracy
6944,6;7,FA7,1,0,Duplicate of Functional status among survivors of respiratory failure
6934,1;4,FA1;FA5;FA8,3,0,Duplicate- Public Health Impact of Family History in Diverse Populations
6931,9,FA1,1,0,CCF IBD Cohort
6930,3;4;6;8,FA1;FA5;FA7,3,0,AUD_MH_Genomics
4507,3;6;7;18,FA1;FA7,2,0,SDHA in Eye Conditions - v6 Dataset
6924,1;4,FA1;FA5;FA8,3,0,Duplicate: Public Health Impact of Family History in Diverse Populations
6919,2,FA8,1,0,ALPK3
6898,2;4,FA1;FA5;FA8,3,0,alcohol_consumption_gwas_v03022023
6611,1;10,FA1;FA4;FA8,3,0,Maturity-onset diabetes of the young (MODY) 2
6891,1;2;11,FA1;FA3;FA8,3,0,AD genetics
6030,6;15,FA2;FA7,2,0,Allison Keller Capstone Project
6887,,,0,1,Sample selection
5327,1;2;15,FA1;FA2;FA8,3,0,Genetic Analyses of Blood Cell Traits - BT copy
6873,5;6;15,FA1;FA2;FA7;FA8,4,0,Transgender Breast Cancer Screening
2856,2;11,FA1;FA3;FA8,3,0,Precision and Diversity in Alzheimer's Disease and Dementia
6872,2,FA8,1,0,Deep Phenotyping and Immunogenomics of Severe Immune-Mediated Drug Reactions
4486,1;2;6,FA1;FA7;FA8,3,0,Reproducing the results of a UK Biobank study on Type 2 Diabetes
6804,13,FA1,1,0,TyG and asthma exacerbations
6838,2;5;6;12,FA1;FA7;FA8,3,0,Risk factors for cutaneous squamous cell carcinoma
3146,2;7,FA8,1,0,Investigation of desmosome gene variant carriers by ancestry group
5820,2,FA8,1,0,concordance1
6824,4;16,FA1;FA4;FA5;FA8,4,0,Impact of CYP2D6 phenoconversion on opioid therapy
6815,3;4;6;8,FA1;FA5;FA7,3,0,Depression_LGBTQ+_During COVID
6814,2,FA8,1,0,Duplicate of How to Work with Genomics Data (CRAM_Processing and IGV)
6810,18,FA1;FA7,2,0,Environmental influence on glaucoma
6808,5;6,FA1;FA7;FA8,3,0,Identifying Ocular malignancy diagnostic disparities
6591,5,FA1;FA8,2,0,Breast Cancer (BRCA) carriers and Testicular Cancer
6806,1;5;6,FA1;FA7;FA8,3,0,Joe's Copy of Racial/Ethnic Disparities in Liver Disease
6660,2,FA8,1,0,Age-dependent topic modeling
6329,2;3;8;11,FA1;FA3;FA8,3,0,Deep Learning Derived Phenotypes for Alzheimer's Disease
6786,1;2;10,FA1;FA4;FA8,3,0,JNH Duplicate of Controls for genotyping and sequencing
6784,1;2,FA1;FA8,2,0,GWAS replication
6669,3;4;6;8,FA1;FA5;FA7,3,0,Major Depressive and Anxiety Disorders_LGBTQ+ Community-During the COVID
6764,1;2,FA1;FA8,2,0,UTH Aortic Disease
6762,,,0,1,Evaluation of Controlled Tier Platform Data and Tools - Performance
6758,3,,0,1,R03/R23 dev2
6756,3,,0,1,R03/R23 dev
2455,1;6,FA1;FA7;FA8,3,0,Heart Failure Quality of Care and Relation to Social Determinant of Health
3939,6;7,FA7,1,0,Functional status among survivors of respiratory failure with Dataset v6
6727,2;3,FA8,1,0,neural nets for gwas analysis
6724,6;11,FA1;FA3;FA7,3,0,R21PeriodontitisDiabetes
6723,1;13,FA1;FA8,2,0,Metabolic Syndrome and Pulmonary Hypertension
6720,5,FA1;FA8,2,0,Viral reactivity and cancer
4215,5;6,FA1;FA7;FA8,3,0,Impact of community-level factors on development of HPV-associated (pre)cancer 2
6711,2,FA8,1,0,Myeloid Translocation/PopDC/Antioxidant Genes
6708,2;5;6,FA1;FA7;FA8,3,0,Frida's Genomic Data Research
6442,,,0,1,Hepatic Steatosis
6704,2;3,FA8,1,0,Demos - Siloed Analysis of All of Us and UK BB
6700,9,FA1,1,0,Vasculitis_EHR.Survey_Model
6698,,,0,1,HPV Vaccination trends and demographics
6322,1;2;15,FA1;FA2;FA8,3,0,PCOS insulin resistance
6683,5,FA1;FA8,2,0,Exploration Study of NR2E3
6680,5,FA1;FA8,2,0,Social Isolation and Prostate Cancer
6679,,,0,1,Zoster and its prevention as it pertains to specialists
5101,2,FA8,1,0,hhv6_101922
6678,6;7,FA7,1,0,Visually Impaired Persons who use Wearables
6673,,,0,1,Registered Tier Platform Access Survey
4340,1;4,FA1;FA5;FA8,3,0,Diabetes + Depression Coping Behaviors
6663,2,FA8,1,0,Viral Response PheWAS_CAC
2881,2;3,FA8,1,0,Duplicate HM of 2021 Update: DJS:  PheWAS Final Review 11-01-2021
6656,,,0,1,Biomarkers of affect
6653,2,FA8,1,0,Components of heritability in a US cohort
6154,3;4;6,FA1;FA5;FA7,3,0,Understanding the role of SODH in the access to MAT for opioid use disorder
6649,4;18,FA1;FA5;FA7,3,0,Effect of Smoking Options on Ophthalmic Eye Disease
6644,4;6,FA1;FA5;FA7,3,0,Integrated Behavioral Health in Rural Settings
6640,1;2,FA1;FA8,2,0,Cardiovascular disease PGS evaluation
4073,1;2;10,FA1;FA4;FA8,3,0,VSERCH -- Mendelian forms of cardiomyopathy and arrhythmia syndromes
6630,1;2;3,FA1;FA8,2,0,DCM-Initial Cohort Builder
6637,4,FA1;FA5,2,0,Sex Differences in Inflammatory Biomarkers and Mood Disorders
6487,1;2;6,FA1;FA7;FA8,3,0,Kidney Disease in African Americans: Genetic and Environmental Factors
6634,2;5,FA1;FA8,2,0,Count of Melanoma Cases with Genetic Data
6626,1;2;14,FA1;FA8,2,0,Genomic structural modeling and polygenic risk score modeling of ASCVD
6624,9,FA1,1,0,Environmental Factors vs Systemic Lupus Erythematosus
6235,1;6,FA1;FA7;FA8,3,0,Carmela Verderame Practicum Project
6618,3;18,FA1;FA7,2,0,CRS predictive modeling
6615,4;5;7,FA1;FA5;FA8,3,0,Activity in Older Americans and Special Populations
6614,6;13,FA1;FA7,2,0,Asthma mortality disparity
6449,1;6,FA1;FA7;FA8,3,0,Alcohol and CVD
6599,4,FA1;FA5,2,0,low value spine care
6598,1;6,FA1;FA7;FA8,3,0,Gene Interactions Affects to Type II Diabetes
6597,3,,0,1,Outcomes and safety of systemic agents
6593,2;4,FA1;FA5;FA8,3,0,Major Depression and related traits
5444,2;4;6;16,FA1;FA4;FA5;FA7;FA8,5,0,BIP_MDD_Exploration
5714,2,FA8,1,0,Age Amplification
6568,,,0,1,"Quality of life, education, and exposure to respiratory failure"
6564,14,FA1,1,0,Epilepsy Comorbidity
6560,6,FA7,1,0,Neighborhood & health
6559,4,FA1;FA5,2,0,Chronic Pancreatitis
6557,4,FA1;FA5,2,0,Heart Desease and PTSD
6555,,,0,1,Group project- Cri du Chat Syndrome
4967,1;3;4;6,FA1;FA5;FA7;FA8,4,0,Hispanic/Latinxs coexisting chronic health conditions and mental illness
6540,9,FA1,1,0,Humidity's affect on RA
6551,4;6;7,FA1;FA5;FA7,3,0,Data at a Glance
6550,5;6;8,FA1;FA7;FA8,3,0,Duplicate of v6_Disparities in Cervical Cancer Screening Among Hispanic Women
6548,2,FA8,1,0,Exploratory Prep for PheWAS -- Reviewing Available Data & AoU Format
6547,4;7,FA1;FA5,2,0,PA and Mental Health
6545,1;6,FA1;FA7;FA8,3,0,SGLT2 Inhibitor in Different Asian Subpopulations
6531,,,0,1,Agerelateddisease
5775,1;2,FA1;FA8,2,0,HDL & CVD in NHPI
5318,1;2,FA1;FA8,2,0,Cardioinformatics
6525,1;9,FA1;FA8,2,0,T1DM/ViTD
6524,,,0,1,Treatment of Acute Cystitis
6325,6;8,FA1;FA7,2,0,COVID-19 infection and healthcare access
6520,2,FA8,1,0,EPA database and association studies
5428,2;9,FA1;FA8,2,0,IBD Polygenic risk score validation
6515,4;15,FA1;FA2;FA5,3,0,Searching for a genetic-predictor of post-partum depression
6513,1;2,FA1;FA8,2,0,Peritoneal Dialysis
6509,2;4;6,FA1;FA5;FA7;FA8,4,0,Characterizing Patterns of Comorbidity
6508,1;7,FA1;FA8,2,0,Glucose level after food intake
4646,5;6,FA1;FA7;FA8,3,0,Social Vulnerabilities - Cervical Cancer
3897,3;5;6,FA1;FA7;FA8,3,0,IDD disparities in cancer
4601,1;6,FA1;FA7;FA8,3,0,"Diabetes Type 2, SDOH, and prescription"
5863,1;4;6,FA1;FA5;FA7;FA8,4,0,Impact of Substance Abuse  and Serious Mental Illness on patients with CHF
6497,1,FA1;FA8,2,0,Renal failure treatments
4705,5,FA1;FA8,2,0,Cancer and COVID
6491,1;2;5,FA1;FA8,2,0,"Obesity, cancer, and genetic ancestry"
6488,3,,0,1,DETECT_MI
6483,2;3,FA8,1,0,Computational Genomics of Age-Related Cancers and Neurodegenerative Diseases
6482,2;4,FA1;FA5;FA8,3,0,Explore AoU data
6462,1;2;3;6;8,FA1;FA7;FA8,3,0,Race/Ethnicity Disparities in Chronic Kidney Disease (CKD) Burden
6086,13,FA1,1,0,Asthma: Interactions with Genetics and Environment
6479,10,FA1;FA4;FA8,3,0,Pathogenicity of the c.427G>A (p.A143T) GLA variant in Fabry patients
6471,,,0,1,Antibiotic Resistance and Phages
6469,6,FA7,1,0,Examining Social Determinants of Health and Health Outcomes and Behavior
6455,1;2;10,FA1;FA4;FA8,3,0,Duplicate of Controls for genotyping and sequencing Copy
4174,2;5,FA1;FA8,2,0,Genetic risk factors associated with prostate specific antigen V6
5640,4;6,FA1;FA5;FA7,3,0,Prevalence and social determinants of chronic pain
2946,4;6;8,FA1;FA5;FA7,3,0,mental health during covid
5081,4,FA1;FA5,2,0,Bone Disease
4566,5,FA1;FA8,2,0,ACE - palliative care / NSCLC project
6433,1;6,FA1;FA7;FA8,3,0,Individual- and neighborhood-level chronic stressors and lipids
6432,5,FA1;FA8,2,0,Test Space
6431,1;9,FA1;FA8,2,0,Type 1 DM Group Project
6424,1,FA1;FA8,2,0,Cluster
6423,4,FA1;FA5,2,0,Mental Healthcare among Military/Veterans vs Civilians
6422,6,FA7,1,0,ACL Disparities
6341,3;4;6,FA1;FA5;FA7,3,0,WCM PHS Capstone Project of Suicide Risk
6411,3;6;15,FA2;FA7,2,0,Obstetric Complication Risk Tool
6406,5,FA1;FA8,2,0,BRCA+ & Prevention
6405,1;13,FA1;FA8,2,0,Type 2 Diabetes Mellitus and Insomnia
6403,2,FA8,1,0,Medwas study
2211,5;8;9;14,FA1;FA8,2,0,Duplicate of Orgs_NCD_v5
6399,,,0,1,traumatic injury
4167,2;4,FA1;FA5;FA8,3,0,v6 Genetic Risk for MDD using Functional/Sex-Differential Variants from MPRA
6398,2;4,FA1;FA5;FA8,3,0,"dup v6 Genetic Risk for MDD using fxnl, Sex-dif snps from MPRA"
6395,5,FA1;FA8,2,0,Pancreatic Adenocarcinomas
6394,1;2;3;14,FA1;FA8,2,0,"Stroke_Indicence,Prevalence,RiskFactors"
6392,19,FA6,1,0,Climate and Dengue Relations
6390,10,FA1;FA4;FA8,3,0,GSD XV
6387,6,FA7,1,0,COVID racial health disparities
5927,,,0,1,Chronic Osteomyelitis Prevalence and Risk Factors
5507,6,FA7,1,0,OA Access to Care
6374,2,FA8,1,0,PRS for Blood Cell Traits
5997,2;18,FA1;FA7;FA8,3,0,Genetics and Glaucoma
6370,1;3,FA1;FA8,2,0,Hypertension Control levels in All of Us
5434,5;6;8,FA1;FA7;FA8,3,0,Priority Populations with cancer
6369,2;8,FA1;FA8,2,0,HLA PheWAS with Deep*HLA
5962,2;5,FA1;FA8,2,0,Extraction of Stomach tumor Data (Hail - Plink)
6318,1;10,FA1;FA4;FA8,3,0,Maturity-onset diabetes of the young (MODY)
6351,6,FA7,1,0,Stones
6348,6,FA7,1,0,Rural LGBTQ Health
6345,1;2;6;8;14,FA1;FA7;FA8,3,0,Dental infection and systemic disease
2877,2;10,FA1;FA4;FA8,3,0,Role of pathogenic alleles in a general population
6338,3;6,FA7,1,0,Ontology creation
6331,2;3;13,FA1;FA8,2,0,Subtyping complex disease using EHR
6320,2;3;9,FA1;FA8,2,0,Duplicate of Assoication between gynecological and autoimmune disease
3352,1;2;3;4;6;17,FA1;FA4;FA5;FA7;FA8,5,0,Genetics of Bipolar Disorder and Comorbidities
6319,4;5;6,FA1;FA5;FA7;FA8,4,0,Impact of SDOH on smoking cessation and lung cancer screening
6315,1,FA1;FA8,2,0,Type I Diabetes
6310,4;6,FA1;FA5;FA7,3,0,Duplicate of SDOH Mental Health Risk Assessment
6306,8;15,FA1;FA2,2,0,Pregnancy & COVID-19
5494,2;6,FA7;FA8,2,0,Genomics and Health of Latinx People in All of Us
6292,4;6,FA1;FA5;FA7,3,0,"Isolation, mental health, and rurality among SGM populations"
6288,5;6;16,FA1;FA4;FA7;FA8,4,0,Tamoxifen and Genetic Variation in Breast Cancer
6278,4,FA1;FA5,2,0,Sinus and Anxiety/Dep
6275,6,FA7,1,0,Rural-Urban Health Test
6269,2;5;6,FA1;FA7;FA8,3,0,Environmental and genetic risk factors for pancreatic cancer
6266,1;2;4;6;9,FA1;FA5;FA7;FA8,4,0,Advanced Approaches to Identify GxE Interactions Across Ancestral Populations
6257,4;6,FA1;FA5;FA7,3,0,Immigrant health
6256,1;11;15,FA1;FA2;FA3;FA8,4,0,Testing for Pilot Data
4749,1;13,FA1;FA8,2,0,Genetic Influences in Pulmonary Arterial Hypertension
6247,,,0,1,MSLT
6101,2,FA8,1,0,Detecting somatic copy number alterations in AoU participants
6246,2;6,FA7;FA8,2,0,Stone exploratory GWAS Jan 2023
6238,2,FA8,1,0,Count of ME/CFS Cases with genetic data2
5593,1;2,FA1;FA8,2,0,Type 2 Diabetes and Lipids PRS
3869,3;8,FA1,1,0,Surgical Risk Stratification Following Recovery from COVID-19
6231,9;12,FA1;FA7,2,0,Duplicate of Psoriasis and MS
6223,1;5;14,FA1;FA8,2,0,stroke and breast cancer brain metastasis
5124,1;2;6,FA1;FA7;FA8,3,0,Diabetes GWAS on African American
6218,1;6;7,FA1;FA7;FA8,3,0,Heart Failure and Wearables CTDv6
6217,1;2;6,FA1;FA7;FA8,3,0,Diabetes GWAS on African American -- LD Matrix
6204,3;11,FA1;FA3,2,0,mild cognitive impairment
6201,7;14,FA1,1,0,Exploratory analysis of SUDEP biomarkers
4612,1;4;6;16,FA1;FA4;FA5;FA7;FA8,5,0,Pharmacogenomics and Medical Outcomes 2
6191,,,0,1,Plateletome
6069,1;6;8,FA1;FA7;FA8,3,0,SDoH Analysis Jan 2023
6176,6;18,FA1;FA7,2,0,Impact of SDoH on Glaucoma Interventions
6175,5;6,FA1;FA7;FA8,3,0,ASCCP Guideline Concordance
6172,2,FA8,1,0,Duplicate of How to Work with All of Us Genomic Data 2023-01-22
6165,2;5,FA1;FA8,2,0,Risk factors of breast cancer
6162,1;2,FA1;FA8,2,0,Genetic Architecture of Cardiometabolic Phenotypes
6161,4;6,FA1;FA5;FA7,3,0,Intergenerational Trauma and Stress
6081,,,0,1,Lactose Intolerance
6153,6;8,FA1;FA7,2,0,COVID19
6152,2;14,FA1;FA8,2,0,Autonomic Nervous System Dysfunction
6144,11,FA1;FA3,2,0,Alzheimer’s Disease and the Blood Brain Barrier
6143,11,FA1;FA3,2,0,Alzheimer's Disease and the Blood Brain Barrier
5067,2;15,FA2;FA8,2,0,Uterine Fibroids_v4
6139,2,FA8,1,0,myDuplicate of How to Work with All of Us Genomic Data (Hail - Plink)(v6)
6137,2;3,FA8,1,0,Genetics of Complex Traits
6133,,,0,1,Recurrent UTIs
6126,1;6,FA1;FA7;FA8,3,0,Social determinants of Hypertension
5835,3,,0,1,Analyzing negative outcomes of postoperative
6125,2;3;9,FA1;FA8,2,0,SLE genetic cohort
4717,1;13,FA1;FA8,2,0,Treatment in reducing risks of chronic complications in OSA
3903,3;6,FA7,1,0,Antibiotic Prescribing for Community Acquired Bacterial Pneumonia
3203,4,FA1;FA5,2,0,Psychiatric Disorder Prevalence
1399,1;9;15,FA1;FA2;FA8,3,0,SLE cohort
6120,9,FA1,1,0,lkgenomics
6118,4,FA1;FA5,2,0,Multimorbidity in Latinos
5887,1;6;11,FA1;FA3;FA7;FA8,4,0,SDH in Type 2 Diabetes Mellitus and Alzheimer’s Disease
5217,3;9,FA1,1,0,Early Diagnosis of SLE and APS
4030,5;6;15,FA1;FA2;FA7;FA8,4,0,Access in Endometrial Cancer Patients
5634,1;11;16,FA1;FA3;FA4;FA8,4,0,Metformin and Cognitive Decline
6103,3;5,FA1;FA8,2,0,Duplicate of LR_Pancreatic Cancer Prediction v6
6102,4,FA1;FA5,2,0,ADHD and Diet
6099,7;9,FA1,1,0,Sleep and IBD
6096,3;14,FA1,1,0,epilespy
1937,6;18,FA1;FA7,2,0,15month Version Two ophthalmology epidemiology(DV3)
1302,6;18,FA1;FA7,2,0,ophthalmology epidemiology
6091,4;6,FA1;FA5;FA7,3,0,Disparity Between Men & Women Receiving Pain Meds After Routine Procedures
6088,1;2;3;6;11,FA1;FA3;FA7;FA8,4,0,Admixture and AD risk
6087,2,FA8,1,0,GershonResearch
6076,2,FA8,1,0,genetic-replication-r5
6066,18,FA1;FA7,2,0,V6 Glaucoma and lifestyle factors
6082,5;6,FA1;FA7;FA8,3,0,Cervical Cancer Screening
6077,14,FA1,1,0,Neurological complications of anesthesia
6070,6;13,FA1;FA7,2,0,Exploratory- SDOH and COPD
6068,,,0,1,Resistance in Health
5017,6;12,FA1;FA7,2,0,Acne Vulgaris and other dermatological conditions
6064,6,FA7,1,0,Metabolic_syndrome_disparities
4335,10,FA1;FA4;FA8,3,0,BayPR analysis
6048,5,FA1;FA8,2,0,Breast Cancer Risk Factors
6044,,,0,1,Multimorbidity_1
5693,3;11,FA1;FA3,2,0,Frailty Comparisons
6041,4,FA1;FA5,2,0,Psychiatric Comorbidities and Scoliosis
6039,1;6,FA1;FA7;FA8,3,0,Outcomes in Rural Adolescents and Young adults with Type 1 Diabetes
6037,1;15,FA1;FA2;FA8,3,0,Relationship between Self-Reported Prediabetes and EMR Evidence of Dysglycemia
6036,,,0,1,Type2Diabetes_JTL
5004,1;5;6,FA1;FA7;FA8,3,0,TNBC and Birth Control - Xavier University
6032,2;4,FA1;FA5;FA8,3,0,Genes To Mental Health Network
6028,1,FA1;FA8,2,0,T2DAnalysis
6024,1;6,FA1;FA7;FA8,3,0,AF Analysis
6023,3;4;8;15,FA1;FA2;FA5,3,0,VS among Depressed CgBWH
6021,11,FA1;FA3,2,0,DLBCL Elderly
6019,3;11,FA1;FA3,2,0,ORMIS-PD
6014,5,FA1;FA8,2,0,Cervical Dysplasia Project_Test
6011,6,FA7,1,0,Dental health condition among Latino population and access to Dentist
6009,5,FA1;FA8,2,0,Identifying traits to build an integrative model to predict prostate cancer risk
6005,1;6,FA1;FA7;FA8,3,0,Diabetes Complications
5996,1;6,FA1;FA7;FA8,3,0,Ocular Hypertension
5779,3;5,FA1;FA8,2,0,FHH survey vs. EHR
5615,2,FA8,1,0,admixed_prs_analysis V6
5981,2,FA8,1,0,"Eosinophilic Fasciitis, Genomic Basis"
5980,2;3;9,FA1;FA8,2,0,Autoimmune disease GWAS
5288,1;3;4,FA1;FA5;FA8,3,0,Creating Clinical Checklists Using Machine Learning
5894,6,FA7,1,0,Disparities in neurosurgery data projects
5971,6,FA7,1,0,Taste and weight gain
5970,,,0,1,prostate caner analysis
2913,2;3,FA8,1,0,AOU x COMPADRE
5967,,,0,1,CYP2C9 Pharmacogenomics
5960,4;6;15,FA1;FA2;FA5;FA7,4,0,"Neighborhood, SNPs, and pregnancy"
4961,6;7,FA7,1,0,Wearables and Medications RTDv6
5388,1;6;7,FA1;FA7;FA8,3,0,Heart Failure and Wearables RTDv6
3593,1;6;7,FA1;FA7;FA8,3,0,Type 2 DM and Wearables Data RTDv5
5959,4,FA1;FA5,2,0,Schizophrenia_Controlled
5956,1;6;18,FA1;FA7;FA8,3,0,"DM, eye care, and neighborhood SDoH"
5955,,,0,1,Genetic predisposition for urinary urgency
2494,6,FA7,1,0,Exploring the Relationship Between SDoH and Diagnosis of Eating Disorders in AoU
5954,2,FA8,1,0,Duplicate of How to Work with All of Us Genomic Data (Hail - Plink)(v6)-JVJ
5952,11,FA1;FA3,2,0,Duplicate of Mitochondrial genetic variation and aging-related disease
4951,5;6;8,FA1;FA7;FA8,3,0,v6_Disparities in Cervical Cancer Screening Among Hispanic Women
5680,1;6,FA1;FA7;FA8,3,0,CKD disparities among Asian Americans
5939,2;5,FA1;FA8,2,0,Replication of LM GWAS
5935,,,0,1,MyFirstWorkspace
5932,,,0,1,UV Exposure and Skin Diseases
3039,2;4;8,FA1;FA5;FA8,3,0,Substance use disorder spectrum and related traits
5920,6;11,FA1;FA3;FA7,3,0,Dementia/Alzheimer's Comorbidity Effect
5906,,,0,1,Autism Exploratory Workspace
4516,16;18,FA1;FA4;FA7;FA8,4,0,Metformin and Glaucoma v6
5801,7,,0,1,Fitbit User Data
5899,,,0,1,Population Health Study
5893,9;12,FA1;FA7,2,0,Complex medical skin disorders
5728,2;12,FA1;FA7;FA8,3,0,Genetic variations in Atopic Dermatitis and other Inflammatory Skin Disorders
5892,3;18,FA1;FA7,2,0,Low tension glaucoma
5891,6;15,FA2;FA7,2,0,Prenatal Exposure to Maternal Cortisol
5883,2,FA8,1,0,Duplicate of Duplicate of How to Work with All of Us Genomic Data
5782,,,0,1,CausalFair4Health
5873,1;5,FA1;FA8,2,0,Duplicate of Family History of Chronic Conditions
5872,18,FA1;FA7,2,0,Refining the Genetic Landscape of Chronic Rhinosinusitis
5870,4;8,FA1;FA5,2,0,"Social Isolation, Social Support, and Stress During COVID-19 - Controlled Tier"
5868,6;9,FA1;FA7,2,0,Dermatomyositis in Latinx Population
5250,1;12,FA1;FA7;FA8,3,0,Rosacea and T2DM in Patients with a normal BMI
5858,6;15,FA2;FA7,2,0,BV
5853,,,0,1,spending
5851,,,0,1,Physical measurements and EMR data indicative of septicemia in adults
5848,1;2;15,FA1;FA2;FA8,3,0,Preeclampsia Rare Variant Analysis
5845,3;6,FA7,1,0,Predictive Value of SDOH
5844,,,0,1,Duplicate of Epidemiology of eye disorders and diseases
4418,2,FA8,1,0,Iris Hypopigmentation PheWAS Demo
5840,1;10,FA1;FA4;FA8,3,0,Sickle cell phenotyping and medication/healthcare use
5839,10,FA1;FA4;FA8,3,0,Duplicate of Test Workspace
3187,3;6;11,FA1;FA3;FA7,3,0,Underdiagnosis of Dementias
5831,15,FA2,1,0,Iron Deficiency
5821,1;6;13;14;18,FA1;FA7;FA8,3,0,POAG in OSA
5827,2;5,FA1;FA8,2,0,Human absent genetic sequences
4762,18,FA1;FA7,2,0,Identifying Genetic mutations in patients with Sudden Sensorineural Hearing loss
5815,1;6,FA1;FA7;FA8,3,0,CVD/DM Composite Risk Factor Control
4673,3;6,FA7,1,0,R03 Supplement
5478,1;6;7,FA1;FA7;FA8,3,0,Exploration of PA and ASCVD prevention
4118,1,FA1;FA8,2,0,Perceptions of primary care quality as related to obesity status
5805,4;6,FA1;FA5;FA7,3,0,Early Pb exposure a risk for bone health later in life
5788,1;6;15,FA1;FA2;FA7;FA8,4,0,Gestational Diabetes
5800,5;6,FA1;FA7;FA8,3,0,Colon Cancer Outcomes
5797,,,0,1,Cardiac_Disease_data_visualization
5796,1;4;6,FA1;FA5;FA7;FA8,4,0,ESRD on HD Missed Dialysis Social Determinants of Health
5793,8,FA1,1,0,"Bloc1s1, immunity, and response to pathogens"
5780,2;5,FA1;FA8,2,0,Prostate Cancer Screening PRS
2763,1;5,FA1;FA8,2,0,Family History of Chronic Conditions
3040,1;2,FA1;FA8,2,0,Craniofacial data
5773,2;13;19,FA1;FA6;FA8,3,0,Integrating Genetics and Environmental Exposure Risk factors
5772,15,FA2,1,0,Eating Disorders & Reproductive Health
5767,4;5;6,FA1;FA5;FA7;FA8,4,0,Supportive care medication use in cancer
5760,1;13,FA1;FA8,2,0,Genetic and Hypoxic Control in Pulmonary Hypertension
5758,9;12,FA1;FA7,2,0,Dermatomyositis comorbidities
5755,5;6,FA1;FA7;FA8,3,0,Transgender Mammography Screening
5749,4,FA1;FA5,2,0,Association between psychiatric disorders and metabolic disorders
5747,,,0,1,Inflammatory Diseases
5743,1,FA1;FA8,2,0,Kidney Disease
5737,1;3;6,FA1;FA7;FA8,3,0,Diabetes-SDoH-WAS
5526,2;6;12,FA1;FA7;FA8,3,0,Genetics of Hidradenitis Suppurativa v6
5732,1;2;10,FA1;FA4;FA8,3,0,Rare Variant Cardiac Channelopathy Penetrance
5731,6,FA7,1,0,Factors affecting Healthcare Utilization in the U.S.
5201,1;6,FA1;FA7;FA8,3,0,xinmengz
5722,2;3,FA8,1,0,Polygenic Risk Prediction for Admixed Individuals
5721,2;5,FA1;FA8,2,0,PheWAS Lung Cancer
5719,,,0,1,VOUS study - CTD
5717,7,,0,1,Total Hip Replacement and Impact of Exercise and Weight loss on Outcomes
4519,2,FA8,1,0,Crosscheck fingerprints
5711,5,FA1;FA8,2,0,Exploratory analysis
3878,1;2,FA1;FA8,2,0,GWAS_EXAMPLE
4589,1;2;7,FA1;FA8,2,0,"Body-mass index, physical activity, and ADPKD severity and progression"
5706,,,0,1,MRKH
5703,7;13,FA1,1,0,Circadian Rhythms and valve disease
4813,1,FA1;FA8,2,0,Diabetes and CVD Risk Factor Control and Treatment Patterns using V6 data
5701,2,FA8,1,0,Epidemiologic and genomic insights into iron homeostasis
5683,2,FA8,1,0,Variant Extraction Workflows
5686,2;5;12,FA1;FA7;FA8,3,0,Melanoma Germline
5681,1;9;18,FA1;FA7;FA8,3,0,Diabetes Retinopathy
4494,1,FA1;FA8,2,0,FBN1 Mutation and Atrial Fibrillation
5667,1,FA1;FA8,2,0,Postop AKI
5664,2,FA8,1,0,LAHS_Hypotrichosis WGS
5663,1,FA1;FA8,2,0,Longitudinal HbA1c and Fracture Risk in Diabetes
5660,2,FA8,1,0,Leiomyoma-GWAS
5659,,,0,1,Understanding and alleviating co-morbidities in autism
4914,4;6,FA1;FA5;FA7,3,0,Understanding substance use
5656,,,0,1,mtDNA in AAs
5359,3;4;6;8,FA1;FA5;FA7,3,0,Social Determinants and Mental Health
5648,2;5,FA1;FA8,2,0,Prostate cancer prevalence
5643,,,0,1,Nursing Relevant Risk Models with Genetics
5642,2;3;9,FA1;FA8,2,0,Systemic Lupus Erythematosus Genetic Risk Scores
2392,8,FA1,1,0,COVID-19 Project
5632,2,FA8,1,0,Duplicate of OA_GWAS_V1
5630,9,FA1,1,0,Crohn's Treatment  Response
5627,1,FA1;FA8,2,0,PTC vs BMI in age group 38-47
5608,1,FA1;FA8,2,0,PTC vs BMI in Age group 48 -57
5611,2;6,FA7;FA8,2,0,Sex-stratified genetic analysis of common gout comorbidities
5609,5,FA1;FA8,2,0,Epidemiological Profile of Breast Cancer
5533,6;9;12,FA1;FA7,2,0,Geography & CTD
5606,2,FA8,1,0,concordance-analysis
5601,,,0,1,"Bariatric Surgery, hiatal hernia repair, GERD"
1102,6;18,FA1;FA7,2,0,Social Determinants and Healthcare Access in Glaucoma
5592,1,FA1;FA8,2,0,PTC vs BMI in Age Group 48-57
5591,1;2,FA1;FA8,2,0,Acute Kidney Injury
5579,1;2,FA1;FA8,2,0,PTC and BMI in Ages 18-27 years
5580,1;7,FA1;FA8,2,0,Chronic disease prevention and Wearables
5578,1,FA1;FA8,2,0,PTC vs. BMI (28-37)
5577,1,FA1;FA8,2,0,PTC Vs. BMI in Age Group 38-47
4812,4;6;8,FA1;FA5;FA7,3,0,PICAR - CT
5574,,,0,1,AntibioticResistanceUTI
5567,6,FA7,1,0,WKS Data Analysis
5566,,,0,1,Exploring Engagement Among Persons of African Descent in All of Us
4587,5;6,FA1;FA7;FA8,3,0,Patient-clinician identity discordance among cancer survivors
5563,2;6;13,FA1;FA7;FA8,3,0,Identifying Sex-by-Ancestry Interactions on Asthma
5560,,,0,1,Rotator cuff genetics
1915,2;4;6;9;19,FA1;FA5;FA6;FA7;FA8,5,0,SLE case-control
5555,6,FA7,1,0,Intersectional LGBTQ+ Health Equity
5552,1;2;10,FA1;FA4;FA8,3,0,Duplicate of FH & ASCVD Risk 11.22.22
5550,2,FA8,1,0,DUPLICATE:How to Work with All of Us Genomic Data (Hail - Plink)(v6)
5547,1,FA1;FA8,2,0,PTC vs BMI in Individuals of Ages 58-67
5542,7;18,FA1;FA7,2,0,Glaucoma Research Project
5540,1;2;13,FA1;FA8,2,0,The Phenomic Landscape of Pulmonary Arterial Hypertension
5500,1;6,FA1;FA7;FA8,3,0,Disparities in Type 1 Diabetes Mellitus Technologies and Medical Management
5525,,,0,1,Identifying regions of mitochondrial constraint
5518,,,0,1,Commentary
4243,1;2;10,FA1;FA4;FA8,3,0,Updated S1103Y sodium channel variant phenotypes
5510,5;6,FA1;FA7;FA8,3,0,Cognitive Function After Non-CNS Cancer
5508,,,0,1,IU_SZS
5505,5,FA1;FA8,2,0,Prostate Cancer Screening- Risk stratified
5504,,,0,1,Surgical procedures in AoU
5485,1;5,FA1;FA8,2,0,Duplicate of Association between cholesterol and cancer
2018,15,FA2,1,0,Risk factors associated with pregnancy outcomes
5476,2;3;4,FA1;FA5;FA8,3,0,Duplicate of Demo - PheWAS Smoking - Raoufi/Wheeler
5473,4;6,FA1;FA5;FA7,3,0,Pilot Association of recurrent CNVs with NPDs
5472,1;6;14,FA1;FA7;FA8,3,0,CP Genetics
5469,2,FA8,1,0,How to Work with all of us
5467,2;5,FA1;FA8,2,0,Genetic susceptibility to GI malignancies and response to immunotherapy
5462,,,0,1,Genetic Variants and Hair Loss
5458,2,FA8,1,0,Cardiomyopathies(DCM)
5427,3;11,FA1;FA3,2,0,Duplicate of Unmet caregiving needs of older adults with dementia - Delayed Care
5451,12,FA1;FA7,2,0,AA and rosacea
5446,2,FA8,1,0,Investigating the phenotypes of genetic carriers of lysosomal storage disorders
5443,2;5,FA1;FA8,2,0,Breast_Cancer_Germline_Arab
5440,10;18,FA1;FA4;FA7;FA8,4,0,Duplicate of Retinal telangiectasia (Controlled Tier)
5423,10;18,FA1;FA4;FA7;FA8,4,0,Retinal telangiectasia (Registered Tier)
5435,2,FA8,1,0,Editable copy of how to Work with All of Us Genomic Data (Hail - Plink)(v6)
5430,6;7,FA7,1,0,Physical Activity among Asian Americans
5426,1;2,FA1;FA8,2,0,"PASK, USF1, ATXN2 genomic/lab value analysis"
4280,,,0,1,Skin and Nail Disorders
5414,4;6,FA1;FA5;FA7,3,0,"Same-Sex Couples Stress, Health, and Relationships"
5413,2,FA8,1,0,LongReads_TR_IX
5391,2,FA8,1,0,Gene-level variation assessment
4546,6;12,FA1;FA7,2,0,Barriers to Care for Patients with Chronic Skin Diseases and US Adults (v6-C)
5403,1;7,FA1;FA8,2,0,Duplicate of Duplicate of Fitbits and Heart Failure Self-Care
5402,,,0,1,Drug Repurposing research
5099,2;6;9,FA1;FA7;FA8,3,0,"Social, Behavioral, and Genetic Aspects of RA in Hispanic Populations"
5059,1,FA1;FA8,2,0,Basis of Diabetes and Diabetes-related Complications
5390,1;6;14,FA1;FA7;FA8,3,0,Genetics of cerebrovascular disease
5389,,,0,1,Initial titer analysis
4603,15,FA2,1,0,eHHV-6
5379,10,FA1;FA4;FA8,3,0,Duchenne Muscular Dystrophy
5361,2,FA8,1,0,Copy of How to Work with All of Us Genomic Data(v6)
2104,1;9,FA1;FA8,2,0,Epidemiology of Inflammatory Skin Conditions v5
5357,1,FA1;FA8,2,0,ADPKD Analysis
5355,4;8,FA1;FA5,2,0,Effects of Covid-19 on Psychiatric Health
4372,1;18,FA1;FA7;FA8,3,0,RAS/Hearing Loss
5347,2,FA8,1,0,Genomic_data_duplicate_workspace
5328,6;9,FA1;FA7,2,0,Sex and Racial Differences in SLE
5311,3;11,FA1;FA3,2,0,Unmet caregiving needs of older adults with dementia - Controlled Duplicate test
5310,1;2;6,FA1;FA7;FA8,3,0,Blood pressure GWAS on African American
5306,5,FA1;FA8,2,0,Pancreatic CA in AA
5304,4,FA1;FA5,2,0,Epidemiology of physical conditions in bipolar disorder in the US
5025,2,FA8,1,0,Covid_Comparison_N3C
4943,2;5,FA1;FA8,2,0,Aromatase Inhibitors Genomics
5290,4,FA1;FA5,2,0,IBS and Mental Health
2058,3,,0,1,Common Substructure for Adverse Event Detection
5287,4,FA1;FA5,2,0,FAU Chronic Pain 2
5130,5;6,FA1;FA7;FA8,3,0,ILE - Breast cancer and food insecurity
5286,,,0,1,CASR Test
5284,3,,0,1,Best_Drug_Combo
5282,4;6,FA1;FA5;FA7,3,0,LGBTQ Housing and Mental Health (Copy)
5277,3;11,FA1;FA3,2,0,Unmet caregiving needs of older adults with dementia - Controlled Duplicate
5260,3;11,FA1;FA3,2,0,Unmet caregiving needs of older adults with dementia
5273,2;7,FA8,1,0,First_Research_Workspace
5262,,,0,1,Anesthesia
2158,3,,0,1,Longitudinal view for EHR data quality review
5251,3;4,FA1;FA5,2,0,Substance misuse predictions
5252,2,FA8,1,0,Nocturnal Enuresis
5243,6,FA7,1,0,Transportation barriers for patients with fractures
5235,1;9,FA1;FA8,2,0,Epidemiology of Inflammatory Skin Conditions v5 Dataset v6
5232,1;2,FA1;FA8,2,0,Cardioinformatics approaches to illuminate novel cardiobiology
5214,2,FA8,1,0,Explore potential control subjects with WGS
4987,1;2;6,FA1;FA7;FA8,3,0,GWAS for heart failure
5207,4;5,FA1;FA5;FA8,3,0,Oral Cancer and Tobacco Use
5121,1,FA1;FA8,2,0,Diabetes physiological
4393,12,FA1;FA7,2,0,NT/KK Pigmentation Disorders  (Controlled Tier)
5195,1;11;15,FA1;FA2;FA3;FA8,4,0,Reproductive aging
5194,,,0,1,The Use of TXA in Pelvic and Acetabular Trauma Patients
5185,2,FA8,1,0,Duplicate of How to Work with All of Us Genomic Data - Workshop
5178,2,FA8,1,0,ASHG_2022_How to Work with All of Us Genomic Data (Hail - Plink)(v6)
5176,2,FA8,1,0,Genomic Dataset Practice
4843,1;8,FA1;FA8,2,0,Decision Tree Classifier with COVID-19 and Diabetes Mellitus Type-2
5160,4;5;16,FA1;FA4;FA5;FA8,4,0,Duplicate of Oncology Prevalence
5156,,,0,1,differences between fellow corneas
4534,5;6,FA1;FA7;FA8,3,0,Gastric Cancer Risk Variants Validation
5144,,,0,1,PHQ-9 test drive
4482,9;12,FA1;FA7,2,0,Rheumatologic-Dermatologic Diseases Comorbidity Analysis
5135,6,FA7,1,0,OAB access
5134,1;4;5,FA1;FA5;FA8,3,0,"Young, Non-smoking Oral Cavity Cancer and BMI"
5132,1,FA1;FA8,2,0,Role of APOL1 in Development of Kidney Disease
5072,,,0,1,fluoropyrimidine pharmacogenomics
4462,5;6,FA1;FA7;FA8,3,0,Cervical Cancer Screening in Asian Americans and Pacific Islanders by Nativity
4965,2;5,FA1;FA8,2,0,Genomic analysis of ovarian cancer
5110,2,FA8,1,0,Comparison of mtDNAcn estimates from WGS and microarray
2450,1,FA1;FA8,2,0,sex-race-ethnicity-differences-meds
5100,6,FA7,1,0,Health Disparities in Liver Disease
5097,1;14,FA1;FA8,2,0,Variant Risk Assessment of Cardiometabolic Disease_v2
3535,1;16,FA1;FA4;FA8,3,0,pc-differences-meds
5090,4,FA1;FA5,2,0,Investigating Association of Schizophrenia and Parkinsons W/ VMAT2 Gene
2125,1;6;14,FA1;FA7;FA8,3,0,Determinants of cardiovascular disease across minority populations V5
5083,1;2;6;14,FA1;FA7;FA8,3,0,Duplicate of Social and biological determinants of cardiovascular disease
2781,1;7,FA1;FA8,2,0,Epidemiology of Gout
5075,2,FA8,1,0,hyperthyroid
5015,7,,0,1,Skin Pigmentation & Fitness Monitors
5071,,,0,1,COPE survey (COVID Test Yes/No)
5070,1;2;6,FA1;FA7;FA8,3,0,Ancestry-amplified effects of SED on T2D health disparities
4090,12,FA1;FA7,2,0,V6  Alopecia Areata and other Immune-Mediated Dermatologic Conditions
5011,2;15,FA2;FA8,2,0,Uterine Fibroids_v3
5066,1,FA1;FA8,2,0,T2D-biomarker
5065,6,FA7,1,0,OAB
5058,,,0,1,EGC motility
3880,1;7,FA1;FA8,2,0,Atrial Fibrillation Risk Factors v6
5052,1;2;8,FA1;FA8,2,0,Alcohol-associated hepatitis and cirrhosis susceptibility
5049,2;5,FA1;FA8,2,0,Dynamic Embeddings of All of Us Genomic Data
4192,3,,0,1,Data harmonization for CHD phenotype
4458,2,FA8,1,0,Stem cells in the blood
5028,,,0,1,mitochondrial DNA analysis feasibility
4946,6;7,FA7,1,0,Wearables and The Human Phenome (v3)
4700,2,FA8,1,0,Fracture risk GWAS
4108,3;5;6,FA1;FA7;FA8,3,0,Updated oral cancer disparities
5014,,,0,1,Dataset exploration
3514,2,FA8,1,0,AoU_A3_LDL_GWAS_Hail_CT
1410,3;6;7;18,FA1;FA7,2,0,Original - Social Determinants and Healthcare Access in Eye Conditions
5001,1;6,FA1;FA7;FA8,3,0,Equity in Diagnosis
4992,5,FA1;FA8,2,0,MM cohort
4759,6;18,FA1;FA7,2,0,Glaucoma barrier to ophthalmic visit
4991,3;4;6;8;9,FA1;FA5;FA7,3,0,Capstone HZ
4989,3;4;6;8;9,FA1;FA5;FA7,3,0,Capstone_Tanishq
4982,2;4,FA1;FA5;FA8,3,0,Duplicate of PGC-PTSD: Determining the Genomic Architecture of PTSD
4350,,,0,1,test workspace 1
4592,2;4,FA1;FA5;FA8,3,0,try
4980,2,FA8,1,0,alcohol_consumption_lagc
4740,6;18,FA1;FA7,2,0,DR Barriers to Care by Race/Ethnicity
4973,4;8,FA1;FA5,2,0,mentalHealth
4796,4;5,FA1;FA5;FA8,3,0,Smoking and Cancer
4286,2;15,FA2;FA8,2,0,Uterine Fibroids_v2
4900,5;7;11,FA1;FA3;FA8,3,0,Symptom reporting
4713,2,FA8,1,0,PCA analysis of WGS data
4709,1;2;3,FA1;FA8,2,0,Diabetic_KD
4692,10,FA1;FA4;FA8,3,0,Population Genetic Variation in Fanconi's Anemia
4960,6;8,FA1;FA7,2,0,nehcgnail_tier3_HIV
4959,3,,0,1,Adverse Drug Event Prediction
4956,2,FA8,1,0,How to Work with All of Us Genomic Data (Hail - Plink)(v6)
4879,2;3;5,FA1;FA8,2,0,Evaluation of genetic risk in a diverse group of prostate cancer patients
4949,18,FA1;FA7,2,0,ALPK1 & ROSAH syndrome - controlled
1714,1;5,FA1;FA8,2,0,Association between cholesterol and cancer
4942,1;2,FA1;FA8,2,0,CAD meta-analysis
4939,1;7,FA1;FA8,2,0,Duplicate of Prevalence of Daily Step Counts in the United States
3176,1;7,FA1;FA8,2,0,Prevalence of Daily Step Counts in the United States
4934,9;12,FA1;FA7,2,0,Genetics associated with Psoriasis
4933,5;6,FA1;FA7;FA8,3,0,Racial disparities in MACE in cancer patients
4906,6;12,FA1;FA7,2,0,Top Dermatoses in Skin of Color
4103,1,FA1;FA8,2,0,Duplicate of Statin Usage (V6)
4923,,,0,1,Person Disease Prediction Network
4917,6,FA7,1,0,Value in Health Care
4916,5;6;12,FA1;FA7;FA8,3,0,SGM Dermatology Studies (Controlled Tier)
4840,,,0,1,Emory KG Healthcare
4911,2;5,FA1;FA8,2,0,MMA and breast cancer
4899,14,FA1,1,0,COMIN_TBI_Control_Tier
4908,5,FA1;FA8,2,0,Genetics and screening outcomes
4904,2,FA8,1,0,Hypo controlled
4902,4;6,FA1;FA5;FA7,3,0,Pathway to Independence Award Project
4898,14,FA1,1,0,COMIN_TBI
4886,1;2;6;11;19,FA1;FA3;FA6;FA7;FA8,5,0,"Environmental Exposure, Epigenetics, and Health Outcomes"
1476,8,FA1,1,0,DIVERS
4882,1;2,FA1;FA8,2,0,NHPI Blood Pressure GWAS
4880,1;3;6;7;8,FA1;FA7;FA8,3,0,Covid19/Diabetes
4876,,,0,1,Mental and Physical Health During Covid
4874,,,0,1,Duplicate of TNBC and Birth Control
4873,,,0,1,Altered Mental Status Frequency with Concurrent Use of Gabapentin and Opioids
4872,4;8,FA1;FA5,2,0,Substance use in people living with HIV and HIV treatment outcomes
4868,6;11,FA1;FA3;FA7,3,0,Biological Aging and Community Contexts
4867,,,0,1,Pseudofolliculitis Barbae
4864,1;2;10,FA1;FA4;FA8,3,0,Polygenic Risk Score in Familial Hypercholesteorlemia
4863,5;6;12,FA1;FA7;FA8,3,0,SDR
4858,,,0,1,Taxane Pharmacogenomics
4856,3;6;8,FA1;FA7,2,0,Health Literacy & COVID-19 Vaccine Hesitancy
4695,1;6,FA1;FA7;FA8,3,0,SDOH Study - Controlled Tier
2636,18,FA1;FA7,2,0,Glaucoma and lifestyle factors
4831,2;7,FA8,1,0,genomic_data_1
4830,,,0,1,Correlation Between ALPL Polymorphisms and Gynecological Disorders
4828,1;3,FA1;FA8,2,0,Diabetes analysis
4825,1;2,FA1;FA8,2,0,T2D PRS
4821,2;3,FA8,1,0,sepsis3project
4816,3;11,FA1;FA3,2,0,Missing data in FI
4809,5;7;11,FA1;FA3;FA8,3,0,Duplicate of Cancer survivors and patients with chronic illnesses
4780,2;4,FA1;FA5;FA8,3,0,Duplicate of PRS Height 2
4513,8,FA1,1,0,Vancomycin TDM and Outcomes in Special Patient Populations
4787,1;2,FA1;FA8,2,0,Glucocorticoid receptor variants and cholesterol regulation
4779,2;4,FA1;FA5;FA8,3,0,Duplicate of PRS Height
4778,6;11,FA1;FA3;FA7,3,0,Sleep disorder and dementia across diverse racial and ethnic groups 6
3848,1;2;6,FA1;FA7;FA8,3,0,Kidney disease workspace – controlled tier V6
3637,2;4,FA1;FA5;FA8,3,0,PRS Height
4769,4;15,FA1;FA2;FA5,3,0,Maternal Depression
4768,2;4,FA1;FA5;FA8,3,0,Rare Genetic Variation and Risk for Neuropsychiatric Disorders MArina
4767,1;2;10,FA1;FA4;FA8,3,0,Diabetes v Obesity Using Mendelian Randomization
4765,1;2;8,FA1;FA8,2,0,Kidney GWAS-HLA-Types w/ Dr. Park
4758,2;6,FA7;FA8,2,0,Yang_Testing_V6
4757,4;8,FA1;FA5,2,0,The effect of cytomegalovirus infection on major depressive disorder
4753,6;8,FA1;FA7,2,0,Long term covid effects
4751,2,FA8,1,0,Helicobacter pylori
4750,5,FA1;FA8,2,0,Germline-somatic interactions and treatment response in breast cancer
4747,2;13,FA1;FA8,2,0,OSA replication
4746,6,FA7,1,0,Pennsylvania SDoH Self-Reported Data for Education and Improvements
4744,9,FA1,1,0,Medication Adherence in Patients With Diplopia Secondary to Myasthenia Gravis
4738,3;6,FA7,1,0,Exploration of Social Determinants of Health
4737,12,FA1;FA7,2,0,Cutaneous Manifestations of Lithium
4731,2;5,FA1;FA8,2,0,Gastric Cancer in Understudied Populations
4729,3,,0,1,LiuzlabBCM
4702,3,,0,1,LiuZ Lab
4727,12,FA1;FA7,2,0,Melasma Prevalence Project
4724,3;18,FA1;FA7,2,0,Duplicate of Access/Utilization and Glaucoma Surgery v6
2253,3;18,FA1;FA7,2,0,Access/Utilization and Glaucoma Surgery
4723,4;6;8,FA1;FA5;FA7,3,0,PICAR study
4718,4;6;9,FA1;FA5;FA7,3,0,TEST-bold
4708,3,,0,1,Folate search preliminary test run
4706,,,0,1,ADHD and Healthcare 3
4699,2,FA8,1,0,Fracture risk GWAS (old)
2049,3;6;7;18,FA1;FA7,2,0,SDHA in Eye Conditions - v5 Dataset
4690,2;15,FA2;FA8,2,0,Reproductive health
4688,3,,0,1,Development of Real-Valued Sex Physiology Variable
4687,2,FA8,1,0,pharmacogenetics
3107,2;5,FA1;FA8,2,0,Effects of air travel
4684,18,FA1;FA7,2,0,Impact of NNMT expression on vision loss in glaucoma
4681,1;15,FA1;FA2;FA8,3,0,PE_Genetics
4278,4;5;6;8,FA1;FA5;FA7;FA8,4,0,Cervical cancer screening and COVID-19 psychosocial behaviors in Hispanic women
4664,5,FA1;FA8,2,0,OSMR-G513D-rs202145435
4663,,,0,1,Nursing Relevant Risk Models
4662,1;8,FA1;FA8,2,0,Type 1 Diabetes and Autoimmunity
4660,,,0,1,MCT Variants in Adiposis Dolorosa
4654,6,FA7,1,0,Cost-Related Barriers to Medication Adherence Among Patients With AMD
4653,,,0,1,BCM HGSC general workspace
4650,,,0,1,bladder botox
4275,2,FA8,1,0,Duplicate of Hypothyroidism genomics
4641,1;5;6,FA1;FA7;FA8,3,0,"Social Determinants of Health, Disparities, and Risk of Hepatocellular Carcinoma"
4639,6,FA7,1,0,DNA-based Population Analysi of rural Alabama for Precision Public Health
4627,2,FA8,1,0,Sex-differential Effect Exploratory Analysis
4616,3,,0,1,Emory Gene Clustering Work
4621,15,FA2,1,0,Fertility
4620,5;11,FA1;FA3;FA8,3,0,PhD thesis exploration
4619,1;14,FA1;FA8,2,0,NCOA7 Role in Atherosclerosis Formation and Stroke Burden W2
4618,5,FA1;FA8,2,0,Cancer overdiagnosis
4617,7;13,FA1,1,0,Fitbit/PFT
4615,2,FA8,1,0,Hypothyroidism- MNB
4613,5;6,FA1;FA7;FA8,3,0,Body Composition and SDOH among Older Individuals w Lung Cancer
4498,13,FA1,1,0,V6 asthma biologic utilization
4607,1;2;3,FA1;FA8,2,0,Duplicate of Predicting heart disease with genetic and clinical risk factors
4605,1;14,FA1;FA8,2,0,NCOA7 Role in Atherosclerosis Formation and Stroke Burden W1
4598,2;5,FA1;FA8,2,0,Thyroid Cancer Genetics v6
4596,1;15,FA1;FA2;FA8,3,0,PE_clincial
4522,4;6,FA1;FA5;FA7,3,0,Election & Mental Health
4591,2;9,FA1;FA8,2,0,WGS/WES and lupus
4590,7,,0,1,VitD&PA
2711,1;2;6,FA1;FA7;FA8,3,0,APOL1 gene mutations and Kidney Disease
3790,4;14,FA1;FA5,2,0,Chronic Pain Cases
4564,7;18,FA1;FA7,2,0,Exercise and Vision Impairment (V6)
4565,2,FA8,1,0,Duplicate of How to Work with All of Us Genomic Data (Hail - Plink)(v6) Copy
4563,1;6,FA1;FA7;FA8,3,0,The Association of SDOH and CVD in Hispanic subgroups
4560,7,,0,1,Longitudinal FitBit
4514,2,FA8,1,0,Vitamin D -> Cognition
4557,15,FA2,1,0,Labor/PPH Diagnosis
4556,3,,0,1,Multiple Trait Environmental Factor Approximation
4552,3;6,FA7,1,0,Prevalence of tic disorders in the United States: a cross-sectional
4549,5;12,FA1;FA7;FA8,3,0,Exploring Controlled Tier
4524,,,0,1,Comparison of NHANES and All of Us Data Sets
4233,6,FA7,1,0,HPV vaccination in vulnerable populations
4256,8;9,FA1,1,0,ARI Workspace V5 2022
4539,5;12,FA1;FA7;FA8,3,0,Exploring Available Data
4537,8,FA1,1,0,Post Acute Sequelae SARS CoV-2 (PASC)
4536,5;8,FA1;FA8,2,0,Cancer Care and COVID-19 Dataset v6
4535,,,0,1,Diverticulosis
4533,4;6,FA1;FA5;FA7,3,0,Exploration of substance use and  health in LGBTQ+ and military populations
4525,6,FA7,1,0,Activities of daily life among Hispanic survivors of respiratory failure
4527,1;6,FA1;FA7;FA8,3,0,Duplicate of Relative Impact of Social Determinants on Health Outcomes
4526,,,0,1,HPV Project
4420,15,FA2,1,0,The Overall Health of Women and Delays in Receiving Medical Care
4521,4;5;6,FA1;FA5;FA7;FA8,4,0,Mental Health of Asian American Cancer Survivors
4199,5;6;12,FA1;FA7;FA8,3,0,SGM/Disaggregated Race + Dermatology studie
4512,4;5;6,FA1;FA5;FA7;FA8,4,0,LGBT Cancer
4509,7;8,FA1,1,0,COVID-19 data analysis
3705,1;14,FA1;FA8,2,0,Variant Risk Assessment of Cardiometabolic Disease
4505,2,FA8,1,0,HCM Genetics
1846,6;7,FA7,1,0,Wearables Data and the Human Phenome
4502,5,FA1;FA8,2,0,AYA Cancer Survivors - v6
4500,2,FA8,1,0,Duplicate of X and Y Chromosome Intensity
4492,,,0,1,GI Bleed Antithrombotics
4490,5,FA1;FA8,2,0,Duplicate of Colorectal
4488,15,FA2,1,0,vaginal estrogen and UTI
4485,1;16,FA1;FA4;FA8,3,0,Assessment of Feasibility to Study Antiplatelet Pharmacogenomics
4476,10,FA1;FA4;FA8,3,0,CT Baudhuin
4411,4;6;8,FA1;FA5;FA7,3,0,"Stress, coping, and well-being during the COVID-19 pandemic (v6)"
3731,1;2;10,FA1;FA4;FA8,3,0,FH & ASCVD Risk
4469,,,0,1,GxE factors for common diseases
4465,,,0,1,Eligibility criteria analysis
4461,2,FA8,1,0,Duplicate of Fibromyalgia genomics
4460,16,FA4;FA8,2,0,Population Pharmacogenomics
4452,1;2;4;6;9,FA1;FA5;FA7;FA8,4,0,Biological social and genomic risk factors of Lupus and Cardiovascular disease
4457,5;6,FA1;FA7;FA8,3,0,Cervical cancer driver mutation among ethnic groups
4366,13,FA1,1,0,IMIDs and sequelae of IMIDs research
4453,1,FA1;FA8,2,0,Eligibility criteria for cardiovascular outcome trials
4446,2;5;9,FA1;FA8,2,0,Cancer-Associated Connective Tissue Disease
3891,2;5,FA1;FA8,2,0,Complex Traits GWAS and Polygenic Scores (v6)
4440,2;9,FA1;FA8,2,0,il17ra_variant_controlled
4439,2;9,FA1;FA8,2,0,il17ra_variant
4438,,,0,1,Sampling
4437,2;10,FA1;FA4;FA8,3,0,Duplicate of Role of pathogenic alleles in a general population
4436,1;3;6;15,FA1;FA2;FA7;FA8,4,0,Duplicate of V5 Demo - Hypertensive Disorders of Pregnancy
4204,8;11,FA1;FA3,2,0,Data exploration of COVID-19 and Dementia associations
3954,3;9,FA1,1,0,Machine Learning-Based Prognostic Modeling Using Quality of Life Measures
4386,6;13,FA1;FA7,2,0,Predictive Analytics on Asthma and Its Potential Social Determinants
4428,18,FA1;FA7,2,0,Population Demographics and Mutation Prevalence
4426,4,FA1;FA5,2,0,Duplicate of ADHD and Harmful Outcomes
4419,2;13,FA1;FA8,2,0,Duplicate of Genetic Epidemiology of GERD in COPD
4412,2;3,FA8,1,0,Validation for OARD
4407,,,0,1,SMARD1
4403,18,FA1;FA7,2,0,Healthcare access and utilization for ophthalmic conditions
4398,12,FA1;FA7,2,0,Hair loss/dermatologic conditions comorbidities
4396,4,FA1;FA5,2,0,Duplicate/Depression/Substance Abuse
3995,2;3;8,FA1;FA8,2,0,"PPI, surveys, and genetic predictors of new post-COVID phenotypes.Tier v6"
4392,6;7,FA7,1,0,UTEP BBRC Health Disparities
4391,4;5;6,FA1;FA5;FA7;FA8,4,0,Duplicate of LGBT Cancer V6
4389,1;2;3;6,FA1;FA7;FA8,3,0,AAPI Health
4388,1;2;15,FA1;FA2;FA8,3,0,Genetic Analyses of Blood Cell Traits
4383,2,FA8,1,0,tcr-quant-replication
4382,2,FA8,1,0,MAEA variants - Genomic Data
4381,1,FA1;FA8,2,0,gout-kidney disease
4371,3;7,,0,1,Duplicate of Added Value of Fitbit Data in Fall Risk Prediction
4370,4,FA1;FA5,2,0,ADHD and Harmful Outcomes
4367,1,FA1;FA8,2,0,"The correlation between Coronary Artery Disease and sex, age, and weight"
3525,2;12,FA1;FA7;FA8,3,0,Inflammatory Skin Diseases (genomic)
4113,3,,0,1,Older Adult Alcohol Misuse
4356,3;4;7,FA1;FA5,2,0,Fitbit_mental
4354,1;3,FA1;FA8,2,0,Graph learning on health records
4351,2,FA8,1,0,Hyperemesis Gravidarum GWAS
4348,2,FA8,1,0,Genetic Predictors of Tyrosine Kinase Inhibitor Efficacy and Toxicity
4086,6;17,FA4;FA7,2,0,Chronic Pancreatitis Health Disparities
4345,4;6,FA1;FA5;FA7,3,0,Racial disparity on pain treatment
4047,10,FA1;FA4;FA8,3,0,Chronic pancreatitis cost burden analysis
4109,1;2;6,FA1;FA7;FA8,3,0,Blood pressure PRS assessment
4330,4;8,FA1;FA5,2,0,COVID Tables
4000,3;9;14,FA1,1,0,MS-v3
4331,2;5,FA1;FA8,2,0,Rare germline variants in cancer susceptibility genes
4329,2;15,FA2;FA8,2,0,Duplicate of Uterine Fibroids_v2
4326,,,0,1,Exploratory Analysis of Cardiomyopathies
4324,2,FA8,1,0,Demo_Assessment_of_pathogenic_variants_in_AoURP_mw
4322,6;8,FA1;FA7,2,0,Brittany's Applied Practice Experience Project
4319,4;6,FA1;FA5;FA7,3,0,Treatment for OUD - CT
4312,,,0,1,Adam_Fritz_show
4311,,,0,1,glomerulonephritis
2399,4;6,FA1;FA5;FA7,3,0,Effects of Cultural Processes on Nicotine Use among Hispanic/Latinx
4306,4;6;8;13,FA1;FA5;FA7,3,0,The impact of COVID-19 on social determinant of health and mental health
4299,5,FA1;FA8,2,0,Identifying and assessing risk for recurrent breast cancer V6
4298,11,FA1;FA3,2,0,Investigating the effects of aging on central vestibular pathways.
4297,1,FA1;FA8,2,0,Exploring the Platform
4296,1;5;12,FA1;FA7;FA8,3,0,CKD and SCC
4289,6,FA7,1,0,Klippel-Fiel Syndrome and quality of life
4288,5;6;12,FA1;FA7;FA8,3,0,Prurigo and social determinants of health
1246,3,,0,1,Chronic Disease Progression
4212,1;6,FA1;FA7;FA8,3,0,Social Determinants of Health in Idiopathic Intracranial Hypertension
4283,1,FA1;FA8,2,0,Heart failure-CKD
4276,1;5,FA1;FA8,2,0,Comparison of National Surveys - Family History (v5)
4274,1;4;8;14,FA1;FA5;FA8,3,0,Post-acute COVID and Neurological Comorbidities
4271,1;6,FA1;FA7;FA8,3,0,SDoH and Statin Use
4269,1;2;6,FA1;FA7;FA8,3,0,Duplicate of Kidney disease workspace – controlled tier V6
4268,12,FA1;FA7,2,0,Duplicate of Alopecia areata
4266,9;12,FA1;FA7,2,0,Epidemiology of blistering diseases
4171,,,0,1,Triple X Syndrome
4261,2;8;9,FA1;FA8,2,0,Duplicate of ARI Genomics Workspace
4259,,,0,1,Klinefelters Bonus Project
4255,2,FA8,1,0,Understanding the Genetics of Personality
4254,4;5;6,FA1;FA5;FA7;FA8,4,0,Mental Health in Individuals with Breast and Prostate Cancer
4253,2;10;11,FA1;FA3;FA4;FA8,4,0,Alzheimer's and ADHD Mendelian Randomization
4249,5,FA1;FA8,2,0,Genetic Cervical Cancer Risk
4248,,,0,1,Gender and delays in health
4217,1,FA1;FA8,2,0,Determinants of Valvular Heart Disease
4239,14,FA1,1,0,Autism and Genetics
4234,6,FA7,1,0,Disparities
4231,2;3,FA8,1,0,ML Development
4230,6,FA7,1,0,ML Bias Initial Exploration
2627,2,FA8,1,0,Association studies of tandem repeats
4222,1;3;4,FA1;FA5;FA8,3,0,HB - Medication Sequencing
4219,,,0,1,Characterizing immune archetypes- registered tier
4218,,,0,1,Characterizing immune archetypes
4214,2,FA8,1,0,VV Lab Analyses
4213,1;4;13,FA1;FA5;FA8,3,0,Cannabis use and CRP levels
2841,1;2;6;14,FA1;FA7;FA8,3,0,Social and biological determinants of cardiovascular disease
4205,1;2;3,FA1;FA8,2,0,HLA_over_time
4198,8,FA1,1,0,Covid-19 patients vital signs study
4180,,,0,1,Lyon Lab Aim 4
4177,1,FA1;FA8,2,0,"PTC Haplotypes, Cholesterol and BMI Relationship"
4176,3,,0,1,Breast
4175,,,0,1,AD&PD Exploration
4164,8,FA1,1,0,AoU Shifts in Healthcare Seeking Behavior_v6
2639,6;9,FA1;FA7,2,0,Lupus/Autoimmune/Rheumatic Disease Queries
4158,19,FA6,1,0,Wearables Pollution and Temperature Controlled Tier
4155,4,FA1;FA5,2,0,FAU Chronic Pain Study
4153,1;3;5;6;11;15,FA1;FA2;FA3;FA7;FA8,5,0,alzheimers-liver-project
4151,5;8,FA1;FA8,2,0,Update from V5 to V6 of HIV and cancer
3734,1;15,FA1;FA2;FA8,3,0,Sex and gender differences in healthcare utilization
4100,1;5,FA1;FA8,2,0,Comparison of National Surveys - Family History
4147,,,0,1,Exploration of all of us data
4146,3,,0,1,Billing Codes #1
4145,11,FA1;FA3,2,0,Identification of novel genetic variants affecting Alzheimer’s disease
4144,9;14,FA1,1,0,Duplicate of Optic neuritis and risk of multiple sclerosis
4143,2;4;11,FA1;FA3;FA5;FA8,4,0,Autozygosity and suicidal thoughts and behaviors
4140,4,FA1;FA5,2,0,"Rare variation in ADHD and related diagnoses, CT v6"
4135,6;8,FA1;FA7,2,0,OAR HIV Demographics Data
4132,2,FA8,1,0,Duplicate of Psmb11 polymorphisms
4131,5,FA1;FA8,2,0,Heterogeneous treatment effect of chemotherapy drugs on breast cancer
4130,6;8;15,FA1;FA2;FA7,3,0,Pregnancy Outcomes and COVID-19 in Latinos
4128,1,FA1;FA8,2,0,Duplicate of GLP1R_AND_CARDIOMETABOLIC_OUTCOMES
3232,1,FA1;FA8,2,0,Naxerova Lab Cardiovascular Disease Evolution (v5 dataset)
4120,2,FA8,1,0,Learning How to Work with All of Us Genomic Data (Hail - Plink)(v6)
4117,2;5,FA1;FA8,2,0,Prostate cancer multi ancestry polygenic risk score
3938,6;8,FA1;FA7,2,0,"V6_COVID, Discrimination, and Resilience"
3222,1;2;3,FA1;FA8,2,0,Risk Prediction Models Across Common Complex Diseases[Duplicated]
4107,5,FA1;FA8,2,0,Pancreatic cancer CA19-9
4106,9,FA1,1,0,Autoimmune connective tissue diseases geographic distribution
4097,4;8,FA1;FA5,2,0,Duplicate of How To Work With All of Us COPE Survey Data (v6)
2122,2;9,FA1;FA8,2,0,IBD Cohort
2870,1;2;14;15,FA1;FA2;FA8,3,0,Genetic associations of life-span diabetes and diabetes complications
4091,6,FA7,1,0,Investigating intersection of self-reported ethnicity and access to healthcare
4084,6,FA7,1,0,Chronic Disease Outcome of Patients with Limited English Proficiency
4082,1;2;8,FA1;FA8,2,0,TB and Diabetes
4079,2;4,FA1;FA5;FA8,3,0,shyamala_kv
4077,2;3;5,FA1;FA8,2,0,LungCancerScreening_V6
4076,2;9,FA1;FA8,2,0,Systemic Sclerosis Genomic Risk
3739,6,FA7,1,0,Discrimination and Healthcare Utilization
3510,5,FA1;FA8,2,0,Colorectal
4070,2;5,FA1;FA8,2,0,Prostate Cancer (Profit)
4066,,,0,1,Duplicate of Pancreatitis and Vitamin Deficiency
4064,,,0,1,MAEA gene variants
3756,3;9;15,FA1;FA2,2,0,MS-v5
4061,8,FA1,1,0,Biologic Use and Tuberculosis
3670,2;5,FA1;FA8,2,0,Investigating BRCA1 and BRCA2 variants in different ancestries
4056,,,0,1,Schrepf COPC Reproduction
4052,6,FA7,1,0,Health Disparities in Family History (Adam Chen)
4051,,,0,1,Systemic Sclerosis Exploratory Analysis
4048,1;6;14;19,FA1;FA6;FA7;FA8,4,0,Temperature_cardiovascular_health
4045,2,FA8,1,0,Learning How to Work with Genomics Data (CRAM_Processing and IGV)
4039,6;15,FA2;FA7,2,0,Pelvic Organ Prolapse Among All of Us Participants
4038,3;13,FA1,1,0,OSA Sequelae - Prediction and Calibration
3573,2;5,FA1;FA8,2,0,Duplicate of Prostate Cancer - Controlled Tier
4035,,,0,1,Chronic Pancreatitis Treatment Evaluation
4032,6,FA7,1,0,Association between income and medical conditions
4024,1;6,FA1;FA7;FA8,3,0,Health Care Access and Utilization in Different Racial and Ethnic Groups
4026,1;2;3,FA1;FA8,2,0,[hail]Version6 Risk Prediction Models Across Common Complex Diseases
4025,1;2,FA1;FA8,2,0,Longitudinal Biomarkers of Chronic Kidney Disease
4022,18,FA1;FA7,2,0,Prevalence of AMD
4017,3,,0,1,Duplicate of Duplicate of How to Get Started with Registered Tier Data (tier 5)
4015,3;11,FA1;FA3,2,0,Alzheimer's Disease Analysis
3800,6,FA7,1,0,Gender minority health provider interactions and delays in care
4009,,,0,1,Efnb2 variants explore
3952,8,FA1,1,0,Duplicate of Assessing health-related social needs among adults in the US
4006,2,FA8,1,0,Duplicate of ARDS_susceptibility
2417,5,FA1;FA8,2,0,TNBC and Birth Control
3999,14;18,FA1;FA7,2,0,(CDv6) Health Traits Associated with PSAT1
3992,1;5,FA1;FA8,2,0,Diabetes influence on cancer
3984,,,0,1,Vaccination Demographics
3990,3;6;11,FA1;FA3;FA7,3,0,Duplicate of Underdiagnosis of Dementias
3955,1;6,FA1;FA7;FA8,3,0,"Healthcare Access, Usage, & CVD Risk among Hispanic Adults"
3988,5,FA1;FA8,2,0,Metastatic Recurrence of Breast Cancer
3979,2;11,FA1;FA3;FA8,3,0,Duplicate of Preparing to Investigate the Genetics of NDDs in the AoU Cohort
3970,1;2;3,FA1;FA8,2,0,Version6 Risk Prediction Models Across Common Complex Diseases
3967,,,0,1,Oculoplastic Conditions Prevalence
3945,1,FA1;FA8,2,0,Test V2
3965,2,FA8,1,0,GWAS of Hematologic Traits
3960,1;9,FA1;FA8,2,0,Sarcoidosis Exploratory Analysis
3696,1;2;13,FA1;FA8,2,0,Genetic of chronic thromboembolic pulmonary hypertension and pulmonary embolism
3958,1;4;6;13,FA1;FA5;FA7;FA8,4,0,Duplicate of Urban Health Disparities among Black and Latino People
3948,6;8,FA1;FA7,2,0,Housing and COVID-19 Exploratory v6update
3950,3;7,,0,1,Duplicate of Added Values of Fitbit Data
3946,4,FA1;FA5,2,0,Mental health risk/protection v6
3646,3;8,FA1,1,0,Implementing Recover Algorithm on AOU Data
3944,1,FA1;FA8,2,0,Test work space
3940,9;12,FA1;FA7,2,0,Morphea Exploratory Analysis
3797,4,FA1;FA5,2,0,Mental health risk/protection v5
3925,2;6,FA7;FA8,2,0,Dyslexia
3921,7;8,FA1,1,0,WEARABLES in COVID-19
3920,1;2,FA1;FA8,2,0,Hypertension Variants
2931,2,FA8,1,0,PIEZO1_controlled
3911,1;6,FA1;FA7;FA8,3,0,Transgender Kidney
3900,2;15,FA2;FA8,2,0,Genetic associations with clinical bleeding history
3758,11;18,FA1;FA3;FA7,3,0,Hearing and Cognition
2095,11;18,FA1;FA3;FA7,3,0,Tinnitus and Cognition
3873,1;2;10,FA1;FA4;FA8,3,0,Investigating Genetic Drivers of Cardiovascular Disease Variability
3888,7,,0,1,All_of_Us data information
3852,2,FA8,1,0,Investigating effects of HTT on phenotype (v6 AoU)
3849,3;6;9;12,FA1;FA7,2,0,Dermatologic Disease Prevalence
3264,1;6,FA1;FA7;FA8,3,0,Trajectories of Cardiovascular Risk Among Sexual and Gender Minorities
3835,5;6,FA1;FA7;FA8,3,0,Molecular subtypes of pancreatic cancer and racial health disparities
3818,3;9;14,FA1,1,0,AmyTang-MS_new-D27
3814,9,FA1,1,0,Ankylosing Spondylitis
3668,4;6;8,FA1;FA5;FA7,3,0,Understanding the Effects of Discrimination on Mental Health and Substance Use
2868,1;9,FA1;FA8,2,0,"Dermatomyositis/SS comorbidities, epidemiology, treatments"
3793,,,0,1,FMF ASU BIO 340 2022
3791,,,0,1,Exploratory Worskpace to View Available Datasets
3789,3,,0,1,Extraction of disease and symptom terms from the EHR
3775,8,FA1,1,0,Assessing health-related social needs among adults in the US
3774,,,0,1,Wernicke's
3716,6;7,FA7,1,0,Functional status among survivors of respiratory failure
2484,3;9;14,FA1,1,0,MS_new-D27
3748,2;11,FA1;FA3;FA8,3,0,Preparing to Investigate the Genetics of NDDs in the AoU Cohort
3745,3;4;6,FA1;FA5;FA7,3,0,Structural Sexual Minority Stigma & Mental Health
3744,2,FA8,1,0,ABO FUT2
3743,5,FA1;FA8,2,0,Association of genetic mutation with outcomes of patients with pancreatic cancer
3741,4;5;6,FA1;FA5;FA7;FA8,4,0,Lung Cancer Cost Effectiveness Analysis Hispanics
3740,5;6,FA1;FA7;FA8,3,0,Breast cancer disparities
3729,9;14,FA1,1,0,MS project
3725,2;5,FA1;FA8,2,0,Duplicate of Complex Traits GWAS and Polygenic Scores
3723,2;3;5;6,FA1;FA7;FA8,3,0,Explainable Artificial Intelligence to Explore Lung Cancer Health Disparity
3024,2;5,FA1;FA8,2,0,Complex Traits GWAS and Polygenic Scores
3719,1,FA1;FA8,2,0,Obesity finding replication
3718,,,0,1,Transcription Factors involved in Erythropoiesis
3717,,,0,1,Phenotype risk score
3712,5;8;9;11,FA1;FA3;FA8,3,0,STING in Human Health and Medicine
1766,3,,0,1,v4  - T8 - Health Analytics
2637,3,,0,1,v5 - T8 - Health Analytics
3704,2,FA8,1,0,Duplicate of How to Work with All of Us Genomic Data (Hail - Plink)
3681,2;4,FA1;FA5;FA8,3,0,Whole genome associations with alcohol use disorder
3701,5;6,FA1;FA7;FA8,3,0,comparisons for The National MDS Study
3700,,,0,1,Telehealth Utilization
3698,1;7;15,FA1;FA2;FA8,3,0,Pre-eclampsia and Gestational Diabetes
3054,1;2;9,FA1;FA8,2,0,Genetic association studies of kidney disease and related traits
3339,9;14,FA1,1,0,Multiple Sclerosis Study from Controlled Tier
3693,2,FA8,1,0,Potential genetic determinants of oropharyngeal squamous cell carcinomas
3671,12,FA1;FA7,2,0,Dermatology Epidemiology Project
3598,,,0,1,Maple Syrup Urine Disorder
3687,5,FA1;FA8,2,0,Male Breast Cancer Variant Discovery
3656,1;9;12;13,FA1;FA7;FA8,3,0,Alopecia Areata Health Co-morbidities (June 2022)
2626,,,0,1,Boscardin
3679,9;11;12,FA1;FA3;FA7,3,0,Itch and Dementia
3669,3,,0,1,Place & Skin Conditions
3666,2;3;15,FA2;FA8,2,0,Identification of novel genetic variants implicated in rare forms of infertility
3660,14;16,FA1;FA4;FA8,3,0,Exposure PGx drugs
3629,,,0,1,LearningCTworkspace
2467,4;12,FA1;FA5;FA7,3,0,AA Data Collection
3655,,,0,1,NPH-test-WHNRC
3653,5,FA1;FA8,2,0,Group Project: Lynch Syndrome
3650,5,FA1;FA8,2,0,Social Determinants of Colorectal Cancer (controlled)
3648,5,FA1;FA8,2,0,Social Determinants of Colorectal Cancer
3649,,,0,1,Data Queries V.1
3640,4,FA1;FA5,2,0,PTSD Demographics
3638,,,0,1,Adrenoleukodystrophy Genetics
2312,8;9,FA1,1,0,ARI Workspace V5
3622,,,0,1,PV
3612,2,FA8,1,0,TS CT
3611,5,FA1;FA8,2,0,Prostate Cancer Biomarker Profiling
3605,3;6;12,FA1;FA7,2,0,AA Epidemiology Project
2629,9;14,FA1,1,0,Multiple Sclerosis (MS) Study
3529,6,FA7,1,0,Impacts of community-level factors on development of HPV-associated (pre)cancers
3600,18,FA1;FA7,2,0,The Genetics of Ear Abnormalities and Hearing Loss
3599,1;2,FA1;FA8,2,0,Genetics of Congenital Heart Disease in Adults
3562,1;3;14,FA1;FA8,2,0,Cardiovascular Risk Prediction in Diverse Populations
3153,2;3;10,FA1;FA4;FA8,3,0,Thomas- PheRS of FMF
3584,2;3,FA8,1,0,Phecodes
2803,6,FA7,1,0,RUNX1
3571,2;3;8,FA1;FA8,2,0,"PPI, survey information, and genetic predictors of new post-COVID phenotypes"
1775,,,0,1,Test ED Workspace
1778,1;9,FA1;FA8,2,0,Epidemiology of Inflammatory Skin Conditions
1780,3;8,FA1,1,0,Investigating new-onset neurocognitive complications in COVID-19 patients
1785,8,FA1,1,0,Employment Validation
1786,5;8,FA1;FA8,2,0,Cancer and Covid-19
1796,11,FA1;FA3,2,0,Social support and quality of life in older adults
1800,1;3;6;15,FA1;FA2;FA7;FA8,4,0,Demo - Hypertensive Disorders of Pregnancy
1808,1;3,FA1;FA8,2,0,Metabolic Syndrome - Dataset v4
1809,5,FA1;FA8,2,0,Cancer New Dataset
1816,3;6,FA7,1,0,Unbiased Machine Learning for Diverse Populations
1817,5;8,FA1;FA8,2,0,Cancer Care and COVID-19
1819,1,FA1;FA8,2,0,Benign RyR2 Mutations
1820,4,FA1;FA5,2,0,Substance Use in Young Adults with ADHD
1821,3;5,FA1;FA8,2,0,HPV Related Cancer Stratification
1824,,,0,1,Cohort & Project Feasibility
1826,11,FA1;FA3,2,0,Alzheimer's Dummy
1829,5;6,FA1;FA7;FA8,3,0,Cancer Treatment Delays
1830,4;6;8,FA1;FA5;FA7,3,0,Mechanisms underlying LGBT disparities in subjective well-being during COVID-19
1831,2;5;16,FA1;FA4;FA8,3,0,PGx anticancer drugs
1832,4;5,FA1;FA5;FA8,3,0,population on opioids for chronic non-cancer pain
1840,,,0,1,Duplicate of Initial Testing Workspace
1841,,,0,1,How many male infertile samples are there
1842,1,FA1;FA8,2,0,Duplicate of AFib epidemiology
1847,,,0,1,CleanedHtWt_val
1848,3;4;6;8,FA1;FA5;FA7,3,0,Effects of COVID-19 on Socialization and Isolation in Latino Populations
1851,,,0,1,Checkpoint Inhibitors
1853,,,0,1,Oculoplastics Project
1854,1;6,FA1;FA7;FA8,3,0,Blood Pressure and Race in Health Disparities
1855,3,,0,1,Learning
1856,4;8,FA1;FA5,2,0,Social support and psychological well-being during COVID-19
1859,1;6,FA1;FA7;FA8,3,0,Heart Failure and Vulnerable Populations
1860,,,0,1,Antifungals
2991,4;6;7;8,FA1;FA5;FA7,3,0,Stress and Physical Activity in SC
2992,5;8,FA1;FA8,2,0,Cancer Care and COVID-19 Dataset v5
2994,1;2,FA1;FA8,2,0,Detection and analysis of genetic risk factors for insulin resistance
2998,8,FA1,1,0,AoU Shifts in Healthcare Seeking Behavior
3005,1;3,FA1;FA8,2,0,Duplicate of Metabolic Syndrome-Test
3010,1;11,FA1;FA3;FA8,3,0,Hypertension-ADRD
3018,2;9;10,FA1;FA4;FA8,3,0,Dilated Cardiomyopathy
3026,2;6;18,FA1;FA7;FA8,3,0,The Genetics of Glaucoma in Diverse Ancestry Groups
3031,3;11,FA1;FA3,2,0,CICADA
3033,3;5;6;12,FA1;FA7;FA8,3,0,Race and Gender Disparities in Upper Endoscopy Referral for GERD
3036,1,FA1;FA8,2,0,Health Perception and Malnutrition Among Heart Failure Patients with Dysphagia
3049,15,FA2,1,0,Pelvic Organ Prolapse
3055,1;2,FA1;FA8,2,0,JSarro_MillionVeteransProgram_QualityControl_Metrics_Comaprison
3057,,,0,1,ARVC by race
3058,,,0,1,Duplicate of ADHD and Healthcare
3060,1;3,FA1;FA8,2,0,T2 Diabetes Comparison
3062,1;3;4,FA1;FA5;FA8,3,0,Duplicate of Demo - Medication Sequencing - ALM for exploration
3064,2,FA8,1,0,Duplicate of How to Work with All of Us Genomic Data - ALM for exploration
3065,1;5,FA1;FA8,2,0,Role of dietary fatty acids in renal cell carcinoma
3068,1;7,FA1;FA8,2,0,Duplicate of Fitbits and Heart Failure Self-Care
3069,8,FA1,1,0,Khushbu
3070,,,0,1,DryEye
3071,,,0,1,Liver Disease Prevalence
3072,1,FA1;FA8,2,0,GLP1R_AND_CARDIOMETABOLIC_OUTCOMES
3073,5;6,FA1;FA7;FA8,3,0,Prostate Cancer Disparities
3074,1;9;12;14,FA1;FA7;FA8,3,0,Psoriasis and Sleep
3075,9;14,FA1,1,0,Optic neuritis and risk of multiple sclerosis
3077,2;3;11,FA1;FA3;FA8,3,0,Genotypic and Phenotypic Modeling of Aging
3081,4,FA1;FA5,2,0,K1
3083,2,FA8,1,0,Polygenic risk scores in diverse populations
3084,2;6;18,FA1;FA7;FA8,3,0,Glaucoma Research
3087,,,0,1,epi_dcvs_test041822
3088,2,FA8,1,0,Duplicate of Osteoarthritis
3089,,,0,1,Multiple etiology dementias
3092,11,FA1;FA3,2,0,Erythrocyte MCV and Age
3093,14;18,FA1;FA7,2,0,Health Traits Associated with PSAT1
3094,2;12,FA1;FA7;FA8,3,0,Genetics of Keloid
3096,1,FA1;FA8,2,0,Lipid and Alcohol Use
3111,5,FA1;FA8,2,0,ProstateDiseases
3114,1;2,FA1;FA8,2,0,Gene knockout effects on disease-related traits
3116,2,FA8,1,0,First_Workspace_Looking_Around
3117,2,FA8,1,0,Genetics of Benign Prostatic Hyperplasia
3118,1;3,FA1;FA8,2,0,Hypertension Patients
3127,2,FA8,1,0,Disease_Mechanisms
3129,,,0,1,Orbital inflammatory disease
3139,5;8,FA1;FA8,2,0,Impact of COVID-19 on Cancer Survivors
3140,,,0,1,VC
3144,2;5,FA1;FA8,2,0,Prostate Cancer - Controlled Tier
1338,,,0,1,Eye Related
1339,1,FA1;FA8,2,0,Improving the estimation of CVD risk among CKD patients
1341,3;5,FA1;FA8,2,0,Breast Cancer Treatment
3165,2;15,FA2;FA8,2,0,Prolapse patients with genomics
1348,4;6,FA1;FA5;FA7,3,0,Opioid Use
3166,3,,0,1,VEK -- Duplicate of How  to Work with All of Us Physical Measurements Data
1349,1;4;11;14,FA1;FA3;FA5;FA8,4,0,Predictors of cognitive decline
3168,1;2;10,FA1;FA4;FA8,3,0,HCM penetrance
3169,2;6,FA7;FA8,2,0,Impact of global and local ancestry on genome-wide association studies
1355,2;9,FA1;FA8,2,0,Rheumatoid Arthritis Analysis
1356,,,0,1,NOVA
3181,1;2,FA1;FA8,2,0,Investigation of genetic variants in PSD3 on red blood cell dysfunction
1375,,,0,1,ADHD and Healthcare
3184,11,FA1;FA3,2,0,Mitochondrial genetic variation and aging-related disease
1376,5;8;9;14,FA1;FA8,2,0,Orgs_NCD_v4
3194,1;2;6,FA1;FA7;FA8,3,0,AoU_ancestry_PRS_controlled
3195,1;12,FA1;FA7;FA8,3,0,Diabetes and Dermatology
3197,6,FA7,1,0,LGBTQ and Prep Medication Studies
1388,3;6;9,FA1;FA7,2,0,Duplicate of Self-reported fractures in RA
3199,1;2,FA1;FA8,2,0,CaseControl
1390,6;15,FA2;FA7,2,0,Duplicate of Epidemiology of PCOS
1394,,,0,1,Kim Workspace
3204,1,FA1;FA8,2,0,Comparative effectiveness of treatments in heart failure and atrial fibrillation
1396,3;8,FA1,1,0,Covid-19 symptoms validation study
3206,5,FA1;FA8,2,0,Colorectal cancer controlled
1405,1;7,FA1;FA8,2,0,"Cardiovascular Signals - PPG, ECG, Blood Pressure"
3208,4;8,FA1;FA5,2,0,Loneliness and substance use
3212,6;15,FA2;FA7,2,0,Pre-eclampsia
3213,1,FA1;FA8,2,0,Statin Usage
3214,2;14,FA1;FA8,2,0,Neurological Disease - Rare Variants
1420,4;7,FA1;FA5,2,0,MDD Assess Real-World Experience
1422,3;4,FA1;FA5,2,0,Duplicate of Mental Health Demonstration Project V4
3220,5,FA1;FA8,2,0,COVID_on_Cancer_Survivors
1423,8,FA1,1,0,COPE Survey Analysis
1426,1;13,FA1;FA8,2,0,OSA and comorbidities
1427,7,,0,1,Sleep related
1429,3;5,FA1;FA8,2,0,Breast Cancer Treatment (Data v4)
3226,,,0,1,Knowledge-Guided Gene Biomarkers of Health
3227,1,FA1;FA8,2,0,CHIP_Exploration
3228,3;5;6;12,FA1;FA7;FA8,3,0,Race and Gender Disparities in Upper Endoscopy Referral for GERD v2
1431,3,,0,1,Prevalence of Autoinflammatory Disease
3229,4;6;14,FA1;FA5;FA7,3,0,Environmental Factors & Aggression
1433,1;6;14,FA1;FA7;FA8,3,0,Determinants of cardiovascular disease across minority populations V4
1435,4,FA1;FA5,2,0,Complementary health approaches
3233,2,FA8,1,0,Investigating effects of HTT on phenotype
1438,1,FA1;FA8,2,0,Duplicate of Atrial Fibrillation and Race
1440,8,FA1,1,0,Repurposing medications for COVID-19
1442,1;2,FA1;FA8,2,0,Cardiovascular Disease Genetics
3244,1,FA1;FA8,2,0,Cardiac Arrhythmia
1445,6,FA7,1,0,Functional GI Disorders Among Black/AA Patients
1447,1,FA1;FA8,2,0,Diabetes and CVD Risk Factor Control and Treatment Patterns using v4 data
1451,1;4,FA1;FA5;FA8,3,0,CHF 1
3251,,,0,1,Phenotype algorithms test
1453,11,FA1;FA3,2,0,Clinical Trial Generalizability
1454,6;8,FA1;FA7,2,0,COPE Vaccine Qs
1456,,,0,1,Fecal Incontinence
1457,3,,0,1,COVID19 vs Flu Predictive Modeling
1458,8,FA1,1,0,Covid_vs_Flu_Dec2020
3263,,,0,1,Pediatric Hospitalization and Severity Prediction
3265,1;4;6,FA1;FA5;FA7;FA8,4,0,PTSD AND CVD
1463,,,0,1,autism and sleep
1465,1;6;14,FA1;FA7;FA8,3,0,Duplicate of Hypertension (version 4)
3276,2,FA8,1,0,admixed_prs_analysis
3279,5,FA1;FA8,2,0,Spectrum of tumors after breast cancer (V5)
3282,5,FA1;FA8,2,0,ML study of cancer outcomes
1479,7,,0,1,Data Exploration and Familiaraization
3283,,,0,1,Eye Surgery All of Us Database
1481,8,FA1,1,0,COPE Covid-19 Mitigation Behaviors
3287,1;15,FA1;FA2;FA8,3,0,Folate and Heart disease
1487,6;15,FA2;FA7,2,0,Maternal mortality Patient journey
3293,7;8,FA1,1,0,Fitbit heart rate signals for validation of infectious disease alerting system
3294,5,FA1;FA8,2,0,Breast Cancer data and Existing Expression Data
3296,9,FA1,1,0,Role of SCARF1 in efferocytosis
1493,,,0,1,Acute Respiratory Failure Phenotyping
1495,1,FA1;FA8,2,0,VHD
1498,2;3;6,FA7;FA8,2,0,Dataset V4
3306,3;5,FA1;FA8,2,0,Machine learning analysis of breast cancer metastasis predictors
1500,2;6,FA7;FA8,2,0,Phenome-wide associations of metabolic disorder measurements_v4
3307,,,0,1,PracticeWorkspace
1502,1;10;15,FA1;FA2;FA4;FA8,4,0,Effect of Pyridoxine in Type 2 Diabetics V4
1505,4;6;8,FA1;FA5;FA7,3,0,Asian American Discrimination
3314,2;6;12,FA1;FA7;FA8,3,0,Genetics of Hidradenitis Suppurativa
1510,,,0,1,Duplicate of Barrett's Esophagus
1511,3,,0,1,Disease_convergence_and_lifestyle_v2
1513,6,FA7,1,0,heath disparities among minority ethic people
1515,,,0,1,qc other workspaces
3328,2;14,FA1;FA8,2,0,Genetic variants in cerebral palsy
1526,4;15,FA1;FA2;FA5,3,0,Thesis Project
1529,4;6,FA1;FA5;FA7,3,0,SmokingCessation
3338,,,0,1,Isotretinoin and height
1534,1,FA1;FA8,2,0,Thiazide_ACEI
1537,4;7;13,FA1;FA5,2,0,Insomnia
3344,2;4;6,FA1;FA5;FA7;FA8,4,0,Duplicate of Bipolar Disorder - Health Disparities
1538,1;4,FA1;FA5;FA8,3,0,CHF 2
1542,,,0,1,Antibiotic musculoskeletal effects
1544,,,0,1,Nutrition for Precision Health v1
1545,,,0,1,Duplicate of NOVA
3356,12,FA1;FA7,2,0,Barriers to Care for Patients with Chronic Inflammatory Skin Diseases
1546,3,,0,1,Surgical Site Infections
1547,1,FA1;FA8,2,0,Demo- Healthy Obesity
1551,,,0,1,Stimulants Project
1552,5,FA1;FA8,2,0,Adherence
1553,10,FA1;FA4;FA8,3,0,"Duplicate of Uncovering disease factors related to NF1, NF2 and Schwannomatosis"
3364,11,FA1;FA3,2,0,Alzheimer's drug repurposing validation
1555,3,,0,1,Drug Repurposing Validation Study
1557,15,FA2,1,0,Labor
1558,6;8,FA1;FA7,2,0,Vaccine Perceptions among Spanish-speaking Latinx
3368,2;5;6,FA1;FA7;FA8,3,0,R01_AMR_AF
1560,3;4;6;8,FA1;FA5;FA7,3,0,SDOH & COVID
1561,,,0,1,Knowledge Guide Gene Features
3371,13,FA1,1,0,CNS Hypersomnias
3372,1,FA1;FA8,2,0,DCM genetics
1563,,,0,1,Assessing and refining the Tree-based Pipeline Optimization Tool (TPOT)
3373,1;3;16,FA1;FA4;FA8,3,0,Drug-Induced Acute Kidney Injury Prediction
1564,6,FA7,1,0,Autism_health_care
3374,6;11,FA1;FA3;FA7,3,0,Ethnic/Racial Disparity of Alzheimer's
1567,4;8,FA1;FA5,2,0,Alcohol-Use-Disorder
1574,9,FA1,1,0,ARI Workspace V4
1575,1;4;5;8,FA1;FA5;FA8,3,0,SARS-CoV-2 infection Project
3383,2,FA8,1,0,FW-TutorialWorkspace: How to Work with All of Us Genomic Data (Hail - Plink)
1577,1;2;6,FA1;FA7;FA8,3,0,t2d_multiethnic_stats
1580,1;11;14,FA1;FA3;FA8,3,0,AD_breathing
1581,5,FA1;FA8,2,0,Cancer informatics and precision medicine
1583,5,FA1;FA8,2,0,Breast Cancer Interviews
1585,,,0,1,RWC_first_workspace
1586,18,FA1;FA7,2,0,Evaluating the Role of Potential Neuroprotective Agents in Glaucoma
1589,17,FA4;FA7,2,0,Phenotype Library
1596,5,FA1;FA8,2,0,Duplicate of Spectrum of tumors after breast cancer
1598,3,,0,1,assessment of notebook capabilities
1599,,,0,1,PrecisionNutrition
1600,2;3,FA8,1,0,Combining PPI and EHR Data for PheWAS
1601,1;6;18,FA1;FA7;FA8,3,0,Research Program for Vision Surveillance: Diabetes and Diabetic Retinopathy
1605,3;8,FA1,1,0,N3C Comparison
1608,1;5,FA1;FA8,2,0,(Ade) E.g 1: Cancer diagnosis and blood lipid count.
1609,3;4;13,FA1;FA5,2,0,Practice JSP
1610,6;18,FA1;FA7,2,0,Version Two ophthalmology epidemiology
1614,1;3,FA1;FA8,2,0,Duplicate of Validation of Physical measurements
1616,6;18,FA1;FA7,2,0,Version Two ophthalmology epidemiology(DV3)
1624,3,,0,1,Testing All of Us Research Workbench Features
1627,4;9;12,FA1;FA5;FA7,3,0,immunology
1630,5,FA1;FA8,2,0,Duplicate of Cancer
1632,4;6,FA1;FA5;FA7,3,0,Identifying mechanisms of alcohol use risk among sexual minority intersections
1634,11,FA1;FA3,2,0,Older adults
1635,6;11,FA1;FA3;FA7,3,0,older adults v2
1636,4;6;8,FA1;FA5;FA7,3,0,COPE UBR
1637,3;8,FA1,1,0,dl
3448,,,0,1,Specific Variant Searches
1644,3,,0,1,ppiSurveyQuestions
1645,1;7,FA1;FA8,2,0,Fitbit Exploration
1652,1,FA1;FA8,2,0,Ob_21_1
1656,1;5,FA1;FA8,2,0,CVD Risk in BC Survivors
1659,2;4;6,FA1;FA5;FA7;FA8,4,0,Bipolar Disorder - Health Disparities
3463,,,0,1,Tourtte's syndrom candidate gene(s) identification
3467,4,FA1;FA5,2,0,Caregiving stress
1665,6;18,FA1;FA7,2,0,Include Non Eye Patients Version Two ophthalmology epidemiology(DV3)
1666,6;7,FA7,1,0,Functional GI Disorders and Activity Level
1668,6;8,FA1;FA7,2,0,AoU Research - Eric Diaz
1669,3,,0,1,Missing Data
1671,1,FA1;FA8,2,0,GA cohort for PMI-Nutrition
3475,,,0,1,Identifying genetic variations for atypical type 2 DM.
1673,1;14,FA1;FA8,2,0,Platelet measurements and stroke: a cross-sectional study
1674,11,FA1;FA3,2,0,Public Health( Alzheimer in Puertoricans)
1680,3,,0,1,Test Workspace - Nutrition & Exercise
1682,16,FA4;FA8,2,0,SPADE
1685,3;6;7;18,FA1;FA7,2,0,SDHA in Eye Conditions - v4 Dataset
1689,1;2,FA1;FA8,2,0,MyHeart Counts Risk
1691,1;6;9,FA1;FA7;FA8,3,0,Lupus Manifestations and Social Determinants of Health in Men and Women
1694,1;2;6;10,FA1;FA4;FA7;FA8,4,0,Duplicate of ascvd_underrepresented
1696,,,0,1,rob-knight-test-1
1698,3;6;7;18,FA1;FA7,2,0,Social Determinants and Healthcare Access in Eye Conditions - v4 Dataset
1700,4;6;8,FA1;FA5;FA7,3,0,Determinants of Pandemic-Related Reported Stress and Anxiety
1711,6;7;13,FA1;FA7,2,0,Sleep EDA
1713,4;8,FA1;FA5,2,0,Covid Mental Health
1716,3;4,FA1;FA5,2,0,Personalized Models of Mental Health
3511,,,0,1,Eye Related Data Review
1721,1;6;8,FA1;FA7;FA8,3,0,COVID-19 Health Disparity
3515,,,0,1,GENECAD
1725,1;7,FA1;FA8,2,0,Fitbits and Heart Failure Self-Care
3517,3;4;7,FA1;FA5,2,0,Fitbit_mental(depression&anxiety)_RD
3522,11,FA1;FA3,2,0,Memory Loss and Dementia
1732,3;7,,0,1,TOS Abstract
1733,3,,0,1,Medication Usage
3527,5,FA1;FA8,2,0,MGH Colorectal Surgery Sandbox
3530,10,FA1;FA4;FA8,3,0,Gibbs01_AHDC1
3531,2,FA8,1,0,Conditioning on covariates
1741,4,FA1;FA5,2,0,"Relationship between age, chronic pain, and opioid dependence"
1744,1;8,FA1;FA8,2,0,Diabetes and vaccine
3540,1;11,FA1;FA3;FA8,3,0,AD analysis
1750,1;3;8;13;14,FA1;FA8,2,0,Sex Differences in CVD Comorbidities & Risk Factors based on COVID-19 Positivity
3542,6,FA7,1,0,Quantifying Inequality in Underreported Medical Conditions
3543,6;12;13,FA1;FA7,2,0,Medical access and utilization among people with food allergy reactions
3544,7;18,FA1;FA7,2,0,Exercise and Vision Impairment
1757,4;8,FA1;FA5,2,0,COVID-19 Resilience
3548,8,FA1,1,0,Srushti_LongCovid
1760,3;15,FA2,1,0,Demo - Uterine Fibroids
1763,10,FA1;FA4;FA8,3,0,Autoinflammatory Disease Research
3554,2;4;15,FA1;FA2;FA5;FA8,4,0,Genetic contributions to endometriosis-associated pain
1767,16,FA4;FA8,2,0,African Pharmacogenomics
1768,10,FA1;FA4;FA8,3,0,Predicting VOC in SCD
3557,,,0,1,Gilbert's Syndrome
1771,,,0,1,v2 Data elements and quality
3560,,,0,1,Promoting safety and fairness in precision medicine
3561,1;4,FA1;FA5;FA8,3,0,riskscore
3563,1;13,FA1;FA8,2,0,Hemodynamics
2565,2;6,FA7;FA8,2,0,Tractor-Burden
2559,6;12,FA1;FA7,2,0,Lichen Planoplaris
2558,,,0,1,MSRS 2022
2555,4,FA1;FA5,2,0,Antidepressant Comparative Effectiveness
2547,5;6,FA1;FA7;FA8,3,0,Duplicate of Cervical Cancer Screening
2543,1;6,FA1;FA7;FA8,3,0,MRSR Project
2541,8,FA1,1,0,Parents of children with ASD
2539,5;6,FA1;FA7;FA8,3,0,devices
2537,13,FA1,1,0,OSA Initial
2535,1;2,FA1;FA8,2,0,T2D polygenic scores
2530,5,FA1;FA8,2,0,Brain Metastases
2528,,,0,1,Family Hx Bias (Tier 5)
2516,11,FA1;FA3,2,0,Mobility of Older Adults
2515,5;8,FA1;FA8,2,0,Cancer History
2509,1;12,FA1;FA7;FA8,3,0,Comorbidities associated with mycosis fungoides
2507,4,FA1;FA5,2,0,Redesigning Health and Wellbeing for a Remote/Hybrid Workforce
2506,3;5,FA1;FA8,2,0,Cervical_Cancer
2505,3,,0,1,Diabetes_Treatment_Trajectory_2
2502,4;6;8,FA1;FA5;FA7,3,0,MSRS Explore
2492,6;8,FA1;FA7,2,0,Health Equity and COVID-19
2491,3;6;8,FA1;FA7,2,0,Post-Sequelae SARS-CoV-2
2487,2;5;16,FA1;FA4;FA8,3,0,Duplicate of PGx anticancer drugs
2478,,,0,1,HS & Biomarkers
2474,,,0,1,participation_analysis
2470,6;8,FA1;FA7,2,0,"Discrimination,  Social Isolation, and Support during the COIVD-19 Pandemic"
2468,,,0,1,GCM2
2466,,,0,1,sex Differences
2463,2;6,FA7;FA8,2,0,Cardio
2462,,,0,1,Duplicate of Eye Related tier 5
2461,1,FA1;FA8,2,0,CarDB
2460,13,FA1,1,0,asthma biologic utilization
2452,8,FA1,1,0,Sepsis analysis
2447,5,FA1;FA8,2,0,Metabolites in Cancer
2442,,,0,1,MSK
2439,4,FA1;FA5,2,0,COVID Study (Tier 5)
2437,1;2;6,FA1;FA7;FA8,3,0,AoU_ancestry_PRS
2430,2;9,FA1;FA8,2,0,PheWAS Analysis R
2429,4,FA1;FA5,2,0,NewTry-COPE
2427,4,FA1;FA5,2,0,Vaping Study
2424,,,0,1,Endothelial studies 2021
2416,2;5,FA1;FA8,2,0,Radiogenomics workspace
2411,3;4;12,FA1;FA5;FA7,3,0,Psychiatric comorbidities associated with granuloma annulare
2409,1;4;8;9;12;13,FA1;FA5;FA7;FA8,4,0,Co-Morbidities in Lichen Planopilaris
2393,1,FA1;FA8,2,0,Medical Nutrition Therapy in Cardiometabolic Diseases
2388,12,FA1;FA7,2,0,Mycosis Fungoides Comorbidities
2387,7,,0,1,Fitbit_COVID
2382,,,0,1,Test Workspace - Vito Galati
2380,12,FA1;FA7,2,0,Prevalence of Pityriasis Rosea in the United States
2377,6,FA7,1,0,Socioeconomic factors associated with orbital fracture
2374,1;2;9,FA1;FA8,2,0,GLP-1 RA PGx
2366,1;11,FA1;FA3;FA8,3,0,Phenotype comorbidity
2365,3;9,FA1,1,0,Rheumatic disease testing
2362,7,,0,1,PCORI application
2359,1;7,FA1;FA8,2,0,External validation of CVD risk score
2357,5;6,FA1;FA7;FA8,3,0,Health Literacy Disparities: Immigrant vs US Born Cancer Patients
2352,6,FA7,1,0,Alcohol Consequences among Latinx and non-Latinx whites
2351,6,FA7,1,0,LGBT Sleep
2975,2;4,FA1;FA5;FA8,3,0,Identifying traits associated with polygenic stuttering risk
2974,18,FA1;FA7,2,0,Glaucoma/Nanophthalmos discovery
2344,,,0,1,AHI
2340,2;3,FA8,1,0,Duplicate of 2021 Update: DJS:  PheWAS Final Review 11-01-2021
2339,4;7,FA1;FA5,2,0,Wearable Biosensors and Polysubstance Use
2963,1;3,FA1;FA8,2,0,DM medication prescription patterns
2336,1;3;6;15,FA1;FA2;FA7;FA8,4,0,V5 Demo - Hypertensive Disorders of Pregnancy
2335,1;5;6;14,FA1;FA7;FA8,3,0,Prostate Cancer CVD
2332,3;6;7;8,FA1;FA7,2,0,Fitbit_SPARK
2954,,,0,1,Nick Pigmentation
2331,6;8,FA1;FA7,2,0,COVID SDoH
2330,7;8,FA1,1,0,COVID-fatigue
2951,2,FA8,1,0,Orofacial clefts
2949,,,0,1,Identification of genetic factors in blepharospasm
2326,,,0,1,Duplicate of Phenotype Creation LEH
2325,5,FA1;FA8,2,0,Cancer Dataset v5
2323,4;6,FA1;FA5;FA7,3,0,Disparities in Access to Treatment for Bipolar Disorder
2322,2,FA8,1,0,Duplicate of Drug repurposing for osteoarthritis
2321,6;12,FA1;FA7,2,0,Test Workspace - Dermatologic Conditions in Transgender Population
2319,5;8,FA1;FA8,2,0,Cancer and Covid-19 Dataset V5
2940,2,FA8,1,0,ARDS_susceptibility
2315,1;6,FA1;FA7;FA8,3,0,Relative Impact of Social Determinants on Health Outcomes
2932,3;5,FA1;FA8,2,0,LR_Pancreatic Cancer Prediction v5
2310,1;7,FA1;FA8,2,0,HFpEF and Exercise
2308,,,0,1,Cohort & Project Feasibility (Newer Dataset - v5)
2306,3,,0,1,Diabetes_Treatment_Trajectory
2926,6,FA7,1,0,GTribit-SWilliams APHA
2304,,,0,1,V5 of Checkpoint Inhibitors
2303,5,FA1;FA8,2,0,Phenotype - Melanoma (tier 5)
2302,3;6,FA7,1,0,Gender Identity Algorithm
2300,4;6;13,FA1;FA5;FA7,3,0,Asthma and COPD Demonstration Project v5
2299,1;4,FA1;FA5;FA8,3,0,mdCAD
2917,,,0,1,Genetic Alterations in Common Variable Immune Disease
2915,,,0,1,Plink - Hail Manipulation Testing
2295,1;6,FA1;FA7;FA8,3,0,Coronary Artery Calcium
2914,1,FA1;FA8,2,0,Effects of dietary lipid absorption genes on human phenotypes
2293,4;6,FA1;FA5;FA7,3,0,LGBTQ Housing and Mental Health
2291,7,,0,1,Fitbit Data Analysis
2908,,,0,1,Morrell-Test
2287,1;3;6;14,FA1;FA7;FA8,3,0,Self-reported Stroke Validation
2286,10,FA1;FA4;FA8,3,0,Sickle Cell and Thalassemia
2900,3;7,,0,1,Added Value of Fitbit Data in Fall Risk Prediction
2899,2,FA8,1,0,Psmb11 polymorphisms
2277,4;6,FA1;FA5;FA7,3,0,Homelessness and Health
2897,3;11,FA1;FA3,2,0,AD cluster
2894,1;3,FA1;FA8,2,0,Type 2 Diabetes Risk Model
2275,3;15,FA2,1,0,V5 data Demo - Uterine Fibroids
2891,,,0,1,Chowell Lab
2890,2;5;6;7,FA1;FA7;FA8,3,0,Impact of Nutrition and Physical Fitness on Prostate Cancer
2269,2,FA8,1,0,PIEZO1
2884,2;5,FA1;FA8,2,0,Regional risk modeling project
2267,1;6,FA1;FA7;FA8,3,0,Ambulatory Continuous Glucose Monitoring in Diabetes Care
2265,2;9,FA1;FA8,2,0,Asian-American MS GWAS
2879,1;4;6;13,FA1;FA5;FA7;FA8,4,0,Urban Health Disparities among Black and Latino People
2260,10,FA1;FA4;FA8,3,0,FunctionalvsNonfunctionalComparisons
2256,4,FA1;FA5,2,0,Adverse psychiatric events and prescription stimulants
2872,1,FA1;FA8,2,0,CarDB Gene
2869,1,FA1;FA8,2,0,Diabetes Genetic Data
2250,4;6;8,FA1;FA5;FA7,3,0,COPE UBR v5
2249,18,FA1;FA7,2,0,Predictors of Cataract Outcomes
2248,1,FA1;FA8,2,0,Blood Pressure and GPCR SNPs
2863,8,FA1,1,0,All of Us Control Tier
2862,2;15,FA2;FA8,2,0,Uterine Fibroids
2243,2;6;12,FA1;FA7;FA8,3,0,Itch
2238,9;12,FA1;FA7,2,0,Sarcoidosis_Comorbidities
2848,8,FA1,1,0,Primary Care Usage and Barriers During the Time of the COVID-19 Pandemic
2846,1;2;3;6,FA1;FA7;FA8,3,0,T2D: Ancestry x SES
2840,,,0,1,Data Elements and Quality
2838,2;6,FA7;FA8,2,0,Tractor-PRS
2830,3;8,FA1,1,0,SepsisAI
2827,2;11,FA1;FA3;FA8,3,0,Genetics of Sarcopenia
2825,2,FA8,1,0,Changes in autozygosity over time
2210,13,FA1,1,0,Interstitial lung disease epidemiology
2209,6,FA7,1,0,Rural Test
2819,2;10,FA1;FA4;FA8,3,0,STR variation in a control cohort to support rare disease diagnosis
2818,1;2;10,FA1;FA4;FA8,3,0,Test Project
2205,2;4;10,FA1;FA4;FA5;FA8,4,0,TandemRepeats_SCZ
2813,2;4,FA1;FA5;FA8,3,0,Genetic Risk for MDD using Functional/Sex-Differential Variants from MPRA
2811,2;10,FA1;FA4;FA8,3,0,Familial Mediterranean Fever- PheRS/Genomic Reseach
2810,1;2,FA1;FA8,2,0,Genomic Predictors of Vascular Disease
2203,5,FA1;FA8,2,0,AYA Cancer Survivors - Updated
2809,18,FA1;FA7,2,0,Prostaglandin fibrosis
2201,1;4;5;8,FA1;FA5;FA8,3,0,Duplicate of SARS-CoV-2 infection Project
2807,1;2,FA1;FA8,2,0,GWAS_HeartDisease
2199,1;4;6;18,FA1;FA5;FA7;FA8,4,0,Retinal Vein Occlusion and associated risk factors
2198,5,FA1;FA8,2,0,Chemoprevention in CRC and Breast Ca
2802,12,FA1;FA7,2,0,Practice - Alopecia Areata and Associated Health Conditions
2801,,,0,1,von Willebrand disease
2192,4,FA1;FA5,2,0,MDD Assay SNPs
2190,3;4,FA1;FA5,2,0,Adolescent depression
2791,5;6;16,FA1;FA4;FA7;FA8,4,0,PGx variant rates in patients with colorectal cancer
2185,,,0,1,Retention
2790,3;5;6;7;18,FA1;FA7;FA8,3,0,Periocular Malignancy - Control - Census
2786,1;4;6;8,FA1;FA5;FA7;FA8,4,0,Health of transgender and gender diverse individuals
2784,2;16,FA4;FA8,2,0,PGx Small Molecule Inhibitors
2782,1;4,FA1;FA5;FA8,3,0,Public Health Impact of Family Health History in Diverse Populations
2777,1;2;10,FA1;FA4;FA8,3,0,S1103Y sodium channel variant phenotypes
2169,5;6;8,FA1;FA7;FA8,3,0,Breast Cancer Survivors COPE
2758,1;15,FA1;FA2;FA8,3,0,Chronic Hypertension in Pregnancy
2163,1;6;14,FA1;FA7;FA8,3,0,Duplicate of Duplicate of Hypertension (version 4)
2754,2,FA8,1,0,CVDi_rare_genetics
2160,4;6;8,FA1;FA5;FA7,3,0,Duplicate of Determinants of Pandemic-Related Reported Stress and Anxiety
2751,4;6;8,FA1;FA5;FA7,3,0,Mental Health & Neighborhood Risk
2157,4;6,FA1;FA5;FA7,3,0,Understanding Racial Battle Fatigue
2144,4;8,FA1;FA5,2,0,"Social Isolation, Social Support, and Stress During COVID-19"
2143,1;3,FA1;FA8,2,0,Cardiovascular Modeling
2140,4;5,FA1;FA5;FA8,3,0,Duplicate of population on opioids for chronic non-cancer pain
2138,1;2,FA1;FA8,2,0,Duplicate of Hypertension_Analysis
2136,3,,0,1,Duplicate of Drug Repurposing Validation Study (for dataset v5)
2131,6,FA7,1,0,HCG Hispanic population
2128,,,0,1,HCG Helen
2126,,,0,1,Exploring pandemic behavior and healthcare access pre/post the Delta variant
2124,1;6;14,FA1;FA7;FA8,3,0,Duplicate of Determinants of neurovascular diseases V5
2693,1;3;4;6;12;13,FA1;FA5;FA7;FA8,4,0,Granuloma Annulare Project
2117,1,FA1;FA8,2,0,Type 1 Diabetes Transitions
2115,3;13,FA1,1,0,AoU COPD
2114,3;4,FA1;FA5,2,0,New D014 - Opioids
2109,4;7,FA1;FA5,2,0,Bipolar Fitbit
2107,3;4,FA1;FA5,2,0,Duplicate of D014 - Opioids
2106,1;6,FA1;FA7;FA8,3,0,Treatment and management of nephrolithiasis
2105,8,FA1,1,0,longcovid
2102,1;13,FA1;FA8,2,0,Metabolic disease and lung health
2673,3;4;7,FA1;FA5,2,0,Fitbit_Depression_Analysis
2096,,,0,1,Urology during COVID
2094,4;6;11,FA1;FA3;FA5;FA7,4,0,LGBT Health Disparities and Aging
2093,7,,0,1,Periop Biometrics
2670,6;8,FA1;FA7,2,0,Housing and COVID-19 Exploratory
2669,4;5;16,FA1;FA4;FA5;FA8,4,0,Oncology Prevalence
2089,6,FA7,1,0,Alcohol use in All Of Us
2088,6,FA7,1,0,Self-reported knowledge of family health history
2086,5;8;9;14,FA1;FA8,2,0,Orgs_NCD_v5
2662,,,0,1,Hcare Seeking Behavior
2079,1;6,FA1;FA7;FA8,3,0,The Impact of Patient Demographics on Access to Care for Nephrolithiasis
2077,5,FA1;FA8,2,0,Cancer Survivorship v5
2656,,,0,1,v6 Data elements and quality
2076,,,0,1,Duplicate of Exploratory Workspace
2075,3,,0,1,Duplicate of Learning
2074,4;6,FA1;FA5;FA7,3,0,General Health and Well-Being of Sexual and Gender Minority Participants
2650,2;5;6,FA1;FA7;FA8,3,0,Breast Cancer Desc
2649,1;6,FA1;FA7;FA8,3,0,Structural Heart Disease Risk in the Hispanic/Latino Community
2646,4;7,FA1;FA5,2,0,wearable_depression_WS
2064,,,0,1,v5 Data elements and quality
2642,5;6,FA1;FA7;FA8,3,0,Influence of Access to Healthcare on Cancer Screening Among Minority Populations
2062,4;5;8;12,FA1;FA5;FA7;FA8,4,0,Leukoplakia
2059,3,,0,1,Medication Usage_v5
2057,4;5;6,FA1;FA5;FA7;FA8,4,0,Duplicate of LGBT Cancer
2056,1;15,FA1;FA2;FA8,3,0,Duplicate of Postmenopausal women in AoU
2633,4;6;7;8,FA1;FA5;FA7,3,0,The effects of stress on physical activity in South Carolina
2632,3;16,FA4;FA8,2,0,Metformin Vitamin B12 Study
2631,16,FA4;FA8,2,0,Metformin-related Vitamin B12 Deficiency
2050,1;6;8,FA1;FA7;FA8,3,0,Duplicate of COVID-19 Health Disparity
2045,1,FA1;FA8,2,0,Diabetes and CVD Risk Factor Control and Treatment Patterns using V5 data
2624,1;7,FA1;FA8,2,0,HFpEF and Exercise (Examples and learning process)
2036,11,FA1;FA3,2,0,Cannabis_Cognition_K
2035,5,FA1;FA8,2,0,Cancer Survivorship v4
2031,,,0,1,Behavior Project
2028,,,0,1,Family Hx Bias
2603,12,FA1;FA7,2,0,Onychomycosis
2602,6;8,FA1;FA7,2,0,All of Us Research Study
2023,8;11,FA1;FA3,2,0,Older Adults & COVID19
2022,4;9;14,FA1;FA5,2,0,AOU MS Grant
2021,6,FA7,1,0,Avipsa-Space1
2599,1;4;6;16,FA1;FA4;FA5;FA7;FA8,5,0,Pharmacogenomics and Medical Outcomes
2598,,,0,1,Topical acetazolamide and SJS
2597,2;3;10,FA1;FA4;FA8,3,0,FMF PheRS notebook
2596,3;8,FA1,1,0,Pacemaker and ICD Remote Monitoring
2595,,,0,1,Diamox and SJS
2011,4;6,FA1;FA5;FA7,3,0,Health study 1
2008,5,FA1;FA8,2,0,Data exploration for possible study of cancer biomarkers
2592,2;3;10,FA1;FA4;FA8,3,0,Duplicate of  D043 AOU_DEMO_PheRS implementation_v4
2588,,,0,1,Data Overview
1998,1;3;13,FA1;FA8,2,0,Pulmonary Hypertension in All of Us
2586,13,FA1,1,0,Asthma and biomarkers
2583,1;15,FA1;FA2;FA8,3,0,Diabetes in Pregnancy
1995,4;8,FA1;FA5,2,0,PTSD Research Project
2581,1;4;7,FA1;FA5;FA8,3,0,digital health
1987,3;9,FA1,1,0,IBD Prevalence and Validation in All of Us Research Program
1985,,,0,1,Cuiling
1982,1;8,FA1;FA8,2,0,JW
1981,6,FA7,1,0,Hispanic Community Representation
1980,12,FA1;FA7,2,0,Cutaneous Eruptions
1977,3;7,,0,1,Patient Time-Series-Based Record Linkage
1976,12,FA1;FA7,2,0,Alopecia Areata and other Immune-Mediated Dermatologic Conditions
1975,2;5;6,FA1;FA7;FA8,3,0,African American Prostate Cancer Polygenic Risk Score - WCM SPORE
1972,,,0,1,Duplicate of Eye Related
1970,1;2,FA1;FA8,2,0,Hypertension_Analysis
1965,1;8,FA1;FA8,2,0,HIV immunogenetic study
1964,4;7,FA1;FA5,2,0,MDD_Analysis
1962,5;6,FA1;FA7;FA8,3,0,Thyroid nodule and cancer
1961,1;6;14,FA1;FA7;FA8,3,0,Stroke risk factors
1959,1;6;14,FA1;FA7;FA8,3,0,Determinants of neurovascular diseases
1954,6,FA7,1,0,Comorbidities
1953,15,FA2,1,0,Behavioral Patterns and Mens Health
1952,1,FA1;FA8,2,0,Our Lab
1946,1;15,FA1;FA2;FA8,3,0,Understanding characteristics of lipedema
1939,,,0,1,COVID Troponin
1933,5,FA1;FA8,2,0,AYA Cancer Survivors
1932,,,0,1,Respiratory Rate Exploration All of US Data Set
1930,1;3,FA1;FA8,2,0,5% trial
1928,1;3;8,FA1;FA8,2,0,Predicting Major Adverse Cardiac Events in Heart Failure Patients with COVID-19
1919,3;7,,0,1,Test - Work With Wearable Device Data
1912,4;8;13,FA1;FA5,2,0,MPerez Testing Workspace
1911,,,0,1,CMAR
1907,1;4;6,FA1;FA5;FA7;FA8,4,0,Duplicate of Stephanie H. Cook - Project 1
1904,4;8,FA1;FA5,2,0,Resilience and COVID19
1903,2;3;4,FA1;FA5;FA8,3,0,Demographic variability of health comorbidities of opioid use disorder
1902,6,FA7,1,0,Keratoconus prevalence
1890,1,FA1;FA8,2,0,ASCVD vs Iron
1888,4;8;15,FA1;FA2;FA5,3,0,Perinatal stress and mental health
1886,1;6;14,FA1;FA7;FA8,3,0,Metabolic Dysregulation
1885,7;13,FA1,1,0,Circadian
1883,1;2;14,FA1;FA8,2,0,Data inventory exploration
1882,6,FA7,1,0,PKD workspace
1327,9;12,FA1;FA7,2,0,Psoriasis and MS
1323,3;6;9,FA1;FA7,2,0,Self-reported fractures in RA
1321,1;3,FA1;FA8,2,0,Workspace & Data Orientation
1319,8,FA1,1,0,prevalence of surgical site infection after hernia repair
1875,,,0,1,CausalInference
1317,3;9,FA1,1,0,IBD exploration
1870,5,FA1;FA8,2,0,Spectrum of tumors after breast cancer Dataset V4
1869,,,0,1,Disorders of Consciousness
1866,2,FA8,1,0,Drug repurposing for osteoarthritis
1307,3,,0,1,NIMIWAE
1306,11,FA1;FA3,2,0,Healthy Aging
1863,5;6,FA1;FA7;FA8,3,0,Duplicate of Hispanic cancer
1303,11,FA1;FA3,2,0,Longitudinal Aging Biomarkers
1301,,,0,1,Barrett's Esophagus
1298,1,FA1;FA8,2,0,BMI_test
1294,3;4,FA1;FA5,2,0,Duplicate of Mental Health Demonstration Project V3
1293,3;18,FA1;FA7,2,0,"Duplicate (latest ver, for testing) of Systemic Disease and Glaucoma"
1287,1;5;6,FA1;FA7;FA8,3,0,Physical Measurements + Cancer
1284,3;10,FA1;FA4;FA8,3,0,Sickle cell
1278,4;13,FA1;FA5,2,0,patterns of inomnia
1276,3,,0,1,Predicting Antimicrobial Resistance
1270,1;4,FA1;FA5;FA8,3,0,"Mast cell disorders, depression, and inflammation"
1268,6;15,FA2;FA7,2,0,Epidemiology of PCOS
1263,5;6,FA1;FA7;FA8,3,0,Hispanic cancer
1262,1;6,FA1;FA7;FA8,3,0,Diabetic Foot ulcer
1261,5,FA1;FA8,2,0,Cancer Survival
1259,3,,0,1,Automated Phenotyping
1257,5;6,FA1;FA7;FA8,3,0,Hispanic gastric cancer
1249,,,0,1,CP descriptives_practice
1247,1;6;14,FA1;FA7;FA8,3,0,Determinants of cardiovascular disease across minority populations
1243,4;6,FA1;FA5;FA7,3,0,Smoking Cessation among Rural and Non-Rural Residents
1237,2;6,FA7;FA8,2,0,Phenome-wide associations of metabolic disorder measurements_v3
1236,11,FA1;FA3,2,0,Surgical Resilience
1235,1;4;6,FA1;FA5;FA7;FA8,4,0,Stephanie H. Cook - Project 1
1234,1;3,FA1;FA8,2,0,Validation of Physical measurements
1232,1;15,FA1;FA2;FA8,3,0,Postmenopausal women in AoU
1230,2,FA8,1,0,gwas-prs
1223,5;6,FA1;FA7;FA8,3,0,"Disparities in Kidney, Bladder, and Prostate Cancer"
1218,1;2;6;10,FA1;FA4;FA7;FA8,4,0,ascvd_underrepresented
1216,1;3;4;6;14,FA1;FA5;FA7;FA8,4,0,Cardiovascular Risk Prediction
1206,,,0,1,Data element analysis of AllofUS
1205,1;15,FA1;FA2;FA8,3,0,Pregnancy After ACL Injury
1201,8,FA1,1,0,"Sepsis, Septic Shock"
1199,1;3,FA1;FA8,2,0,Aevus Precision Rx
1193,8,FA1,1,0,Diseases with similar symptoms as COVID-19
1188,,,0,1,NW_AOU_Informatics
1185,2;3;4,FA1;FA5;FA8,3,0,Duplicate version of Demo - PheWAS Smoking for learning
1181,2,FA8,1,0,PheWAS of mCNV/VNTR/STRs across populations
1180,,,0,1,ADHD and Healthcare 1
1179,,,0,1,potassium_level
1176,1;6,FA1;FA7;FA8,3,0,Kidney Stone Diagnosis by Race
1171,4;6,FA1;FA5;FA7,3,0,Chronic pain prevalence and treatment in Hispanic subpopulations
1167,3,,0,1,Hypothesis generation
1165,1,FA1;FA8,2,0,Liver Transplant
1163,5;8;9;14,FA1;FA8,2,0,Orgs_NCD
1157,6;18,FA1;FA7,2,0,Access to care and ophthalmology outcomes
1152,1,FA1;FA8,2,0,Atrial Fibrillation and Race
1143,6,FA7,1,0,South Asian cohort
1138,5,FA1;FA8,2,0,Spectrum of tumors after breast cancer
1132,9,FA1,1,0,Original ARI Workspace
1131,9,FA1,1,0,Duplicate of ARI Workspace -7-29-20 #1
1128,6,FA7,1,0,One
1121,6,FA7,1,0,Sensory Impairment & Access to Care
1116,6;15,FA2;FA7,2,0,Predictors of Endometriosis
1113,1,FA1;FA8,2,0,Hypertension Cost Effectiveness
1107,9,FA1,1,0,ARI Disease Sets
1101,6,FA7,1,0,Health & Wealth
1097,2;3,FA8,1,0,Duplicate of Genetics_of_comorbidity
1081,9,FA1,1,0,ARI Workspace
1075,1;4;6;8,FA1;FA5;FA7;FA8,4,0,Transgender health conditions
1073,1;5,FA1;FA8,2,0,earlyonsetcolorectcalcancer
1072,3;5,FA1;FA8,2,0,LR_Pancreatic Cancer Prediction
1052,,,0,1,TGCT Exploration
1044,3,,0,1,End of Life Prediction
1030,1;3;6;14,FA1;FA7;FA8,3,0,D16_HTN_revision_after_code_review
1029,1;3;6;14,FA1;FA7;FA8,3,0,Revision_after_HTN_code_review
1025,1;4,FA1;FA5;FA8,3,0,Distress and T2D
990,1;4,FA1;FA5;FA8,3,0,Burden of mental health among US adults with and without hypertension
989,1;4,FA1;FA5;FA8,3,0,Burden of mental heatlh US adults with and without hypertension
978,8,FA1,1,0,Sepsis
977,3,,0,1,NIV Failure Characterization
971,6,FA7,1,0,Diversity within Eating Disorders
938,,,0,1,Test - concomitant colchicine-CYP3A4 inhibitor exposure
935,10,FA1;FA4;FA8,3,0,"Uncovering disease factors related to NF1, NF2 and Schwannomatosis"
933,,,0,1,First Test Workspace
930,13;18,FA1;FA7,2,0,Chronic sinusitis
2100,16,FA4;FA8,2,0,SPADE (v5 dataset)
2997,3;4;7,FA1;FA5,2,0,Fitbit_mental(depression&anxiety)_dup
