record_id,pubmed_id,year,themes,focus_areas,n_focus_areas,is_orphan_pub,title
1,36261664,2022,3;6;12,FA1;FA7,2,0,Onychomycosis in underrepresented groups: an all of us database analysis
2,36441011,2022,6;12,FA1;FA7,2,0,Burden of atopic disease in Black and Hispanic patients with alopecia areata: a case-control study in the All of Us research program
3,35442391,2022,4;6,FA1;FA5;FA7,3,0,"Prevalence, Comorbidity, and Sociodemographic Correlates of Psychiatric Disorders Reported in the All of Us Research Program"
6,36540962,2022,7;11,FA1;FA3,2,0,Risk for Poor Post-Operative Quality of Life Among Wearable Use Subgroups in an All of Us Research Cohort
7,36549934,2022,6;8,FA1;FA7,2,0,Sociodemographic characteristics differ across routine adult vaccine cohorts: An All of Us descriptive study
9,36654923,2023,1;5,FA1;FA8,2,0,Visualization and Quantification of the Association Between Breast Cancer and Cholesterol in the All of Us Research Program
17,36931428,2023,3;6;18,FA1;FA7,2,0,Evaluating Discrepancies in Self-Reported Glaucoma and Electronic Health Records in the National Institutes of Health All of Us Database
19,36939705,2023,8,FA1,1,0,Daily Step Counts Before and After the COVID-19 Pandemic Among All of Us Research Participants
21,37884626,2023,6,FA7,1,0,Underrepresentation of blind and deaf participants in the All of Us Research Program
23,37902258,2023,5;14,FA1;FA8,2,0,Neuropsychiatric complications and associated management in adolescent and young adult cancer survivors: An All of Us study
26,37947093,2023,1;6,FA1;FA7;FA8,3,0,"Association Between a First-Degree Family History and Self-Reported Personal History of Obesity, Diabetes, and Heart and Blood Conditions: Results From the All of Us Research Program"
28,37967342,2023,9;12,FA1;FA7,2,0,Association between atopic dermatitis and inflammatory bowel disease among US adults in the All of Us Research Program
29,37962879,2023,1;2,FA1;FA8,2,0,Genome-Wide Polygenic Risk Score for CKD in Individuals with APOL1 High-Risk Genotypes
30,37971726,2023,1;6;18,FA1;FA7;FA8,3,0,Social Determinants of Health and Perceived Barriers to Care in Diabetic Retinopathy Screening
32,38011981,2023,17,FA4;FA7,2,0,Integrating participants as partners in research governance and operations: an approach from the All of Us Research Program Engagement Core
35,38374255,2024,2;3;6,FA7;FA8,2,0,Genomic data in the All of Us Research Program
36,37878135,2023,5;6,FA1;FA7;FA8,3,0,Prostate-specific antigen testing rates in high-risk populations: results from the All of Us Research Program
39,,2023,4,FA1;FA5,2,0,The prevalence of substance use disorders in chiropractic patients in the United States: a descriptive study of two national datasets
40,38095106,2023,1;3,FA1;FA8,2,0,Prediction of Venous Thromboembolism in Diverse Populations Using Machine Learning and Structured Electronic Health Records
41,38128831,2023,4;9,FA1;FA5,2,0,Depression in patients with Raynaud's phenomenon: A case-control study in the National Institutes of Health's All of Us Research Program
42,38108577,2023,12;13;18,FA1;FA7,2,0,Associations between hidradenitis suppurativa and asthma and allergic rhinitis: a case-control study in the All of Us research program
43,38108533,2023,9;12,FA1;FA7,2,0,Prevalence of generalized pustular psoriasis in the United States using the All of Us research database
45,38178151,2024,6;13;18,FA1;FA7,2,0,Racial differences in length of stay and readmission for asthma in the all of us research program
46,38053191,2023,2,FA8,1,0,Reconstruction of private genomes through reference-based genotype imputation
48,38232143,2024,1;6,FA1;FA7;FA8,3,0,"Neighborhood Deprivation, Race, Ethnicity, and Undiagnosed Hypertension: Results From the All of Us Research Program"
50,38225170,2024,2;6;10,FA1;FA4;FA7;FA8,4,0,"VEXAS-Defining UBA1 Somatic Variants in 245,368 Diverse Individuals in the NIH All Of Us Cohort"
52,38156811,2023,12,FA1;FA7,2,0,Underdiagnosis of Allergic Contact Dermatitis in Under-Represented Groups: An All of Us Database Analysis
53,38222375,2024,3;15,FA2,1,0,Computational Phenotyping of OMOP CDM Normalized EHR for Prenatal and Postpartum Episodes: An Informatics Framework and Clinical Implementation on All of Us
54,38200661,2023,18,FA1;FA7,2,0,Access to Eye Care Providers and Glaucoma Severity in the National Institutes of Health All of Us Research Program
57,38305944,2024,9;12,FA1;FA7,2,0,Autoimmune and Cutaneous Inflammatory Comorbidities in Adult-Onset Morphea in the All of Us Research Program
58,38326799,2024,1;5;6;12,FA1;FA7;FA8,3,0,Relative predictive value of sociodemographic factors for chronic diseases among All of Us participants: a descriptive analysis
59,37473437,2023,6;18,FA1;FA7,2,0,Hearing Loss and Sociodemographic Barriers to Health Care Access Using the All of Us Research Program
61,38466772,2024,12,FA1;FA7,2,0,Association between atopic dermatitis and eating disorders: a cross-sectional study in the All of Us Research Program
63,,2024,1;3,FA1;FA8,2,0,The Effect of Data Missingness on Machine Learning Predictions of Uncontrolled Diabetes Using All of Us Data
69,38513967,2024,12,FA1;FA7,2,0,Association between alopecia areata and allergic diseases: An All of US database study
72,38553893,2024,4;9,FA1;FA5,2,0,Association of discoid lupus erythematous with substance use disorders: A case-control study in the all of us database
73,38554624,2024,4;5;6;15,FA1;FA2;FA5;FA7;FA8,5,0,Healthcare utilization in women diagnosed with endometrial cancer: A survey-based study
77,39505999,2024,1;2;3,FA1;FA8,2,0,Algorithms for the identification of prevalent diabetes in the All of Us Research Program validated using polygenic scores
78,39503795,2024,9;12,FA1;FA7,2,0,Comorbidities and autoimmune disease associations in patients with Bullous Pemphigoid: a cross-sectional study of the all of us database
83,38573646,2024,4;6;18,FA1;FA5;FA7,3,0,Mental Health Conditions Associated With Strabismus in a Diverse Cohort of US Adults
84,38561918,2024,1;4;6,FA1;FA5;FA7;FA8,4,0,"Weight-related discrimination, perceived stress and psychological and physical well-being of persons with type 2 diabetes: A mediation analysis"
87,37461222,2023,4;9;12,FA1;FA5;FA7,3,0,"Increased risk of depression in patients with discoid lupus erythematosus: a nested, case-control study in the All of Us Research Program"
93,37455380,2023,1,FA1;FA8,2,0,Use of medications associated with weight change among participants in the All of Us research programme
94,38627404,2024,6,FA7,1,0,Measuring social determinants of health in the All of Us Research Program
96,27532667,2016,17,FA4;FA7,2,0,A Survey of U.S Adults' Opinions about Conduct of a Nationwide Precision Medicine Initiative® Cohort Study of Genes and Environment
97,35396991,2022,,,0,1,Comparing medical history data derived from electronic health records and survey answers in the All of Us Research Program
98,35346344,2022,2;10;16,FA1;FA4;FA8,3,0,Whole-genome sequencing as an investigational device for return of hereditary disease risk and pharmacogenomic results as part of the All of Us Research Program
99,35294480,2022,1,FA1;FA8,2,0,Epidemiology of atrial fibrillation in the All of Us Research Program
100,35238904,2022,6;18,FA1;FA7,2,0,Racial and Ethnic Disparities in Cost-Related Barriers to Medication Adherence Among Patients With Glaucoma Enrolled in the National Institutes of Health All of Us Research Program
102,35283246,2022,12,FA1;FA7,2,0,Association of atopic dermatitis with attention-deficit hyperactivity disorder among US adults in the 'All of Us' research program: A case-control study
103,35155998,2021,1;3,FA1;FA8,2,0,Pediatric data from the All of Us research program: demonstration of pediatric obesity over time
104,35147780,2022,6;12,FA1;FA7,2,0,Prevalence of eczema among adults in the United States: a cross-sectional study in the All of Us research program
105,35109680,2022,1;6,FA1;FA7;FA8,3,0,Carotid Artery Disease Among Broadly Defined Underrepresented Groups: The All of Us Research Program
106,35058155,2022,6,FA7,1,0,Self-rated family health history knowledge among All of Us program participants
109,34985965,2022,2;5,FA1;FA8,2,0,Precision Medicine Landscape of Genomic Testing for Patients With Cancer in the National Institutes of Health All of Us Database Using Informatics Approaches
110,34977817,2021,8;12,FA1;FA7,2,0,Association between atopic dermatitis and COVID-19 infection: A case-control study in the All of Us research program
111,34941480,2021,1;3,FA1;FA8,2,0,Geographic Variation in Obesity at the State Level in the All of Us Research Program
112,34923710,2021,17,FA4;FA7,2,0,Harmonizing variant classification for return of results in the All of Us Research Program
113,35583884,2022,1,FA1;FA8,2,0,Proposing a Sex-Adjusted Sodium-Adjusted MELD Score for Liver Transplant Allocation
114,34920026,2021,12,FA1;FA7,2,0,Prevalence of lichen planus in the United States: A cross-sectional study of the All of Us research program
115,37560908,2023,2;13,FA1;FA8,2,0,"Genetic relationships between high blood eosinophil count, asthma susceptibility, and asthma severity"
118,34505903,2021,2;3;5,FA1;FA8,2,0,Characterizing phenotypic abnormalities associated with high-risk individuals developing lung cancer using electronic health records from the All of Us researcher workbench
119,35505219,2022,1;6,FA1;FA7;FA8,3,0,Revisiting the Latino Epidemiologic Paradox: an Analysis of Data from the All of Us Research Program
120,35472083,2022,3;6;17,FA4;FA7,2,0,Demographic differences in willingness to share electronic health records in the All of Us Research Program
121,34431358,2021,1;6,FA1;FA7;FA8,3,0,Cardiovascular Health Disparities in Racial and Other Underrepresented Groups: Initial Results From the All of Us Research Program
122,36974749,2023,1;2;13,FA1;FA8,2,0,Single Nucleotide Polymorphism rs9277336 Controls the Nuclear Alpha Actinin 4-Human Leukocyte Antigen-DPA1 Axis and Pulmonary Endothelial Pathophenotypes in Pulmonary Arterial Hypertension
123,35704625,2022,1;6;18,FA1;FA7;FA8,3,0,Associations between healthcare utilization and access and diabetic retinopathy complications using All of Us nationwide survey data
124,34363612,2021,12,FA1;FA7,2,0,Prevalence of granuloma annulare in the United States: a cross-sectional study in the All of Us Research Program
125,34358277,2021,1;6,FA1;FA7;FA8,3,0,"Racial, ethnic, and gender differences in obesity and body fat distribution: An All of Us Research Program demonstration project"
126,34333076,2021,12,FA1;FA7,2,0,Comorbidities associated with granuloma annulare: A case-control study in the All of Us research program
127,35721456,2021,1;4;6;18,FA1;FA5;FA7;FA8,4,0,Novel Association between Opioid Use and Increased Risk of Retinal Vein Occlusion Using the National Institutes of Health All of Us Research Program
128,34295127,2021,6;8,FA1;FA7,2,0,Care and Precision Medicine Research in the Time of COVID-19
129,35469045,2022,7,,0,1,Wearable fitness tracker use in federally qualified health center patients: strategies to improve the health of all of us using digital health devices
130,34158555,2021,1;3;6,FA1;FA7;FA8,3,0,Hypertension prevalence in the All of Us Research Program among groups traditionally underrepresented in medical research
131,34139858,2021,1;6;14,FA1;FA7;FA8,3,0,Stroke Disparities Among Nonracial Minorities in the All of Us Research Program
132,34128970,2021,8,FA1,1,0,"Antibodies to Severe Acute Respiratory Syndrome Coronavirus 2 (SARS-CoV-2) in All of Us Research Program Participants, 2 January to 18 March 2020"
133,33942535,2021,5;6;12,FA1;FA7;FA8,3,0,Health care access and utilization among adult cancer survivors: Results from the National Institutes of Health 'All of Us' Research Program
134,35931217,2022,9;12,FA1;FA7,2,0,Association of autoimmune comorbidities with lichen planus: A United States-based case-control study in the All of Us research program
135,38504598,2024,4;6;14,FA1;FA5;FA7,3,0,"Low-Income, Poor Physical Health, Poor Mental Health, and Other Social Risk Factors Are Associated With Decreased Access to Care in Patients With Carpal Tunnel Syndrome"
136,33617706,2021,17,FA4;FA7,2,0,Engaging African-Americans in Research in the Era of Precision Medicine: An All of Us Research Program Initiative
138,33497675,2021,3;18,FA1;FA7,2,0,Predictive Analytics for Glaucoma Using Data From the All of Us Research Program
139,33404595,2021,3,,0,1,Comparison of family health history in surveys vs electronic health record data mapped to the observational medical outcomes partnership data model in the All of Us Research Program
140,35997514,2022,3;6,FA7,1,0,Tinea pedis in underrepresented groups: All of Us database analysis
142,33275082,2020,17,FA4;FA7,2,0,Assessment of the All of Us research program's informed consent process
143,35641135,2022,3,,0,1,Forecasting the future clinical events of a patient through contrastive learning
144,36096320,2022,1;4;13,FA1;FA5;FA8,3,0,Predictors of Unrelieved Symptoms in All of Us Research Program Participants With Chronic Conditions
145,36715356,2023,4;9;12;13,FA1;FA5;FA7,3,0,The association of anxiety with granuloma annulare: a case-control study of the National Institutes of Health 'All of Us' research programme
146,36120878,2022,6;17,FA4;FA7,2,0,Establishing a National Engagement Strategy for Recruiting Asian Americans and Other Minorities into Biomedical Research
147,35662804,2022,6;18,FA1;FA7,2,0,Social Determinants of Health Data Availability for Patients with Eye Conditions
148,35659155,2022,,,0,1,Systemic diseases associated with a diagnosis of achalasia: A case-control study with the All of Us research program
151,38499963,2024,4;5;6;19,FA1;FA5;FA6;FA7;FA8,5,0,The association between neighborhood social and built environment on loneliness among young adults with cancer
152,36152694,2022,4;12,FA1;FA5;FA7,3,0,Alcohol use disorder among adults with atopic dermatitis: A case-control study in the All of Us research program
153,34920126,2021,3,,0,1,Membership inference attacks against synthetic health data
155,32004412,2020,17,FA4;FA7,2,0,Approach to High Volume Enrollment in Clinical Research: Experiences from an All of Us Research Program Site
156,35895053,2022,4;6;8,FA1;FA5;FA7,3,0,Association of Everyday Discrimination With Depressive Symptoms and Suicidal Ideation During the COVID-19 Pandemic in the All of Us Research Program
157,36378394,2022,1;6,FA1;FA7;FA8,3,0,Inadequate Use of Newer Treatments and Glycemic Control by Cardiovascular Risk and Sociodemographic Groups in US Adults with Diabetes in the NIH Precision Medicine Initiative All of Us Research Program
158,36396674,2022,1;6;11,FA1;FA3;FA7;FA8,4,0,Investigation of hypertension and type 2 diabetes as risk factors for dementia in the All of Us cohort
159,36702164,2023,7;15,FA2,1,0,Linking Electronic Health Records With Wearable Technology From the All of Us Research Program
160,36652671,2023,1;2;6,FA1;FA7;FA8,3,0,A practical approach to curate clonal hematopoiesis of indeterminate potential in human genetic data sets
162,36669173,2023,12;14,FA1;FA7,2,0,Migraine among adults with atopic dermatitis: a cross-sectional study in the All of Us research programme
163,36681081,2023,10,FA1;FA4;FA8,3,0,"Functional interpretation, cataloging, and analysis of 1,341 glucose-6-phosphate dehydrogenase variants"
166,36436011,2022,9;12,FA1;FA7,2,0,Association of sarcoidosis with psoriasis: a cross-sectional study in the All of Us research program
168,39567044,2024,1;2;4;6,FA1;FA5;FA7;FA8,4,0,"Associations of Self-Reported Race, Social Determinants of Health, and Polygenic Risk With Coronary Heart Disease"
169,36928128,2023,1;6;18,FA1;FA7;FA8,3,0,Racial Disparities in Barriers to Care for Patients With Diabetic Retinopathy in a Nationwide Cohort
170,36836203,2023,1,FA1;FA8,2,0,Dyslipidemia Treatment and Lipid Control in US Adults with Diabetes by Sociodemographic and Cardiovascular Risk Groups in the NIH Precision Medicine Initiative All of Us Research Program
171,29385589,2018,2;17,FA4;FA7;FA8,3,0,The research participant perspective related to the conduct of genomic cohort studies: A systematic review of the quantitative literature
172,36414097,2022,6;12,FA1;FA7,2,0,Vitiligo in underrepresented communities: An All of Us database analysis
173,34969350,2021,6;18,FA1;FA7,2,0,Social determinants associated with loss of an eye in the United States using the All of Us nationwide database
182,36746242,2023,6;18,FA1;FA7,2,0,Associations between Socioeconomic Factors and Visit Adherence among Patients with Glaucoma in the All of Us Research Program
187,37081803,2023,12,FA1;FA7,2,0,Association between atopic dermatitis and eosinophilic esophagitis: a cross-sectional study in the All of Us Research Program
188,37072623,2023,1;2,FA1;FA8,2,0,"Common and rare variants associated with cardiometabolic traits across 98,622 whole-genome sequences in the All of Us research program"
191,37200348,2023,6,FA7,1,0,Importance of missingness in baseline variables: A case study of the All of Us Research Program
192,37188476,2023,3;6;8,FA1;FA7,2,0,Protocol for developing a personalised prediction model for viral suppression among under-represented populations in the context of the COVID-19 pandemic
193,37178685,2023,,,0,1,Declining autozygosity over time: An exploration in over 1 million individuals from three diverse cohorts
200,36712313,2022,1;2;4;10,FA1;FA4;FA5;FA8,4,0,Cannabis Use and CKD: Epidemiological Associations and Mendelian Randomization
205,37218289,2023,3;8,FA1,1,0,De-black-boxing health AI: demonstrating reproducible machine learning computable phenotypes using the N3C-RECOVER Long COVID model in the All of Us data repository
206,37216451,2023,1;2;11;14,FA1;FA3;FA8,3,0,Higher Hospital Frailty Risk Score Is Associated With Increased Risk of Stroke: Observational and Genetic Analyses
207,37398505,2023,6;9;14,FA1;FA7,2,0,Risk Factors for Multiple Sclerosis Development After Optic Neuritis Diagnosis Using a Nationwide Health Records Database
208,37356625,2023,9;12,FA1;FA7,2,0,Examining the burden of psoriasis and psoriatic arthritis in a US adult cohort using the All of Us Research Program
211,37523618,2023,6;18,FA1;FA7,2,0,"Racial, Ethnic, and Socioeconomic Disparities in Glaucoma Onset and Severity in a Diverse Nationwide Cohort in the United States"
214,36883588,2023,4;12;13,FA1;FA5;FA7,3,0,"Association of alopecia areata with alcohol use disorder, attention-deficit hyperactivity disorder and insomnia: a case-control analysis using the All of Us research programme"
215,38097619,2023,1;2;10,FA1;FA4;FA8,3,0,Polygenic risk alters the penetrance of monogenic kidney disease
217,37585212,2023,6,FA7,1,0,Representation of Race and Ethnicity in the Contemporary US Health Cohort All of Us Research Program
218,37603847,2023,9,FA1,1,0,Prevalence and Treatment Patterns of Inflammatory Bowel Disease in the All of Us Research Program
219,37611751,2023,1;16,FA1;FA4;FA8,3,0,Effect of Metformin Use on Vitamin B12 Deficiency Over Time (EMBER): A Real-World Evidence Database Study
220,37594966,2023,3;4;6,FA1;FA5;FA7,3,0,"Examining sociodemographic correlates of opioid use, misuse, and use disorders in the All of Us Research Program"
221,37679534,2023,5;6,FA1;FA7;FA8,3,0,Nativity differences in socioeconomic barriers and healthcare delays among cancer survivors in the All of Us cohort
226,36398985,2022,6,FA7,1,0,Achieving a Representative Sample of Asian Americans in Biomedical Research Through Community-Based Approaches: Comparing Demographic Data in the All of Us Research Program With the American Community Survey
227,36458881,2022,1;7,FA1;FA8,2,0,Association of Longitudinal Activity Measures and Diabetes Risk: An Analysis From the National Institutes of Health All of Us Research Program
229,36727790,2023,4;6;18,FA1;FA5;FA7,3,0,Evaluation of Depression and Anxiety in a Diverse Population With Thyroid Eye Disease Using the Nationwide NIH All of Us Database
230,,2023,4;6,FA1;FA5;FA7,3,0,Health disparities in the treatment of bipolar disorder
233,37124163,2023,6;8;17,FA1;FA4;FA7,3,0,Modeling the impact of digital readiness in recruiting and sustaining underrepresented groups: Data from the All of Us research program
234,37109001,2023,5;6;17,FA1;FA4;FA7;FA8,4,0,All of Us and the Promise of Precision Medicine: Achieving Equitable Access for Federally Qualified Health Center Patients
235,37107973,2023,1;3,FA1;FA8,2,0,Application of Machine Learning Algorithms to Predict Uncontrolled Diabetes Using the All of Us Research Program Data
236,36809550,2023,3,,0,1,Managing re-identification risks while providing access to the All of Us research program
237,37114382,2023,5;6;12,FA1;FA7;FA8,3,0,Investigating the association between gender minority identity and skin cancer prevalence: A cohort study in the United States All of Us research program
239,39586798,2024,1;6;11,FA1;FA3;FA7;FA8,4,0,Identifying diagnosed major chronic diseases associated with recent housing instability among aging adults: data from the 'All of Us' research program
241,,2024,3;12,FA1;FA7,2,0,Cross-sectional Prevalence Data for Lichen Sclerosis et Atrophicus in the All of Us Database: Implications for Routine Genital Skin Examination
243,36482257,2022,4;6;12,FA1;FA5;FA7,3,0,Psychiatric comorbidities of Hidradenitis suppurativa in underrepresented groups: a case-control study utilizing the all of us research program
244,36529377,2022,9;12,FA1;FA7,2,0,Lichen sclerosus among women with psoriasis: A cross-sectional study in the All of Us research program
245,36529268,2022,4;8,FA1;FA5,2,0,Effect of visual impairment on depression and anxiety during the COVID-19 pandemic in the United States
249,40133288,2025,1;2;3;11;16,FA1;FA3;FA4;FA8,4,0,Leveraging large-scale biobank EHRs to enhance pharmacogenetics of cardiometabolic disease medications
250,36995727,2023,5;6;17,FA1;FA4;FA7;FA8,4,0,Prevalence of Delayed or Forgone Care Due to Patient-Clinician Identity Discordance Among US Cancer Survivors
251,,2023,1;3;6;12;13,FA1;FA7;FA8,3,0,The association of hidradenitis suppurativa with obstructive sleep apnea: A cross‐sectional study using the All of Us database
254,,2024,4,FA1;FA5,2,0,Racial Differences in Incidence of Anxiety and Depression Among Mastectomy and Breast Reconstruction Patients Using the All of Us Database
256,31045611,2019,7,,0,1,Development of the Initial Surveys for the All of Us Research Program
258,35661997,2022,12,FA1;FA7,2,0,Thyroid disorders associated with lichen sclerosus: a case-control study in the All of Us Research Program
265,33704080,2021,6;17,FA4;FA7,2,0,Motivation to Participate in Precision Health Research and Acceptability of Texting as a Recruitment and Intervention Strategy Among Vietnamese Americans: Qualitative Study
267,35927974,2022,3,,0,1,Keeping synthetic patients on track: feedback mechanisms to mitigate performance drift in longitudinal health data simulation
268,36048778,2022,3;5,FA1;FA8,2,0,"An Overview of Cancer in the First 315,000 All of Us Participants"
269,,2022,1;6,FA1;FA7;FA8,3,0,Impact of cardiovascular disease: a literature review of the All of Us Research Program - An NIH Precision Medicine Initiative
271,40135579,2025,1,FA1;FA8,2,0,Patient Predictors of Combination Therapy as Initial Hypertension Treatment: The AOURP (All of Us Research Program) Registry
272,36394556,2022,18,FA1;FA7,2,0,Associations Between Thyroid Eye Disease and Glaucoma Among Those Enrolled in the National Institutes of Health All of Us Research Program
273,36401617,2022,1;4;8;12,FA1;FA5;FA7;FA8,4,0,Lichen planus is associated with depression and anxiety: a cross-sectional study in the All of Us research program
274,40130972,2025,1;13,FA1;FA8,2,0,"Associations between Class I, II, or III Obesity and Health Outcomes"
276,36707438,2023,9;12;13;18,FA1;FA7,2,0,Psoriasis associated with asthma and allergic rhinitis: a US-based cross-sectional study using the All of US Research Program
277,36705447,2023,3;6;9,FA1;FA7,2,0,Sex and Racial Differences in Systemic Lupus Erythematosus Among US Adults in the All of Us Research Program
282,31580791,2019,17,FA4;FA7,2,0,Return of Value in the New Era of Biomedical Research-One Size Will Not Fit All
284,36371759,2022,,,0,1,'Extremely slow and capricious': A qualitative exploration of genetic researcher priorities in selecting shared data resources
286,37163649,2023,5;6,FA1;FA7;FA8,3,0,Socioeconomic and Racial/Ethnic Disparities in Perception of Health Status and Literacy in Spine Oncological Patients: Insights from the All of Us Research Program
287,37459328,2023,5,FA1;FA8,2,0,Family and personal history of cancer in the All of Us research program for precision medicine
292,35013250,2022,1;3,FA1;FA8,2,0,Integrating gene expression and clinical data to identify drug repurposing candidates for hyperlipidemia and hypertension
293,35721298,2022,12,FA1;FA7,2,0,Prevalence of lichen planopilaris in the United States: A cross-sectional study of the All of Us research program
294,36468789,2022,12;18,FA1;FA7,2,0,The association of atopic dermatitis and chronic rhinosinusitis in adults: a cross-sectional study using the All of Us research program
296,36535714,2022,4;6;8,FA1;FA5;FA7,3,0,Effects of housing environments on COVID-19 transmission and mental health revealed by COVID-19 Participant Experience data from the All of Us Research Program in the USA: a case-control study
298,34688700,2021,1;3;6;18,FA1;FA7;FA8,3,0,"The Association among Blood Pressure, Blood Pressure Medications, and Glaucoma in a Nationwide Electronic Health Records Database"
300,37564683,2023,1;12,FA1;FA7;FA8,3,0,Onychogryphosis Is Associated with Dermatologic and Vascular Disease: A Case-Control Study of the All of Us Research Program
302,,2024,1;3;4,FA1;FA5;FA8,3,0,Genes associated with depression and coronary artery disease are enriched for cardiomyopathy and inflammatory phenotypes
306,,2022,1;3;6;10,FA1;FA4;FA7;FA8,4,0,Examining Sickle Cell Trait Associated Clinical Outcomes in the All of Us research Program
309,37523187,2023,1;4;6;8;13,FA1;FA5;FA7;FA8,4,0,Prevalence of 12 Common Health Conditions in Sexual and Gender Minority Participants in the All of Us Research Program
310,37561459,2023,3;5,FA1;FA8,2,0,Alcohol Consumption Among Adults With a Cancer Diagnosis in the All of Us Research Program
311,37557056,2023,1;3;14,FA1;FA8,2,0,Machine learning algorithms to predict major adverse cardiovascular events in patients with diabetes
316,36782129,2023,4;8;18,FA1;FA5;FA7,3,0,Mental health and social support among glaucoma patients enrolled in the NIH All of Us COVID-19 Participant Experience (COPE) survey
317,36763157,2023,6;12,FA1;FA7,2,0,Alopecia areata in underrepresented groups: preliminary analysis of the all of us research program
321,37579839,2023,6;9;12,FA1;FA7,2,0,Underdiagnosis of psoriasis in underrepresented groups: An 'All of Us' database analysis
323,37734665,2023,5;9;12,FA1;FA7;FA8,3,0,Association of psoriasis and systemic lupus erythematosus and mediation effects of tumor necrosis factor-α inhibitors: A cross-sectional study in the All of Us Research Program
328,36216933,2022,1;4;7,FA1;FA5;FA8,3,0,Association of step counts over time with the risk of chronic disease in the All of Us Research Program
329,36435346,2022,1,FA1;FA8,2,0,Kidney Stone Prevalence Based on Self-Report and Electronic Health Records: Insight into the Prevalence of Active Medical Care for Kidney Stones
337,37755822,2023,6;9;12,FA1;FA7,2,0,Barriers to Care Among Sexual and Gender Minority Individuals With Chronic Inflammatory Skin Diseases in the US
342,36173112,2022,8,FA1,1,0,Concordance of SARS-CoV-2 Antibody Results during a Period of Low Prevalence
343,36244557,2022,6;9;12,FA1;FA7,2,0,Racial and ethnic differences in barriers to care among US adults with chronic inflammatory skin diseases: A cross-sectional study of the All of Us Research Program
344,34406131,2021,17,FA4;FA7,2,0,Communicating to Engage: An Improvisational Theater-Based Communication Training Designed to Support Community-Academic Partnership Development
345,31797629,2019,1;2;16,FA1;FA4;FA8,3,0,Frequency of ClinVar Pathogenic Variants in Chronic Kidney Disease Patients Surveyed for Return of Research Results at a Cleveland Public Hospital
346,,2024,3;5,FA1;FA8,2,0,Prostate Cancer Prediction Using Healthcare Utilization Patterns
347,38374346,2024,2,FA8,1,0,"Selection, optimization and validation of ten chronic disease polygenic risk scores for clinical implementation in diverse US populations"
348,38374434,2024,2;5;6;10,FA1;FA4;FA7;FA8,4,0,The frequency of pathogenic variation in the All of Us cohort reveals ancestry-driven disparities
349,38409350,2024,11,FA1;FA3,2,0,Leveraging generative AI to prioritize drug repurposing candidates for Alzheimer's disease with real-world clinical validation
350,38374256,2024,1;2,FA1;FA8,2,0,Genetic drivers of heterogeneity in type 2 diabetes pathophysiology
355,38218218,2024,9,FA1,1,0,Sarcoidosis Is Associated With Hematologic Comorbidities: A Cross-Sectional Study in the All of Us Research Program
356,38363572,2024,2;11;14,FA1;FA3;FA8,3,0,APOE ε4 and Intracerebral Hemorrhage in Patients With Brain Arteriovenous Malformation
357,38452818,2024,5;9;12,FA1;FA7;FA8,3,0,Psoriasis and non-Hodgkin's lymphoma in a diverse sample of U.S. adults: a propensity matched case-control study
358,38510898,2024,5;12,FA1;FA7;FA8,3,0,Nationwide Case-Control Analysis of Merkel Cell Carcinoma and Associated Skin Cancer Comorbidities: An Examination of the All of Us Database
359,39596587,2024,4,FA1;FA5,2,0,"Gene Variant Frequencies of IDO1, IDO2, TDO, and KMO in Substance Use Disorder Cohorts"
360,38639369,2024,1;6;14,FA1;FA7;FA8,3,0,Secondary Prevention in Patients With Stroke Versus Myocardial Infarction: Analysis of 2 National Cohorts
361,38622899,2024,2;4;6,FA1;FA5;FA7;FA8,4,0,Illuminating the landscape of high-level clinical trial opportunities in the All of Us Research Program
362,38622117,2024,2;3,FA8,1,0,An ensemble penalized regression method for multi-ancestry polygenic risk prediction
363,38618708,2024,9;12;13,FA1;FA7,2,0,Characterizing interstitial lung disease in patients with psoriasis: a cross-sectional analysis in the National Institutes of Health's All of Us Research Program
364,38582238,2024,5;12,FA1;FA7;FA8,3,0,Risk of lymphoma in patients with atopic dermatitis: A case-control study in the All of Us database
367,38683037,2024,6,FA7,1,0,How rural is All of Us? Comparing characteristics of rural participants in the National Institute of Health's All of Us Research Program to other national data sources
368,38674269,2024,5;6,FA1;FA7;FA8,3,0,Influence of Health Insurance Types on Clinical Cancer Care Accessibility and Quality Using All of Us Database
374,38591407,2024,6;12,FA1;FA7,2,0,Asian and Hispanic/Latino Patients Are High Risk for Melasma Development in a Cross-Sectional Cohort Study Using the All of Us Database
375,38661598,2024,1;6;14,FA1;FA7;FA8,3,0,Carpal Tunnel Syndrome and Transthyretin Amyloidosis in the All of Us Research Program
376,38653897,2024,5;6,FA1;FA7;FA8,3,0,Racial/Ethnic Disparities: Discrimination's Impact on Health-Related Quality of Life-An All of Us Cancer Survivors' Cross-sectional Study
377,38674446,2024,1,FA1;FA8,2,0,Association between MCU Gene Polymorphisms with Obesity: Findings from the All of Us Research Program
378,38696234,2024,3;4;7;15,FA1;FA2;FA5,3,0,Harnessing Consumer Wearable Digital Biomarkers for Individualized Recognition of Postpartum Depression Using the All of Us Research Program Data Set: Cross-Sectional Study
381,35854430,2022,5;6,FA1;FA7;FA8,3,0,Prevalence of Primary Liver Cancer is Affected by Place of Birth in Hispanic People Residing in the United States: All of Us Research Program Report
382,31259020,2019,,,0,1,A Method for Integrating Healthcare Provider Organization and Research Sponsor Systems and Workflows to Support Large-Scale Studies
383,35511233,2022,3;6;8,FA1;FA7,2,0,Inclusion of social determinants of health improves sepsis readmission prediction models
384,35428700,2022,,,0,1,Condyloma acuminata in under-represented groups: an All of Us database analysis
387,38742457,2024,3,,0,1,To weight or not to weight? The effect of selection bias in 3 large electronic health record-linked biobanks and recommendations for practice
388,38734883,2024,,,0,1,Impact of pruritus on patient fatigue: a cross-sectional study
389,38744179,2024,2;4,FA1;FA5;FA8,3,0,"Distinguishing vulnerability and resilience to posttraumatic stress disorder evaluating traumatic experiences, genetic risk and electronic health records"
390,35641727,2022,6,FA7,1,0,Medication Affordability and Self-Advocacy Among Racial/Ethnic Minorities in a Nationwide Cohort
391,35481920,2022,6;12,FA1;FA7,2,0,Atopic Dermatitis in Underrepresented Groups: An All of Us Database Analysis
392,36334310,2022,1;2;14,FA1;FA8,2,0,Association of a Multiancestry Genome-Wide Blood Pressure Polygenic Risk Score With Adverse Cardiovascular Events
393,36841850,2023,3,,0,1,A fast privacy-preserving patient record linkage of time series data
394,37587338,2023,2,FA8,1,0,Nuclear genetic control of mtDNA copy number and heteroplasmy in humans
396,37169741,2023,3;9,FA1,1,0,A machine learning model identifies patients in need of autoimmune disease testing using electronic health records
397,38634417,2024,,,0,1,DPYD genotyping panels: Impact of population diversity
398,36741312,2023,2;5;17,FA1;FA4;FA7;FA8,4,0,Promoting patient engagement in cancer genomics research programs: An environmental scan
399,32065041,2020,5,FA1;FA8,2,0,"Perceived Risks, Benefits, and Interest in Participating in Environmental Health Studies That Share Personal Exposure Data: A U.S. Survey of Prospective Participants"
400,38787422,2024,6;12,FA1;FA7,2,0,Acne diagnosis patterns in underrepresented groups: an all of us database analysis
401,38783524,2024,12,FA1;FA7,2,0,The Association Between Atopic Dermatitis and Allergic Contact Dermatitis: A Cross-Sectional Analysis Using the All of Us Research Program
402,38775975,2024,1;12;14,FA1;FA7;FA8,3,0,Association of alopecia areata and ischemic heart disease and cerebrovascular in U.S. adults: an all of us database study
404,38807286,2024,12,FA1;FA7,2,0,Prevalence of lichen planopilaris and frontal fibrosing alopecia in the United States: an All of Us database analysis
405,38797745,2024,,,0,1,Association of pruritus and chronic cough: an all of us database study
411,38901799,2024,1;18,FA1;FA7;FA8,3,0,Long-Term Systemic Use of Calcium Channel Blockers and Incidence of Primary Open-Angle Glaucoma
412,38775812,2024,6;9;12,FA1;FA7,2,0,Barriers to care and health-related quality of life among US adults with several common chronic inflammatory skin diseases: a cross-sectional analysis of the NIH All of Us Research Program
413,38776916,2024,1;2;10,FA1;FA4;FA8,3,0,The common p.Ile291Val variant of ERLIN1 enhances TM6SF2 function and is associated with protection against MASLD
414,38796663,2024,4;9;12,FA1;FA5;FA7,3,0,Association between psoriasis and obsessive-compulsive disorder: a case-control study in the All of Us research program
415,38795192,2024,9;12,FA1;FA7,2,0,Rosacea and autoimmune disease: a case-control study in the all of us database
419,38878108,2024,12,FA1;FA7,2,0,Epidemiology of seborrheic dermatitis among adults in the United States: a cross-sectional analysis
420,38854242,2024,1;14,FA1;FA8,2,0,Cardiovascular Implications of Epilepsy: Unraveling the Elevated Risk of Mortality
421,38515211,2024,2;10,FA1;FA4;FA8,3,0,"Diversity of CFTR variants across ancestries characterized using 454,727 UK biobank whole exome sequences"
422,39078117,2024,2;4,FA1;FA5;FA8,3,0,Genomic Analysis Identifies Risk Factors in Restless Legs Syndrome
423,38937606,2024,2,FA8,1,0,A common flanking variant is associated with enhanced stability of the FGF14-SCA27B repeat locus
425,38795861,2024,1;2,FA1;FA8,2,0,Characterizing genetic profiles for high triglyceride levels in U.S. patients of African ancestry
426,38886587,2024,2;6,FA7;FA8,2,0,Calibrated prediction intervals for polygenic scores across diverse contexts
427,38894629,2024,3;4,FA1;FA5,2,0,On the utility of using the All of Us Research Program as a resource to study military service members and veterans
428,38934896,2024,3;4;6,FA1;FA5;FA7,3,0,Estimating substance use disparities across intersectional social positions using machine learning: An application of group-lasso interaction network
429,38920308,2024,3;7,,0,1,Association of Daily Step Count and Postoperative Complication among All of Us Research Participants
430,38917428,2024,3;6;17,FA4;FA7,2,0,Using patient portals for large-scale recruitment of individuals underrepresented in biomedical research: an evaluation of engagement patterns throughout the patient portal recruitment process at a single site within the All of Us Research Program
431,38917426,2024,3;17,FA4;FA7,2,0,All of whom? Limitations encountered using All of Us Researcher Workbench in a Primary Care residents secondary data analysis research training block
437,36775104,2023,1;3;9;12,FA1;FA7;FA8,3,0,Association between psoriasis and celiac disease: A cross-sectional study in the All of Us Research Program
438,36751318,2022,6;12;15,FA1;FA2;FA7,3,0,Tinea versicolour in underrepresented groups: An All of Us database analysis
439,34872990,2021,5;16,FA1;FA4;FA8,3,0,Pharmacogenomic testing and prescribing patterns for patients with cancer in a large national precision medicine cohort
441,27376949,2016,17,FA4;FA7,2,0,Consent Issues in Genetic Research: Views of Research Participants
442,37183953,2023,5;6,FA1;FA7;FA8,3,0,"Disparities in health-related quality of life among lesbian, gay, and bisexual cancer survivors"
443,37315799,2023,9;12,FA1;FA7,2,0,Association of atopic dermatitis with Graves' disease and Hashimoto's thyroiditis: A case-control study in the All of Us research program
450,37407606,2023,4;5;13,FA1;FA5;FA8,3,0,A comprehensive analysis of lung cancer highlighting epidemiological factors and psychiatric comorbidities from the All of Us Research Program
451,37466934,2023,6;12,FA1;FA7,2,0,"Incidence and Prevalence of Diagnosed Vitiligo According to Race and Ethnicity, Age, and Sex in the US"
455,37488318,2023,12;18,FA1;FA7,2,0,Association between uveitis and Lichen planus in the all of us research program
456,37485864,2023,6;11,FA1;FA3;FA7,3,0,Frailty Among Sexual and Gender Minority Older Adults: The All of Us Database
457,37514109,2023,6;16,FA4;FA7;FA8,3,0,"Race, Ethnicity, and Pharmacogenomic Variation in the United States and the United Kingdom"
459,37642640,2023,1;6,FA1;FA7;FA8,3,0,Examining health care access disparities in Hispanic populations with peripheral artery disease and diabetes
460,37671531,2023,6;18,FA1;FA7,2,0,Social and Health Care Utilization Factors Associated With Ophthalmic Visit Nonadherence in Glaucoma: An All of Us Study
461,37771713,2023,7;18,FA1;FA7,2,0,Availability of Physical Activity Tracking Data from Wearable Devices for Glaucoma Patients
467,37215923,2023,4;6;18,FA1;FA5;FA7,3,0,Epidemiology and factors associated with cannabis use among patients with glaucoma in the All of Us Research Program
468,37181330,2023,2;17,FA4;FA7;FA8,3,0,Cloud-based biomedical data storage and analysis for genomic research: Landscape analysis of data governance in emerging NIH-supported platforms
470,36223287,2022,18,FA1;FA7,2,0,Healthcare Access and Utilization Among Glaucoma Patients in a Nationwide Cohort
471,29733733,2018,17,FA4;FA7,2,0,Characteristics Of Likely Precision Medicine Initiative Participants Drawn From A Large Blood Donor Population
474,38008413,2023,1;12,FA1;FA7;FA8,3,0,Association between atopic dermatitis and hypertension and hyperlipidemia: A cross-sectional study in the All of Us Research Program
475,37422735,2023,1,FA1;FA8,2,0,Subtypes of Type 2 Diabetes and Incident Cardiovascular Disease Risk: UK Biobank and All of Us Cohorts
478,37150941,2023,3;16,FA4;FA8,2,0,Drug-Induced Liver Injury with Commonly Used Antibiotics in the All of Us Research Program
479,38008412,2023,9;12;13,FA1;FA7,2,0,Obstructive sleep apnea among patients with psoriasis: A case-control study in the All of Us Research Program
480,37024052,2023,6;12,FA1;FA7,2,0,Rosacea diagnosis and prescription patterns in underrepresented groups: An All of Us database analysis
482,37144784,2023,5;12,FA1;FA7;FA8,3,0,The association of cutaneous squamous cell carcinoma and basal cell carcinoma with solid organ transplantation: a cross-sectional study of the All Of Us Research Program
483,37301967,2023,3;4;6,FA1;FA5;FA7,3,0,Using machine learning to develop a clinical prediction model for SSRI-associated bleeding: a feasibility study
488,37268629,2023,1;2;6,FA1;FA7;FA8,3,0,Evaluating the use of blood pressure polygenic risk scores across race/ethnic background groups
492,37422017,2023,12,FA1;FA7,2,0,Prevalence and comorbidity burden of prurigo nodularis in United States adults enrolled in the All of Us research program
493,37418391,2023,3,,0,1,Learning important common data elements from shared study data: The All of Us program analysis
494,,2023,1;12,FA1;FA7;FA8,3,0,Cutaneous Fungal Infections Associated with Pediatric-Onset Diabetes: A Case-Control Study in the All of Us Research Program
495,37504701,2023,1;3;8;12,FA1;FA7;FA8,3,0,Risk Factors and Treatment Trends for Onychomycosis: A Case-Control Study of Onychomycosis Patients in the All of Us Research Program
497,37614566,2023,3;6;8,FA1;FA7,2,0,Computational phenotyping with the All of Us Research Program: identifying underrepresented people with HIV or at risk of HIV
498,37798822,2023,1;2,FA1;FA8,2,0,Genetic Inhibition of APOL1 Pore-Forming Function Prevents APOL1-Mediated Kidney Disease
500,37788923,2023,4;8,FA1;FA5,2,0,Using All of Us data to examine the mental health change during COVID-19 pandemic among people living with HIV: A longitudinal study protocol
502,37847601,2023,5;8;9;12,FA1;FA7;FA8,3,0,Association of autoimmune hepatitis with melanoma and nonmelanoma skin cancer: a case-control study using the All of Us Research Program
503,37814053,2023,2,FA8,1,0,Age-dependent topic modeling of comorbidities in UK Biobank identifies disease subtypes with differential genetic risk
504,37806529,2023,12,FA1;FA7,2,0,Prevalence of palmoplantar pustulosis in the United States using the All of Us Research database
505,37699866,2023,6;12,FA1;FA7,2,0,Pyoderma gangrenosum in underrepresented patient populations: An All of Us database analysis
506,37863200,2023,12,FA1;FA7,2,0,Associations between ichthyosis and mood disorders: A case-control study in the All of Us Research Program
509,39442069,2024,1;4;7;11;14,FA1;FA3;FA5;FA8,4,0,Life's Essential 8 and Poor Brain Health Outcomes in Middle-Aged Adults
510,39441983,2024,2;6;17,FA4;FA7;FA8,3,0,Equitable community-based participatory research engagement with communities of color drives All of Us Wisconsin genomic research priorities
511,39472690,2024,1;13,FA1;FA8,2,0,U.S. weight trends: a longitudinal analysis of an NIH-partnered dataset
523,39540435,2024,4,FA1;FA5,2,0,Hyponatremia Associated with the Use of Common Antidepressants in the All of Us Research Program
524,39520444,2024,1;2;10;14,FA1;FA4;FA8,3,0,Cardiovascular Risk Factors and Genetic Risk in Transthyretin V142I Carriers
525,39519425,2024,6;17,FA4;FA7,2,0,Community-Engaged Approaches for Improving the Inclusion of Diverse Communities in a Nutrition Clinical Trial
529,39445291,2024,5;6,FA1;FA7;FA8,3,0,FBXW7 as a Factor of the African American and White Breast Cancer Racial Disparity
530,39401251,2024,6,FA7,1,0,Health disparities in the risk of severe acidosis: real-world evidence from the All of Us cohort
531,,2024,1;4;7;8,FA1;FA5;FA8,3,0,Examining the longitudinal effect of depressive symptoms on physical activity in persons with type 2 diabetes during the COVID-19 pandemic
532,37456268,2023,17,FA4;FA7,2,0,Building research capacity at FQHCs: A model of support from the All of Us Research Program
533,39523203,2024,3;5;6,FA1;FA7;FA8,3,0,Disparities in cervical cancer screening rates and electronic health record completeness among All of Us Research Program participants
534,39558002,2024,2;3;4;7,FA1;FA5;FA8,3,0,Integrating genome-wide information and wearable device data to explore the link of anxiety and antidepressants with pulse rate variability
535,39549270,2024,1;2,FA1;FA8,2,0,Evaluating Performance and Agreement of Coronary Heart Disease Polygenic Risk Scores
536,39547326,2024,1;9,FA1;FA8,2,0,Nonsteroidal immune-modulating therapies and reduced risk of adverse cardiovascular events in dermatomyositis and polymyositis: A cohort study in the All of Us research program
537,39585167,2024,1;3;4;16,FA1;FA4;FA5;FA8,4,0,Discovering Severe Adverse Reactions From Pharmacokinetic Drug-Drug Interactions Through Literature Analysis and Electronic Health Record Verification
538,39607789,2024,10,FA1;FA4;FA8,3,0,Functional analysis of G6PD variants associated with low G6PD activity in the All of Us Research Program
539,39411236,2024,12,FA1;FA7,2,0,Demographics and lifestyle factors of patients with hidradenitis suppurativa: An All of Us database analysis
540,39617681,2024,5;6,FA1;FA7;FA8,3,0,Exploring prostate-specific antigen (PSA) Testing rates and screening disparities in the all of us dataset
541,39577476,2024,5;12,FA1;FA7;FA8,3,0,"A collaborative effort between dermatologists, obstetrician-gynecologists, urologists, and family medicine physicians to rethink routine genitourinary examinations: The overlooked importance of screening for genital squamous cell carcinoma in situ"
545,39482947,2024,4;6,FA1;FA5;FA7,3,0,Disparities in Treatment for Alcohol Use Disorder Among All of Us Participants
549,39441603,2024,1;2;16,FA1;FA4;FA8,3,0,Utility of a Systolic Blood Pressure Polygenic Risk Score With Chlorthalidone Response
550,38284183,2024,6;12,FA1;FA7,2,0,"An analysis of demographics, lifestyle factors and comorbidities of pemphigus in underrepresented groups: A cross-sectional study of the All of Us database"
552,40176990,2024,3;8;12,FA1;FA7,2,0,Nail Clubbing: A Dermatologic Window into Underlying Systemic Disease - an All of Us Study
553,39326396,2024,9;12,FA1;FA7,2,0,Rosacea and Gastrointestinal Diseases: A Case-Control Study in the All of Us Database
558,39652924,2024,1;5;12,FA1;FA7;FA8,3,0,Increased Serum Vitamin D and Decreased Serum Cholesterol Are Associated with Development of Squamous Cell Carcinoma in Actinic Keratosis Patients: A Retrospective Machine-Learning Analysis of the All of Us Database
559,38399414,2024,1,FA1;FA8,2,0,Glucagon-like Peptide-1 Receptor Agonists Associated Gastrointestinal Adverse Events: A Cross-Sectional Analysis of the National Institutes of Health All of Us Cohort
560,39503954,2024,3;6;12,FA1;FA7,2,0,"Gender, race, and economic factors influencing screening practices in hidradenitis suppurativa: a cross-sectional analysis"
561,39392397,2024,12,FA1;FA7,2,0,"A case-control study of bacterial, fungal, and viral skin infections in 9,143 adults with hyperhidrosis"
562,39545358,2024,3;6,FA7,1,0,Research for all: building a diverse researcher community for the All of Us Research Program
563,39536018,2024,12;19,FA1;FA6;FA7,3,0,"Association between fine particulate matter and eczema: A cross-sectional study of the All of Us Research Program and the Center for Air, Climate, and Energy Solutions"
564,39511894,2024,1;9,FA1;FA8,2,0,Exploring the link between celiac disease and obesity: a potential role of gut microbiome
565,39526879,2024,1;4;5;6,FA1;FA5;FA7;FA8,4,0,Alcohol and Cannabis Use Associated with Cardiometabolic Biomarkers among 'All of Us' Cancer Survivors
566,39520911,2024,2;4;5,FA1;FA5;FA8,3,0,Genomic insights for personalised care in lung cancer and smoking cessation: motivating at-risk individuals toward evidence-based health practices
567,39569403,2024,1;6,FA1;FA7;FA8,3,0,Comorbidities and determinants of health on heart failure guideline-directed medical therapy adherence: All of us
569,39546165,2024,5,FA1;FA8,2,0,The genetic landscape of Lynch syndrome in the Israeli population
574,39576824,2024,4;6,FA1;FA5;FA7,3,0,Correlates of six-month housing instability among U.S. adults by veteran status: Exploratory study using data from the All of Us Program
575,39573984,2024,4;12,FA1;FA5;FA7,3,0,The association of hidradenitis suppurativa with cigarette smoking and cannabis use: a cross-sectional study in the All of Us Research Program
581,39576343,2024,12,FA1;FA7,2,0,Exploring health and social self-perceptions in U.S. adults with alopecia areata
582,39627863,2024,2;5;6,FA1;FA7;FA8,3,0,Using multiplexed functional data to reduce variant classification inequities in underrepresented populations
584,39712367,2024,1;6,FA1;FA7;FA8,3,0,Racial and ethnic disparities in the burden of non-obese type 2 diabetes using different anthropometric measurements
585,39657748,2024,3,,0,1,Informatics innovation to provide return of value to participant communities in the All of Us Research Program
586,39658142,2025,6;18,FA1;FA7,2,0,Social determinants of health as risk factors for keratoconus in the All of Us database
587,39658010,2024,6;7,FA7,1,0,Analysis of Physical Activity Using Wearable Health Technology in US Adults Enrolled in the All of Us Research Program: Multiyear Observational Study
588,39657951,2024,2;3,FA8,1,0,PheWAS analysis on large-scale biobank data with PheTK
589,39661558,2024,4;6,FA1;FA5;FA7,3,0,The Association of Social Determinants of Health With Reported Daily Pain Scores Among Patients With a History of Chronic Pain Using the 'All of Us' Research Program
590,39660572,2024,6;12,FA1;FA7,2,0,The association of Hidradenitis Suppurativa with comorbidities in underrepresented patient populations: An All of Us database analysis
591,39670849,2024,18,FA1;FA7,2,0,Association Between Alcohol Use and Primary Open Angle Glaucoma
592,39657738,2024,2,FA8,1,0,Fast analysis of biobank-size data and meta-analysis using the BGLR R-package
594,39715077,2024,4;6,FA1;FA5;FA7,3,0,Associations Between Social Determinants of Health and Opioid-Use Disorder Among Chronic Pain Patients From a Multi-Institutional Dataset
595,39697788,2024,6,FA7,1,0,"Comparing two large data repositories to understand the differences in demographics, health history, and behavioral attributes in populations"
596,39693078,2024,,,0,1,Expanding the All of Us Research Platform Into the Perioperative Domain
597,39670378,2024,1;2;5;6;15,FA1;FA2;FA7;FA8,4,0,Social Determinants of Health and Lifestyle Risk Factors Modulate Genetic Susceptibility for Women's Health Outcomes
601,39572784,2024,1;2;10,FA1;FA4;FA8,3,0,Genome-wide association study reveals mechanisms underlying dilated cardiomyopathy and myocardial resilience
605,39630677,2024,5;12;16,FA1;FA4;FA7;FA8,4,0,Metformin Use and Risk of Non-Melanoma Skin Cancer: A Propensity-Matched Case-Control Study
606,39755829,2025,7;19,FA6,1,0,Data from the All of Us research program reinforces existence of activity inequality
608,39742657,2024,3;4;15,FA1;FA2;FA5,3,0,Using Machine Learning to Predict Weight Gain in Adults: an Observational Analysis From the All of Us Research Program
610,39584661,2024,5;6;8,FA1;FA7;FA8,3,0,Early COVID-19 Vaccine Initiation and Completion Among Cancer Survivors and Barriers to Vaccine Completion: Implications for Future COVID-19 Vaccination Uptake Rates
614,39596129,2024,2,FA8,1,0,Genomic and Bioinformatics Analysis of Familial Partial Lipodystrophy Type 3 Identified in a Patient with Novel PPARγ Mutation and Robust Response to Pioglitazone
621,39701068,2024,4,FA1;FA5,2,0,The Relationship Between Blepharoptosis and Psychosocial Health in the All of Us Research Program
622,39746513,2024,18,FA1;FA7,2,0,Biological sex differences in rhinitis prevalence among adults in the United States: An 'All of Us' Research Program database analysis
624,39758847,2024,1;5;16,FA1;FA4;FA8,3,0,"Association of Statin, Metformin, and Aspirin Use With Hepatocellular Carcinoma in the All of Us Research Program"
625,39788943,2025,5,FA1;FA8,2,0,Impact of population screening for Lynch syndrome insights from the All of Us data
626,39788837,2025,6,FA7,1,0,"A socioecological model of neighborhood disorder, religious attendance, and sleep efficiency"
627,39791526,2025,9;12,FA1;FA7,2,0,Epidemiology of discoid lupus erythematosus among adults in the United States: a cross-sectional analysis
628,39786404,2024,2;3;4,FA1;FA5;FA8,3,0,Alcohol Use Disorder Polygenic Score Compared With Family History and ADH1B
629,39628897,2024,11;14,FA1;FA3,2,0,Factors associated with unfavorable outcomes in older patients with traumatic brain injury: analysis from the 'All of Us' research program
630,39627187,2024,1;2,FA1;FA8,2,0,"A phenome-wide association study of tandem repeat variation in 168,554 individuals from the UK Biobank"
632,38264803,2024,17,FA4;FA7,2,0,"The State of National Institute of Health Awards for funding genetic counseling research, resources, and training over the past decade"
633,39669589,2024,2,FA8,1,0,Tracking updates in clinical databases increases efficiency for variant reanalysis
635,39756691,2025,1;18,FA1;FA7;FA8,3,0,High-Density Lipoproteins Associated with Age-Related Macular Degeneration in the All of Us Research Program
636,39799398,2025,2;6,FA7;FA8,2,0,Intersection of rare pathogenic variants from TCGA in the All of Us Research Program v6
646,39794311,2025,2;6;8,FA1;FA7;FA8,3,0,Medical history predicts phenome-wide disease onset and enables the rapid response to emerging health threats
648,39745895,2025,5;6,FA1;FA7;FA8,3,0,"An intersectional analysis of behavioral financial hardship and healthcare utilization among lesbian, gay, bisexual, transgender, queer, plus cancer survivors"
649,39804394,2025,1;3;9,FA1;FA8,2,0,Quantification of reduced renal function in patients with autoimmune bullous diseases: a matched case-control electronic health record analysis of the all of us database
651,39842729,2025,2,FA8,1,0,Genome-Wide and Rare Variant Association Studies of Amblyopia in the All of Us Research Program
652,39842728,2025,6;18,FA1;FA7,2,0,Barriers to Health Care Access and Use among Racial and Ethnic Minorities with Noninfectious Uveitis
653,39853748,2025,15;18,FA1;FA2;FA7,3,0,Association of Menopause and Rhinitis Among Adult Women in the United States: Findings from the All of Us Research Program
654,39825822,2025,2;6,FA7;FA8,2,0,Characterization of the phenotypic consequences of the Duffy-null genotype
655,39868617,2025,3;4;6;11;18,FA1;FA3;FA5;FA7,4,0,Hearing Loss and Discrimination: Evidence of Intersectionality in the All of Us Research Program
656,39865752,2025,6;15,FA2;FA7,2,0,Prevalence of female hirsutism and PCOS in the United States: A cross-sectional study
657,39883593,2025,3;6,FA7,1,0,Racial/Ethnic Disparities in Perception of Health Literacy and Barriers to Care Among Cervical Stenosis Patients
658,39874495,2025,2;5;10,FA1;FA4;FA8,3,0,Coding Variants of the Genitourinary Development Gene WNT9B Carry High Risk for Prostate Cancer
660,39813673,2025,3;6;17,FA4;FA7,2,0,"Building a Digital Health Research Platform to Enable Recruitment, Enrollment, Data Collection, and Follow-Up for a Highly Diverse Longitudinal US Cohort of 1 Million People in the All of Us Research Program: Design and Implementation Study"
661,39810438,2025,4;6,FA1;FA5;FA7,3,0,Associations between social determinants of health and mental health disorders among U.S. population: a cross-sectional study
662,39969595,2025,3;5,FA1;FA8,2,0,The potential impact of ACOG guideline changes on genital melanoma detection rates in females: a retrospective cross-sectional analysis and implications for clinical practice
663,39968724,2025,6;14,FA1;FA7,2,0,Structural Inequities in Brain Trauma Outcome Prevalences Reported in the All of Us Database
667,39808608,2025,6;12,FA1;FA7,2,0,Epidemiological trends and healthcare disparities in onychomycosis: An analysis of the All of Us research program
668,38621331,2024,4,FA1;FA5,2,0,The sex-dependent impact of adipose tissue and inflammation on chronic pain - A cross-sectional study from the all of us research program
669,38606002,2023,9,FA1,1,0,Autoimmune comorbidities associated with sarcoidosis: a case-control study in the All of Us research program
670,38536175,2024,1;2;7,FA1;FA8,2,0,Physical Activity and Incident Obesity Across the Spectrum of Genetic Risk for Obesity
671,38669290,2024,2,FA8,1,0,Correlation-based tests for the formal comparison of polygenic scores in multiple populations
672,38662231,2024,12;14,FA1;FA7,2,0,Investigating the link between rosacea and neurological diseases: an all of us case-control study
673,38703376,2024,1;4;9;12,FA1;FA5;FA7;FA8,4,0,"Autoimmune, cardiovascular/metabolic and psychiatric comorbidities associated with rosacea: a cross-sectional study in the All of Us database"
674,38715437,2024,3;4;6;8,FA1;FA5;FA7,3,0,The prevalence of major depressive disorder in people with HIV: Results from the All of Us Research Program
675,38587197,2024,,,0,1,Discovery of a polymorphic gene fusion via bottom-up chimeric RNA prediction
676,38599938,2024,6;8,FA1;FA7,2,0,"Delays in Care by Race, Ethnicity, and Gender Before and During the COVID-19 Pandemic Using Cross-Sectional Data From the National Institutes of Health's All of Us Research Program"
677,38432429,2024,1;6;17,FA1;FA4;FA7;FA8,4,0,Access to Care and Health Care Utilization Among Patients With Nephrolithiasis
678,38714212,2024,3;4;7,FA1;FA5,2,0,Predicting Postoperative Pain and Opioid Use with Machine Learning Applied to Longitudinal Electronic Health Record and Wearable Data
679,38733114,2024,6,FA7,1,0,A model for supporting biomedical and public health researcher use of publicly available All of Us data at Historically Black Colleges and Universities
680,38734810,2024,5;12,FA1;FA7;FA8,3,0,Examining the association of non-melanoma skin cancer with immunomodulatory conditions: a cross-sectional analysis of the All of Us database
681,35704313,2022,4;12,FA1;FA5;FA7,3,0,Depression and Anxiety in Patients With Lichen Sclerosus
682,35817334,2022,12,FA1;FA7,2,0,Comorbidities associated with mycosis fungoides: A case-control study in the All of Us database
683,35620324,2022,12,FA1;FA7,2,0,Prevalence of pityriasis rosea in the United States: A cross-sectional study using the All of Us database
684,35662661,2022,4;12,FA1;FA5;FA7,3,0,Psychiatric comorbidities associated with granuloma annulare: A case-control study in the All of Us database
685,36103173,2022,3;4,FA1;FA5,2,0,Characterizing and Coding Psychiatric Diagnoses Using Electronic Health Record Data-Reply
686,37253541,2023,2,FA8,1,0,Discordant calls across genotype discovery approaches elucidate variants with systematic errors
687,37301740,2023,6,FA7,1,0,Systematic design and data-driven evaluation of social determinants of health ontology (SDoHO)
690,38598551,2024,2;5,FA1;FA8,2,0,Benchmarking multi-ancestry prostate cancer polygenic risk scores in a real-world cohort
691,38589773,2024,12;13;18,FA1;FA7,2,0,Association of lichen planus with asthma and allergic rhinitis in the All of Us Research Program: a cross-sectional study
692,38588912,2024,,,0,1,Pemphigoid and atopy: A case-control study in the All of Us database
693,38583580,2024,3,,0,1,Discovering clinical drug-drug interactions with known pharmacokinetics mechanisms using spontaneous reporting systems and electronic health records
694,36941441,2023,2,FA8,1,0,Causal effects on complex traits are similar for common variants across segments of different continental ancestries within admixed individuals
695,36921806,2023,6;12,FA1;FA7,2,0,Epidemiology of alopecia areata in the Hispanic/Latinx community: A cross-sectional analysis of the All of Us database
696,37495709,2023,4;12,FA1;FA5;FA7,3,0,Association of atopic dermatitis with schizophrenia and schizoaffective disorder
697,37396811,2023,6,FA7,1,0,"Antibiotic prescribing by age, sex, race, and ethnicity for patients admitted to the hospital with community-acquired bacterial pneumonia (CABP) in the All of Us database"
700,38788889,2024,3,,0,1,Identifying erroneous height and weight values from adult electronic health records in the All of Us research program
702,38893680,2024,1;3,FA1;FA8,2,0,Machine Learning Approach with Harmonized Multinational Datasets for Enhanced Prediction of Hypothyroidism in Patients with Type 2 Diabetes
708,38960729,2024,1;3;6;14,FA1;FA7;FA8,3,0,Fair prediction of 2-year stroke risk in patients with atrial fibrillation
709,38959998,2024,6;18,FA1;FA7,2,0,Social Factors Associated with the Risk of Glaucoma Suspect Conversion to Glaucoma: Analysis of the Nationwide All of Us Program
710,38955839,2024,4;6;12,FA1;FA5;FA7,3,0,Hidradenitis suppurativa and psychosocial well-being: a cross-sectional survey analysis from the All of Us research program
711,38951922,2024,3,,0,1,Benchmarking computational variant effect predictors by their ability to infer human traits
712,38951294,2024,9;12,FA1;FA7,2,0,"Increased risk of allergic contact dermatitis in patients with cutaneous lichen planus and lichen planopilaris, but not cutaneous lupus erythematosus: An all of us database analysis"
715,38940474,2024,11,FA1;FA3,2,0,Investigating the Protective Role of the Mitochondrial 2158 T > C Variant in Parkinson's Disease
716,,2024,4,FA1;FA5,2,0,Mental health services utilization by rurality: Evidence from the National Institutes of Health All of Us Research Program
717,39659651,2024,4;12,FA1;FA5;FA7,3,0,"Alopecia Areata Is Associated with Posttraumatic Stress Disorder and Alcohol Use in a Case-Control Study of 4,785 Patients"
718,38986176,2024,4;5;6,FA1;FA5;FA7;FA8,4,0,Elucidating the influences of social determinants of health on perceived overall health among African American/Black and Hispanic ovarian cancer survivors using the NIH All of Us Research Program
719,39030265,2024,1;7,FA1;FA8,2,0,Sleep patterns and risk of chronic disease as measured by long-term monitoring with commercial wearable devices in the All of Us Research Program
720,39026566,2024,6,FA7,1,0,Weighting the United States All of Us Research Program data to known population estimates using raking
721,39013656,2024,3;6;8;11,FA1;FA3;FA7,3,0,"Comparing COVID-19 vaccination coverage, adverse reactions and impact of social determinants of health on vaccine hesitancy in ADRD/MCI and non-ADRD/MCI population: protocol for a retrospective cross-sectional study"
722,39003521,2024,1;6,FA1;FA7;FA8,3,0,Model-based estimation of individual-level social determinants of health and its applications in All of Us
724,39021232,2024,6;12,FA1;FA7,2,0,Atopic Dermatitis Prescription Patterns in Underrepresented Groups: An All of Us Database Analysis
729,38781589,2024,1;6;15,FA1;FA2;FA7;FA8,4,0,Prevalence of Weight Stigma in Medical Settings Among Reproductive-Aged Women in the All of Us Study
730,38967855,2024,12,FA1;FA7,2,0,Top 20 dermatologic conditions affecting adult patients of color in the United States: insights from an All of Us Database analysis
731,38957840,2024,9;12,FA1;FA7,2,0,Psoriasis is associated with increased risk of other autoimmune diseases: A retrospective case-control study using the All of Us research database
732,38981117,2024,3;17,FA4;FA7,2,0,Research to classrooms: a co-designed curriculum brings All of Us data to secondary schools
733,38981110,2024,6,FA7,1,0,Use of calibration to improve the precision of estimates obtained from All of Us data
734,38968223,2024,2,FA8,1,0,Phenome-wide association study identifies new clinical phenotypes associated with Staphylococcus aureus infections
735,38773065,2024,1;2;3;14,FA1;FA8,2,0,Deep learning of left atrial structure and function provides link to atrial fibrillation risk
736,39043412,2024,3;15,FA2,1,0,Pregnancy episodes in All of Us: harnessing multi-source data for pregnancy-related research
738,39058572,2024,1;2;3;5;6,FA1;FA7;FA8,3,0,Multi-modality risk prediction of cardiovascular diseases for breast cancer cohort in the All of Us Research Program
739,,2024,3,,0,1,ICD Codes are Insufficient to Create Datasets for  Machine Learning: An Evaluation Using All of Us  Data for Coccidioidomycosis and Myocardial  Infarction
741,36706849,2023,1;3,FA1;FA8,2,0,Evaluating and mitigating bias in machine learning models for cardiovascular disease prediction
742,39058629,2024,4,FA1;FA5,2,0,An evaluation of the All of Us Research Program database to examine cumulative stress
743,39085582,2024,6,FA7,1,0,Racial Disparities in Cost and Non-Cost Barriers to Care: An Analysis of the All of Us Survey
744,39078278,2024,3;6;8;11,FA1;FA3;FA7,3,0,Assessing how frailty and healthcare delays mediate the association between sexual and gender minority status and healthcare utilization in the All of Us Research Program
745,39081307,2024,12,FA1;FA7,2,0,Sweet syndrome associated with moderate leukocyte adhesion deficiency type I: a case report and review of the literature
748,38976304,2024,1;6;18,FA1;FA7;FA8,3,0,Association of Social Determinants of Health With the Likelihood of Treatment With Laser Trabeculoplasty in a US Database
749,39038968,2024,6,FA7,1,0,Health Care Discrimination and Care Avoidance Due to Patient-Clinician Identity Discordance Among Sexual and Gender Minority Adults
750,39056443,2024,3;4;5,FA1;FA5;FA8,3,0,Optimizing pain management in breast cancer care: Utilizing 'All of Us' data and deep learning to identify patients at elevated risk for chronic pain
751,39133059,2024,3;6;18,FA1;FA7,2,0,Assessment of Missing Data on Glaucoma Severity Among Participants in the NIH All of Us Research Program of the United States
752,39178364,2024,3;5,FA1;FA8,2,0,Application of a Data Quality Framework to Ductal Carcinoma In Situ Using Electronic Health Record Data From the All of Us Research Program
753,39196186,2024,1;2,FA1;FA8,2,0,High-proportion spliced-in titin truncating variants in African and European ancestry in the All of Us Research Program
754,39183196,2024,2;3;6;11,FA1;FA3;FA7;FA8,4,0,Improving genetic risk modeling of dementia from real-world data in underrepresented populations
756,39210047,2024,2,FA8,1,0,Rare coding variant analysis for human diseases across biobanks and ancestries
761,38263490,2024,2;5;9;10;11;13;14,FA1;FA3;FA4;FA8,4,0,Comparison of phenomic profiles in the All of Us Research Program against the US general population and the UK Biobank
762,38738530,2024,6,FA7,1,0,All of Us participant perspectives on the return of value in research
763,37865656,2023,1;2,FA1;FA8,2,0,Rare predicted loss of function alleles in Bassoon (BSN) are associated with obesity
764,37885303,2023,2;3;4,FA1;FA5;FA8,3,0,Systematic replication of smoking disease associations using survey responses and EHR data in the All of Us Research Program
765,37454697,2023,4;12,FA1;FA5;FA7,3,0,Association of atopic dermatitis with substance use disorders: A case-control study in the All of Us research program
769,38113267,2023,1;2;8,FA1;FA8,2,0,Uncovering associations between pre-existing conditions and COVID-19 Severity: A polygenic risk score approach across three large biobanks
770,38143510,2023,2;16,FA4;FA8,2,0,"Returning personalized, genetic health test results to individuals of African descent or ancestry in precision medicine research"
771,38160810,2023,1;9,FA1;FA8,2,0,Cardiovascular comorbidities are associated with dermatomyositis: A cross-sectional study in the All of Us Research Program
772,38170607,2024,1;6,FA1;FA7;FA8,3,0,Social Determinants of Health in Idiopathic Intracranial Hypertension
776,38011317,2023,4;12,FA1;FA5;FA7,3,0,Psychiatric comorbidities associated with rosacea: a propensity score-matched case-control study in the All of Us database
778,38049655,2023,6,FA7,1,0,Delays in Accessing Healthcare Across the Gender Spectrum in the All of Us Research Program
779,38149963,2023,4;6;8;18,FA1;FA5;FA7,3,0,"Gender Disparities in Depression, Stress, and Social Support Among Glaucoma Patients"
780,38147345,2023,11;14,FA1;FA3,2,0,Cerebral Amyloid Angiopathy and Risk of Isolated Nontraumatic Subdural Hemorrhage
781,38204174,2024,9;12,FA1;FA7,2,0,Psoriasis associated with inflammatory bowel disease: a cross-sectional analysis in the NIH All of Us Research Program
784,38271102,2024,8,FA1,1,0,Rethinking Data Collection Methods During the Pandemic: Development and Implementation of CATI for the All of Us Research Program
790,39301656,2024,3;7,,0,1,Impact of wearable device data and multi-scale entropy analysis on improving hospital readmission prediction
792,39313293,2024,2,FA8,1,0,Multiancestry transferability of a polygenic risk score for diverticulitis
793,39338093,2024,,,0,1,A Comparative Analysis of Oral Health and Self-Rated Health: 'All of Us Research Program' vs. 'Health and Retirement Study'
794,39323095,2024,2,FA8,1,0,Comparison of methods for building polygenic scores for diverse populations
796,39313475,2024,9,FA1,1,0,Cost-Related Medication Behaviors for Patients With and Without Systemic Autoimmune Rheumatic Diseases
797,39321407,2024,1;4;6;11;14,FA1;FA3;FA5;FA7;FA8,5,0,Brain Health Outcomes in Sexual and Gender Minority Groups: Results From the All of Us Research Program
798,39315597,2024,2;5;10,FA1;FA4;FA8,3,0,Comparing Ancestry Standardization Approaches for a Transancestry Colorectal Cancer Polygenic Risk Score
799,39319220,2024,2;3;7,FA8,1,0,Temporally Multi-Scale Sparse Self-Attention for Physical Activity Data Imputation
801,39337513,2024,18,FA1;FA7,2,0,Potential Involvements of Cilia-Centrosomal Genes in Primary Congenital Glaucoma
802,39331176,2024,,,0,1,Prevalence of erythromelalgia in the United States: a cross-sectional study using the All of Us database
804,39350286,2024,1;6;13,FA1;FA7;FA8,3,0,Intersectionality matters for hispanic health: A replication study using the All of Us Research Program
805,39383630,2024,5;6,FA1;FA7;FA8,3,0,Disparities in contemporary human papilloma virus vaccination uptake among adult women living in the United States: An All of Us Research Program study
806,40734771,2024,6,FA7,1,0,"The truth-default is ubiquitous, but some people experience it more than others"
814,39316441,2024,2;3;5;9;14,FA1;FA8,2,0,Proteogenomic analysis integrated with electronic health records data reveals disease-associated variants in Black Americans
822,39362880,2024,2,FA8,1,0,"Whole-genome sequencing in 333,100 individuals reveals rare non-coding single variant and aggregate associations with height"
825,39362614,2024,1;4;6,FA1;FA5;FA7;FA8,4,0,"Loneliness, Discrimination, Stress, and Type 2 Diabetes Risk in Young Adults"
828,39386309,2024,1;6;12,FA1;FA7;FA8,3,0,Onychocryptosis Is Associated with Low Income in a Matched Cohort Study Using the All of Us Database
829,39409914,2024,2;5;6,FA1;FA7;FA8,3,0,Genomic and Socioeconomic Determinants of Racial Disparities in Breast Cancer Survival: Insights from the All of Us Program
831,39405295,2024,17,FA4;FA7,2,0,Improving follow-up survey completion rates through pilot interventions in the All of Us Research Program: Results from a non-randomized intervention study
832,39425681,2024,4;12,FA1;FA5;FA7,3,0,Bipolar disorder among individuals with atopic dermatitis: a case-control study in the All of Us Research Program
833,39424024,2024,4;9;18,FA1;FA5;FA7,3,0,Associations Between Dry Eye Disease and Mental Health Conditions in the All of Us Research Program
834,39400730,2024,5;6;12,FA1;FA7;FA8,3,0,Racial and ethnic differences in healthcare access and utilization among U.S. adults with melanoma and keratinocyte carcinomas in the NIH All of Us Research Program
845,,2024,1;3;6;14,FA1;FA7;FA8,3,0,197 Atherosclerotic cardiovascular disease risk in underrepresented populations: insights from the All of Us Research Program
846,39420706,2024,2;8;9,FA1;FA8,2,0,Genetic Analysis of Asymptomatic Antinuclear Antibody Production
848,39400111,2024,1;12,FA1;FA7;FA8,3,0,Association between atopic dermatitis and peripheral vascular disease: a cross-sectional study in the All of Us Research Program
854,39415980,2024,8,FA1,1,0,Analysis of rare genetic variants in All of Us cohort patients with common variable immunodeficiency
855,39413320,2024,12,FA1;FA7,2,0,Melasma Risk Factors: A Matched Cohort Study Using Data From the All of Us Research Program
856,39412882,2024,1;2;16,FA1;FA4;FA8,3,0,Familial Renal Glucosuria and Potential Pharmacogenetic Impact on Sodium-Glucose Cotransporter-2 Inhibitors
859,39444500,2024,3,,0,1,"US public health surveillance, reimagined"
864,39052991,2024,6,FA7,1,0,Engagement with health research summaries via digital communication to All of Us participants
865,39051523,2024,1;6,FA1;FA7;FA8,3,0,Racial and Ethnic Disparities in Antihypertensive Medication Prescribing Patterns and Effectiveness
866,39095751,2024,6;8,FA1;FA7,2,0,"Sexual orientation, gender identity and virologic failure among people with HIV: a cohort study in all of US research program"
867,39093943,2024,17,FA4;FA7,2,0,Sounding out solutions: using SONAR to connect participants with relevant healthcare resources
868,39074173,2024,3,,0,1,Returning value from the All of Us Research Program to PhD-level nursing students using ChatGPT as programming support: results from a mixed-methods experimental feasibility study
872,39094953,2024,1;3;18,FA1;FA7;FA8,3,0,Associations between Statin Use and Glaucoma in the All of Us Research Program
873,39079943,2024,1;12,FA1;FA7;FA8,3,0,Factors associated with pityriasis versicolor in a large national database
874,41661751,2024,4;6,FA1;FA5;FA7,3,0,"The role of social determinants of health in mental health: An examination of the moderating effects of race, ethnicity, and gender on depression through the all of us research program dataset"
875,39112476,2024,2;15,FA2;FA8,2,0,"Genetic determinants and phenotypic consequences of blood T-cell proportions in 207,000 diverse individuals"
876,39111815,2024,2;3;9,FA1;FA8,2,0,Secure discovery of genetic relatives across large-scale and distributed genomic data sets
877,39110336,2024,4;6,FA1;FA5;FA7,3,0,Lice in adult patients is associated with psychiatric comorbidities and unstable housing in a matched case-control study using the All of Us Database
880,39132911,2024,1;2,FA1;FA8,2,0,The AORTA Gene score for detection and risk stratification of ascending aortic dilation
881,39062005,2024,17;18,FA1;FA4;FA7,3,0,Clinical Genetic Testing for Hearing Loss: Implications for Genetic Counseling and Gene-Based Therapies
882,39083847,2024,1;6,FA1;FA7;FA8,3,0,"Sex-based disparities with cost-related medication adherence issues in patients with hypertension, ischemic heart disease, and heart failure"
883,39080080,2024,5;6;12,FA1;FA7;FA8,3,0,"Association of age, gender, race, and socioeconomic status with ratio of basal cell to squamous cell carcinoma in underrepresented groups: a cross-sectional analysis"
885,39098982,2024,1;12,FA1;FA7;FA8,3,0,Association of Cardiovascular Disease and Chronic Spontaneous Urticaria: A Case-Control Study
886,39138951,2024,2,FA8,1,0,"Balancing efficacy and computational burden: weighted mean, multiple imputation, and inverse probability weighting methods for item non-response in reliable scales"
887,39135439,2024,3,,0,1,Empowering the biomedical research community: Innovative SAS deployment on the All of Us Researcher Workbench
888,39135826,2024,6;9,FA1;FA7,2,0,Racial and Ethnic Disparities Within Social Determinants of Health Amongst Patients With Systemic Lupus Erythematosus
890,39781537,2025,,,0,1,Real World Data Versus Probability Surveys for Estimating Health Conditions at the State Level
891,39827279,2025,2,FA8,1,0,Polygenic overlap with granulocyte counts identifies novel loci for clozapine metabolism and clozapine-induced agranulocytosis
892,38038754,2023,4;12,FA1;FA5;FA7,3,0,Obsessive-compulsive disorder among patients with atopic dermatitis: a case-control study in the All of Us research program
893,38045036,2023,1;2;3;6,FA1;FA7;FA8,3,0,Ancestry-attenuated effects of socioeconomic deprivation on type 2 diabetes disparities in the All of Us cohort
894,38038739,2023,6,FA7,1,0,Keloids and associated comorbidities in underrepresented populations: a cross-sectional analysis of the All of Us database
896,39172282,2024,6;12,FA1;FA7,2,0,"Impact on quality of life, health care access, and health care utilization of individuals with vitiligo: an analysis of the All of Us research program"
897,,2024,1;3;6,FA1;FA7;FA8,3,0,Social Determinants of Health to Predict Type 2 Diabetes
903,39172387,2024,,,0,1,Communicating research findings as a return of value to All of Us Research Program participants: insights from staff at Federally Qualified Health Centers
904,39158908,2024,1;6;14;19,FA1;FA6;FA7;FA8,4,0,"Contextual Deprivation, Race and Ethnicity, and Income in Air Pollution and Cardiovascular Disease"
907,38774345,2024,1;12,FA1;FA7;FA8,3,0,Alopecia areata and cardiovascular comorbidities: A cross-sectional analysis of the All of Us research program
908,39212461,2024,5;6;8;12,FA1;FA7;FA8,3,0,Higher odds of squamous cell carcinoma in sexual minority males compared with heterosexual males is mediated by HIV status in a mediation analysis of 13 687 participants
909,39222370,2024,1;3;6,FA1;FA7;FA8,3,0,Socioeconomic disparities in kidney transplant access for patients with end-stage kidney disease within the All of Us Research Program
910,39219888,2024,6;12,FA1;FA7,2,0,"Medical, Environmental, and Social Determinants Associated With Periocular Cutaneous Malignancies in the United States Using the All of Us National Database"
911,39213390,2024,3;6,FA7,1,0,Landscape of racial and ethnic health disparities in the All of Us Research Program
913,39231067,2024,4;6,FA1;FA5;FA7,3,0,"Cigarette smoking, e-cigarette use, and sociodemographic correlates of mental health and tobacco-related disease risk in the All of Us Research Program"
916,39163132,2024,1;2,FA1;FA8,2,0,Protein-truncating variant in APOL3 increases chronic kidney disease risk in epistasis with APOL1 risk alleles
917,38508198,2024,2,FA8,1,0,Integrative polygenic risk score improves the prediction accuracy of complex traits and diseases
918,39222019,2024,1,FA1;FA8,2,0,"Rare Genetic Variants in LDLR, APOB, and PCSK9 Are Associated With Aortic Stenosis"
919,39259934,2024,3,,0,1,Experiences in providing a community educational resource for the All of Us Researcher Workbench
920,39254529,2024,3,,0,1,Navigating electronic health record accuracy by examination of sex incongruent conditions
921,39248157,2024,1,FA1;FA8,2,0,Semaglutide use in people with obesity and type 2 diabetes from real-world utilization data: An analysis of the All of US Program
922,39243700,2024,5;6;8,FA1;FA7;FA8,3,0,Hispanic individuals' cervical cancer screening disparities amidst the COVID-19 pandemic
923,39239849,2024,8;12,FA1;FA7,2,0,Molluscum contagiosum is associated with atopic dermatitis and sexually transmitted infections in a matched case-control study using a national database
928,,2024,1;2;6,FA1;FA7;FA8,3,0,Beyond Risk: Exploring Genetic Determinants of T2DN Resilience in the All of Us Research Program
930,37816410,2023,,,0,1,Prevalence of calcinosis cutis in the United States using the All of Us research database
932,37823074,2023,4;6;8,FA1;FA5;FA7,3,0,"A national examination of discrimination, resilience, and depressive symptoms during the COVID-19 pandemic: the All of Us Research Program"
933,37806530,2023,6;9;12,FA1;FA7,2,0,Comorbidities of psoriasis in underrepresented patient populations: An All of Us database analysis
934,38112663,2023,12,FA1;FA7,2,0,Infectious disease among adults with allergic contact dermatitis: a propensity score-matched case-control study
935,38145439,2023,3;5;15,FA1;FA2;FA8,3,0,Air quality and cancer risk in the All of Us Research Program
936,38252292,2024,4;12,FA1;FA5;FA7,3,0,Comorbid psychiatric disease significantly mediates increased rates of alcohol use disorder among patients with inflammatory and pigmentary skin disorders: a case-control study in the All of Us Research Program
937,38311536,2024,1;4;14,FA1;FA5;FA8,3,0,Post stroke pain: Is there under-diagnosis in Black versus White patients?
938,38129972,2023,2;16,FA4;FA8,2,0,Updated DPYD HapB3 haplotype structure and implications for pharmacogenomic testing
940,38827060,2024,6,FA7,1,0,Development and Validation of an Individual Socioeconomic Deprivation Index (ISDI) in the NIH's All of Us Data Network
942,38886995,2024,6,FA7,1,0,Use of All of Us data to increase health literacy and research skills in high school students
943,39181122,2024,1;3;6,FA1;FA7;FA8,3,0,Characterizing apparent treatment resistant hypertension in the United States: insights from the All of Us Research Program
944,39166468,2024,9;12,FA1;FA7,2,0,Comorbidities associated with discoid lupus erythematosus: A case-control study in the All of Us Research Program
946,39180570,2024,1;9;12;14;15,FA1;FA2;FA7;FA8,4,0,Alopecia areata does not increase the risk of venous thromboembolism: an All of Us case-control study
947,,2024,12,FA1;FA7,2,0,Exploring the Association of Hidradenitis Suppurativa and Hyperthyroidism
948,39264594,2024,4;6;18,FA1;FA5;FA7,3,0,Chronic Rhinosinusitis and Mental Health
949,39258846,2024,12,FA1;FA7,2,0,Patterns of misdiagnosis in adults with alopecia areata: an analysis using the NIH's All of Us database
950,39269931,2024,3,,0,1,Development and evaluation of a training curriculum to engage researchers on accessing and analyzing the All of Us data
951,39271092,2024,1;4;6;18,FA1;FA5;FA7;FA8,4,0,Relationship Between Glaucoma and Chronic Stress Quantified by Allostatic Load Score in the All of Us Research Program
952,39276697,2024,6;13,FA1;FA7,2,0,Racial and ethnic differences in the receipt of continuous positive airway pressure treatment for obstructive sleep apnea
957,38844146,2024,6,FA7,1,0,Discrimination in Medical Settings across Populations: Evidence From the All of Us Research Program
958,38843990,2024,5,FA1;FA8,2,0,The feasibility of using the All of Us Research Program survey data in evaluation of patients with colorectal cancer
959,38835708,2024,1;2;10;12,FA1;FA4;FA7;FA8,4,0,Mendelian Randomization Analysis Supports Causal Effect of Type II Diabetes Mellitus on Onychomycosis
960,38822896,2024,4;12,FA1;FA5;FA7,3,0,Reduced rates of substance use disorder in patients with alopecia: An all of us case-control study
961,38787299,2024,6;8,FA1;FA7,2,0,Prediction of Readmission Following Sepsis Using Social Determinants of Health
962,38774403,2024,6,FA7,1,0,Lower Income and Nonheterosexual Orientation Are Associated With Poor Access to Care in Patients With Knee Osteoarthritis
967,38862854,2024,1;2;3,FA1;FA8,2,0,Exome sequence analysis identifies rare coding variants associated with a machine learning-based marker for coronary artery disease
968,38878188,2024,12,FA1;FA7,2,0,Increased risk of keloids in atopic dermatitis patients with allergic comorbidities: an all of us database analysis
969,38850422,2024,6,FA7,1,0,Characterizing hypertrophic scars in underrepresented groups: a cross-sectional analysis of the All of Us database
970,38850315,2024,5,FA1;FA8,2,0,A retrospective case-control analysis of various comorbidities associated with Merkel Cell Carcinoma
971,38850290,2024,1;4;6;12;15,FA1;FA2;FA5;FA7;FA8,5,0,Prevalence and association of polycystic ovary syndrome and hidradenitis suppurativa in underrepresented groups
974,38895514,2024,6;17,FA4;FA7,2,0,Understanding the use of CATI and web-based data collection methods during the pandemic among digitally challenged groups at FQHCs: data from the All of Us Research Program
975,39556086,2024,1;12;15;18,FA1;FA2;FA7;FA8,4,0,"Exploring New Links Among Keratoconus, Hormonal Factors, and Medications: Insights From a Case-Control Study Utilizing the All of Us Database"
977,,2024,5;6;12;16,FA1;FA4;FA7;FA8,4,0,Drug-induced Photosensitivity and Malignant Melanoma in Latino Populations: A Case-Control Study in the All of Us Research Program
981,39155684,2024,6;9;14,FA1;FA7,2,0,"Family History of Arthritis, Osteoporosis, and Carpal Tunnel Syndrome and Risk of These Conditions Among US Adults"
984,39747168,2025,2;3;9,FA1;FA8,2,0,Integrating electronic health records and GWAS summary statistics to predict the progression of autoimmune diseases from preclinical stages
987,39725137,2024,2;13;19,FA1;FA6;FA8,3,0,Genetic modifiers of asthma response to air pollution in children: An African ancestry GWAS and PM(2.5) polygenic risk score study
988,39666044,2024,5;9;12,FA1;FA7;FA8,3,0,"Association between non-melanoma skin cancer, psoriasis, and immunomodulatory therapy: a national epidemiologic study"
990,39652908,2024,4;9;12,FA1;FA5;FA7,3,0,"Psoriasis Is Associated With Increased Risk of Psychiatric Disorders and Sexual Dysfunction in a Case-Control Study of 29,912 Patients"
994,39763331,2025,9;12,FA1;FA7,2,0,Analysing ocular comorbidities among patients with psoriasis: a case-control study using the All of Us Research Program
998,34562549,2021,1;12,FA1;FA7;FA8,3,0,Association of lichen planus with cardiovascular disease: A combined analysis of the UK Biobank and All of Us Study
999,37669985,2023,2,FA8,1,0,Demonstrating paths for unlocking the value of cloud genomics through cross cohort analysis
1001,38917427,2024,2;6,FA7;FA8,2,0,Disparities in ABO blood type determination across diverse ancestries: a systematic review and validation in the All of Us Research Program
1002,37148359,2023,1;2;6,FA1;FA7;FA8,3,0,The power of TOPMed imputation for the discovery of Latino-enriched rare variants associated with type 2 diabetes
1003,39440031,2024,,,0,1,Digital approaches in post-COVID healthcare: a systematic review of technological innovations in disease management
1005,39202457,2024,1;2,FA1;FA8,2,0,Genotype-First Approach Identifies an Association between rs28374544/FOG2(S657G) and Liver Disease through Alterations in mTORC1 Signaling
1013,39101109,2024,1,FA1;FA8,2,0,The Molecular-Social-Genetic Determinants of Cardiovascular Health in Pacific Islanders
1014,38443691,2024,1;2,FA1;FA8,2,0,Multi-ancestry polygenic mechanisms of type 2 diabetes
1018,39670377,2024,1;2;15,FA1;FA2;FA8,3,0,Uterine fibroids show evidence of shared genetic architecture with blood pressure traits
1021,,2022,17,FA4;FA7,2,0,Utilizing a Social-Ecological Health Promotion Framework to Engage Diverse Populations for Recruitment in the All of Us Research Program
1022,31259015,2019,,,0,1,Implementation of Informatics to Support the NIH All of Us Research Program in a Healthcare Provider Organization
1024,31161416,2019,2;6,FA7;FA8,2,0,"Mind the gap: resources required to receive, process and interpret research-returned whole genome data"
1025,35309008,2022,17,FA4;FA7,2,0,Expressing and Executing Informed Consent Permissions Using SWRL: The All of Us Use Case
1026,30779778,2019,3,,0,1,Data model harmonization for the All Of Us Research Program: Transforming i2b2 data into the OMOP common data model
1027,37749244,2023,2,FA8,1,0,A new method for multiancestry polygenic prediction improves performance across diverse populations
1030,39027313,2024,2;3;9,FA1;FA8,2,0,Secure Discovery of Genetic Relatives across Large-Scale and Distributed Genomic Datasets
1031,39043402,2024,3,,0,1,allofus: an R package to facilitate use of the All of Us Researcher Workbench
1034,,2024,3;6;17,FA4;FA7,2,0,Knowledge-Driven Data Sharing Governance: Developing a data provenance model for constructing context-aware data sharing frameworks for linkage data within the All of Us Research Program
1037,39190874,2024,3;6,FA7,1,0,User guide for Social Determinants of Health Survey data in the All of Us Research Program
1038,39207266,2024,17,FA4;FA7,2,0,Applying Engagement Marketing and Human-Centered Design to Cocreate a Digital Decision Support Tool for Research Participation with LGBTQIA+ Community Members
1043,25987822,2015,,,0,1,Precision medicine initiative aims for a new generation of diagnostics and treatments: but is the promise of genetic targeting overinflated?
1044,25928209,2015,,,0,1,The precision medicine initiative: a new national effort
1047,25751403,2015,,,0,1,Obama's Precision Medicine Initiative
1049,,2022,,,0,1,All of Us: A National Effort to Improve Health
1052,37962944,2023,3;7,,0,1,The Importance of Data Quality Control in Using Fitbit Device Data From the Research Program
1056,38091411,2023,,,0,1,Data-driven science and diversity in the All of Us Research Program
1058,38237863,2024,,,0,1,Enhancing study designs of disease prevalence investigations conducted with the All of Us Research Program
1069,29429062,2018,,,0,1,Towards precision medicine; a new biomedical cosmology
1071,34115137,2021,,,0,1,Progress With the All of Us Research Program: Opening Access for Researchers
1073,35803232,2022,2;8;17,FA1;FA4;FA7;FA8,4,0,Digital health-enabled genomics: Opportunities and challenges
1075,26327928,2015,,,0,1,News from the NIH: potential contributions of the behavioral and social sciences to the precision medicine initiative
1084,35854725,2022,3,,0,1,EHR Data Quality Assessment Tools and Issue Reporting Workflows for the 'All of Us' Research Program Clinical Data Research Network
1086,32726527,2020,,,0,1,The Illusion of Inclusion - The 'All of Us' Research Program and Indigenous Peoples' DNA
1090,32068711,2020,,,0,1,Impact of the All of Us research program
1091,31219738,2019,1;2;6,FA1;FA7;FA8,3,0,Emerging Concepts in Precision Medicine and Cardiovascular Diseases in Racial and Ethnic Minority Populations
1093,31735716,2019,,,0,1,"Envisioning Future Research and Clinical Practice with a Bioethics Lens: A Word for the Next Generation of Researchers (All of Us Research Program, Activism, and Policy Implications)"
1096,36540961,2022,3;7,,0,1,How Fitbit data are being made available to registered researchers in All of Us Research Program
1104,31556958,2019,,,0,1,All of Us Research
1105,36993788,2022,,,0,1,Engagement marketing for social good: Application to the All of Us Research Program
1108,37523189,2023,6,FA7,1,0,Assessing the Health Status of Sexual and Gender Minority Adults: What We Can Learn When We Include All of Us
1109,37561600,2023,,,0,1,"The All of Us Data and Research Center: Creating a Secure, Scalable, and Sustainable Ecosystem for Biomedical Research"
1110,36876959,2023,2,FA8,1,0,Precision Medicine for Whom? Public Health Outputs from 'Genomics England' and 'All of Us' to Make Up for Upstream and Downstream Exclusion
1111,36853841,2023,,,0,1,Asked & Answered: All of Us and What It Means to All of You
1119,36449919,2022,6;17,FA4;FA7,2,0,Innovation in Large-Scale Research Programs: Elevating Research Participants to Governance Roles Through the All of Us Research Program Engagement Core
1123,30963079,2019,17,FA4;FA7,2,0,Implementing a universal informed consent process for the All of Us Research Program
1126,30366570,2018,17,FA4;FA7,2,0,"Understanding the All of Us Research Program: A Dialogue with Dara Richardson-Heron, MD"
1127,32609747,2020,6,FA7,1,0,Diversity and inclusion for the All of Us research program: A scoping review
1128,33740447,2021,,,0,1,Precision medicine in 2030-seven ways to transform healthcare
1130,30053823,2018,,,0,1,The new era of precision population health: insights for the All of Us Research Program and beyond
1131,29975219,2018,,,0,1,The All of Us Research Program: One size does not fit all
1132,38509161,2024,2;6,FA7;FA8,2,0,Global genomic diversity for All of Us
1134,29512940,2018,2;6;17,FA4;FA7;FA8,3,0,Engaging populations underrepresented in research through novel approaches to consent
1136,32597528,2020,2,FA8,1,0,Does Solidarity Require 'All of Us' to Participate in Genomics Research?
1137,36543094,2022,7,,0,1,Reducing chronic disease may just be a walk in the park
1138,28541278,2017,,,0,1,Sharing data under the 21st Century Cures Act
1139,28441039,2017,,,0,1,High-Throughput Processing to Preserve Viable Cells: A Precision Medicine Initiative Cohort Program Workshop
1141,33103651,2020,17,FA4;FA7,2,0,Holding Space for All of Us
1142,27929525,2016,6;17,FA4;FA7,2,0,"The Precision Medicine Initiative's All of Us Research Program: an agenda for research on its ethical, legal, and social issues"
1164,32090259,2020,,,0,1,Leveraging the health information technology infrastructure to advance federal research priorities
1168,32064110,2020,2;6;17,FA4;FA7;FA8,3,0,Exploring African American community perspectives about genomic medicine research: A literature review
1173,31633387,2019,,,0,1,Precision Health: Bringing Oral Health into the Context of Overall Health
1174,31592204,2019,2,FA8,1,0,The Web of Legal Protections for Participants in Genomic Research
1189,38393997,2024,,,0,1,Do Medically Underserved Individuals Benefit from Participating in All of Us?
1202,27289128,2016,1,FA1;FA8,2,0,NIH Precision Medicine Initiative: Implications for Diabetes Research
1215,30096823,2018,10,FA1;FA4;FA8,3,0,What People Want to Know About Their Genes: A Critical Review of the Literature on Large-Scale Genome Sequencing Studies
1216,30081448,2018,2;6;17,FA4;FA7;FA8,3,0,Laying Anchor: Inserting Precision Health into a Public Health Genetics Policy Course
1219,29844141,2018,1;2;14,FA1;FA8,2,0,Interdisciplinary Models for Research and Clinical Endeavors in Genomic Medicine: A Scientific Statement From the American Heart Association
1220,36799620,2023,4;6;8,FA1;FA5;FA7,3,0,Design and Implementation of the All of Us Research Program COVID-19 Participant Experience (COPE) Survey
1224,,2023,3;17,FA4;FA7,2,0,441 Southeastern Wisconsin Community-Based Participatory Research using the All of Us Researcher Workbench
1225,34864995,2021,3,,0,1,Inference-based correction of multi-site height and weight measurement data in the All of Us research program
1227,28852561,2017,6,FA7,1,0,Barred from better medicine? Reexamining regulatory barriers to the inclusion of prisoners in research
1232,36205043,2022,8,FA1,1,0,The Impact of COVID-19 on the All of Us Research Program
1241,37379900,2023,12,FA1;FA7,2,0,Response to: 'Alopecia areata is associated with risk of inflammatory arthritis'
1249,39547804,2025,3,,0,1,Leveraging the All of Us Database for Primary Care Research with Large Datasets
1251,39567741,2024,2;16,FA4;FA8,2,0,Biobanking with genetics shapes precision medicine and global health
1254,39511400,2024,2,FA8,1,0,Inclusiveness of the All of Us Research Program improves polygenic risk scores and fosters genomic medicine for all
1294,,2023,,,0,1,We need more-diverse biobanks to improve behavioural genetics
1303,39430348,2024,3;18,FA1;FA7,2,0,Big data and electronic health records for glaucoma research
1306,39354914,2024,17,FA4;FA7,2,0,Friends of the National Library of Medicine Workshop on Precision Health: What Does It Mean for Nursing Practice? Accelerating the Integration of Precision Health Into Nursing Practice
1307,39375561,2024,2;17,FA4;FA7;FA8,3,0,A call to action to scale up research and clinical genomic data sharing
1313,39078280,2024,3,,0,1,Returning value to the community through the All of Us Research Program Data Sandbox model
1320,39149568,2024,6,FA7,1,0,Engaging Sexual and Gender Minority (SGM) Communities for Health Research: Building and Sustaining PRIDEnet
1321,39205938,2024,2;6;17,FA4;FA7;FA8,3,0,Applying an ELSI lens to real-world data and novel genomic insights for personalized mental healthcare
1326,38374344,2024,,,0,1,The All of Us Research Program is an opportunity to enhance the diversity of US biomedical research
1327,38394025,2024,6,FA7,1,0,Moving to Equity in the All of Us Research Program
1332,39657747,2024,17,FA4;FA7,2,0,"Returning value to communities from the All of Us Research Program through innovative approaches for data use, analysis, dissemination, and research capacity building"
1333,39225944,2024,4,FA1;FA5,2,0,The Promise and Challenges of Integrating Biological and Prevention Sciences: A Community-Engaged Model for the Next Generation of Translational Research
1347,40459058,2025,1,FA1;FA8,2,0,Apolipoprotein-L1 G1 variant contributes to hydrocephalus but not to atherosclerosis in apolipoprotein-E knock-out mice
1351,39841967,2025,1;2,FA1;FA8,2,0,Additive Value of Polygenic Risk Score to Family History for Type 2 Diabetes Prediction: Results From the All of Us Research Database
1352,39889253,2025,1;2;14,FA1;FA8,2,0,Polygenic Susceptibility to Diabetes and Poor Glycemic Control in Stroke Survivors
1355,39891766,2025,7;9;12,FA1;FA7,2,0,"Sleep disturbances in psoriasis, an analysis of biometric data from the all of us database"
1356,39894426,2025,1;4;18,FA1;FA5;FA7;FA8,4,0,Relationship Between Chronic Stress Measured by Allostatic Load and Age-Related Macular Degeneration in the All of Us Research Program
1359,39878980,2025,4;6,FA1;FA5;FA7,3,0,Mental Health Disparities by Sexual Orientation and Gender Identity in the All of Us Research Program
1363,39847465,2025,16,FA4;FA8,2,0,Pharmacogenetics: Opportunities for the All of Us Research Program and Other Large Data Sets to Advance the Field
1374,39917595,2025,1;11,FA1;FA3;FA8,3,0,Thinking About It All Together: A Descriptive Analysis to Understand Comorbidities in People Living With Dementia
1375,39921752,2025,4;12,FA1;FA5;FA7,3,0,Association of alopecia areata with psychiatric disorders: a case-control study in the All of Us research program
1377,39921742,2025,,,0,1,A case-control comparison of pruritus and neurodegenerative disease: insights from comorbidities and demographic profiles
1387,39979591,2025,,,0,1,Spotlight on amino acid changing mutations in the JAK-STAT pathway: from disease-specific mutation to general mutation databases
1388,39979254,2025,6;12,FA1;FA7,2,0,Hidradenitis Suppurativa Disproportionately Affects Marginalized Groups: An All of Us Database Analysis
1389,39987418,2025,1;9,FA1;FA8,2,0,Evidence of early glomerular dysfunction in patients with dermatomyositis: a matched case-control analysis of the all of us database
1405,39953795,2025,1;14,FA1;FA8,2,0,Association of migraine treatments with reduced ischemic stroke risk: Evidence from two large-scale real-world data analyses
1406,39715481,2024,3;10,FA1;FA4;FA8,3,0,Descriptive epidemiology demonstrating the All of Us database as a versatile resource for the rare and undiagnosed disease community
1428,,2024,1;3;6;14,FA1;FA7;FA8,3,0,181 Characteristics and risk factors of young atherosclerotic cardiovascular disease in an underrepresented cohort: insights from the All of Us Research Program
1442,39932771,2025,3;4;6,FA1;FA5;FA7,3,0,Subtyping Social Determinants of Health in the 'All of Us' Program: Network Analysis and Visualization Study
1444,39988481,2025,4;12,FA1;FA5;FA7,3,0,The Association of Acne Vulgaris With Anxiety And Depression by Race: A Case-Control Study in the All of Us Research Program
1446,40089810,2025,1;4;6;13,FA1;FA5;FA7;FA8,4,0,E-cigarette Use and Incident Cardiometabolic Conditions in the All of Us Research Program
1447,40085006,2025,3;6,FA7,1,0,Unmet social needs and diverticulitis: a phenotyping algorithm and cross-sectional analysis
1448,40081611,2025,1;6,FA1;FA7;FA8,3,0,Multidimensional Risk Factors for Heart Failure in Hispanic Adults: Findings from the All of Us Research Program
1452,40064590,2025,4;5;6;8,FA1;FA5;FA7;FA8,4,0,Mental Health Challenges in Cancer Survivors From Diverse Backgrounds During COVID-19 Pandemic: Insights From the All of Us Research Program
1453,40074206,2025,3;4;7;13,FA1;FA5,2,0,Association of daily steps over time with adult asthma incidence
1454,40073213,2025,3;6,FA7,1,0,Associations of perceived discrimination with health outcomes and health disparities in the All of Us cohort
1455,40072611,2025,6;9,FA1;FA7,2,0,Socioeconomic factors associated with the development of localized scleroderma: a cross-sectional study
1456,40069933,2025,,,0,1,"Leveraging the All of Us research program to advance heart, lung, blood, and sleep research"
1457,40068169,2025,3;5,FA1;FA8,2,0,Assessing the Data Quality Dimensions of Partial and Complete Mastectomy Cohorts in the All of Us Research Program: Cross-Sectional Study
1458,40065360,2025,1;2;3;10,FA1;FA4;FA8,3,0,Trans-ancestral rare variant association study with machine learning-based phenotyping for metabolic dysfunction-associated steatotic liver disease
1460,40063522,2025,2;5,FA1;FA8,2,0,ALDH2 Deficiency and Alcohol Intake in the United States: Opportunity for Precision Cancer Prevention
1461,40112576,2025,4;8,FA1;FA5,2,0,"Association of e-cigarette use, psychological distress, and substance use: Insights from the All of Us Research Program"
1463,40085778,2025,6,FA7,1,0,Factors Influencing Treatment Strategy for Overactive Bladder in the National Institute of Health All of Us Research Program
1465,40095043,2025,5;8;12,FA1;FA7;FA8,3,0,Cutaneous viral infection comorbidities in patients with basal cell carcinoma
1466,40095107,2025,5;6;12,FA1;FA7;FA8,3,0,Stratified nationwide skin cancer risk in patients with rosacea
1468,40106344,2025,6,FA7,1,0,Long-Term Engagement of Diverse Study Cohorts in Decentralized Research: Longitudinal Analysis of 'All of Us' Research Program Data
1469,40105976,2025,4;12,FA1;FA5;FA7,3,0,Severity of acne vulgaris predicts maladaptive psychosocial perceptions and neuropsychiatric disorders: a case-control study
1470,40101752,2025,5;6,FA1;FA7;FA8,3,0,Diagnosis to Excision: Estimates for Guideline-Concordant Treatment of High-Grade Cervical Intraepithelial Neoplasia
1471,40095792,2025,18,FA1;FA7,2,0,Cost-Related Barriers to Medication Adherence in Uveitis Patients Enrolled in NIH's All of Us Program
1472,40095075,2025,6;12,FA1;FA7,2,0,Vitiligo treatment trends in underrepresented groups
1473,40021100,2025,5;12,FA1;FA7;FA8,3,0,Vitiligo and melanoma: Revisiting a historic relationship through a retrospective case-control investigation
1475,40001685,2025,3;6,FA7,1,0,Predicting Health-Related Quality of Life Using Social Determinants of Health: A Machine Learning Approach with the All of Us Cohort
1476,40003465,2025,1;6,FA1;FA7;FA8,3,0,"Combined Effects of Arsenic, Cadmium, and Mercury with Cardiovascular Disease Risk: Insights from the All of Us Research Program"
1477,39990001,2025,3;5;12,FA1;FA7;FA8,3,0,From toasted skin to tumors: a retrospective nationwide case-control analysis investigating the link between erythema ab igne and various skin cancers
1478,,2025,6,FA7,1,0,"97 Neighborhood level stressors, resilience sources, and other characteristics among sexual minority groups"
1479,,2025,4;5;6,FA1;FA5;FA7;FA8,4,0,388 Subtyping social determinants of health in cancer: Implications for health equity policies
1480,,2025,4;5;6,FA1;FA5;FA7;FA8,4,0,321 Access and utilization of oral health care and tobacco use in patients with severe mental illness: Impact on oral health outcomes
1481,,2025,6,FA7,1,0,96 Disparities in healthcare discrimination among sexual minority groups: Insights from the NIH All of Us Program
1482,,2025,1;2;3;8;13,FA1;FA8,2,0,483 Human leukocyte antigen (HLA) alleles associated with severe COVID-19 outcomes in the All of Us cohort
1483,40119937,2025,4;5;12,FA1;FA5;FA7;FA8,4,0,Substance use disorder in basal cell carcinoma patients: patterns from a propensity-scored study
1484,40156587,2025,1;2;7;14,FA1;FA8,2,0,Daily Heart Rate Per Step (DHRPS): A Wearables Metric Associated with Cardiovascular Disease in a Cross-Sectional Study of the All of Us Research Program
1485,40152140,2025,3;4;7,FA1;FA5,2,0,Predicting postoperative chronic opioid use with fair machine learning models integrating multi-modal data sources: a demonstration of ethical machine learning in healthcare
1486,40148775,2025,1;2;3,FA1;FA8,2,0,Efficient blockLASSO for polygenic scores with applications to all of us and UK Biobank
1487,40146917,2025,3;6,FA7,1,0,Biases in Race and Ethnicity Introduced by Filtering Electronic Health Records for 'Complete Data': Observational Clinical Data Analysis
1488,40138446,2025,2;8;16,FA1;FA4;FA8,3,0,Pharmacogenomic heterogeneity of N-acetyltransferase 2: a comprehensive analysis of real world data in Indian tuberculosis patients and from literature and database review
1489,40052054,2025,6;17,FA4;FA7,2,0,Building a diverse national research advisory board
1490,40034140,2025,1;5;10,FA1;FA4;FA8,3,0,Association of HFE genotypes with hemochromatosis-related phenotypes in the All of Us research program
1491,40110613,2025,3;5,FA1;FA8,2,0,Low frequency of structured documentation for cancer genetic testing in a large electronic health record dataset: A brief report using All of Us Research data
1492,40106053,2025,12,FA1;FA7,2,0,Logistic regression and covariate-balanced matching analysis of lichen planus and inflammatory gastrointestinal disorders
1493,40124254,2025,18,FA1;FA7,2,0,Systemic Hormonal Contraceptive Use and Rhinitis Among Adult Women: An All of Us Database Analysis
1494,39868946,2025,3;6,FA7,1,0,AI for all: bridging data gaps in machine learning and health
1496,40046242,2025,2,FA8,1,0,Editorial: Advancements and prospects of genome-wide association studies
1497,40055519,2025,,,0,1,"Evolution, genetic diversity, and health"
1498,40042447,2025,2;11,FA1;FA3;FA8,3,0,Polygenic score integrating neurodegenerative and vascular risk informs dementia risk stratification
1500,40036039,2025,6,FA7,1,0,Benefits of Patient-Clinician Communication for Timely Health Care Visits in Patients Perceiving Discrimination
1505,40057902,2025,1;18,FA1;FA7;FA8,3,0,Re: Lee et al.: Associations between statin use and glaucoma in the All of Us Research Program (Ophthalmol Glaucoma. 2024;7:563-571)
1506,40057900,2025,1;18,FA1;FA7;FA8,3,0,Re: Lee et al.: Associations between statin use and glaucoma in the All of Us Research Program (Ophthalmol Glaucoma. 2024;7:563-571)
1507,40053216,2025,4;6,FA1;FA5;FA7,3,0,Sex Differences in Cigarette Smoking Among Hispanic and Non-Hispanic Black All of Us Participants: The Relative Importance of Sociodemographic Characteristics and Social Determinants of Health
1508,40052488,2025,3;17,FA4;FA7,2,0,A toolkit for academic libraries to create interdisciplinary interest in the All of Us Researcher Workbench across campus communities
1509,40050991,2025,2,FA8,1,0,Lessons from national biobank projects utilizing whole-genome sequencing for population-scale genomics
1510,40050615,2025,2;15,FA2;FA8,2,0,Genome-wide meta-analysis identifies novel risk loci for uterine fibroids within and across multiple ancestry groups
1511,40043939,2025,6,FA7,1,0,Socioeconomic associations of amblyopia in the All of Us research program
1512,40043791,2025,12,FA1;FA7,2,0,Prevalence and Co-Occurrence of Eczema Types in Adults in the United States: Insights from the All of Us Research Program
1513,40036033,2025,1;6,FA1;FA7;FA8,3,0,Perceived Discrimination in Health Care Settings and Care Delays in Patients With Diabetes and Hypertension
1514,40029645,2025,1;2;14,FA1;FA8,2,0,Population-Scale Studies of Protein S Abnormalities and Thrombosis
1515,40028616,2025,1;6;7,FA1;FA7;FA8,3,0,Leveraging diagnosis and biometric data from the All of Us Research Program to uncover disparities in obesity diagnosis
1516,40026024,2025,,,0,1,Determinants of Complementary and Integrative Health Approaches: A Cross-Sectional Study Using the All of Us Research Program
1517,40024923,2025,5,FA1;FA8,2,0,The association between multiple myeloma and melanoma: a cross-sectional study of the NIH All of Us Research Program
1518,40022306,2025,1;4;5;8;12,FA1;FA5;FA7;FA8,4,0,Association of Oral Health Determinants With Oral Squamous Cell Carcinoma in Never-Smoking Adults
1519,39990934,2025,1;6,FA1;FA7;FA8,3,0,Composite cardiovascular risk factor control in US adults with diabetes and relation to social determinants of health: The All of Us research program
1521,40007508,2025,2;4;6,FA1;FA5;FA7;FA8,4,0,Sex-Specific Association Between Polymorphisms in Estrogen Receptor Alpha Gene (ESR1) and Depression: A Genome-Wide Association Study of All of Us and UK Biobank Data
1522,40014580,2025,4;6;12,FA1;FA5;FA7,3,0,Epidemiological landscape of androgenetic alopecia in the US: An All of Us cross-sectional study
1525,39998322,2025,2;6;11,FA1;FA3;FA7;FA8,4,0,Identification of 16 novel Alzheimer's disease loci using multi-ancestry meta-analyses
1526,39998696,2025,12,FA1;FA7,2,0,Cross-sectional analysis of a potential relationship between sodium excretion and atopic dermatitis
1527,40009714,2025,2;9;12,FA1;FA7;FA8,3,0,"Epidemiology, genetics and management of vitiligo in the USA: an All of Us investigation"
1528,40009368,2025,2;4;13,FA1;FA5;FA8,3,0,Genetic Correlates of Treatment-Resistant Depression
1529,39996577,2025,6;18,FA1;FA7,2,0,Hearing Loss and Negative Social Experiences in the All of Us Research Program
1530,39987254,2025,5;12,FA1;FA7;FA8,3,0,Ocular comorbidities in basal cell carcinoma: a national cross-sectional analysis
1531,39987234,2025,4;6;9;12,FA1;FA5;FA7,3,0,Demographic and socioeconomic disparities in the burden of psychiatric and autoimmune comorbidities amongst vitiligo patients: a retrospective case-control study
1532,40248215,2025,1;7;13,FA1;FA8,2,0,"Physical Activity, Sleep, and Quality of Life in Pulmonary Arterial Hypertension: Novel Insights From Wearable Devices"
1533,40203832,2025,2;13,FA1;FA8,2,0,EndoPRS: Incorporating endophenotype information to improve polygenic risk scores for clinical endpoints-A study in asthma
1535,40253313,2025,12,FA1;FA7,2,0,Ferritin levels in scarring and nonscarring alopecia: a cross-sectional study from the All of Us database
1538,40211040,2025,2;11,FA1;FA3;FA8,3,0,Multi-ancestry GWAS identifies 16 novel Alzheimer disease risk loci
1540,40246588,2025,4;5;6,FA1;FA5;FA7;FA8,4,0,A Cross-Sectional Analysis of Psychosocial Mediators Between Discrimination and Health-Related Quality of Life Among Sexual and Gender Minority Cancer Survivors
1548,40250282,2025,4;6,FA1;FA5;FA7,3,0,Quantifying the independent impact of social determinants of health and posttraumatic stress disorder on resource utilization and health outcomes in civilians
1549,40255935,2024,2,FA8,1,0,Descriptor: Synthetic Genomic Dataset With Diverse Ancestry (SynGen6)
1550,40277232,2025,12,FA1;FA7,2,0,Low Vitamin D Levels & Alopecia: A Cross-sectional Study of the All of Us Research Program
1551,40278924,2025,7;9,FA1,1,0,"Decreased physical activity in lupus patients, an analysis of biometric data from the all of us database"
1552,40294562,2025,2,FA8,1,0,"'We know what to do for you, but we can't do it:' How actionability is coordinated and contested in genomics research"
1562,40266617,2025,1;3;4;11,FA1;FA3;FA5;FA8,4,0,Detection Bias in EHR-Based Research on Clinical Exposures and Dementia
1564,40297065,2024,4;6,FA1;FA5;FA7,3,0,"Low Income, Younger Age, Female Sex, and Poor Mental Health Are Risk Factors for Diminished Access to Care Among Patients With Meniscus Tears"
1566,40268942,2025,2;3,FA8,1,0,JointPRS: A data-adaptive framework for multi-population genetic risk prediction incorporating genetic correlation
1567,40205062,2025,2;5,FA1;FA8,2,0,Timing and trajectory of BCR::ABL1-driven chronic myeloid leukaemia
1568,40263246,2025,,,0,1,UKB-MDRMF: a multi-disease risk and multimorbidity framework based on UK biobank data
1593,40305039,2025,1;2,FA1;FA8,2,0,Cardiomyopathy-Associated Gene Variants in Atrial Fibrillation
1595,40292753,2025,2,FA8,1,0,Recent developments in population biobanks and the genetic architecture of complex disease
1598,40305011,2025,1,FA1;FA8,2,0,Genetic Testing in Early-Onset Atrial Fibrillation
1599,40312552,2025,2;9,FA1;FA8,2,0,Uncovering shared genetic features between inflammatory bowel disease and systemic lupus erythematosus
1600,40313110,2025,6,FA7,1,0,Food Insecurity in the United States LGBTQ+ Population: A Cross-Sectional Analysis of All of Us Data
1602,40317750,2025,1;5;13;14;18,FA1;FA7;FA8,3,0,Association of Dysphonia in Patients With Dysphagia in the United States: A National Database Study
1603,40319023,2025,18,FA1;FA7,2,0,"Rare genetic variation in PTPRB is associated with central serous chorioretinopathy, varicose veins and glaucoma"
1604,40319026,2025,2,FA8,1,0,Genetic ancestry and population structure in the All of Us Research Program cohort
1605,40319838,2025,1,FA1;FA8,2,0,HDL Cholesterol Is Remarkably Cardioprotective Against Coronary Artery Disease in Native Hawaiians and Pacific Islanders
1606,40325914,2025,1;4;13,FA1;FA5;FA8,3,0,"Adverse effects of obesity on overall health, quality of life, and related physical health metrics: A cross-sectional and longitudinal study from the All of Us Research Program"
1607,40329612,2025,6;18,FA1;FA7,2,0,The Impact of Race and Ethnicity on Cataract Surgery in the Nationwide All of Us Cohort
1608,40309770,2025,1;5,FA1;FA8,2,0,Inborn errors of immunity underlie clonal T cell expansions in large granular lymphocyte leukemia
1613,40327120,2025,4;10,FA1;FA4;FA5;FA8,4,0,Neurofibromatosis type 1 is associated with neurocognitive and psychiatric disorders in a national database
1614,40340717,2025,2;6;8,FA1;FA7;FA8,3,0,Reproducibility of genetic risk factors identified for long COVID using combinatorial analysis across US and UK patient cohorts with diverse ancestries
1616,40338046,2025,1;6,FA1;FA7;FA8,3,0,Sexual identity differences in ideal cardiovascular health among cisgender adults in the All of Us Research Program
1632,40342636,2025,,,0,1,Exploring the metabolic signature of intermittent explosive disorder: Preliminary evidence and potential mechanisms for altered bilirubin metabolism
1636,40370339,2025,3;6;11;18,FA1;FA3;FA7,3,0,Prevalence and Treatment of Dysphonia in Parkinson's Disease: A Cross-Sectional National Database Study
1637,40354632,2025,1;3;4,FA1;FA5;FA8,3,0,Prevalence of Multiple Chronic Conditions Among Adults in the All of Us Research Program: Exploratory Analysis
1638,40361456,2025,4;5,FA1;FA5;FA8,3,0,Fatigue Level Associated with Quality of Life for Prostate Cancer Patients: Results from the All of Us Research Program
1651,40315464,2025,12,FA1;FA7,2,0,Comorbidities and Lifestyle Risk Factors Associated With Scabies Infestation
1652,40395398,2025,2;16,FA4;FA8,2,0,Opportunities amid complexities in returning genetic results to black precision medicine research participants: Interview themes in context with open all of us data
1653,40372213,2025,5;6,FA1;FA7;FA8,3,0,Food Insecurity and Clinical Biomarkers of Inflammation among Cancer Survivors in the All of Us Research Program
1654,40377722,2025,5;12,FA1;FA7;FA8,3,0,Congenital ichthyosis is associated with cutaneous malignancies in a case-control study
1655,40379038,2025,1;2;3;7,FA1;FA8,2,0,Fitbit-measured physical activity is inversely associated with incident atrial fibrillation among All of Us participants
1656,40383690,2025,6;18,FA1;FA7,2,0,Socioeconomic Disparities in Intravitreal Injection Use and Anti-VEGF Agent Selection: Aflibercept/Ranibizumab Versus Bevacizumab
1657,40397457,2025,1;2,FA1;FA8,2,0,Polygenic Prediction of Peripheral Artery Disease and Major Adverse Limb Events
1658,40398747,2025,1;15;18,FA1;FA2;FA7;FA8,4,0,Pregnancy and Diabetic Retinopathy: A Report From the All of Us Research Program
1659,40375815,2025,4,FA1;FA5,2,0,Micronutrients and Chronic Pain: A Cross-Sectional Analysis
1661,40398830,2025,1;3;4;5;6;17,FA1;FA4;FA5;FA7;FA8,5,0,Impacts of sample weighting on transferability of risk prediction models across EHR-Linked biobanks with different recruitment strategies
1662,40402080,2025,1,FA1;FA8,2,0,Risk Factors Associated with Gastroenteropancreatic and Lung Neuroendocrine Tumors: A Nested Case-Control Study from The All of Us Research Program
1663,40405064,2025,1;2,FA1;FA8,2,0,AoUPRS: A cost-effective and versatile PRS calculator for the All of Us Program
1664,40409746,2025,4;7;15,FA1;FA2;FA5,3,0,Unlocking the Potential of Wear Time of a Wearable Device to Enhance Postpartum Depression Screening and Detection: Cross-Sectional Study
1665,40405426,2025,1;12,FA1;FA7;FA8,3,0,Vitiligo and associated comorbidities: A case-control study in the All of Us database
1666,40408224,2025,4;15,FA1;FA2;FA5,3,0,Progression trajectories of chronic overlapping pain conditions unveiled across two large clinical data warehouses
1667,40413420,2025,6,FA7,1,0,Veteran participation in the All of Us Research Program: applying an intersectionality lens to evaluate participant diversity
1668,40417568,2025,3;6;8,FA1;FA7,2,0,EHR Phenotyping Methods for Measuring Treatment Adherence Among People Living With HIV in All of Us: Towards Disparities and Inequalities in HIV Care Continuum
1669,40417537,2025,3;4;13,FA1;FA5,2,0,Deep Learning-based Time-to-event Analysis of Depression and Asthma using the All of Us Research Program
1670,40421552,2025,1;6,FA1;FA7;FA8,3,0,Perceived Discrimination in Medical Care Settings on A1c Data From the All of Us Program
1671,40433684,2025,1;2;10,FA1;FA4;FA8,3,0,Association of Pathogenic/Likely Pathogenic Genetic Variants for Cardiomyopathies With Clinical Outcomes: A Multiancestry Analysis in the All of Us Research Program
1672,40437102,2025,3;6;8,FA1;FA7,2,0,Computable phenotypes to identify respiratory viral infections in the All of Us research program
1673,40437324,2025,6,FA7,1,0,"Racial, ethnic and socioeconomic disparities in healthcare for adult spinal deformity patients"
1674,40442974,2025,2;9;16,FA1;FA4;FA8,3,0,PTPN2 and Leukopenia in Individuals With Normal TPMT and NUDT15 Metabolizer Status Taking Azathioprine
1675,40421744,2025,6;11,FA1;FA3;FA7,3,0,Sex differences in the confounders influencing the relationships linking socioeconomic factors and cognitive performance with family history of Alzheimer's disease and related dementias
1676,40047317,2025,1;2;6;16,FA1;FA4;FA7;FA8,4,0,"SLCO1B1 Functional Variants, Bilirubin, Statin-Induced Myotoxicity, and Recent Sub-Saharan African Ancestry: A Precision Medicine Health Equity Study"
1681,40417546,2025,17,FA4;FA7,2,0,Adaptive Recruitment Resource Allocation to Improve Cohort Representativeness in Participatory Biomedical Datasets
1689,40369171,2025,2,FA8,1,0,Polygenic Risk Scores in Dilated Cardiomyopathy: Towards the Future
1690,40267362,2025,1;2,FA1;FA8,2,0,Standardized Measurement of Type 1 Diabetes Polygenic Risk Across Multiancestry Population Cohorts
1691,40185865,2025,2,FA8,1,0,Genomics and multiomics in the age of precision medicine
1705,41019453,2025,6,FA7,1,0,Access to oral health care and its social determinants across the lifespan in the United States
1707,40986403,2025,3;6;11,FA1;FA3;FA7,3,0,Machine Learning Approaches to Racial/Ethnic Differences in Social Determinants of Mild Cognitive Impairment and Its Progression to Dementia in the All of Us Research Program
1708,40980249,2025,4;6,FA1;FA5;FA7,3,0,"Younger Age, Female Sex, Low Income, and Poor Mental Health Are Patient-Perceived Risk Factors for Poor Access to Care for Rotator Cuff Tears"
1709,40974255,2025,4;15,FA1;FA2;FA5,3,0,Chronic pain prevalence and severity in females before & after menopause versus males in a large multi-center database
1710,40973771,2025,2;4,FA1;FA5;FA8,3,0,Comparative polygenic predispositions of treatment-resistant depression in East Asian and European populations
1717,40939242,2025,1;4;6;13,FA1;FA5;FA7;FA8,4,0,Factors associated with acute unscheduled care visits for asthma in the all of US dataset
1718,40937424,2025,4;6;8,FA1;FA5;FA7,3,0,Changes in mental health care utilisation before and during the COVID-19 pandemic among people living with HIV in the USA: a retrospective cohort study using the All of Us dataset
1719,40932135,2025,1;6,FA1;FA7;FA8,3,0,Validation of the American Heart Association Predicting Risk of Cardiovascular Disease Events Equations in Diverse Socioeconomic Groups: The All of Us Cohort
1720,40913926,2025,1;3,FA1;FA8,2,0,Adults With Congenital Heart Disease Have an Increased Prevalence of Autoimmunity
1721,40913723,2025,1;6,FA1;FA7;FA8,3,0,Socioeconomic Factors Impact the Perception of Healthcare Experiences in Patients with Cirrhosis
1722,40912238,2025,1;2;10;13,FA1;FA4;FA8,3,0,A semi-empirical Bayes approach for calibrating weak instrumental bias in sex-specific Mendelian randomization studies
1728,40902600,2025,2,FA8,1,0,"Evaluating multi-ancestry genome-wide association methods: Statistical power, population structure, and practical implications"
1729,40898779,2025,12;15,FA1;FA2;FA7,3,0,The prevalence of endometriosis in adult female patients with hidradenitis suppurativa: a cross-sectional study using the All of Us Research Program
1730,40896298,2025,2;3,FA8,1,0,Benchmarking Missing Data Imputation Methods for Time Series Using Real-World Test Cases
1733,40890099,2025,1,FA1;FA8,2,0,Coagulation factor XII haploinsufficiency is protective against venous thromboembolism in a population-scale multidimensional analysis
1734,40884223,2025,1;6;13,FA1;FA7;FA8,3,0,Cost-related barriers to medication use among diverse participants with obesity-associated asthma
1735,40883272,2025,2;3;5,FA1;FA8,2,0,"Clustering of lymphoid neoplasms by cell of origin, somatic mutation and drug usage profiles: a multi-trait genome-wide association study"
1736,40858232,2025,4;6;19,FA1;FA5;FA6;FA7,4,0,Long-term PM2.5 exposure and mental health disparities: A prospective analysis of the All of Us Research Program
1737,40869462,2025,4;10,FA1;FA4;FA5;FA8,4,0,"Defining the Chronic Complexities of hEDS and HSD: A Global Survey of Diagnostic Challenges, Life-Long Comorbidities, and Unmet Needs"
1738,40881554,2025,3;5,FA1;FA8,2,0,The United States Preventive Services Task Force (USPSTF) Guidelines vs. Electronic Health Record (EHR)-Based Screening: A Comparative Accuracy Study in Prostate Cancer
1739,40865627,2025,1,FA1;FA8,2,0,Glucagon-like Peptide-1 Receptor Agonists Are Associated With a Lower Risk of Peptic Ulcer Disease: A Nationwide Cohort Study
1740,40845034,2025,4;6;12,FA1;FA5;FA7,3,0,Understanding the evolving treatment landscape of hidradenitis suppurativa: An analysis of All of Us
1741,40844317,2025,6;17,FA4;FA7,2,0,The All of Us Research Program's Social Media Outreach to Underrepresented Populations: Mixed Methods Analysis
1742,40837114,2025,3,,0,1,Enhancing Health Research with Machine Learning: Practical Case Studies Using the All of Us Researcher Workbench
1743,40850508,2025,1;14;16,FA1;FA4;FA8,3,0,"Associations between long-term metformin use, the risk of vitamin B12 deficiency, and neuropathy: An All of Us research Program study"
1744,40837069,2025,1;2;14;18,FA1;FA7;FA8,3,0,Genome-Wide Association Study and Rare Variant Association Studies of Strabismus in the All of Us Research Program
1747,40827941,2025,1;2;14,FA1;FA8,2,0,Polygenic Resistance to Blood Pressure Treatment and Stroke Risk: Insights from the All of Us Research Program
1750,40802651,2025,13,FA1,1,0,Genetic Associations in Non-Europeans with Pulmonary Fibrosis: Analysis of the All of Us Cohort
1753,40794368,2025,3,,0,1,Are Aggregated Electronic Health Record Datasets Good for Research?
1754,40792640,2025,4;5;6,FA1;FA5;FA7;FA8,4,0,The Intersection of Disability and Cancer: Improving Outcomes in Cancer Patients With Disabilities
1758,40779583,2025,4;6,FA1;FA5;FA7,3,0,Perceived stress and allostatic load: Results from the All of Us Research Program
1761,40776288,2025,3;8;9,FA1,1,0,Predicting Infection Risk in Rheumatoid Arthritis Patients Treated with Biological and Targeted Synthetic Disease-Modifying Anti-Rheumatic Drugs: An Application of Machine Learning
1762,40776023,2025,3;5;16,FA1;FA4;FA8,3,0,Unveiling Pharmacogenomic Patterns in Breast Cancer Through Big Data
1763,40776020,2025,1;2,FA1;FA8,2,0,Type 2 Diabetes Subtyping via Phenotype and Genotype Co-Learning
1764,40774444,2025,3;4;7,FA1;FA5,2,0,Association of activity with the risk of developing musculoskeletal pain in the All of Us research program
1765,40771618,2025,5;7,FA1;FA8,2,0,ENABLING A HEALTHIER FUTURE FOR ALL THROUGH PRECISION MEDICINE
1766,40771450,2025,4,FA1;FA5,2,0,A Case-Control Study of Trichotillomania Patients Using a National Database
1767,40771441,2025,2;12,FA1;FA7;FA8,3,0,Management and Genetics of Alopecia Areata within the USA: A Cross-Sectional Study of All of Us
1768,40770708,2025,1;2;10,FA1;FA4;FA8,3,0,Whole exome sequencing and polygenic risk assessment for kidney functions and clinical management in both hospital-based cohort and population-based Asian cohorts
1771,40763922,2025,1;2;11,FA1;FA3;FA8,3,0,APOE Genotype and Statin Response: Evidence From the UK Biobank and All of Us Program
1772,40756774,2025,1;9;12,FA1;FA7;FA8,3,0,Pyoderma gangrenosum associated with major adverse cardiovascular events
1773,40754711,2025,1;2,FA1;FA8,2,0,Genetic variants linked to statin-associated Type 2 diabetes mellitus: Findings from the UK Biobank and the All of Us Research Program
1774,40754259,2025,3;4,FA1;FA5,2,0,Investigating the Relationship Between Corneal Dystrophy and Mental Health Conditions Using the All of Us Research Program Database
1775,40752773,2025,1;4;14,FA1;FA5;FA8,3,0,Mental Health Disorders and the Development of Cardiovascular Disease: Insights from the All of Us Research Program
1777,40751574,2025,3;6,FA7,1,0,Racial/ethnic disparities among individuals with unruptured and ruptured cerebral aneurysms: Insights from the All of Us Research Program
1778,40750633,2025,2;15,FA2;FA8,2,0,"PAL-AI reveals genetic determinants that control poly(A)-tail length during oocyte maturation, with relevance to human fertility"
1779,40729094,2025,1;6,FA1;FA7;FA8,3,0,Increased Risk of Kidney Stones in Transgender Women and Gender-Diverse Adults on Gender-Affirming Hormone Therapy: Insights from a Large Database Study
1780,40728037,2025,1;18,FA1;FA7;FA8,3,0,Statins and Their Effect on Hearing: An All of Us Database Study
1781,40720818,2025,7,,0,1,Capturing Real-World Habitual Sleep Patterns With a Novel User-Centric Algorithm to Preprocess Fitbit Data in the All of Us Research Program: Retrospective Observational Longitudinal Study
1782,40720732,2025,7,,0,1,Associations of sleep-associated variants with wearable-derived sleep stages in the all of us research program
1783,40720122,2025,2;4;16,FA1;FA4;FA5;FA8,4,0,CYP2D6 Phenotypes and Emergency Department Visits Among Patients Receiving Opioid Treatment
1785,40701376,2025,1;3;9;18,FA1;FA7;FA8,3,0,Predicting Early Onset of Age-Related Macular Degeneration: A Machine Learning Approach
1786,40701146,2025,2;3,FA8,1,0,Implementing a training resource for large-scale genomic data analysis in the All of Us Researcher Workbench
1787,40698913,2025,2;16,FA4;FA8,2,0,"RAB19, SERPINB9P1, and Pancreatitis in Patients Taking Azathioprine in Routine Clinical Practice: Genome and Transcriptome-Wide Association Studies"
1788,40698407,2025,1;2,FA1;FA8,2,0,Risk for Heart Failure and Atrial Fibrillation Across the Lifespan for Carriers of the Amyloidogenic p.V142I TTR Variant
1789,40697677,2025,1;5;6,FA1;FA7;FA8,3,0,"A comparison of family health history of breast cancer, colorectal cancer, and diabetes in self-reported survey and electronic health records data, All of Us Research Program"
1790,40691406,2025,2,FA8,1,0,Improved multiancestry fine-mapping identifies cis-regulatory variants underlying molecular traits and disease risk
1791,40684987,2025,3;7;15,FA2,1,0,"Longitudinal trends in physical activity and sleep before, during, and after pregnancy using Fitbit and EHR data from the All of Us research program"
1792,40681360,2025,4;6,FA1;FA5;FA7,3,0,Prevalence and Sociodemographic Correlates of Low Back Pain in a Diverse U.S. Population: Insights From the All of Us Research Program
1793,40681351,2025,2;18,FA1;FA7;FA8,3,0,"Age-, sex-, and ancestry-specific prevalence of hearing loss in UK Biobank and All of Us Research Program"
1794,40677957,2025,6;18,FA1;FA7,2,0,Obstacles to Obtain Care Among Sexual and Gender Minorities With Chronic Rhinosinusitis
1795,40677145,2025,1,FA1;FA8,2,0,Neurobeachin (NBEA) is a novel gene associated with GLP-1 receptor agonist associated weight loss
1796,40676916,2025,1;2;3;14,FA1;FA8,2,0,MetaGeno: a chromosome-wise multi-task genomic framework for ischaemic stroke risk prediction
1797,40674722,2025,3;6;17,FA4;FA7,2,0,Detecting Conversation Topics in Recruitment Calls of African American Participants to the All of Us Research Program Using Machine Learning: Model Development and Validation Study
1799,40669406,2025,6,FA7,1,0,"Experiences of patient-provider concordance in healthcare among All of Us participants, 2017-2023"
1800,40664210,2025,2;10,FA1;FA4;FA8,3,0,A calcium-sensing receptor allelic series and underdiagnosis of genetically driven hypocalcemia
1801,40663583,2025,14,FA1,1,0,Real-world barriers to health care utilization among people living with migraine: Insights from the All of Us Research Program
1805,40652978,2025,1;4,FA1;FA5;FA8,3,0,Body mass index mediates the relationship between depression and triglyceride levels: Evidence from a large national cohort
1806,40645528,2025,4,FA1;FA5,2,0,"Treatment resistant depression: Socio-demographic characteristics, comorbidity and treatment patterns from the All of Us Research Program"
1807,40639743,2025,6,FA7,1,0,Barriers to healthcare utilization among adults engaging in heavy drinking: Results from the All of Us research program
1808,40633541,2025,2,FA8,1,0,Leveraging local ancestry and cross-ancestry genetic architecture to improve genetic prediction of complex traits in admixed populations
1809,40632872,2025,1;2,FA1;FA8,2,0,The human genetic variant rs6190 unveils Foxc1 and Arid5a as novel prometabolic targets of the glucocorticoid receptor in muscle
1810,40632022,2025,5;12,FA1;FA7;FA8,3,0,Potential Association Between Lichen Sclerosus and Breast Cancer: A Cross-sectional Study in All of Us Research Program
1811,40627823,2025,3;5,FA1;FA8,2,0,Assessing the Data Quality Dimensions of Surgical Oncology Cohorts in the All of Us Research Program
1812,40626445,2025,3;6;11,FA1;FA3;FA7,3,0,Educational Attainment and Alzheimer's Disease and Related Dementias (ADRD) Risk Among Black Adults: A Comparative Analysis of U.S.-Born and Non-U.S.-born Populations in the All of Us Research Program
1813,40625557,2025,12,FA1;FA7,2,0,Updated cross-sectional prevalence data for lichen sclerosus in the All-of-Us database: implications for current routine genital skin examination practices
1814,40618288,2025,9,FA1,1,0,Use of Angiotensin Receptor Blockers in Celiac Disease Associated with Worse Outcomes
1816,40610586,2025,17,FA4;FA7,2,0,Computational strategic recruitment for representation and coverage studied in the All of Us Research Program
1817,40605186,2025,7,,0,1,Fitbit Physical Activity and Sleep Data in the All of Us Research Program: Data Exploration and Processing Considerations for Research
1818,40595462,2025,1;4,FA1;FA5;FA8,3,0,"Shared genetic architecture of posttraumatic stress disorder with cardiovascular imaging, risk, and diagnoses"
1819,40592257,2025,1;4;11,FA1;FA3;FA5;FA8,4,0,Identifying common disease trajectories of Alzheimer's disease with electronic health records
1820,40591411,2025,1,FA1;FA8,2,0,The human glucocorticoid receptor variant rs6190 increases blood cholesterol and promotes atherosclerosis
1821,40590803,2025,2;3;18,FA1;FA7;FA8,3,0,Polygenic Risk Prediction for Normal-Tension Glaucoma
1822,40589063,2025,4;5,FA1;FA5;FA8,3,0,Vaping and cancer metastasis: novel preclinical insights and results from the All of Us Research Program
1823,40588925,2025,,,0,1,Evaluating Misalignment Between Emergency Department and Discharge Diagnoses
1824,40587790,2025,7,,0,1,Sleep duration and timing are associated with next-day physical activity: Insights from two large-scale wearable sensor studies
1828,40580956,2025,2;4;6,FA1;FA5;FA7;FA8,4,0,Exploring depression treatment response by using polygenic risk scoring across diverse populations
1829,40579894,2025,1;3;4;18,FA1;FA5;FA7;FA8,4,0,Hearing Loss Is Associated With Depression and Dysthymia in the All of Us Research Program
1831,40575363,2025,9,FA1,1,0,Comorbidities and systemic steroids drive pneumonia risk in inflammatory bowel disease: Propensity score-matched cohort study
1832,40575220,2025,1,FA1;FA8,2,0,The Effect of Patient-Provider Relationships on Compliance in Uncontrolled Diabetic Patients
1833,40570403,2025,1;6,FA1;FA7;FA8,3,0,Prevalence and Correlates of Lipoprotein(a) Testing in a Diverse Cohort of U.S. Adults
1836,40568631,2025,6,FA7,1,0,Examining Reasons for Using Non-Primary Care Providers as Usual Source of Health Care: Insights From the All of Us Study
1837,40564227,2025,1;2;6;11,FA1;FA3;FA7;FA8,4,0,Evaluating Genomic and Clinical Risk Factors for Alzheimer's Disease in Individuals with Hypertension
1838,40560532,2025,,,0,1,"Sociodemographic, health-related, and clinical characteristics and their associations with mortality among all of us participants compared with the United States general population"
1839,40557190,2025,5,FA1;FA8,2,0,National prevalence of melanoma: a cross-sectional analysis using the All of Us database
1840,40555198,2025,6;12,FA1;FA7,2,0,Food Insecurity in Hidradenitis Suppurativa: A Cross-Sectional Analysis from the Population-Based All of Us Research Program
1841,40554605,2025,2;9,FA1;FA8,2,0,Genetic disease risks of under-represented founder populations in New York City
1842,40552522,2025,4;12,FA1;FA5;FA7,3,0,Epidemiology and Comorbidities of Psychodermatologic Conditions
1843,40550363,2025,3;8;18,FA1;FA7,2,0,Association between Nucleoside and Nucleotide Reverse Transcriptase Inhibitor Use and Primary Open-Angle Glaucoma Risk in All of Us
1844,40549373,2025,1;11;14,FA1;FA3;FA8,3,0,APOE ε4 and Risk of Intracranial Hemorrhage in Patients With Atrial Fibrillation Taking Apixaban
1845,40548175,2025,17,FA4;FA7,2,0,"A Model for Rapid Innovation for Engagement, Enrollment, and Data and Sample Collection in a Diverse Cohort Study: Insights from All of Us Participant Labs"
1846,40539966,2025,5;6;12,FA1;FA7;FA8,3,0,Patterns of Basal Cell Carcinoma Presentation in the NIH All of Us Database
1847,40539265,2025,2;3,FA8,1,0,Predicting Weight Loss After Vertical Sleeve Gastrectomy Using a Whole-genome Sequencing-derived Polygenic Risk Score in the All of Us Cohort
1848,40537972,2025,1;6,FA1;FA7;FA8,3,0,Socio-demographic and clinical factors associated with the receipt of anti-obesity medication prescriptions and metabolic and bariatric surgery among eligible all of Us participants
1849,40537675,2025,,,0,1,Replicated blood-based biomarkers for myalgic encephalomyelitis not explicable by inactivity
1850,40534628,2025,1;2;6;10,FA1;FA4;FA7;FA8,4,0,Sex and racial differences in prevalence and clinical characteristics of people living with LDLR and PCSK9 familial hypercholesterolemia genetic variants: Data from the All of Us Research program
1851,40528164,2025,6,FA7,1,0,Investigating the Relationship Between Social Support and Health Care Barriers Among Sexually and Gender Diverse Young Adults in the United States
1852,40526686,2025,4,FA1;FA5,2,0,Sociodemographically differential patterns of chronic pain progression revealed by analyzing the all of us research program data
1853,40524801,2025,1;2;5,FA1;FA8,2,0,Incident cytopenia and risk of subsequent myeloid neoplasm in age-related clonal hematopoiesis: a multi-biobank case-control study
1854,40522671,2025,2;10;13,FA1;FA4;FA8,3,0,Diseases Common in Persons With Cystic Fibrosis Among CFTR Heterozygotes
1858,40502263,2025,17,FA4;FA7,2,0,Integrating a conceptual consent permission model from the informed consent ontology for software application execution
1859,40501118,2025,6;11,FA1;FA3;FA7,3,0,Impact of APOE4-related dementia risk in underrepresented groups from the All of Us research program
1860,40500928,2025,1;5,FA1;FA8,2,0,Hormone Therapy Usage Is Associated With Adverse Cardiovascular Events in Prostate Cancer Patients of the All of Us Research Program Cohort
1861,40500782,2025,2;3;5,FA1;FA8,2,0,Improved breast cancer risk prediction using chromosomal-scale length variation
1862,40496758,2025,1;3;7,FA1;FA8,2,0,Machine learning applied to wearable fitness tracker data and the risk of hospitalizations and cardiovascular events
1863,40495997,2025,9;13,FA1,1,0,Sleep and circadian disorders as risk factors for autoimmune disease: A population-based study
1864,40489750,2025,1;6,FA1;FA7;FA8,3,0,Social determinants of health influence the risk of cirrhosis: A diverse nationwide cohort study
1865,40480197,2025,2;6,FA7;FA8,2,0,Subcontinental genetic variation in the All of Us Research Program: Implications for biomedical research
1866,40476828,2025,1;4,FA1;FA5;FA8,3,0,Vaping and Heart Failure: A Narrative Review
1868,40472801,2025,1;2;14,FA1;FA8,2,0,Polygenic scores for obstructive sleep apnoea reveal pathways contributing to cardiovascular disease
1869,40472296,2025,3;6,FA7,1,0,"Identification of Transgender and Gender-Diverse Individuals in the All of Us Research Program, 2017-2022"
1871,40461295,2025,1;6,FA1;FA7;FA8,3,0,Racial and ethnic differences in prescribing antihyperglycemic medications to persons with type 2 diabetes: An all of us cohort study
1872,40456748,2025,2;10,FA1;FA4;FA8,3,0,TERT c.3150 G > C (p.K1050N): a founder Ashkenazi Jewish variant associated with telomere biology disorders
1873,40455378,2025,3;6,FA7,1,0,"Racial/Ethnic Disparities in Health Literacy, Perception of Health Status, and Access to Healthcare Among Heart Transplant Patients of the National Institutes of Health All of Us Research Program"
1874,40454200,2025,10,FA1;FA4;FA8,3,0,Significant underascertainment in Huntington's disease
1875,40451243,2025,2;8,FA1;FA8,2,0,Analysis-ready VCF at Biobank scale using Zarr
1876,40451134,2025,1;2;6;11,FA1;FA3;FA7;FA8,4,0,Phenome-wide association of APOE alleles in the All of Us Research Program
1877,40449744,2025,4;6,FA1;FA5;FA7,3,0,Neighborhood experience and hoarding disorder
1878,40447985,2025,6,FA7,1,0,Racial and Ethnic Disparities in Perceived Healthcare Discrimination and Health Outcomes
1879,40240837,2025,1;2,FA1;FA8,2,0,Meta-prediction of coronary artery disease risk
1880,40240721,2025,4;6;8,FA1;FA5;FA7,3,0,Discrimination and Mental Health Among Black and Latino People Living with HIV: Understanding the Role of Religion and Spirituality
1882,40231587,2025,5;10,FA1;FA4;FA8,3,0,Population prevalence of the major thyroid cancer-associated syndromes
1883,40230888,2025,1;6,FA1;FA7;FA8,3,0,The health effects of housing instability and its association with congestive heart failure
1884,40227995,2025,3;6;18,FA1;FA7,2,0,Allergic Rhinitis-Underrepresented Populations and Barriers to Healthcare Access
1885,40222865,2025,3,,0,1,Response Regarding: Using Machine Learning to Predict Weight Gain in Adults: An Observational Analysis From the All of Us Research Program
1886,40214690,2025,6;12,FA1;FA7,2,0,Disparities in acne prescription patterns in underrepresented groups: insights from the all of us database
1887,40213867,2025,6,FA7,1,0,Assessing health literacy and diversity within the All of Us Research Program
1888,40206559,2025,5;6;15,FA1;FA2;FA7;FA8,4,0,Experience of healthcare discrimination reported by individuals with a history of gynecologic cancer in the All of Us research program
1889,40200460,2025,5;16,FA1;FA4;FA8,3,0,Using Big Data to Uncover Drug-Gene Interaction in Patients with Prostate Cancer
1890,40200434,2025,1;3;5,FA1;FA8,2,0,Predicting Prostate Cancer Diagnosis Using Machine Learning Analysis of Healthcare Utilization Patterns
1891,40197410,2025,3;5;6,FA1;FA7;FA8,3,0,Predicting Risk of Lung Cancer From Medical History
1893,40189781,2025,2;11,FA1;FA3;FA8,3,0,Association of genetic risk score for Alzheimer's disease with late-life body mass index in all of us: Evaluating reverse causation
1894,40186349,2025,5;6,FA1;FA7;FA8,3,0,Area Deprivation and Clinical Biomarkers of Inflammation in Cancer Survivors of the National Institutes of Health All of Us Research Program
1895,40178947,2025,2;5;6,FA1;FA7;FA8,3,0,"Variation in PSA Levels by Age, Adiposity, Race and Ethnicity, and Genetic Risk: Implications for Prostate Cancer Screening"
1896,40169705,2025,4;5,FA1;FA5;FA8,3,0,Effects of smoking behavior on lung metastasis in the All of Us Research Program
1897,40167483,2025,3;5;6,FA1;FA7;FA8,3,0,Prediction of Breast Cancer Remission
1899,40165908,2024,6;18,FA1;FA7,2,0,Association between Food Insecurity and Chronic Eye Disease in the National Institutes of Health's All of Us Research Program
1900,40163106,2025,5,FA1;FA8,2,0,Predicting Liver Cancer Risk Using Comprehensive Medical History
1901,40163093,2025,3;5,FA1;FA8,2,0,EHR-Based Risk Prediction for Kidney Cancer
1902,40156101,2025,9;12,FA1;FA7,2,0,Ambient Solar Radiation Predicts Psoriasis Treatment Intensity
1903,40154961,2025,2;5;9,FA1;FA8,2,0,Germline prediction of immune checkpoint inhibitor discontinuation for immune-related adverse events
1904,40151467,2025,1;3,FA1;FA8,2,0,Sleep disorders as risk factors for calcific aortic stenosis
1905,40127945,2025,6,FA7,1,0,Food Insecurity Is Associated with Vitamin B12 Deficiency: The All of Us Database
1906,40114383,2025,4;9,FA1;FA5,2,0,Bipolar Disorder Associated With Systemic Lupus Erythematosus: A Case-Control Study in the All of Us Research Program
1907,40077796,2025,1;2;3,FA1;FA8,2,0,Precision Medicine in Cardiovascular Disease Prevention: Clinical Validation of Multi-Ancestry Polygenic Risk Scores in a U.S. Cohort
1910,40041848,2024,4;6,FA1;FA5;FA7,3,0,"Racial/Ethnic Disparities Exist Among Patients Who Undergo Anterior Cruciate Ligament Reconstruction in Socioeconomic Status, Perception of Health Status and Literacy"
1911,40002672,2025,1;3,FA1;FA8,2,0,Analysis and Visualization of Confounders and Treatment Pathways Leading to Amputation and Non-Amputation in Peripheral Artery Disease Patients Using Sankey Diagrams: Enhancing Explainability
1913,39950131,2025,3;8,FA1,1,0,Predicting HIV Diagnosis Among Emerging Adults Using Electronic Health Records and Health Survey Data in All of Us Research Program
1918,39812115,2025,4;9,FA1;FA5,2,0,"Depression and Anxiety Associated With Systemic Lupus Erythematosus: A Nested, Case-Control Study in the All of Us Database"
1920,39753770,2025,2;8;9;12;14,FA1;FA7;FA8,3,0,Blood DNA virome associates with autoimmune diseases and COVID-19
1923,39633571,2024,1;2,FA1;FA8,2,0,Clinical and Genomic Prediction of Coronary Artery Disease Subtypes
1924,39364517,2024,12,FA1;FA7,2,0,Exploring the Association Between Hidradenitis Suppurativa and Hyperthyroidism
1925,39363634,2024,4,FA1;FA5,2,0,Hip and waist circumference correlations with demographic factors and pain intensity in patients with chronic pain
1930,39207561,2024,,,0,1,Association between systemic sclerosis and atopic comorbidities: a case-control study of the All of Us database
1940,38281971,2024,2;10,FA1;FA4;FA8,3,0,Utility of long-read sequencing for All of Us
1944,37871800,2023,12,FA1;FA7,2,0,Association between alopecia areata and atopic dermatitis: A nested case-control study of the All of Us database
1947,37129477,2023,,,0,1,Exploring the All of Us Database: An Invitation to Nurse Scientists and Public Health Researchers
1950,36804573,2023,12,FA1;FA7,2,0,Atopic comorbidities associated with granuloma annulare: A case-control study of the All of Us database
1951,36183250,2022,12,FA1;FA7,2,0,Comorbidities associated with lichen planopilaris: a case-control study using the All of Us database
1957,34276803,2021,,,0,1,Editorial: Cross-Domain Analysis for 'All of Us' Precision Medicine
1961,29724747,2018,,,0,1,'All of Us' study begins to sequence and follow a million Americans
1972,38604127,2024,2;3,FA8,1,0,MUSSEL: Enhanced Bayesian polygenic risk prediction leveraging information across multiple ancestry groups
2006,,2025,,,0,1,Time to Use Large-Scale Biobank Databases in Health Policy and Public Health Research
2007,40823170,2025,1;2;5;11,FA1;FA3;FA8,3,0,Genome-wide meta-analysis identifies nine loci associated with higher risk of hepatocellular carcinoma development
2014,,2018,17,FA4;FA7,2,0,Best Practices for Participant and Stakeholder Engagement in the All of Us Research Program
2020,38105918,2021,3,,0,1,Robust Estimation of Heterogeneous Treatment Effects: An Algorithm-based Approach
2021,36778587,2021,,,0,1,I can drive in Iceland: Enabling international joint analyses
2026,,2022,,,0,1,Taking Health Information to the Next Level: Strategic Partnerships Between NLM and Public Libraries
2029,,2023,2;17,FA4;FA7;FA8,3,0,Multidirectional genetic and genomic data sharing in the All of Us research program
2031,,2023,4;8,FA1;FA5,2,0,Social Support And Depression During A Global Crisis
2032,38083775,2023,1;7;8,FA1;FA8,2,0,Predicting Hospital Readmission among Patients with Sepsis Using Clinical and Wearable Data
2034,,2023,6,FA7,1,0,Racial differences in perception and experiences of adverse treatment by healthcare providers: A cross-sectional analysis of the All of Us data
2035,37897460,2023,1;7,FA1;FA8,2,0,Physical Activity Trajectories Preceding Incident Heart Failure: A Proof-of-Concept Study
2038,38242088,2024,2;18,FA1;FA7;FA8,3,0,A multi-cohort genome-wide association study in African ancestry individuals reveals risk loci for primary open-angle glaucoma
2042,38548989,2024,1;2,FA1;FA8,2,0,Protein-altering variants at copy number-variable regions influence diverse human phenotypes
2043,38551504,2024,1;2,FA1;FA8,2,0,Solid Organ Transplant Recipients Exhibit More TET2-Mutant Clonal Hematopoiesis of Indeterminate Potential Not Driven by Increased Transplantation Risk
2045,38844121,2024,2,FA8,1,0,Egypt Genome: Towards an African new genomic era
2047,38991538,2024,,,0,1,De novo variants in the RNU4-2 snRNA cause a frequent neurodevelopmental syndrome
2056,39379762,2024,1;2;10,FA1;FA4;FA8,3,0,"Rare variant analyses in 51,256 type 2 diabetes cases and 370,487 controls reveal the pathogenicity spectrum of monogenic diabetes genes"
2058,39422498,2024,,,0,1,Association of Liver Disease and Chronic Pruritus: A Case-Control Study
2061,39496879,2024,2;11,FA1;FA3;FA8,3,0,Pervasive biases in proxy genome-wide association studies based on parental history of Alzheimer's disease
2070,39659164,2024,6;17,FA4;FA7,2,0,Ethical considerations for biobanks serving underrepresented populations
2103,,2025,1;5;9;12,FA1;FA7;FA8,3,0,Associations Between Immune-Related Conditions and Lymphoid Disorders: An Analysis of the Diverse All of Us Research Program
2131,39937857,2025,2;11,FA1;FA3;FA8,3,0,CASP8 intronic expansion identified by poly-glycine-arginine pathology increases Alzheimer's disease risk
2135,39982945,2025,3;4,FA1;FA5,2,0,Improving topic modeling performance on social media through semantic relationships within biomedical terminology
2140,39676709,2025,2,FA8,1,0,Cross-Phenotype Genome-Wide Association Study on the Shared Genetic Susceptibility to Systemic Sclerosis and Primary Biliary Cholangitis
2144,,2025,2;6;7,FA7;FA8,2,0,The large-scale whole-genome sequencing era expedited medical discovery and clinical translation
2154,40056900,2025,2;10;11,FA1;FA3;FA4;FA8,4,0,Haploinsufficiency of ITSN1 is associated with a substantial increased risk of Parkinson's disease
2156,40075078,2025,2;9,FA1;FA8,2,0,"GWAS identifies genetic loci, lifestyle factors and circulating biomarkers that are risk factors for sarcoidosis"
2157,40150058,2025,1;3,FA1;FA8,2,0,Time-Adaptive Machine Learning Models for Predicting the Severity of Heart Failure with Reduced Ejection Fraction
2169,40169570,2025,2;5;10,FA1;FA4;FA8,3,0,A genotype-first approach identifies high incidence of NF1 pathogenic variants with distinct disease associations
2170,40175777,2025,1;2,FA1;FA8,2,0,Metabolic reaction fluxes as amplifiers and buffers of risk alleles for coronary artery disease
2179,,2025,12;13,FA1;FA7,2,0,Journal of the European Academy of Dermatology and Venereology: JEADV
2181,40251273,2025,1;2;9,FA1;FA8,2,0,Association between plausible genetic factors and weight loss from GLP1-RA and bariatric surgery
2182,40519747,2025,,,0,1,Estimation of PEX1-mediated Zellweger spectrum disorder births and population prevalence by population genetics modeling
2190,40318638,2025,15,FA2,1,0,"Genetic and training adaptations in the Haenyeo divers of Jeju, Korea"
2198,40388606,2025,,,0,1,X and Y gene dosage effects are primary contributors to human sexual dimorphism: The case of height
2201,40404285,2025,2,FA8,1,0,Interpreting SNP heritability in admixed populations
2204,40421529,2025,1;2,FA1;FA8,2,0,Development and Validation of Polygenic Risk Scores for Blood Pressure Traits in Continental African Populations
2206,40821885,2025,9;10,FA1;FA4;FA8,3,0,Association Between Ehlers-Danlos Syndrome and Celiac Disease
2234,40579179,2025,4;9;12,FA1;FA5;FA7,3,0,Bipolar Syndrome Among Patients with Psoriasis: A Nested Case-Control Propensity-Scored Study
2242,40591711,2025,2;11,FA1;FA3;FA8,3,0,A PKCη missense mutation enhances Golgi-localized signaling and is associated with recessively inherited familial Alzheimer's disease
2243,40736747,2025,2,FA8,1,0,A comparative review of short genetic variant databases across humans and animal species
2244,40741004,2025,8;17,FA1;FA4;FA7,3,0,Building trust in clinical research: a systems approach to ethical engagement and sustainable outcomes
2245,,2025,6;18,FA1;FA7,2,0,A Comparison of Pediatric and Adult Ocular Diseases in the Context of Social Determinants of Health
2246,,2025,5;9;12,FA1;FA7;FA8,3,0,Increased risk of melanoma and basal cell carcinoma in patients with sjogren’s syndrome: a nested case–control study
2247,40719662,2025,1,FA1;FA8,2,0,Association of Obesity and Obesity Severity With Primary Care Use
2259,40638547,2025,4;14;17,FA1;FA4;FA5;FA7,4,0,Exploring Demographic Associations of Patient-Reported Psychological Barriers to Bell's Palsy Care
2260,40633011,2025,6,FA7,1,0,"Now, More Than Ever, We Need Institutional Commitments to Transgender Health Research"
2264,40659970,2025,,,0,1,"Prevalence of Ferritin Testing, Iron Deficiency, and Iron Supplementation Among Women with Fatigue in Ambulatory Care"
2269,40670583,2025,2;8,FA1;FA8,2,0,Uncovering genetic diversity and admixture of British Africans with HLA alleles inferred from whole genome sequencing
2278,40796553,2025,2,FA8,1,0,Modeling the genomic architecture of adiposity and anthropometrics across the lifespan
2279,40459934,2025,2;10,FA1;FA4;FA8,3,0,Polygenic modifiers impact penetrance and expressivity in telomere biology disorders
2280,,2025,1,FA1;FA8,2,0,Prevalence of clinical obesity versus BMI-defined obesity among US adults: a cohort study
2281,40355673,2025,3;4;9,FA1;FA5,2,0,Biological markers and psychosocial factors predict chronic pain conditions
2282,40835838,2025,2;12,FA1;FA7;FA8,3,0,Multi-ancestry meta-analysis of keloids uncovers novel susceptibility loci in diverse populations
2283,40813364,2025,2;11,FA1;FA3;FA8,3,0,Biobank-scale genetic characterization of Alzheimer's disease and related dementias across diverse ancestries
2287,40809192,2025,1;2,FA1;FA8,2,0,Elevated B(12) serum levels are associated with the presence of clonal hematopoiesis
2291,,2025,,,0,1,Complications of Mohs Surgery and the Influence of Economic Status on Outcomes
2293,,2025,3;7,,0,1,Leveraging Machine Learning Algorithms to Predict Self-Rated Physical Health: Insights from the All of Us Dataset
2299,,2025,1;5,FA1;FA8,2,0,Baseline Laboratory Predictors of Deep Vein Thrombosis in Multiple Myeloma: Insights From the All of Us Research Program
2300,,2025,1;5,FA1;FA8,2,0,"Incidence, Timing, and Baseline Predictors of Deep Vein Thrombosis in Multiple Myeloma: A Real-World All of Us Cohort Study"
2320,41070372,2025,6;17,FA4;FA7,2,0,Disparities in Patient-Reported Healthcare Affordability and Access Among Arthroplasty Patients in the All of Us Database
2321,41069995,2025,4;6;11,FA1;FA3;FA5;FA7,4,0,"Psychosocial burdens in early- versus late-onset dementia: analysis of discrimination, stress, and loneliness in the All of Us Research Program"
2322,41068065,2025,4;5;6,FA1;FA5;FA7;FA8,4,0,Psychosocial Risk Factors and Perceived Well-Being in Survivors of Gastrointestinal Cancer
2323,41064579,2025,4;18,FA1;FA5;FA7,3,0,The Associative Impact of Recreational Cannabis Use on Sinonasal Diseases
2324,41064239,2025,3;6,FA7,1,0,"American Life in Realtime: Benchmark, publicly available person-generated health data for equity in precision health"
2325,41064073,2025,1;4;6;12,FA1;FA5;FA7;FA8,4,0,Racial Disparities in Healthcare Resource Utilization among Patients with Hidradenitis Suppurativa: An All of Us Database Analysis
2326,41061473,2025,9;14,FA1,1,0,Ophthalmic conditions in patients with multiple sclerosis
2327,41059983,2025,1;4;5,FA1;FA5;FA8,3,0,Comorbidity prevalence and incidence in cancer survivors: a longitudinal All of Us study
2328,41053791,2025,1;2;11,FA1;FA3;FA8,3,0,Genetic underpinnings of the heterogeneous impact of obesity on lipid levels and cardiovascular disease
2329,41044382,2025,2;4,FA1;FA5;FA8,3,0,The genetics of cannabis lifetime use
2330,41041720,2025,2,FA8,1,0,Real-world effects of using gnomAD 4.1.0 and AllofUs population reference datasets on reporting of variants of uncertain significance
2334,41039588,2025,1;2,FA1;FA8,2,0,Cross-ancestry discovery of genetic risk variants for lean metabolic dysfunction-associated steatotic liver disease
2335,41036474,2025,2;4,FA1;FA5;FA8,3,0,"Understanding the Comorbidities Among Psychiatric Disorders, Chronic Low Back Pain, and Spinal Degenerative Disease Using Observational and Genetically Informed Analyses"
2336,41034836,2025,4;6;8,FA1;FA5;FA7,3,0,Associations between pre-pandemic housing insecurity and reports of anxiety and depression in the early months of the COVID-19 pandemic: an analysis of the All of Us Research Program cohort
2337,41033574,2025,6;18,FA1;FA7,2,0,Socioeconomic trends of adult strabismus in the United States: an analysis of the All of Us database
2338,41033573,2025,6;18,FA1;FA7,2,0,Epidemiology of strabismus among adults in the United States: insights from the All of Us database
2339,41033385,2025,3;6,FA7,1,0,Associations Between Sexual Orientation and Disorders of Gut-Brain Interaction in Sexual Minority Populations
2340,41027318,2025,4,FA1;FA5,2,0,Gender differences in non-fatal suicidal behaviors linked to concurrent use of cannabis and opioids
2341,41026804,2025,1;2,FA1;FA8,2,0,Meta-evolutionary exome analysis identifies novel type 2 diabetes mellitus genes in the UK Biobank and all of us
2342,41026796,2025,6;13;18,FA1;FA7,2,0,Evaluation of Disparities in Management of Chronic Rhinosinusitis by Race and Ethnicity: An All of Us Research Program Study
2343,41025551,2025,9,FA1,1,0,Geospatial and demographic patterns of dermatomyositis in a diverse US national cohort
2346,41162377,2025,2;3;5;6;12,FA1;FA7;FA8,3,0,A highly accurate risk factor-based XGBoost multiethnic model for identifying patients with skin cancer
2347,41153414,2025,11,FA1;FA3,2,0,Chromosome 12 and Environmental Factors in Parkinson's Disease: An All of Us Data Analysis
2348,41145077,2025,6,FA7,1,0,Healthcare Access and Utilization: Understanding Racial Disparities in Primary Hyperparathyroidism
2349,41142841,2025,4;9;12;13,FA1;FA5;FA7,3,0,Association of psychiatric comorbidities with chronic urticaria: a nested case-control study in the All of Us research program
2350,41137150,2025,1;2;6,FA1;FA7;FA8,3,0,Racial disparities in clonal hematopoiesis and their impact on hematologic malignancies
2351,41134570,2025,3;4;6;11;14,FA1;FA3;FA5;FA7,4,0,Inequities in Neuropsychiatric Outcomes After Brain Trauma in the All of Us Database
2352,41129721,2025,2;11,FA1;FA3;FA8,3,0,Association between neutrophil to lymphocyte ratio and Alzheimer's disease in large biobank cohorts
2353,41111942,2025,,,0,1,Guideline-concordant antibiotic prescribing for community-acquired bacterial pneumonia (CABP) due to drug-resistant pathogens in the I(content=['All of Us']) database
2354,41104387,2025,2;3;13,FA1;FA8,2,0,Machine learning-derived genetic risk scores identify IL21 as a predictor of response to omalizumab and dupilumab in asthma
2355,41103524,2025,1;4;6;14,FA1;FA5;FA7;FA8,4,0,Migraine is associated with a higher risk of ischemic and hemorrhagic stroke: an analysis of the I(content=['All of Us']) database
2356,41091468,2025,1,FA1;FA8,2,0,Implications of a New Obesity Definition Among the All of Us Cohort
2357,41083945,2025,6;8,FA1;FA7,2,0,Disruptions of healthcare visits and viral suppression for people living with HIV during the COVID-19 pandemic in the US
2358,41073786,2025,1;2,FA1;FA8,2,0,Population-scale gene-based analysis of whole-genome sequencing provides insights into metabolic health
2588,41111945,2025,17,FA4;FA7,2,0,Building analytical capacity for research at Federally Qualified Health Centers through the I(content=['All of Us']) Research Program
2592,41024427,2025,2,FA8,1,0,Semiparametric efficient estimation of small genetic effects in large-scale population cohorts
2593,41006893,2025,1;6,FA1;FA7;FA8,3,0,Comparative Analysis of White and African American Groups Reveals Unique Lipid and Inflammatory Features of Diabetes
2595,40996158,2025,1,FA1;FA8,2,0,Using Data from All of Us to Examine Cardiovascular Risk
2596,40979548,2025,5;6,FA1;FA7;FA8,3,0,Alcohol consumption among patients diagnosed with genitourinary cancers
2597,40971074,2025,6,FA7,1,0,"Exploring Respect, Healthcare Utilization, and Affordability Among Transgender and Gender-Diverse Individuals: An All of Us Analysis"
2598,40961986,2025,1;2;3;4;11;14;18,FA1;FA3;FA5;FA7;FA8,5,0,The association between glaucoma and dementia in a national cohort of All of Us participants
2600,40931808,2025,1;2;10,FA1;FA4;FA8,3,0,Age-Dependent Contributions of Rare and Common Genetic Variation in Atrial Fibrillation
2601,40926209,2025,1;2,FA1;FA8,2,0,Whole genome sequence analysis of low-density lipoprotein cholesterol across 246 K individuals
2602,40922038,2025,1;5;9;12,FA1;FA7;FA8,3,0,Association of Autoimmune Disease with Melanoma and Non-Melanoma Skin Cancers
2608,40621582,2025,4;18,FA1;FA5;FA7,3,0,Association of Ptosis with Mental Health Conditions in Adults from a Large United States Research Database
2617,40151359,2024,1;3;18,FA1;FA7;FA8,3,0,Artificial Intelligence Models to Identify Patients at High Risk for Glaucoma Using Self-reported Health Data in a United States National Cohort
2618,40124313,2024,3;18,FA1;FA7,2,0,Artificial Intelligence Models to Identify Patients with High Probability of Glaucoma Using Electronic Health Records
2620,40039933,2025,,,0,1,The Etiology of Autism Spectrum Disorder and Gender Dysphoria
2621,40019565,2025,5;12,FA1;FA7;FA8,3,0,Cutaneous T-cell lymphoma epidemiology: perspectives and updated prevalence data
2622,39976965,2025,4;5;6,FA1;FA5;FA7;FA8,4,0,Cancer Risk and Estimated Lithium Exposure in Drinking Groundwater in the US
2815,41190717,2025,1;4;14,FA1;FA5;FA8,3,0,Is the Association of Cannabis Use and Stroke Frequency-Dependent: A Cross-Sectional Analysis of the NIH All of Us Research Program
2816,41176738,2025,6,FA7,1,0,Intersection of race and ethnicity with perceptions of health status and literacy in adult patients with spinal deformity: insights from the all of us research program
2817,41130899,2025,5;6,FA1;FA7;FA8,3,0,Patient-Provider Relationships Influence Reception of Postmastectomy Breast Reconstruction: An Analysis of the All of Us Research Program
2818,41129161,2025,18,FA1;FA7,2,0,Biological Sex and Chronic Rhinosinusitis Diagnosis and Biomarkers
2819,41121728,2025,5;6,FA1;FA7;FA8,3,0,Evaluating the association between upstream perceived individual and neighborhood determinants of health and intensity of breast cancer screening
2820,41102055,2025,2;6,FA7;FA8,2,0,Advancing methods for multi-ancestry genomics
2821,41078484,2025,6;7,FA7,1,0,An Example Analysis for a Gender-inclusive Approach in Sport and Exercise Science Research using Fitbit Outcomes from the I(content=['All of Us']) Research Program Dataset
2822,41077612,2025,2;4,FA1;FA5;FA8,3,0,"Genome-wide association studies of lifetime and frequency of cannabis use in 131,895 individuals"
2823,41367884,2025,1,FA1;FA8,2,0,Fast and robust invariant generalized linear models
2824,41362833,2025,1;18,FA1;FA7;FA8,3,0,A clinical algorithm to identify people with the glucose-6-phosphate dehydrogenase p.Val68Met variant at risk for diabetes undertreatment
2826,41339890,2025,1;14,FA1;FA8,2,0,Residential radon exposure and incident myocardial infarction and stroke risks in the All of Us Research Program
2827,41335837,2025,1;7,FA1;FA8,2,0,Exploring the Use of Wearable Data in the Congenital Heart Disease Population Using the All of Us Research Program
2828,41349513,2025,2;3,FA8,1,0,Improving polygenic risk prediction performance by integrating electronic health records through phenotype embedding
2829,41333526,2025,6,FA7,1,0,Cross-sectional analysis of delays in care and interactions with healthcare providers among transgender and gender diverse individuals
2830,41343506,2025,6,FA7,1,0,Characterizing rurality using the All of Us Research Program data
2831,41341115,2025,7;11,FA1;FA3,2,0,Frailty and Physical Activity: A Compositional Isotemporal Substitution Analysis from the All of Us Research Program
2835,41327893,2025,2;11,FA1;FA3;FA8,3,0,Long-read sequencing identifies FGF14 repeat expansions in Parkinson's disease
2836,41327031,2025,2,FA8,1,0,Investigation of the transcriptional impact of rare germline JAK/STAT variants found in a Tyrolean alpine community
2837,41320833,2025,1;8;14,FA1;FA8,2,0,Sex differences in cardiovascular disease and associated factors in people living with HIV: Evidence from All of Us program
2838,41311062,2025,1;2;5;13;14,FA1;FA8,2,0,S4-Multi: enhancing polygenic score prediction in ancestrally diverse populations
2839,41309009,2025,1;8,FA1;FA8,2,0,Impact of integrase strand transfer inhibitors on cardiovascular disease in people with HIV
2840,41308620,2025,3;6,FA7,1,0,Racial and Ethnic Disparities in Degenerative Lumbar Disc Disease: A Population-Based Study Using the All of Us Research Program
2842,41307908,2025,5;6,FA1;FA7;FA8,3,0,Epidemiology and risk factors for ovarian cancer incidence in the USA: a multilevel analysis
2844,41302684,2025,4;18,FA1;FA5;FA7,3,0,Association Between Alcohol Use Disorder and Glaucoma: Evidence from the National Institutes of Health All of Us Research Program
2845,41297607,2025,2;18,FA1;FA7;FA8,3,0,Glaucoma Polygenic Risk Scores Demonstrate Heterogeneous Performance across Two Large Multiethnic Cohorts
2846,41291354,2025,5;6,FA1;FA7;FA8,3,0,Educational and Equity Implications of Biomarker Testing and Targeted Therapy Access in NSCLC: Insights from the NIH All of Us Research Program
2847,41297543,2025,1;2,FA1;FA8,2,0,Polygenic scores capture genetic modification of the adiposity-cardiometabolic risk factor relationship
2850,41290832,2025,1;3,FA1;FA8,2,0,Opportunistic screening of type 2 diabetes with deep metric learning using electronic health records
2851,41289998,2025,10,FA1;FA4;FA8,3,0,Residual allelic activity likely underlies the low rates of disease expression for predicted loss-of-function variants in population-scale biobanks
2852,41289815,2025,19,FA6,1,0,Impact of heat exposure on sleep health and its population vulnerability in the United States
2856,41286463,2025,2;11,FA1;FA3;FA8,3,0,Dissecting the genetic and proteomic risk factors for delirium
2857,41285899,2025,2;4,FA1;FA5;FA8,3,0,Multi-ancestry investigation of the genomics of erectile dysfunction
2863,41280281,2025,1,FA1;FA8,2,0,Using metabolic syndrome severity in the 'real world': Associations with diabetes and cardiovascular disease in all of us vs. NHANES
2864,41277540,2025,1;2;10,FA1;FA4;FA8,3,0,"Genotype-First Assessment of Presentation and Penetrance of Neurofibromatosis Type 1, Autosomal Dominant Polycystic Kidney Disease, and Marfan Syndrome Within the All of Us Research Program Cohort"
2866,41258759,2025,2;8;9;12,FA1;FA7;FA8,3,0,"Exonic Variation in HLA-C, CFB, and TAP2 Associated With Increased Risk for Comorbid Crohn's Disease and Psoriasis"
2868,41249192,2025,8,FA1,1,0,Tenofovir alafenamide fumarate use for HIV pre-exposure prophylaxis and weight gain
2870,41241757,2025,16,FA4;FA8,2,0,Empirical Drug Dosage Validates Pharmacogenomic Associations in All of Us
2872,41236419,2025,1;2;3,FA1;FA8,2,0,Development and Validation of a Type 1 Diabetes Multi-Ancestry Polygenic Score
2877,41217947,2025,6;14,FA1;FA7,2,0,Health Literacy and Access to Care among Patients with and Without Traumatic Brain Injury: An All of Us Analysis
2878,41213961,2025,10,FA1;FA4;FA8,3,0,PHKA1-associated phosphorylase kinase deficiency: a monogenic disorder of exercise intolerance and myalgia
2879,41207643,2025,2;17,FA4;FA7;FA8,3,0,Utilization of the All of Us Research Program in a study of genetics in Yao syndrome
2880,41234003,2025,3;4,FA1;FA5,2,0,The broad structure of psychopathology in the All of Us Research Program
2881,41224578,2025,4;5;6,FA1;FA5;FA7;FA8,4,0,Gender-based Differences in Psychosocial Well-being Among Bladder Cancer Survivors
2882,41221974,2025,15;18,FA1;FA2;FA7,3,0,Association of Menopause and Hormonal Contraceptive Use With Chronic Rhinosinusitis: An 'All of Us' Analysis
2883,41197982,2025,3;4,FA1;FA5,2,0,Complication Burden and Demographic Trends in Autologous Breast Reconstruction Outcomes: Insights from the NIH All of Us Program
2884,41206104,2025,11,FA1;FA3,2,0,The anticholinergic medication index and dementia risk: evidence from the UK Biobank and All of Us research program
2886,41204713,2025,4;6,FA1;FA5;FA7,3,0,"Alcohol Use, Cannabis Use, and Discrimination by Sexual Orientation and Gender Identity Within the I(content=['All of Us']) Research Program"
2887,41201377,2025,4;6,FA1;FA5;FA7,3,0,A Multi-Institutional and Nationwide Analysis of the Social Determinants of Persistent Pain After Surgery
2890,41370653,2025,7;18,FA1;FA7,2,0,Associations Between Physical Activity and Glaucoma: Analysis of the National Institutes of Health All of Us Research Program
2891,41373394,2025,3;6;13,FA1;FA7,2,0,Investigating Asthma Disparities in Hispanic Communities Using Machine Learning Algorithms on the I(content=['All of Us']) Researcher Workbench
2892,41382090,2025,3;7;15,FA2,1,0,Physical activity phenotypes in endometriosis using unsupervised learning via functional mixture models
2893,41390778,2025,2;11;14,FA1;FA3;FA8,3,0,Multi-task learning identifies shared genetic risk for late-onset epilepsy and alzheimer's disease
2894,41396877,2025,1;2;7,FA1;FA8,2,0,Predicting Incident Type 2 Diabetes Using Wearable Activity and Polygenic Risk: A Survival-Modeling Study in All of Us
2895,41396460,2025,6;17,FA4;FA7,2,0,"Socioeconomic disparities in patient-reported outcomes, health literacy, and access to care among patients with primary brain tumors: findings from the All of Us Research Program"
2897,41394310,2025,1;7;18,FA1;FA7;FA8,3,0,Association of Accelerometer Measured Physical Activity with Presence of Diabetic Retinopathy
2898,41392110,2025,4;6,FA1;FA5;FA7,3,0,Housing-related stress and substance use in the United States: a cross-sectional analysis of All of Us Research Program data
2899,41391338,2025,4;6,FA1;FA5;FA7,3,0,Racial and ethnic differences in rates of reduction mammoplasty among women with macromastia: An analysis of the All of Us Research Program
2900,41404363,2025,4,FA1;FA5,2,0,Sex differences in pain in 2 large and diverse US databases
2902,41403271,2025,2;4,FA1;FA5;FA8,3,0,Investigating the polygenic relationship between heavy cannabis use and schizophrenia in the All of Us Research Program
2903,41402679,2025,4,FA1;FA5,2,0,National mental health burden in adults with spinal deformity: a propensity-matched analysis using the All of Us Research Program
2904,41402223,2025,5;10,FA1;FA4;FA8,3,0,Pathogenic CFTR variants as cancer risk modifiers: Findings from the all of us cohort
2905,41417486,2025,6,FA7,1,0,"Gender, Sexual Orientation, and Intersectionality in Oral Health Care"
2907,41420475,2025,6;7;15,FA2;FA7,2,0,"Relationship between social determinants of health, health-related quality of life, health perceptions, and physical activity during pregnancy"
2930,41442977,2025,3;4;6;7,FA1;FA5;FA7,3,0,Comparing random forest and elastic net models to predict substance use disorder transitions in participants with cannabis and stimulant use: Evidence from the All of Us cohort
2931,41450499,2025,1;6;8;13,FA1;FA7;FA8,3,0,Socioeconomic status and risk of COVID-19 hospitalization in the I(content=['All of Us']) Research Program
2992,41424261,2025,,,0,1,Identifying Risk Factors for Sialolithiasis
2996,41429566,2025,11,FA1;FA3,2,0,Association of neurodevelopmental conditions with Alzheimer's disease and related dementias and Parkinson's disease
2998,41458015,2025,4,FA1;FA5,2,0,Increased risk of smoking and pain in individuals with intermittent explosive disorder in the All of Us dataset
3000,41473009,2025,1,FA1;FA8,2,0,Erectile dysfunction and cardiovascular-kidney-metabolic syndrome: Insights from the all of us research program
3001,41437550,2025,5;6;8,FA1;FA7;FA8,3,0,Association of Everyday Discrimination With Drug Use During the COVID-19 Pandemic in the All of Us Research Program
3002,41475545,2025,1;3;18,FA1;FA7;FA8,3,0,Cardiovascular Risk and Eye Health: A Prospective Cohort Study of the Pooled Cohort Equations and Ocular Disease Incidence
3004,41435840,2025,2;10;18,FA1;FA4;FA7;FA8,4,0,Low population penetrance of variants associated with inherited retinal degenerations
3008,41458993,2025,1;4;6,FA1;FA5;FA7;FA8,4,0,Racial and ethnic disparities in statin adherence: insights from the All of Us Research Program
3009,40991630,2025,2;3;6;9;14,FA1;FA7;FA8,3,0,Differential results of genetic risk scoring for multiple sclerosis in European and African American populations
3010,40971882,2025,2,FA8,1,0,Genetic Variants Related to TGF-β Signaling Pathway Modulate Risk of Meniscus Injury: A Multiancestry Genome-wide Association Study
3011,41100108,2025,5,FA1;FA8,2,0,Pathogenic Germline Variants in Cancer Susceptibility Genes
3057,41094136,2025,2,FA8,1,0,Population-specific polygenic risk scores for people of Han Chinese ancestry
3058,41266648,2025,2,FA8,1,0,Scalable and accurate rare variant meta-analysis with Meta-SAIGE
3059,41252200,2025,1;2,FA1;FA8,2,0,Clonal hematopoiesis activates pro-calcific pathways in macrophages and promotes aortic valve stenosis
3060,41249843,2025,2;9,FA1;FA8,2,0,African-ancestry-specific variant IKKβ p.Glu502Lys confers high lupus risk
3061,41398582,2025,2;5;10;15,FA1;FA2;FA4;FA8,4,0,Alcohol consumption and risk of cancer: a Mendelian randomization analysis of four biobanks and consortium data
3062,41419685,2025,1;2,FA1;FA8,2,0,Multitrait analyses identify genetic variants associated with aortic valve function and aortic stenosis risk
3064,41491383,2026,4;6,FA1;FA5;FA7,3,0,Rates of Diagnosis and Treatment for Alcohol Use Disorder Among All of Us Participants with Unhealthy Alcohol Use
3065,41501457,2026,2,FA8,1,0,"Insights into DNA repeat expansions among 900,000 biobank participants"
3067,41491094,2026,2,FA8,1,0,MultiSuSiE improves multi-ancestry fine-mapping in All of Us whole-genome sequencing data
3068,41490221,2026,6,FA7,1,0,"Technology Access, Digital Literacy, and Enrollment Support Preferences in a Federally Qualified Health Center: Cross-Sectional Study"
3069,41528460,2026,2;3,FA8,1,0,Measuring the accuracy of electronic health record-based phenotyping in the All of Us Research Program to optimize statistical power for genetic association testing
3070,41516962,2025,1;4;6,FA1;FA5;FA7;FA8,4,0,The Moderating Effect of Social Support on the Association Between Healthcare Discrimination and Quality of Life in Persons with Type 2 Diabetes
3071,41518215,2026,2;6;7,FA7;FA8,2,0,"Genetic Risk Scores, Perceived Neighborhood Disorder, and Sleep Duration"
3072,41527323,2026,4,FA1;FA5,2,0,Alcohol use-specific treatment initiation among patients undergoing surgical procedures: A retrospective cohort analysis
3073,41532026,2025,1;9;11;14;18,FA1;FA3;FA7;FA8,4,0,Association between diabetic retinopathy and neurodegenerative diseases in the All of Us research program
3074,41543982,2026,9,FA1,1,0,"Inflammatory Bowel Disease is Associated with Pericarditis: A Cross-Sectional Study in an NIH-Sponsored, Nationwide Database"
3075,41524576,2026,2,FA8,1,0,Barrett's esophagus-associated genetic loci in African Americans: a case-control study using the All of Us Research Program
3076,41533225,2026,4;5,FA1;FA5;FA8,3,0,The association between loneliness and quality of life in cancer survivors: All of Us research program
3077,41536210,2026,1;4;11,FA1;FA3;FA5;FA8,4,0,Assessing the generalizability of prevalence estimates from the all of us research program
3078,41545798,2026,1;4;9,FA1;FA5;FA8,3,0,"Depression, anxiety, and post-traumatic stress disorder in association with cardiovascular disease among patients with systemic lupus erythematosus and rheumatoid arthritis in the All of Us Research Program"
3079,41547287,2026,1;4;6;14;17,FA1;FA4;FA5;FA7;FA8,5,0,"Dysphagia in heart failure: Demographics, nutritional status, and patient-reported outcomes"
3080,41553968,2026,6,FA7,1,0,Health Literacy and Awareness of Family Health History in the All of Us Research Program
3081,41535454,2026,1;4;7;13,FA1;FA5;FA8,3,0,Association of chronic disease risk and physical activity measured by wearable devices in the All of Us program
3083,41555208,2026,3;4;18,FA1;FA5;FA7,3,0,Dysphonia Is Associated With Anxiety and Depression in the All of Us Research Program
3084,41168175,2025,1;2,FA1;FA8,2,0,Discovery of obesity genes through cross-ancestry analysis
3085,41629326,2026,2;11,FA1;FA3;FA8,3,0,A common 19 bp APOE enhancer deletion is protective against Alzheimer's disease in African Americans
3086,41629957,2026,6,FA7,1,0,"Returning value to communities from the All of Us Research Program through the lens of social determinants of health and ethical, legal, and social implications"
3087,41629984,2026,1;2,FA1;FA8,2,0,Evaluating the impact of family history and polygenic risk scores on cardiometabolic disease risk
3088,41621582,2026,6,FA7,1,0,"Perceived Discrimination, Communication, and Healthcare Utilization following Gastrointestinal Surgery: A Moderated Mediation Analysis"
3089,41605611,2026,1;18,FA1;FA7;FA8,3,0,"Associations between obesity, metabolic syndrome and glaucoma in the National Institutes of Health 'All of Us' research programme"
3092,41606327,2026,2;8,FA1;FA8,2,0,Population-scale sequencing resolves determinants of persistent EBV DNA
3097,41579622,2026,4;5;6,FA1;FA5;FA7;FA8,4,0,Social determinants of health and health-related quality of life among cancer survivors: Analyses of the all of us and NHANES cohorts
3098,41577700,2026,2;6,FA7;FA8,2,0,Improving polygenic score prediction for underrepresented groups through transfer learning
3099,41578927,2026,4;6;11,FA1;FA3;FA5;FA7,4,0,"The Mediating Role of Frailty in Healthcare Utilization Among Sexual and Gender Minorities: A Comparison of Generalist, Specialist, and Mental Health Visits"
3100,41579292,2026,1;5;6;8,FA1;FA7;FA8,3,0,Social determinants disadvantage score and liver health in the All of Us Research Program
3101,41570792,2026,1;7,FA1;FA8,2,0,Associations Between Objective Sleep Characteristics From Wearable Physiologic Monitors and Incident Atrial Fibrillation
3102,41572266,2026,2;4;13,FA1;FA5;FA8,3,0,Assessing the comorbidity between asthma and depression through polygenic risk scoring and time-to-event models
3103,41572452,2026,2;3;4,FA1;FA5;FA8,3,0,Using large biobanks for psychiatric genomic research: Consistency of clinical and genetic aspects of recorded depression across US states in the All of Us Research Program
3104,41574431,2026,4;8;11,FA1;FA3;FA5,3,0,Associations between loneliness severity and depression and suicidal ideation among older adults during the COVID-19 pandemic
3105,41576060,2026,3,,0,1,Investigation into EHR data coverage in the All of Us Research Program via linkage to health insurance claims
3106,41565855,2026,2;3;5;13,FA1;FA8,2,0,Multi-trait and multi-ancestry genetic analysis of comorbid lung diseases and traits improves genetic discovery and polygenic risk prediction
3107,41569831,2026,6;7,FA7,1,0,"Perceived Neighborhood Environment and Objectively Assessed, Habitual Physical Activity Among US Adults: An All of Us Research Program Study"
3108,41564024,2026,2;6;9,FA1;FA7;FA8,3,0,Disability and Health Care Interactions in Patients with Celiac Disease in the United States: An Analysis of All of Us Cohort
3109,41564375,2026,5,FA1;FA8,2,0,Prevalence and Clinical Characteristics of Germline Epidermal Growth Factor Receptor Mutations in the Southeastern Unites States
3111,41661118,2026,2;6;9;16,FA1;FA4;FA7;FA8,4,0,Genomic Insights Into Inflammatory Bowel Disease in United States Hispanic Participants: An Ancestry-Focused Study
3113,41433114,2025,1;2;6;7;13,FA1;FA7;FA8,3,0,Health outcomes after national acute sleep deprivation events among the American public
3114,41650938,2026,2;5;6,FA1;FA7;FA8,3,0,Validation and context-dependent effects of a prostate cancer polygenic risk score in the All of Us Research Program
3115,41651857,2026,2,FA8,1,0,"Whole-genome sequencing analysis of anthropometric traits in 672,976 individuals reveals convergence between rare and common genetic associations"
3127,41649283,2026,4;6,FA1;FA5;FA7,3,0,Racial/Ethnic Disparities in Perception of Health Status and Literacy in Adult Patients With Chiari Malformation Type I: Insights From the All of Us Research Program
3128,41649396,2026,3;7;18,FA1;FA7,2,0,Moderate to Vigorous Physical Activity and Chronic Rhinosinusitis Risk: A Longitudinal Fitbit Study
3129,41637091,2026,4;7,FA1;FA5,2,0,Postoperative Sleep Dynamics Across Surgical Risk Using Wearable Device Technology
3130,41637774,2026,1;4;11,FA1;FA3;FA5;FA8,4,0,Unique contributions of heart failure and chronic pain on physical function and quality of life in older adults
3131,41681869,2026,4;5;6,FA1;FA5;FA7;FA8,4,0,Barriers to Care Among LGBT Cancer Survivors: An Analysis of the All of Us Research Program
3132,41678708,2026,1;6;11;14,FA1;FA3;FA7;FA8,4,0,Associations of unmet dental care needs due to cost with incident cardiovascular disease and dementia: a prospective study in the All of Us cohort
3133,41675975,2025,2;4,FA1;FA5;FA8,3,0,Rare Variants in Antisense Long Noncoding RNA-Protein-Coding Gene Overlap Regions Contribute to Obsessive-Compulsive Disorder
3135,41689228,2026,1;4;6;13,FA1;FA5;FA7;FA8,4,0,Effects of communication disorder status on risk for eleven common health conditions in the All of Us Research Program in the USA: a cross-sectional study
3136,41673527,2026,1;4,FA1;FA5;FA8,3,0,Depression Risk in Type 1 Versus Type 2 Diabetes: Cross-Sectional Analysis of Body Mass Index (BMI) in a Nationally Diverse Cohort
3137,41697979,2025,1;6;14;15,FA1;FA2;FA7;FA8,4,0,Hypertensive Disorders of Pregnancy and Premature Cardiovascular Disease in a Diverse Cohort of Young US Women
3138,41696962,2026,3;11;18,FA1;FA3;FA7,3,0,Conductive Hearing Loss Pathologies are Associated With Dementia in the All of Us Research Program
3139,41707036,2026,6;16,FA4;FA7;FA8,3,0,A Framework to Quantify Disparities in Pharmacogenomic Treatment Concordance and Drug Response Outcomes
3140,41708630,2026,1;5,FA1;FA8,2,0,Mitochondrial heteroplasmy is a risk factor for the development of chronic lymphocytic leukemia
3141,41708529,2026,2,FA8,1,0,Genome-wide association of pica within a cohort of volunteer blood donors potentially implicates the gene encoding neuropeptide VF
3142,41717497,2026,4,FA1;FA5,2,0,Association Between Self-Reported Smoking Behaviour and Fuchs Endothelial Corneal Dystrophy: A Cross-Sectional Analysis
3148,41726399,2025,1;2;6;13,FA1;FA7;FA8,3,0,Cross Biobank Comparison of Phenomic Profiles
3150,41706057,2026,1;2,FA1;FA8,2,0,Cardiomyopathy Gene Variants and Polygenic Risk Scores in Atrial Fibrillation: Evidence for an Atrial-First Phenotype
3152,41704839,2026,3;5;6,FA1;FA7;FA8,3,0,"National Patterns of Biomarker Testing in Colorectal, Lung, and Prostate Cancers: Insights From the NIH I(content=['All of Us']) Research Program"
3154,41712304,2026,2;6;13,FA1;FA7;FA8,3,0,Multi-trait polygenic scores for COPD and COPD exacerbations implicate druggable proteins
3155,41714741,2026,1;2;8;9;14,FA1;FA8,2,0,Host control of persistent Epstein-Barr virus infection
3156,41713510,2026,3;4;6,FA1;FA5;FA7,3,0,Social Determinants of Health Associated with Orbital and Facial Fractures in the United States using NIH All of Us Research Program
3157,41720101,2026,4;5;6,FA1;FA5;FA7;FA8,4,0,Health care utilization and self-reported health status among US cancer survivors by rurality and area deprivation
3161,41740020,2026,8,FA1,1,0,Role of emotional social support in COVID-19 booster uptake among drug use disorder communities
3162,41745876,2026,4,FA1;FA5,2,0,Sociodemographic Drivers of Delays in Seeking Medical Care in the All of Us Cohort
3164,41741949,2026,1,FA1;FA8,2,0,Trends in Use of Obesity Medications and Metabolic and Bariatric Surgery Among All of Us Participants From 2003 to 2023
3165,41758668,2026,2;11,FA1;FA3;FA8,3,0,Scalable and accurate rare-variant association tests for whole genome sequencing time-to-event analysis in large biobanks
3166,41618303,2026,4;6,FA1;FA5;FA7,3,0,A multilevel analysis of LGBT-relevant laws and sexual and gender minority mental health: evidence for the protective role of inclusive policies
3167,41746260,2026,1;2;9,FA1;FA8,2,0,Inflammatory Bowel Disease-induced Inflammation Augments Clonal Hematopoiesis of Indeterminate Potential through Ref-1
3170,41758174,2026,1;2;3,FA1;FA8,2,0,"Integrating Polygenic Scores with Clinical, Lifestyle, and Social Risk Factors to Improve Heart Failure Risk Prediction"
3171,41755704,2026,2;6;11,FA1;FA3;FA7;FA8,4,0,Matching heterogeneous cohorts by projected principal components reveals two novel Alzheimer's disease-associated genes in the Hispanic population
3173,41761698,2026,1;2;7,FA1;FA8,2,0,Association of genetic risk and physical activity with incident type 2 diabetes
3174,41759260,2026,1;7;11,FA1;FA3;FA8,3,0,Step counts over time with the burden of 105 non-communicable diseases in older adults from the All of Us Research Program
3175,41767546,2026,3;11,FA1;FA3,2,0,"Oropharyngeal Dysphagia in Parkinson's Disease: An Analysis of Prevalence, Swallow Therapy Utilization, and Complication Rates"
3176,41775977,2026,4;5;6,FA1;FA5;FA7;FA8,4,0,Post-traumatic stress disorder and social determinants of health among individuals with cancer: association with healthcare utilization and outcomes in the All of Us Research Program
3177,41775701,2026,1;14,FA1;FA8,2,0,Higher lithium exposure in groundwater is associated with reduced stroke incidence and mortality
3178,41779414,2026,1;2;10;14,FA1;FA4;FA8,3,0,Management and Consequences of Genotype-Positive Familial Hypercholesterolemia
3179,41779392,2026,4,FA1;FA5,2,0,"Loneliness, Anxiety Symptoms, Depressive Symptoms, and Suicidal Ideation in the All of Us Dataset"
3180,41795035,2026,1;2;6,FA1;FA7;FA8,3,0,Development and validation of a trans-ancestry polygenic risk score for type 1 diabetes
3181,41794081,2026,3,,0,1,Scalable discovery and validation of order-specific electronic health record event trajectories for interpretable adverse-outcome risk estimation
3182,41776519,2026,3;4;6,FA1;FA5;FA7,3,0,Application of intersectionality framework and area-level indicators in machine learning analysis of depression disparities in all of us research program data
3183,41801273,2026,3;8,FA1,1,0,Electronic Health Record-Linked Biobank Expansion Reveals Global Health Inequities
3184,41800596,2026,1;2;3,FA1;FA8,2,0,Leveraging pleiotropy to improve genetic risk prediction across diseases
3186,41811315,2026,1;2,FA1;FA8,2,0,Precision Diagnosis in APOL1 Kidney Disease With the p.N264K M1 Protective Variant
3187,41810985,2026,1;5;6,FA1;FA7;FA8,3,0,Barriers to Health Care Access and Use among Racial and Ethnic Minorities with Renal Cell Carcinoma
3188,41804899,2026,1;4;14,FA1;FA5;FA8,3,0,Defining Spiritual Wellbeing in Survivors of Stroke: A Convergent Parallel Mixed Methods Study
3189,41810111,2026,1;5;13,FA1;FA8,2,0,Metabolic Risk Factors and Clinical Presentations of Metabolic Dysfunction-associated Steatotic Liver Disease Using Data from the I(content=['All of Us']) Research Program
3190,41822200,2026,3;9,FA1,1,0,Assessing data quality of rheumatoid and psoriatic arthritis patients in the All of Us Research Program
3191,41809919,2025,6;9;12;13;18,FA1;FA7,2,0,Atopic Comorbidities Associated With Chronic Spontaneous Urticaria: A Case-Control Analysis of the All of Us Research Program
3192,41819535,2026,13,FA1,1,0,Ozone and risk of chronic obstructive pulmonary disease in the united states: demographic insights from the all of us research program
3193,41807852,2026,5,FA1;FA8,2,0,Time to Treatment Discontinuation and Cost Effectiveness of Third-Line Therapies in Advanced Colorectal Cancer: Real-World Evidence from the NIH All of Us Research Program
3194,41790796,2026,3;6;11,FA1;FA3;FA7,3,0,Social determinants of healthy aging: An investigation using the all of us cohort
3195,41791678,2026,1,FA1;FA8,2,0,Fuchs' Endothelial Corneal Dystrophy and Cardiometabolic Comorbidities
3196,41791445,2026,1;3;7,FA1;FA8,2,0,Wearable-derived REM sleep as a modifiable risk factor for cardiovascular disease: A multimodal prediction model in the All of Us Research Program
3197,41832425,2026,9,FA1,1,0,Beyond the bowel: novel comorbidity patterns in inflammatory bowel disease from the all of us research program
3283,41833853,2026,4;6,FA1;FA5;FA7,3,0,Sociodemographic Patterns and Associations between Perceived Healthcare Discrimination and Pain Severity in the All of Us Research Program
3284,41833577,2026,1;2;11;13,FA1;FA3;FA8,3,0,Shared genetic architecture between sleep traits and cardiometabolic diseases
3285,41833242,2026,9;14,FA1,1,0,Multiple sclerosis in the All of Us Research Program: Prevalence and associated demographic and geographic characteristics
3300,41603044,2026,1;2;14,FA1;FA8,2,0,Genetic Architecture of N-Terminal Pro-B-Type Natriuretic Peptide in a Multiancestry Study Population
3301,41595560,2025,1;13;18,FA1;FA7;FA8,3,0,Association Between Sleep Apnea and Dry Eye Disease in the All-of-Us Program
3302,41592945,2026,1;3;4;7,FA1;FA5;FA8,3,0,"Amblyopia and adult health: a comprehensive analysis of long-term systemic, sensory and mental health comorbidities in a national cohort"
3303,41589083,2026,11,FA1;FA3,2,0,Alzheimer's Disease and Related Dementia Among Black Adults Stratified by Nativity
3304,41592831,2026,1;2;3,FA1;FA8,2,0,Development and validation of a two-stage machine learning model for personalised type 2 diabetes screening in the All of Us Research Program and UK Biobank
3305,41592539,2026,2;6;13,FA1;FA7;FA8,3,0,Genome-wide Association Study Identifies I(content=['IL1RL1']) and I(content=['KIAA1217']) Associated With Asthma-Chronic Obstructive Pulmonary Disease Overlap in the All of Us Research Program
3306,41610956,2026,2;10,FA1;FA4;FA8,3,0,Global Prevalence of Hereditary Hemorrhagic Telangiectasia-Associated Variants Estimated by Analysis of Large-Scale Genomic Databases
3307,41695449,2026,12;18,FA1;FA7,2,0,Increased Risk of Sensorineural Hearing Loss in Patients with Vitiligo: A Nested Case-Control Study
3308,41591833,2026,4,FA1;FA5,2,0,Concomitant COX-1 and COX-2 suppression is not sufficient to induce enteropathy associated with chronic NSAID use
3309,41841662,2026,4;6;18,FA1;FA5;FA7,3,0,Associations Between Social Determinants of Health and Treatment of Exudative Age-Related Macular Degeneration: A Retrospective Cohort Analysis
3310,41839809,2026,1;2;7;13;15,FA1;FA2;FA8,3,0,Heart rate phase is an indicator of chronotype-relevant circadian shifts associated with human disease: an All of Us Research Program analysis
3311,41849727,2026,1;3;6;11,FA1;FA3;FA7;FA8,4,0,Type 1 Diabetes and Incident Dementia: An Analysis in the All of Us Cohort
3312,41847932,2026,1;2;3;9,FA1;FA8,2,0,"Association of Clonal Hematopoiesis with Incident, Late-Onset, Seropositive Rheumatoid Arthritis"
3313,41847743,2026,1;6,FA1;FA7;FA8,3,0,Association of GLP-1 Receptor Agonists With Hepatic Decompensation in the All of Us Research Program
3314,41846520,2026,,,0,1,Target Trial Emulation to Assess Oral Drug Safety
3315,41844886,2026,2;18,FA1;FA7;FA8,3,0,Multi-ancestry genome-wide association study in all of Us for primary open-angle glaucoma
3316,41844650,2026,2;5,FA1;FA8,2,0,Genomic modifiers of malignant and neurodevelopmental phenotypes in individuals with PTEN hamartoma tumor syndrome
3317,41844562,2026,4;6;14,FA1;FA5;FA7,3,0,Self-Perceived Health Status Among Patients With and Without TBI: An All of Us Analysis
3318,41862772,2026,1;3;7,FA1;FA8,2,0,Remote monitoring of heart failure exacerbations using a smartwatch
3319,41865103,2026,2;10,FA1;FA4;FA8,3,0,AGEX: a comprehensive database of clinically relevant genetic variants associated with Alagille syndrome across diverse populations
3320,41199076,2025,2;5;16,FA1;FA4;FA8,3,0,Influence of genetic polymorphisms on gefitinib pharmacokinetics and adverse drug reactions in non-small cell lung cancer patients
3321,41188338,2025,2,FA8,1,0,Calibrating genome wide significance by minor allele frequency across three major populations
3322,41851740,2026,4;6;15,FA1;FA2;FA5;FA7,4,0,"Discrimination, social support, and mental health in reproductive-aged women: the All of Us research program"
3323,41856979,2026,1;15,FA1;FA2;FA8,3,0,"Leveraging the I(content=['All of Us']) Research Program to Advance Women's Health: Addressing Conditions that Affect Women Differently, Disproportionately, and Uniquely"
3324,41856922,2026,5;6,FA1;FA7;FA8,3,0,Characterizing Social Determinants of Health in GI Cancer Surgery: Insights From the All of Us Research Program
3328,41936394,2026,2;9,FA1;FA8,2,0,Rare Gain-of-Function Variants in IDH1 and IDH2 Confer Increased Risk of Immune-Mediated Rheumatic Diseases
3330,41931135,2026,4;5;6,FA1;FA5;FA7;FA8,4,0,Disparities in multidimensional psychosocial stressors by sexual identity among cancer survivors from the All of Us Research Program
3331,41931843,2026,3;6;14,FA1;FA7,2,0,Disparities in quality of life and health literacy among patients with degenerative cervical myelopathy: the influence of racial and ethnic factors in the All of Us Research Program
3332,41923961,2026,6,FA7,1,0,Dermatological diagnoses among people experiencing homelessness in the USA
3333,41925581,2026,1,FA1;FA8,2,0,Defining disease or delaying care? A conceptual and clinical appraisal of the Lancet obesity framework
3334,41926700,2026,4;5;6;12,FA1;FA5;FA7;FA8,4,0,Additive and Multiplicative Effects of Socially Stigmatized Identities Using Linear Regression to Model Effects on Self-Reported Overall Health as Reported in the All of Us Research Program: Quantitative Analysis
3335,41916322,2026,5,FA1;FA8,2,0,Ultra-rare functional variants reveal early-onset breast cancer risk genes and pathways in the UK Biobank and All of Us Research Program
3336,41916508,2026,4;7,FA1;FA5,2,0,Early change in daily step counts after antidepressant initiation among adults with depression: A within-person interrupted time series study
3338,41912836,2026,1;7,FA1;FA8,2,0,Real-world Physical Activity and Sedentary Time Trends in Patients Undergoing Obesity Treatment: Insights From the All of Us Research Program
3339,41913962,2026,2,FA8,1,0,How Genomic and Structural Context Could Shape JAK-STAT Variant Pathogenicity
3341,41908500,2026,1;3;12;18,FA1;FA7;FA8,3,0,Novel Systemic Associations of Idiopathic Epiretinal Membrane Identified via Machine Learning
3342,41911529,2026,3;6;18,FA1;FA7,2,0,Biologics Use Disparities in Non-Infectious Uveitis: A National Study of Social Determinants of Health
3343,41904129,2026,2,FA8,1,0,Determinants of chromosome-specific telomere lengths among 2573 All of Us participants
3344,41896353,2026,1;2,FA1;FA8,2,0,"Genomic, phenomic and geographic associations of leukocyte telomere length in the United States"
3347,41893039,2026,10,FA1;FA4;FA8,3,0,Leveraging Large and Diverse Biobanks to Evaluate Gene-Disease Associations in Hypertrophic Cardiomyopathy
3348,41881847,2026,1;3;5,FA1;FA8,2,0,Machine learning predicts hepatocellular carcinoma risk from routine clinical data: a large population-based multicentric study
3349,41882355,2026,2;5;8;9;14,FA1;FA8,2,0,The DNA virome varies with human genes and environments
3350,41885671,2026,1;6,FA1;FA7;FA8,3,0,Socioeconomic Correlates of Incident Heart Failure and Consequent Mortality: The All of Us Program
3352,41875081,2026,3;4;18,FA1;FA5;FA7,3,0,Conductive Hearing Loss Pathologies are Associated With Depression in the All of Us Research Program
3353,41957530,2026,11;18,FA1;FA3;FA7,3,0,Conductive Hearing Loss is Associated With Dementia in the All of Us Research Program
3354,41942605,2026,2;4,FA1;FA5;FA8,3,0,Extensive genetic interactions (epistasis) linked to alcohol use disorder in a high-risk population
3355,41957010,2026,2,FA8,1,0,Unraveling the genetic architecture of non-Huntington chorea: a biobank-scale study of rare variants and repeat expansions
3357,41949880,2026,1,FA1;FA8,2,0,RBM20 Truncating Variants and Human Cardiomyopathy
3358,41948817,2026,1;2;14,FA1;FA8,2,0,Clonal Hematopoiesis and Risk of Stroke: Evidence From Over 800 000 Individuals Across 3 Cohorts
3359,41946734,2026,1;4;7;13,FA1;FA5;FA8,3,0,Daily steps offset risks of sedentary behavior in the All of Us research program
3364,41883728,2026,1;4,FA1;FA5;FA8,3,0,Association between GLP-1 receptor agonist use and substance use disorders among individuals with type 2 diabetes or obesity: a nested case-control study in the All of Us research program
3382,41966483,2026,5;8;9,FA1;FA8,2,0,Malignancy Risk Following Ophthalmic Herpes Infection Within a Diverse U.S. Cohort
3384,42004635,2026,3,,0,1,Beware the Little Foxes that Spoil the Vines: Small Inconsistencies in Clinical Data Can Distort Machine Learning Findings
3385,41990713,2026,5;6,FA1;FA7;FA8,3,0,"Health literacy, healthcare access, and self-perception of health among intracranial tumor patients: an analysis of the National Institute of Health (NIH) 'All of Us' research program"
3386,41988958,2026,5;6,FA1;FA7;FA8,3,0,"Health care discrimination and self-reported health in transgender, gender nonconforming, and nonbinary individuals with cancer"
3388,41980777,2026,1;2;4;6;13,FA1;FA5;FA7;FA8,4,0,Putting polygenic scores in context: How intersectional factors affect relative and absolute genetic risk
3391,41979877,2026,5,FA1;FA8,2,0,Barriers to Health Care and Cancer Screening
3392,41967915,2026,1;2;3;11,FA1;FA3;FA8,3,0,GLP1R expression and parkinson's disease and related disorders in GLP-1RA-treated type 2 diabetes
3393,41147828,2025,1;2,FA1;FA8,2,0,Genetics of Cholesterol and Coronary Disease Risk across Six Global Ancestries
3394,42006434,2026,1;2;14,FA1;FA8,2,0,Polygenic risk scores enhance LDL cholesterol-based risk stratification for coronary artery disease
3395,42006417,2026,1;3;14,FA1;FA8,2,0,Derivation and validation of a widely accessible cardiovascular risk prediction model and derived heart age for the general UK and US populations
3396,42017215,2026,1;2;3,FA1;FA8,2,0,Biobank-Scale Plasma Proteomics Identifies Novel Biomarkers in Hypertrophic Cardiomyopathy
3397,42019268,2026,1;3;5;12,FA1;FA7;FA8,3,0,Risk factors and exploratory clustering of complications after reconstruction following Mohs surgery: A national NIH All of Us study
3398,42028610,2026,1;2;5;10,FA1;FA4;FA8,3,0,Long-Term Efficacy and Safety of GLP-1R Agonist and SGLT2 Inhibitor Therapy in the General Population: A Mendelian Randomization Study
3400,41166440,2026,1;10,FA1;FA4;FA8,3,0,The functional landscape of coding variation in the familial hypercholesterolemia gene I(content=['LDLR'])
3401,41848713,2026,1;2,FA1;FA8,2,0,Clonal Hematopoiesis and Risk of Incident Pericarditis and Myocarditis in 2 US Biobank Cohorts
3402,42031785,2026,2;3,FA8,1,0,Integrating common and rare variants improves polygenic risk prediction across diverse populations
3403,42043274,2026,7,,0,1,Associations between Physical Activity and Irritable Bowel Syndrome in the All of Us Research Program
3404,42051266,2026,2;16,FA4;FA8,2,0,Opportunities to improve open All of Us data to convey CYP2D6 pharmacological relevance and interpretation overall and according to ancestry
3405,42038094,2026,1;18,FA1;FA7;FA8,3,0,Weight Loss and Chronic Rhinosinusitis in the Obese Population: Associations With Disease Risk and Burden
3407,42045581,2026,7,,0,1,The All of Us Research Program's wearables dataset
3408,42053472,2026,1;2,FA1;FA8,2,0,Development and Validation of a Clinical Polygenic Risk Report in U.S.-Based Health Systems for 8 Cardiovascular Conditions
3409,42059467,2026,1,FA1;FA8,2,0,Synergistic effects of metabolic syndrome and hazardous alcohol use on liver injury among Asian Americans
3413,42061729,2026,4;6;7,FA1;FA5;FA7,3,0,"Walkable neighborhoods are associated with lower psychological distress through device-measured physical activity: Evidence from the all of us research program, United States"
3414,42068725,2026,4,FA1;FA5,2,0,Incidence of substance use disorders and comorbidities in the All of Us Research Program
3422,42060871,2026,6,FA7,1,0,Evaluating Minority Representation in the All of Us Research Program: Progress and Ongoing Challenges
3423,42057909,2026,3;6;18,FA1;FA7,2,0,National Trends in Utilization of Speech-Language Pathology and Otolaryngology Services for Dysphonia
3424,42056682,2026,2;11,FA1;FA3;FA8,3,0,Identification of Alzheimer's disease subtypes and biomarkers from human multi‐omics data using subspace merging algorithm
3435,42083104,2026,1;6,FA1;FA7;FA8,3,0,Periodontal Disease Among People Living With Diabetes: Examining Social Determinants of Health in an All of Us Study Sample
3440,42089531,2026,7,,0,1,Association of Perioperative Steps and Heart Rate Variability from Wearable Devices with Surgical Outcomes
3441,42086912,2026,3;8,FA1,1,0,Multi-scale data improves performance of machine learning model for long COVID identification
3442,42086565,2026,1;2,FA1;FA8,2,0,Multi-trait polygenic risk scores improve genomic prediction of atrial fibrillation across diverse ancestries
3447,42101253,2026,6;11,FA1;FA3;FA7,3,0,Barriers to Care Among Elderly Patients Diagnosed With Degenerative Conditions of the Lumbar Spine
3448,42100464,2026,1;2;10,FA1;FA4;FA8,3,0,Evidence of variations in genetic prevalence for loss-of-function I(content=['PKP2']) variants between individuals with European and African ancestry
3449,42103273,2026,4;5,FA1;FA5;FA8,3,0,Onset of Depression Among Gastrointestinal Cancer Survivors: An 'All of Us' Research Program Study
3452,42109864,2026,1;4;14,FA1;FA5;FA8,3,0,Unmet health care needs in immune thrombotic thrombocytopenic purpura survivors
3453,42109163,2026,1;2,FA1;FA8,2,0,Uncovering Coenzyme Q10-Related Genetic Determinants of Statin-Associated Muscle Symptoms: Evidence from the UK Biobank and the All of Us Research Program
3454,42117589,2026,1;5,FA1;FA8,2,0,GLP-1 receptor agonist use and liver-related outcomes in MASLD and type 2 diabetes in the All of Us Research Program
3455,42114418,2026,2;4;6,FA1;FA5;FA7;FA8,4,0,"Co-occurring chronic pain and opioid use disorder diagnoses in the All of Us Research Program: associations with social determinants of health, mental health conditions, and polygenic liability"
3457,42131369,2026,4;6,FA1;FA5;FA7,3,0,Health Disparities Between Stress-Related Mental Health Conditions and Chronic Physical Health Conditions Among Hispanic and Latinx Sexual and Gender Minority Individuals: Findings from the All of Us Research Program
3458,42126373,2026,1;2;10,FA1;FA4;FA8,3,0,Monogenic ALB Variants as Determinants of Severe Hypercholesterolemia: A Population-Based Cohort Study
3459,42127489,2026,6;15,FA2;FA7,2,0,Advancing Understanding of Racial and Ethnic Disparities in Folic Acid Supplementation via National Institutes of Health All of Us Data
3460,41923156,2026,1;2,FA1;FA8,2,0,African ancestry-enriched variants in the GATM gene are associated with elevated serum creatinine levels
3466,42141357,2026,3;5;6,FA1;FA7;FA8,3,0,Uncovering the Roots of Inequity: Social Determinants and Racial Disparities Among Gastrointestinal Cancer Patients
3467,42141079,2026,3;5,FA1;FA8,2,0,Toward scalable early cancer detection: evaluating EHR-based predictive models against traditional screening criteria
3468,42141052,2026,3;11,FA1;FA3,2,0,A dynamic risk prediction framework for Alzheimer's disease and related dementias with interpretability
3469,42135523,2026,2;4;11;15,FA1;FA2;FA3;FA5;FA8,5,0,Genetic architecture of postpartum psychosis: from common to rare genetic variation
3476,42153790,2026,4;6;13;18,FA1;FA5;FA7,3,0,Association of Depression in Patients With Chronic Rhinosinusitis Comorbid Asthma and Allergic Rhinitis: A Cross-Sectional Study With the All of Us Research Database
3477,42142335,2026,4;7,FA1;FA5,2,0,Wearable-derived sleep architecture and chronic musculoskeletal pain: a national cohort study
3478,42149669,2026,4;6,FA1;FA5;FA7,3,0,"Discrimination, Stress, and Substance Use Among Ethnoracial Minority Gay, Bisexual, and Other Men Who Have Sex with Men: Findings from the NIH All of Us Research Program"
3479,42152600,2026,1,FA1;FA8,2,0,Association Between Lifetime Hallucinogen Use and Valvular Heart Disease: Findings from the All of Us Research Program
3481,42151584,2026,2;10;14,FA1;FA4;FA8,3,0,Uncovering apparent incomplete penetrance of TSC1/TSC2 variants: Insights from multiple population cohorts and implications for newborn screening
3482,41922473,2026,1;3;14,FA1;FA8,2,0,The association of a common HFE gene variant with stroke disability utilizing predictive machine learning and electronic health records
3484,42068978,2026,1;2,FA1;FA8,2,0,Meta-analysis across six global biobanks identifies recessive coding associations with complex traits and diseases
3485,42159502,2026,1;6;14;18,FA1;FA7;FA8,3,0,Risk Factors and Social Determinants of Health for Retinal Artery Occlusion in the National Institutes of Health All of Us Program
3487,42156780,2026,1;2,FA1;FA8,2,0,Gene-gene interactions between a LMNA variant and common polymorphisms drive early-onset atrial fibrillation
3490,41917126,2026,1;3,FA1;FA8,2,0,Development and evaluation of cardiovascular disease risk prediction models for patients with type 2 diabetes
3491,42170533,2026,1;4;6,FA1;FA5;FA7;FA8,4,0,Metabolic syndrome severity is related to perceived discrimination and stress in the all of us cohort
3492,42170804,2027,6;10,FA1;FA4;FA7;FA8,4,0,Development of polyphenotypic scores to prioritize detection of G6PD rs1050828 carriers in African and African American populations
3493,42168119,2026,2;16,FA4;FA8,2,0,Clinical Implications of the Duffy-Null Genotype in Patients on Azathioprine or Methotrexate in the All of Us Cohort
3494,42183299,2026,4;6,FA1;FA5;FA7,3,0,Associations between neighborhood disorder and mental health service utilization in the All of Us study
3498,42174909,2026,3;11,FA1;FA3,2,0,Designing a Multimodal Data Structure for Cognitive Decline Using All of Us Resources and Gemini Flash Thinking
3499,42173352,2026,5,FA1;FA8,2,0,Perioperative CA19-9 and CEA Trajectories After Pancreatic Cancer Resection
